patch_id,dataset,scene_optical,scene_thermal,row,col,crs,x_min,y_min,x_max,y_max,center_lon,center_lat,fold_scheme,fold,has_thermal,y_cloud,y_veg,y_fire,thermal_median_K,thermal_max_K,thermal_contrast_K
s2delhi_r00_c00,sentinel2_delhi,S2C_43RGM_20260920_0_L2A,LC09_L2SP_147040_20260921_02_T1,0,0,EPSG:32643,699960.00,3197480.00,702520.00,3200040.00,77.0639,28.9009,row_band_4fold,0,1,0,,,311.953,324.313,12.3604
s2delhi_r00_c01,sentinel2_delhi,S2C_43RGM_20260920_0_L2A,LC09_L2SP_147040_20260921_02_T1,0,1,EPSG:32643,702520.00,3197480.00,705080.00,3200040.00,77.0902,28.9005,row_band_4fold,0,1,0,1,,312.53,321.498,8.96783
s2delhi_r00_c02,sentinel2_delhi,S2C_43RGM_20260920_0_L2A,LC09_L2SP_147040_20260921_02_T1,0,2,EPSG:32643,705080.00,3197480.00,707640.00,3200040.00,77.1164,28.9001,row_band_4fold,0,1,0,0,,313.234,321.779,8.54486
s2delhi_r00_c03,sentinel2_delhi,S2C_43RGM_20260920_0_L2A,LC09_L2SP_147040_20260921_02_T1,0,3,EPSG:32643,707640.00,3197480.00,710200.00,3200040.00,77.1426,28.8997,row_band_4fold,0,1,0,1,,311.356,316.072,4.71536
s2delhi_r00_c04,sentinel2_delhi,S2C_43RGM_20260920_0_L2A,LC09_L2SP_147040_20260921_02_T1,0,4,EPSG:32643,710200.00,3197480.00,712760.00,3200040.00,77.1689,28.8993,row_band_4fold,0,1,0,0,,311.717,318.811,7.09412
s2delhi_r00_c05,sentinel2_delhi,S2C_43RGM_20260920_0_L2A,LC09_L2SP_147040_20260921_02_T1,0,5,EPSG:32643,712760.00,3197480.00,715320.00,3200040.00,77.1951,28.8988,row_band_4fold,0,1,0,0,,311.571,316.118,4.54706
s2delhi_r00_c06,sentinel2_delhi,S2C_43RGM_20260920_0_L2A,LC09_L2SP_147040_20260921_02_T1,0,6,EPSG:32643,715320.00,3197480.00,717880.00,3200040.00,77.2214,28.8984,row_band_4fold,0,1,0,0,,311.319,316.662,5.34277
s2delhi_r00_c07,sentinel2_delhi,S2C_43RGM_20260920_0_L2A,LC09_L2SP_147040_20260921_02_T1,0,7,EPSG:32643,717880.00,3197480.00,720440.00,3200040.00,77.2476,28.898,row_band_4fold,0,1,0,1,,311.198,316.551,5.35352
s2delhi_r00_c08,sentinel2_delhi,S2C_43RGM_20260920_0_L2A,LC09_L2SP_147040_20260921_02_T1,0,8,EPSG:32643,720440.00,3197480.00,723000.00,3200040.00,77.2738,28.8975,row_band_4fold,0,1,0,1,,309.028,314.153,5.12515
s2delhi_r00_c09,sentinel2_delhi,S2C_43RGM_20260920_0_L2A,LC09_L2SP_147040_20260921_02_T1,0,9,EPSG:32643,723000.00,3197480.00,725560.00,3200040.00,77.3001,28.8971,row_band_4fold,0,1,0,1,,307.723,314.628,6.90454
s2delhi_r00_c10,sentinel2_delhi,S2C_43RGM_20260920_0_L2A,LC09_L2SP_147040_20260921_02_T1,0,10,EPSG:32643,725560.00,3197480.00,728120.00,3200040.00,77.3263,28.8966,row_band_4fold,0,1,0,1,,307.766,313.646,5.87973
s2delhi_r00_c11,sentinel2_delhi,S2C_43RGM_20260920_0_L2A,,0,11,EPSG:32643,728120.00,3197480.00,730680.00,3200040.00,77.3525,28.8962,row_band_4fold,0,0,1,,,,,
s2delhi_r00_c12,sentinel2_delhi,S2C_43RGM_20260920_0_L2A,,0,12,EPSG:32643,730680.00,3197480.00,733240.00,3200040.00,77.3788,28.8957,row_band_4fold,0,0,1,,,,,
s2delhi_r00_c13,sentinel2_delhi,S2C_43RGM_20260920_0_L2A,,0,13,EPSG:32643,733240.00,3197480.00,735800.00,3200040.00,77.405,28.8953,row_band_4fold,0,0,0,1,,,,
s2delhi_r00_c14,sentinel2_delhi,S2C_43RGM_20260920_0_L2A,,0,14,EPSG:32643,735800.00,3197480.00,738360.00,3200040.00,77.4312,28.8948,row_band_4fold,0,0,0,1,,,,
s2delhi_r00_c15,sentinel2_delhi,S2C_43RGM_20260920_0_L2A,,0,15,EPSG:32643,738360.00,3197480.00,740920.00,3200040.00,77.4575,28.8943,row_band_4fold,0,0,0,1,,,,
s2delhi_r00_c16,sentinel2_delhi,S2C_43RGM_20260920_0_L2A,,0,16,EPSG:32643,740920.00,3197480.00,743480.00,3200040.00,77.4837,28.8938,row_band_4fold,0,0,0,1,,,,
s2delhi_r00_c17,sentinel2_delhi,S2C_43RGM_20260920_0_L2A,,0,17,EPSG:32643,743480.00,3197480.00,746040.00,3200040.00,77.5099,28.8933,row_band_4fold,0,0,0,1,,,,
s2delhi_r00_c18,sentinel2_delhi,S2C_43RGM_20260920_0_L2A,,0,18,EPSG:32643,746040.00,3197480.00,748600.00,3200040.00,77.5362,28.8928,row_band_4fold,0,0,0,,,,,
s2delhi_r00_c19,sentinel2_delhi,S2C_43RGM_20260920_0_L2A,,0,19,EPSG:32643,748600.00,3197480.00,751160.00,3200040.00,77.5624,28.8924,row_band_4fold,0,0,0,1,,,,
s2delhi_r00_c20,sentinel2_delhi,S2C_43RGM_20260920_0_L2A,,0,20,EPSG:32643,751160.00,3197480.00,753720.00,3200040.00,77.5886,28.8918,row_band_4fold,0,0,0,1,,,,
s2delhi_r00_c21,sentinel2_delhi,S2C_43RGM_20260920_0_L2A,,0,21,EPSG:32643,753720.00,3197480.00,756280.00,3200040.00,77.6149,28.8913,row_band_4fold,0,0,0,1,,,,
s2delhi_r00_c22,sentinel2_delhi,S2C_43RGM_20260920_0_L2A,,0,22,EPSG:32643,756280.00,3197480.00,758840.00,3200040.00,77.6411,28.8908,row_band_4fold,0,0,0,1,,,,
s2delhi_r00_c23,sentinel2_delhi,S2C_43RGM_20260920_0_L2A,,0,23,EPSG:32643,758840.00,3197480.00,761400.00,3200040.00,77.6673,28.8903,row_band_4fold,0,0,0,1,,,,
s2delhi_r00_c24,sentinel2_delhi,S2C_43RGM_20260920_0_L2A,,0,24,EPSG:32643,761400.00,3197480.00,763960.00,3200040.00,77.6935,28.8898,row_band_4fold,0,0,0,,,,,
s2delhi_r00_c25,sentinel2_delhi,S2C_43RGM_20260920_0_L2A,,0,25,EPSG:32643,763960.00,3197480.00,766520.00,3200040.00,77.7198,28.8893,row_band_4fold,0,0,0,1,,,,
s2delhi_r00_c26,sentinel2_delhi,S2C_43RGM_20260920_0_L2A,,0,26,EPSG:32643,766520.00,3197480.00,769080.00,3200040.00,77.746,28.8887,row_band_4fold,0,0,0,1,,,,
s2delhi_r00_c27,sentinel2_delhi,S2C_43RGM_20260920_0_L2A,,0,27,EPSG:32643,769080.00,3197480.00,771640.00,3200040.00,77.7722,28.8882,row_band_4fold,0,0,1,,,,,
s2delhi_r00_c28,sentinel2_delhi,S2C_43RGM_20260920_0_L2A,,0,28,EPSG:32643,771640.00,3197480.00,774200.00,3200040.00,77.7984,28.8877,row_band_4fold,0,0,1,,,,,
s2delhi_r00_c29,sentinel2_delhi,S2C_43RGM_20260920_0_L2A,,0,29,EPSG:32643,774200.00,3197480.00,776760.00,3200040.00,77.8247,28.8871,row_band_4fold,0,0,1,,,,,
s2delhi_r00_c30,sentinel2_delhi,S2C_43RGM_20260920_0_L2A,,0,30,EPSG:32643,776760.00,3197480.00,779320.00,3200040.00,77.8509,28.8866,row_band_4fold,0,0,0,1,,,,
s2delhi_r00_c31,sentinel2_delhi,S2C_43RGM_20260920_0_L2A,,0,31,EPSG:32643,779320.00,3197480.00,781880.00,3200040.00,77.8771,28.886,row_band_4fold,0,0,0,,,,,
s2delhi_r00_c32,sentinel2_delhi,S2C_43RGM_20260920_0_L2A,,0,32,EPSG:32643,781880.00,3197480.00,784440.00,3200040.00,77.9033,28.8854,row_band_4fold,0,0,1,,,,,
s2delhi_r00_c33,sentinel2_delhi,S2C_43RGM_20260920_0_L2A,,0,33,EPSG:32643,784440.00,3197480.00,787000.00,3200040.00,77.9295,28.8849,row_band_4fold,0,0,0,1,,,,
s2delhi_r00_c34,sentinel2_delhi,S2C_43RGM_20260920_0_L2A,,0,34,EPSG:32643,787000.00,3197480.00,789560.00,3200040.00,77.9558,28.8843,row_band_4fold,0,0,0,1,,,,
s2delhi_r00_c35,sentinel2_delhi,S2C_43RGM_20260920_0_L2A,,0,35,EPSG:32643,789560.00,3197480.00,792120.00,3200040.00,77.982,28.8837,row_band_4fold,0,0,0,1,,,,
s2delhi_r00_c36,sentinel2_delhi,S2C_43RGM_20260920_0_L2A,,0,36,EPSG:32643,792120.00,3197480.00,794680.00,3200040.00,78.0082,28.8831,row_band_4fold,0,0,0,1,,,,
s2delhi_r00_c37,sentinel2_delhi,S2C_43RGM_20260920_0_L2A,,0,37,EPSG:32643,794680.00,3197480.00,797240.00,3200040.00,78.0344,28.8825,row_band_4fold,0,0,0,1,,,,
s2delhi_r00_c38,sentinel2_delhi,S2C_43RGM_20260920_0_L2A,,0,38,EPSG:32643,797240.00,3197480.00,799800.00,3200040.00,78.0606,28.8819,row_band_4fold,0,0,0,1,,,,
s2delhi_r00_c39,sentinel2_delhi,S2C_43RGM_20260920_0_L2A,,0,39,EPSG:32643,799800.00,3197480.00,802360.00,3200040.00,78.0869,28.8813,row_band_4fold,0,0,0,1,,,,
s2delhi_r00_c40,sentinel2_delhi,S2C_43RGM_20260920_0_L2A,,0,40,EPSG:32643,802360.00,3197480.00,804920.00,3200040.00,78.1131,28.8807,row_band_4fold,0,0,0,0,,,,
s2delhi_r00_c41,sentinel2_delhi,S2C_43RGM_20260920_0_L2A,,0,41,EPSG:32643,804920.00,3197480.00,807480.00,3200040.00,78.1393,28.8801,row_band_4fold,0,0,1,,,,,
s2delhi_r01_c00,sentinel2_delhi,S2C_43RGM_20260920_0_L2A,LC09_L2SP_147040_20260921_02_T1,1,0,EPSG:32643,699960.00,3194920.00,702520.00,3197480.00,77.0635,28.8778,row_band_4fold,0,1,0,1,,311.663,320.579,8.91531
s2delhi_r01_c01,sentinel2_delhi,S2C_43RGM_20260920_0_L2A,LC09_L2SP_147040_20260921_02_T1,1,1,EPSG:32643,702520.00,3194920.00,705080.00,3197480.00,77.0897,28.8774,row_band_4fold,0,1,0,1,,310.57,319.318,8.74792
s2delhi_r01_c02,sentinel2_delhi,S2C_43RGM_20260920_0_L2A,LC09_L2SP_147040_20260921_02_T1,1,2,EPSG:32643,705080.00,3194920.00,707640.00,3197480.00,77.1159,28.877,row_band_4fold,0,1,0,0,,314.306,321.139,6.83249
s2delhi_r01_c03,sentinel2_delhi,S2C_43RGM_20260920_0_L2A,LC09_L2SP_147040_20260921_02_T1,1,3,EPSG:32643,707640.00,3194920.00,710200.00,3197480.00,77.1422,28.8766,row_band_4fold,0,1,0,0,,311.066,317.972,6.90643
s2delhi_r01_c04,sentinel2_delhi,S2C_43RGM_20260920_0_L2A,LC09_L2SP_147040_20260921_02_T1,1,4,EPSG:32643,710200.00,3194920.00,712760.00,3197480.00,77.1684,28.8762,row_band_4fold,0,1,0,1,,309.842,315.518,5.67599
s2delhi_r01_c05,sentinel2_delhi,S2C_43RGM_20260920_0_L2A,LC09_L2SP_147040_20260921_02_T1,1,5,EPSG:32643,712760.00,3194920.00,715320.00,3197480.00,77.1946,28.8757,row_band_4fold,0,1,0,1,,310.908,315.602,4.69409
s2delhi_r01_c06,sentinel2_delhi,S2C_43RGM_20260920_0_L2A,LC09_L2SP_147040_20260921_02_T1,1,6,EPSG:32643,715320.00,3194920.00,717880.00,3197480.00,77.2209,28.8753,row_band_4fold,0,1,0,1,,309.005,321.569,12.5642
s2delhi_r01_c07,sentinel2_delhi,S2C_43RGM_20260920_0_L2A,LC09_L2SP_147040_20260921_02_T1,1,7,EPSG:32643,717880.00,3194920.00,720440.00,3197480.00,77.2471,28.8749,row_band_4fold,0,1,0,1,,310.863,316.3,5.43661
s2delhi_r01_c08,sentinel2_delhi,S2C_43RGM_20260920_0_L2A,LC09_L2SP_147040_20260921_02_T1,1,8,EPSG:32643,720440.00,3194920.00,723000.00,3197480.00,77.2733,28.8744,row_band_4fold,0,1,0,1,,310.459,316.604,6.14505
s2delhi_r01_c09,sentinel2_delhi,S2C_43RGM_20260920_0_L2A,LC09_L2SP_147040_20260921_02_T1,1,9,EPSG:32643,723000.00,3194920.00,725560.00,3197480.00,77.2996,28.874,row_band_4fold,0,1,0,1,,308.426,315.689,7.26279
s2delhi_r01_c10,sentinel2_delhi,S2C_43RGM_20260920_0_L2A,LC09_L2SP_147040_20260921_02_T1,1,10,EPSG:32643,725560.00,3194920.00,728120.00,3197480.00,77.3258,28.8735,row_band_4fold,0,1,0,1,,308.354,318.375,10.0206
s2delhi_r01_c11,sentinel2_delhi,S2C_43RGM_20260920_0_L2A,,1,11,EPSG:32643,728120.00,3194920.00,730680.00,3197480.00,77.352,28.8731,row_band_4fold,0,0,0,1,,,,
s2delhi_r01_c12,sentinel2_delhi,S2C_43RGM_20260920_0_L2A,,1,12,EPSG:32643,730680.00,3194920.00,733240.00,3197480.00,77.3782,28.8726,row_band_4fold,0,0,0,1,,,,
s2delhi_r01_c13,sentinel2_delhi,S2C_43RGM_20260920_0_L2A,,1,13,EPSG:32643,733240.00,3194920.00,735800.00,3197480.00,77.4045,28.8722,row_band_4fold,0,0,0,1,,,,
s2delhi_r01_c14,sentinel2_delhi,S2C_43RGM_20260920_0_L2A,,1,14,EPSG:32643,735800.00,3194920.00,738360.00,3197480.00,77.4307,28.8717,row_band_4fold,0,0,0,1,,,,
s2delhi_r01_c15,sentinel2_delhi,S2C_43RGM_20260920_0_L2A,,1,15,EPSG:32643,738360.00,3194920.00,740920.00,3197480.00,77.4569,28.8712,row_band_4fold,0,0,0,1,,,,
s2delhi_r01_c16,sentinel2_delhi,S2C_43RGM_20260920_0_L2A,,1,16,EPSG:32643,740920.00,3194920.00,743480.00,3197480.00,77.4832,28.8707,row_band_4fold,0,0,0,1,,,,
s2delhi_r01_c17,sentinel2_delhi,S2C_43RGM_20260920_0_L2A,,1,17,EPSG:32643,743480.00,3194920.00,746040.00,3197480.00,77.5094,28.8703,row_band_4fold,0,0,0,1,,,,
s2delhi_r01_c18,sentinel2_delhi,S2C_43RGM_20260920_0_L2A,,1,18,EPSG:32643,746040.00,3194920.00,748600.00,3197480.00,77.5356,28.8698,row_band_4fold,0,0,0,,,,,
s2delhi_r01_c19,sentinel2_delhi,S2C_43RGM_20260920_0_L2A,,1,19,EPSG:32643,748600.00,3194920.00,751160.00,3197480.00,77.5618,28.8693,row_band_4fold,0,0,0,1,,,,
s2delhi_r01_c20,sentinel2_delhi,S2C_43RGM_20260920_0_L2A,,1,20,EPSG:32643,751160.00,3194920.00,753720.00,3197480.00,77.5881,28.8688,row_band_4fold,0,0,0,1,,,,
s2delhi_r01_c21,sentinel2_delhi,S2C_43RGM_20260920_0_L2A,,1,21,EPSG:32643,753720.00,3194920.00,756280.00,3197480.00,77.6143,28.8683,row_band_4fold,0,0,0,1,,,,
s2delhi_r01_c22,sentinel2_delhi,S2C_43RGM_20260920_0_L2A,,1,22,EPSG:32643,756280.00,3194920.00,758840.00,3197480.00,77.6405,28.8677,row_band_4fold,0,0,0,,,,,
s2delhi_r01_c23,sentinel2_delhi,S2C_43RGM_20260920_0_L2A,,1,23,EPSG:32643,758840.00,3194920.00,761400.00,3197480.00,77.6667,28.8672,row_band_4fold,0,0,0,1,,,,
s2delhi_r01_c24,sentinel2_delhi,S2C_43RGM_20260920_0_L2A,,1,24,EPSG:32643,761400.00,3194920.00,763960.00,3197480.00,77.6929,28.8667,row_band_4fold,0,0,0,1,,,,
s2delhi_r01_c25,sentinel2_delhi,S2C_43RGM_20260920_0_L2A,,1,25,EPSG:32643,763960.00,3194920.00,766520.00,3197480.00,77.7192,28.8662,row_band_4fold,0,0,0,1,,,,
s2delhi_r01_c26,sentinel2_delhi,S2C_43RGM_20260920_0_L2A,,1,26,EPSG:32643,766520.00,3194920.00,769080.00,3197480.00,77.7454,28.8657,row_band_4fold,0,0,0,1,,,,
s2delhi_r01_c27,sentinel2_delhi,S2C_43RGM_20260920_0_L2A,,1,27,EPSG:32643,769080.00,3194920.00,771640.00,3197480.00,77.7716,28.8651,row_band_4fold,0,0,0,1,,,,
s2delhi_r01_c28,sentinel2_delhi,S2C_43RGM_20260920_0_L2A,,1,28,EPSG:32643,771640.00,3194920.00,774200.00,3197480.00,77.7978,28.8646,row_band_4fold,0,0,0,1,,,,
s2delhi_r01_c29,sentinel2_delhi,S2C_43RGM_20260920_0_L2A,,1,29,EPSG:32643,774200.00,3194920.00,776760.00,3197480.00,77.824,28.864,row_band_4fold,0,0,1,,,,,
s2delhi_r01_c30,sentinel2_delhi,S2C_43RGM_20260920_0_L2A,,1,30,EPSG:32643,776760.00,3194920.00,779320.00,3197480.00,77.8503,28.8635,row_band_4fold,0,0,1,,,,,
s2delhi_r01_c31,sentinel2_delhi,S2C_43RGM_20260920_0_L2A,,1,31,EPSG:32643,779320.00,3194920.00,781880.00,3197480.00,77.8765,28.8629,row_band_4fold,0,0,1,,,,,
s2delhi_r01_c32,sentinel2_delhi,S2C_43RGM_20260920_0_L2A,,1,32,EPSG:32643,781880.00,3194920.00,784440.00,3197480.00,77.9027,28.8624,row_band_4fold,0,0,0,1,,,,
s2delhi_r01_c33,sentinel2_delhi,S2C_43RGM_20260920_0_L2A,,1,33,EPSG:32643,784440.00,3194920.00,787000.00,3197480.00,77.9289,28.8618,row_band_4fold,0,0,0,1,,,,
s2delhi_r01_c34,sentinel2_delhi,S2C_43RGM_20260920_0_L2A,,1,34,EPSG:32643,787000.00,3194920.00,789560.00,3197480.00,77.9551,28.8612,row_band_4fold,0,0,0,1,,,,
s2delhi_r01_c35,sentinel2_delhi,S2C_43RGM_20260920_0_L2A,,1,35,EPSG:32643,789560.00,3194920.00,792120.00,3197480.00,77.9813,28.8606,row_band_4fold,0,0,0,1,,,,
s2delhi_r01_c36,sentinel2_delhi,S2C_43RGM_20260920_0_L2A,,1,36,EPSG:32643,792120.00,3194920.00,794680.00,3197480.00,78.0075,28.8601,row_band_4fold,0,0,0,1,,,,
s2delhi_r01_c37,sentinel2_delhi,S2C_43RGM_20260920_0_L2A,,1,37,EPSG:32643,794680.00,3194920.00,797240.00,3197480.00,78.0337,28.8595,row_band_4fold,0,0,0,1,,,,
s2delhi_r01_c38,sentinel2_delhi,S2C_43RGM_20260920_0_L2A,,1,38,EPSG:32643,797240.00,3194920.00,799800.00,3197480.00,78.06,28.8589,row_band_4fold,0,0,0,1,,,,
s2delhi_r01_c39,sentinel2_delhi,S2C_43RGM_20260920_0_L2A,,1,39,EPSG:32643,799800.00,3194920.00,802360.00,3197480.00,78.0862,28.8583,row_band_4fold,0,0,0,1,,,,
s2delhi_r01_c40,sentinel2_delhi,S2C_43RGM_20260920_0_L2A,,1,40,EPSG:32643,802360.00,3194920.00,804920.00,3197480.00,78.1124,28.8577,row_band_4fold,0,0,0,1,,,,
s2delhi_r01_c41,sentinel2_delhi,S2C_43RGM_20260920_0_L2A,,1,41,EPSG:32643,804920.00,3194920.00,807480.00,3197480.00,78.1386,28.8571,row_band_4fold,0,0,0,0,,,,
s2delhi_r02_c00,sentinel2_delhi,S2C_43RGM_20260920_0_L2A,LC09_L2SP_147040_20260921_02_T1,2,0,EPSG:32643,699960.00,3192360.00,702520.00,3194920.00,77.063,28.8547,row_band_4fold,0,1,0,1,,313.018,323.339,10.3213
s2delhi_r02_c01,sentinel2_delhi,S2C_43RGM_20260920_0_L2A,LC09_L2SP_147040_20260921_02_T1,2,1,EPSG:32643,702520.00,3192360.00,705080.00,3194920.00,77.0892,28.8543,row_band_4fold,0,1,0,0,,313.022,317.471,4.44882
s2delhi_r02_c02,sentinel2_delhi,S2C_43RGM_20260920_0_L2A,LC09_L2SP_147040_20260921_02_T1,2,2,EPSG:32643,705080.00,3192360.00,707640.00,3194920.00,77.1155,28.8539,row_band_4fold,0,1,0,1,,311.905,317.74,5.83459
s2delhi_r02_c03,sentinel2_delhi,S2C_43RGM_20260920_0_L2A,LC09_L2SP_147040_20260921_02_T1,2,3,EPSG:32643,707640.00,3192360.00,710200.00,3194920.00,77.1417,28.8535,row_band_4fold,0,1,0,1,,308.508,314.27,5.76239
s2delhi_r02_c04,sentinel2_delhi,S2C_43RGM_20260920_0_L2A,LC09_L2SP_147040_20260921_02_T1,2,4,EPSG:32643,710200.00,3192360.00,712760.00,3194920.00,77.1679,28.8531,row_band_4fold,0,1,0,1,,309.447,317.491,8.04437
s2delhi_r02_c05,sentinel2_delhi,S2C_43RGM_20260920_0_L2A,LC09_L2SP_147040_20260921_02_T1,2,5,EPSG:32643,712760.00,3192360.00,715320.00,3194920.00,77.1941,28.8527,row_band_4fold,0,1,0,0,,310.847,315.059,4.21204
s2delhi_r02_c06,sentinel2_delhi,S2C_43RGM_20260920_0_L2A,LC09_L2SP_147040_20260921_02_T1,2,6,EPSG:32643,715320.00,3192360.00,717880.00,3194920.00,77.2204,28.8522,row_band_4fold,0,1,0,1,,307.909,317.02,9.11142
s2delhi_r02_c07,sentinel2_delhi,S2C_43RGM_20260920_0_L2A,LC09_L2SP_147040_20260921_02_T1,2,7,EPSG:32643,717880.00,3192360.00,720440.00,3194920.00,77.2466,28.8518,row_band_4fold,0,1,0,1,,309.032,315.26,6.22824
s2delhi_r02_c08,sentinel2_delhi,S2C_43RGM_20260920_0_L2A,LC09_L2SP_147040_20260921_02_T1,2,8,EPSG:32643,720440.00,3192360.00,723000.00,3194920.00,77.2728,28.8514,row_band_4fold,0,1,0,1,,309.809,315.625,5.8161
s2delhi_r02_c09,sentinel2_delhi,S2C_43RGM_20260920_0_L2A,LC09_L2SP_147040_20260921_02_T1,2,9,EPSG:32643,723000.00,3192360.00,725560.00,3194920.00,77.299,28.8509,row_band_4fold,0,1,0,1,,309.219,317.551,8.33194
s2delhi_r02_c10,sentinel2_delhi,S2C_43RGM_20260920_0_L2A,LC09_L2SP_147040_20260921_02_T1,2,10,EPSG:32643,725560.00,3192360.00,728120.00,3194920.00,77.3253,28.8505,row_band_4fold,0,1,0,1,,307.411,315.904,8.49313
s2delhi_r02_c11,sentinel2_delhi,S2C_43RGM_20260920_0_L2A,,2,11,EPSG:32643,728120.00,3192360.00,730680.00,3194920.00,77.3515,28.85,row_band_4fold,0,0,1,,,,,
s2delhi_r02_c12,sentinel2_delhi,S2C_43RGM_20260920_0_L2A,,2,12,EPSG:32643,730680.00,3192360.00,733240.00,3194920.00,77.3777,28.8495,row_band_4fold,0,0,0,1,,,,
s2delhi_r02_c13,sentinel2_delhi,S2C_43RGM_20260920_0_L2A,,2,13,EPSG:32643,733240.00,3192360.00,735800.00,3194920.00,77.4039,28.8491,row_band_4fold,0,0,0,1,,,,
s2delhi_r02_c14,sentinel2_delhi,S2C_43RGM_20260920_0_L2A,,2,14,EPSG:32643,735800.00,3192360.00,738360.00,3194920.00,77.4302,28.8486,row_band_4fold,0,0,0,1,,,,
s2delhi_r02_c15,sentinel2_delhi,S2C_43RGM_20260920_0_L2A,,2,15,EPSG:32643,738360.00,3192360.00,740920.00,3194920.00,77.4564,28.8481,row_band_4fold,0,0,0,1,,,,
s2delhi_r02_c16,sentinel2_delhi,S2C_43RGM_20260920_0_L2A,,2,16,EPSG:32643,740920.00,3192360.00,743480.00,3194920.00,77.4826,28.8477,row_band_4fold,0,0,0,1,,,,
s2delhi_r02_c17,sentinel2_delhi,S2C_43RGM_20260920_0_L2A,,2,17,EPSG:32643,743480.00,3192360.00,746040.00,3194920.00,77.5088,28.8472,row_band_4fold,0,0,0,1,,,,
s2delhi_r02_c18,sentinel2_delhi,S2C_43RGM_20260920_0_L2A,,2,18,EPSG:32643,746040.00,3192360.00,748600.00,3194920.00,77.535,28.8467,row_band_4fold,0,0,1,1,,,,
s2delhi_r02_c19,sentinel2_delhi,S2C_43RGM_20260920_0_L2A,,2,19,EPSG:32643,748600.00,3192360.00,751160.00,3194920.00,77.5613,28.8462,row_band_4fold,0,0,0,1,,,,
s2delhi_r02_c20,sentinel2_delhi,S2C_43RGM_20260920_0_L2A,,2,20,EPSG:32643,751160.00,3192360.00,753720.00,3194920.00,77.5875,28.8457,row_band_4fold,0,0,0,0,,,,
s2delhi_r02_c21,sentinel2_delhi,S2C_43RGM_20260920_0_L2A,,2,21,EPSG:32643,753720.00,3192360.00,756280.00,3194920.00,77.6137,28.8452,row_band_4fold,0,0,0,1,,,,
s2delhi_r02_c22,sentinel2_delhi,S2C_43RGM_20260920_0_L2A,,2,22,EPSG:32643,756280.00,3192360.00,758840.00,3194920.00,77.6399,28.8447,row_band_4fold,0,0,1,,,,,
s2delhi_r02_c23,sentinel2_delhi,S2C_43RGM_20260920_0_L2A,,2,23,EPSG:32643,758840.00,3192360.00,761400.00,3194920.00,77.6661,28.8441,row_band_4fold,0,0,0,1,,,,
s2delhi_r02_c24,sentinel2_delhi,S2C_43RGM_20260920_0_L2A,,2,24,EPSG:32643,761400.00,3192360.00,763960.00,3194920.00,77.6923,28.8436,row_band_4fold,0,0,0,1,,,,
s2delhi_r02_c25,sentinel2_delhi,S2C_43RGM_20260920_0_L2A,,2,25,EPSG:32643,763960.00,3192360.00,766520.00,3194920.00,77.7186,28.8431,row_band_4fold,0,0,0,1,,,,
s2delhi_r02_c26,sentinel2_delhi,S2C_43RGM_20260920_0_L2A,,2,26,EPSG:32643,766520.00,3192360.00,769080.00,3194920.00,77.7448,28.8426,row_band_4fold,0,0,0,0,,,,
s2delhi_r02_c27,sentinel2_delhi,S2C_43RGM_20260920_0_L2A,,2,27,EPSG:32643,769080.00,3192360.00,771640.00,3194920.00,77.771,28.842,row_band_4fold,0,0,0,1,,,,
s2delhi_r02_c28,sentinel2_delhi,S2C_43RGM_20260920_0_L2A,,2,28,EPSG:32643,771640.00,3192360.00,774200.00,3194920.00,77.7972,28.8415,row_band_4fold,0,0,0,1,,,,
s2delhi_r02_c29,sentinel2_delhi,S2C_43RGM_20260920_0_L2A,,2,29,EPSG:32643,774200.00,3192360.00,776760.00,3194920.00,77.8234,28.8409,row_band_4fold,0,0,1,,,,,
s2delhi_r02_c30,sentinel2_delhi,S2C_43RGM_20260920_0_L2A,,2,30,EPSG:32643,776760.00,3192360.00,779320.00,3194920.00,77.8496,28.8404,row_band_4fold,0,0,0,1,,,,
s2delhi_r02_c31,sentinel2_delhi,S2C_43RGM_20260920_0_L2A,,2,31,EPSG:32643,779320.00,3192360.00,781880.00,3194920.00,77.8758,28.8398,row_band_4fold,0,0,0,,,,,
s2delhi_r02_c32,sentinel2_delhi,S2C_43RGM_20260920_0_L2A,,2,32,EPSG:32643,781880.00,3192360.00,784440.00,3194920.00,77.902,28.8393,row_band_4fold,0,0,1,,,,,
s2delhi_r02_c33,sentinel2_delhi,S2C_43RGM_20260920_0_L2A,,2,33,EPSG:32643,784440.00,3192360.00,787000.00,3194920.00,77.9283,28.8387,row_band_4fold,0,0,0,1,,,,
s2delhi_r02_c34,sentinel2_delhi,S2C_43RGM_20260920_0_L2A,,2,34,EPSG:32643,787000.00,3192360.00,789560.00,3194920.00,77.9545,28.8381,row_band_4fold,0,0,0,1,,,,
s2delhi_r02_c35,sentinel2_delhi,S2C_43RGM_20260920_0_L2A,,2,35,EPSG:32643,789560.00,3192360.00,792120.00,3194920.00,77.9807,28.8376,row_band_4fold,0,0,0,1,,,,
s2delhi_r02_c36,sentinel2_delhi,S2C_43RGM_20260920_0_L2A,,2,36,EPSG:32643,792120.00,3192360.00,794680.00,3194920.00,78.0069,28.837,row_band_4fold,0,0,0,1,,,,
s2delhi_r02_c37,sentinel2_delhi,S2C_43RGM_20260920_0_L2A,,2,37,EPSG:32643,794680.00,3192360.00,797240.00,3194920.00,78.0331,28.8364,row_band_4fold,0,0,1,,,,,
s2delhi_r02_c38,sentinel2_delhi,S2C_43RGM_20260920_0_L2A,,2,38,EPSG:32643,797240.00,3192360.00,799800.00,3194920.00,78.0593,28.8358,row_band_4fold,0,0,1,,,,,
s2delhi_r02_c39,sentinel2_delhi,S2C_43RGM_20260920_0_L2A,,2,39,EPSG:32643,799800.00,3192360.00,802360.00,3194920.00,78.0855,28.8352,row_band_4fold,0,0,0,,,,,
s2delhi_r02_c40,sentinel2_delhi,S2C_43RGM_20260920_0_L2A,,2,40,EPSG:32643,802360.00,3192360.00,804920.00,3194920.00,78.1117,28.8346,row_band_4fold,0,0,0,,,,,
s2delhi_r02_c41,sentinel2_delhi,S2C_43RGM_20260920_0_L2A,,2,41,EPSG:32643,804920.00,3192360.00,807480.00,3194920.00,78.1379,28.834,row_band_4fold,0,0,0,1,,,,
s2delhi_r03_c00,sentinel2_delhi,S2C_43RGM_20260920_0_L2A,LC09_L2SP_147040_20260921_02_T1,3,0,EPSG:32643,699960.00,3189800.00,702520.00,3192360.00,77.0625,28.8316,row_band_4fold,0,1,0,0,,313.927,323.335,9.40747
s2delhi_r03_c01,sentinel2_delhi,S2C_43RGM_20260920_0_L2A,LC09_L2SP_147040_20260921_02_T1,3,1,EPSG:32643,702520.00,3189800.00,705080.00,3192360.00,77.0888,28.8312,row_band_4fold,0,1,0,0,,312.615,317.556,4.94138
s2delhi_r03_c02,sentinel2_delhi,S2C_43RGM_20260920_0_L2A,LC09_L2SP_147040_20260921_02_T1,3,2,EPSG:32643,705080.00,3189800.00,707640.00,3192360.00,77.115,28.8308,row_band_4fold,0,1,0,1,,310.918,317.435,6.51682
s2delhi_r03_c03,sentinel2_delhi,S2C_43RGM_20260920_0_L2A,LC09_L2SP_147040_20260921_02_T1,3,3,EPSG:32643,707640.00,3189800.00,710200.00,3192360.00,77.1412,28.8304,row_band_4fold,0,1,0,1,,311.468,320.029,8.5611
s2delhi_r03_c04,sentinel2_delhi,S2C_43RGM_20260920_0_L2A,LC09_L2SP_147040_20260921_02_T1,3,4,EPSG:32643,710200.00,3189800.00,712760.00,3192360.00,77.1674,28.83,row_band_4fold,0,1,0,0,,310.43,315.096,4.66684
s2delhi_r03_c05,sentinel2_delhi,S2C_43RGM_20260920_0_L2A,LC09_L2SP_147040_20260921_02_T1,3,5,EPSG:32643,712760.00,3189800.00,715320.00,3192360.00,77.1937,28.8296,row_band_4fold,0,1,0,1,,310.958,317.169,6.21115
s2delhi_r03_c06,sentinel2_delhi,S2C_43RGM_20260920_0_L2A,LC09_L2SP_147040_20260921_02_T1,3,6,EPSG:32643,715320.00,3189800.00,717880.00,3192360.00,77.2199,28.8291,row_band_4fold,0,1,0,1,,310.428,321.974,11.5451
s2delhi_r03_c07,sentinel2_delhi,S2C_43RGM_20260920_0_L2A,LC09_L2SP_147040_20260921_02_T1,3,7,EPSG:32643,717880.00,3189800.00,720440.00,3192360.00,77.2461,28.8287,row_band_4fold,0,1,1,,,309.008,315.719,6.71106
s2delhi_r03_c08,sentinel2_delhi,S2C_43RGM_20260920_0_L2A,LC09_L2SP_147040_20260921_02_T1,3,8,EPSG:32643,720440.00,3189800.00,723000.00,3192360.00,77.2723,28.8283,row_band_4fold,0,1,0,1,,310.959,319.549,8.58957
s2delhi_r03_c09,sentinel2_delhi,S2C_43RGM_20260920_0_L2A,LC09_L2SP_147040_20260921_02_T1,3,9,EPSG:32643,723000.00,3189800.00,725560.00,3192360.00,77.2985,28.8278,row_band_4fold,0,1,0,1,,309.373,314.896,5.52289
s2delhi_r03_c10,sentinel2_delhi,S2C_43RGM_20260920_0_L2A,LC09_L2SP_147040_20260921_02_T1,3,10,EPSG:32643,725560.00,3189800.00,728120.00,3192360.00,77.3248,28.8274,row_band_4fold,0,1,0,1,,308.653,314.109,5.45544
s2delhi_r03_c11,sentinel2_delhi,S2C_43RGM_20260920_0_L2A,,3,11,EPSG:32643,728120.00,3189800.00,730680.00,3192360.00,77.351,28.8269,row_band_4fold,0,0,0,1,,,,
s2delhi_r03_c12,sentinel2_delhi,S2C_43RGM_20260920_0_L2A,,3,12,EPSG:32643,730680.00,3189800.00,733240.00,3192360.00,77.3772,28.8265,row_band_4fold,0,0,0,1,,,,
s2delhi_r03_c13,sentinel2_delhi,S2C_43RGM_20260920_0_L2A,,3,13,EPSG:32643,733240.00,3189800.00,735800.00,3192360.00,77.4034,28.826,row_band_4fold,0,0,0,,,,,
s2delhi_r03_c14,sentinel2_delhi,S2C_43RGM_20260920_0_L2A,,3,14,EPSG:32643,735800.00,3189800.00,738360.00,3192360.00,77.4296,28.8255,row_band_4fold,0,0,0,1,,,,
s2delhi_r03_c15,sentinel2_delhi,S2C_43RGM_20260920_0_L2A,,3,15,EPSG:32643,738360.00,3189800.00,740920.00,3192360.00,77.4558,28.825,row_band_4fold,0,0,0,1,,,,
s2delhi_r03_c16,sentinel2_delhi,S2C_43RGM_20260920_0_L2A,,3,16,EPSG:32643,740920.00,3189800.00,743480.00,3192360.00,77.4821,28.8246,row_band_4fold,0,0,0,1,,,,
s2delhi_r03_c17,sentinel2_delhi,S2C_43RGM_20260920_0_L2A,,3,17,EPSG:32643,743480.00,3189800.00,746040.00,3192360.00,77.5083,28.8241,row_band_4fold,0,0,0,1,,,,
s2delhi_r03_c18,sentinel2_delhi,S2C_43RGM_20260920_0_L2A,,3,18,EPSG:32643,746040.00,3189800.00,748600.00,3192360.00,77.5345,28.8236,row_band_4fold,0,0,0,1,,,,
s2delhi_r03_c19,sentinel2_delhi,S2C_43RGM_20260920_0_L2A,,3,19,EPSG:32643,748600.00,3189800.00,751160.00,3192360.00,77.5607,28.8231,row_band_4fold,0,0,0,0,,,,
s2delhi_r03_c20,sentinel2_delhi,S2C_43RGM_20260920_0_L2A,,3,20,EPSG:32643,751160.00,3189800.00,753720.00,3192360.00,77.5869,28.8226,row_band_4fold,0,0,0,1,,,,
s2delhi_r03_c21,sentinel2_delhi,S2C_43RGM_20260920_0_L2A,,3,21,EPSG:32643,753720.00,3189800.00,756280.00,3192360.00,77.6131,28.8221,row_band_4fold,0,0,0,1,,,,
s2delhi_r03_c22,sentinel2_delhi,S2C_43RGM_20260920_0_L2A,,3,22,EPSG:32643,756280.00,3189800.00,758840.00,3192360.00,77.6393,28.8216,row_band_4fold,0,0,0,1,,,,
s2delhi_r03_c23,sentinel2_delhi,S2C_43RGM_20260920_0_L2A,,3,23,EPSG:32643,758840.00,3189800.00,761400.00,3192360.00,77.6655,28.8211,row_band_4fold,0,0,0,1,,,,
s2delhi_r03_c24,sentinel2_delhi,S2C_43RGM_20260920_0_L2A,,3,24,EPSG:32643,761400.00,3189800.00,763960.00,3192360.00,77.6918,28.8205,row_band_4fold,0,0,0,1,,,,
s2delhi_r03_c25,sentinel2_delhi,S2C_43RGM_20260920_0_L2A,,3,25,EPSG:32643,763960.00,3189800.00,766520.00,3192360.00,77.718,28.82,row_band_4fold,0,0,0,1,,,,
s2delhi_r03_c26,sentinel2_delhi,S2C_43RGM_20260920_0_L2A,,3,26,EPSG:32643,766520.00,3189800.00,769080.00,3192360.00,77.7442,28.8195,row_band_4fold,0,0,0,1,,,,
s2delhi_r03_c27,sentinel2_delhi,S2C_43RGM_20260920_0_L2A,,3,27,EPSG:32643,769080.00,3189800.00,771640.00,3192360.00,77.7704,28.819,row_band_4fold,0,0,0,1,,,,
s2delhi_r03_c28,sentinel2_delhi,S2C_43RGM_20260920_0_L2A,,3,28,EPSG:32643,771640.00,3189800.00,774200.00,3192360.00,77.7966,28.8184,row_band_4fold,0,0,0,1,,,,
s2delhi_r03_c29,sentinel2_delhi,S2C_43RGM_20260920_0_L2A,,3,29,EPSG:32643,774200.00,3189800.00,776760.00,3192360.00,77.8228,28.8179,row_band_4fold,0,0,1,,,,,
s2delhi_r03_c30,sentinel2_delhi,S2C_43RGM_20260920_0_L2A,,3,30,EPSG:32643,776760.00,3189800.00,779320.00,3192360.00,77.849,28.8173,row_band_4fold,0,0,1,,,,,
s2delhi_r03_c31,sentinel2_delhi,S2C_43RGM_20260920_0_L2A,,3,31,EPSG:32643,779320.00,3189800.00,781880.00,3192360.00,77.8752,28.8168,row_band_4fold,0,0,1,,,,,
s2delhi_r03_c32,sentinel2_delhi,S2C_43RGM_20260920_0_L2A,,3,32,EPSG:32643,781880.00,3189800.00,784440.00,3192360.00,77.9014,28.8162,row_band_4fold,0,0,1,,,,,
s2delhi_r03_c33,sentinel2_delhi,S2C_43RGM_20260920_0_L2A,,3,33,EPSG:32643,784440.00,3189800.00,787000.00,3192360.00,77.9276,28.8156,row_band_4fold,0,0,0,1,,,,
s2delhi_r03_c34,sentinel2_delhi,S2C_43RGM_20260920_0_L2A,,3,34,EPSG:32643,787000.00,3189800.00,789560.00,3192360.00,77.9538,28.8151,row_band_4fold,0,0,0,1,,,,
s2delhi_r03_c35,sentinel2_delhi,S2C_43RGM_20260920_0_L2A,,3,35,EPSG:32643,789560.00,3189800.00,792120.00,3192360.00,77.98,28.8145,row_band_4fold,0,0,1,,,,,
s2delhi_r03_c36,sentinel2_delhi,S2C_43RGM_20260920_0_L2A,,3,36,EPSG:32643,792120.00,3189800.00,794680.00,3192360.00,78.0062,28.8139,row_band_4fold,0,0,0,1,,,,
s2delhi_r03_c37,sentinel2_delhi,S2C_43RGM_20260920_0_L2A,,3,37,EPSG:32643,794680.00,3189800.00,797240.00,3192360.00,78.0324,28.8133,row_band_4fold,0,0,0,,,,,
s2delhi_r03_c38,sentinel2_delhi,S2C_43RGM_20260920_0_L2A,,3,38,EPSG:32643,797240.00,3189800.00,799800.00,3192360.00,78.0586,28.8127,row_band_4fold,0,0,1,,,,,
s2delhi_r03_c39,sentinel2_delhi,S2C_43RGM_20260920_0_L2A,,3,39,EPSG:32643,799800.00,3189800.00,802360.00,3192360.00,78.0848,28.8121,row_band_4fold,0,0,1,,,,,
s2delhi_r03_c40,sentinel2_delhi,S2C_43RGM_20260920_0_L2A,,3,40,EPSG:32643,802360.00,3189800.00,804920.00,3192360.00,78.111,28.8115,row_band_4fold,0,0,0,,,,,
s2delhi_r03_c41,sentinel2_delhi,S2C_43RGM_20260920_0_L2A,,3,41,EPSG:32643,804920.00,3189800.00,807480.00,3192360.00,78.1372,28.8109,row_band_4fold,0,0,0,0,,,,
s2delhi_r04_c00,sentinel2_delhi,S2C_43RGM_20260920_0_L2A,LC09_L2SP_147040_20260921_02_T1,4,0,EPSG:32643,699960.00,3187240.00,702520.00,3189800.00,77.0621,28.8085,row_band_4fold,0,1,0,1,,313.396,323.887,10.4903
s2delhi_r04_c01,sentinel2_delhi,S2C_43RGM_20260920_0_L2A,LC09_L2SP_147040_20260921_02_T1,4,1,EPSG:32643,702520.00,3187240.00,705080.00,3189800.00,77.0883,28.8081,row_band_4fold,0,1,0,0,,313.889,320.969,7.0799
s2delhi_r04_c02,sentinel2_delhi,S2C_43RGM_20260920_0_L2A,LC09_L2SP_147040_20260921_02_T1,4,2,EPSG:32643,705080.00,3187240.00,707640.00,3189800.00,77.1145,28.8077,row_band_4fold,0,1,0,1,,310.4,322.259,11.8587
s2delhi_r04_c03,sentinel2_delhi,S2C_43RGM_20260920_0_L2A,LC09_L2SP_147040_20260921_02_T1,4,3,EPSG:32643,707640.00,3187240.00,710200.00,3189800.00,77.1407,28.8073,row_band_4fold,0,1,0,0,,313.499,320.261,6.76212
s2delhi_r04_c04,sentinel2_delhi,S2C_43RGM_20260920_0_L2A,LC09_L2SP_147040_20260921_02_T1,4,4,EPSG:32643,710200.00,3187240.00,712760.00,3189800.00,77.167,28.8069,row_band_4fold,0,1,0,0,,311.316,318.558,7.2421
s2delhi_r04_c05,sentinel2_delhi,S2C_43RGM_20260920_0_L2A,LC09_L2SP_147040_20260921_02_T1,4,5,EPSG:32643,712760.00,3187240.00,715320.00,3189800.00,77.1932,28.8065,row_band_4fold,0,1,0,0,,311.144,320.831,9.68744
s2delhi_r04_c06,sentinel2_delhi,S2C_43RGM_20260920_0_L2A,LC09_L2SP_147040_20260921_02_T1,4,6,EPSG:32643,715320.00,3187240.00,717880.00,3189800.00,77.2194,28.8061,row_band_4fold,0,1,0,0,,312.426,322.99,10.5647
s2delhi_r04_c07,sentinel2_delhi,S2C_43RGM_20260920_0_L2A,LC09_L2SP_147040_20260921_02_T1,4,7,EPSG:32643,717880.00,3187240.00,720440.00,3189800.00,77.2456,28.8056,row_band_4fold,0,1,0,1,,310.056,317.189,7.133
s2delhi_r04_c08,sentinel2_delhi,S2C_43RGM_20260920_0_L2A,LC09_L2SP_147040_20260921_02_T1,4,8,EPSG:32643,720440.00,3187240.00,723000.00,3189800.00,77.2718,28.8052,row_band_4fold,0,1,0,1,,311.167,319.952,8.7847
s2delhi_r04_c09,sentinel2_delhi,S2C_43RGM_20260920_0_L2A,LC09_L2SP_147040_20260921_02_T1,4,9,EPSG:32643,723000.00,3187240.00,725560.00,3189800.00,77.298,28.8047,row_band_4fold,0,1,0,1,,311.468,317.474,6.00629
s2delhi_r04_c10,sentinel2_delhi,S2C_43RGM_20260920_0_L2A,,4,10,EPSG:32643,725560.00,3187240.00,728120.00,3189800.00,77.3242,28.8043,row_band_4fold,0,0,0,,,,,
s2delhi_r04_c11,sentinel2_delhi,S2C_43RGM_20260920_0_L2A,,4,11,EPSG:32643,728120.00,3187240.00,730680.00,3189800.00,77.3505,28.8038,row_band_4fold,0,0,0,1,,,,
s2delhi_r04_c12,sentinel2_delhi,S2C_43RGM_20260920_0_L2A,,4,12,EPSG:32643,730680.00,3187240.00,733240.00,3189800.00,77.3767,28.8034,row_band_4fold,0,0,0,1,,,,
s2delhi_r04_c13,sentinel2_delhi,S2C_43RGM_20260920_0_L2A,,4,13,EPSG:32643,733240.00,3187240.00,735800.00,3189800.00,77.4029,28.8029,row_band_4fold,0,0,1,,,,,
s2delhi_r04_c14,sentinel2_delhi,S2C_43RGM_20260920_0_L2A,,4,14,EPSG:32643,735800.00,3187240.00,738360.00,3189800.00,77.4291,28.8024,row_band_4fold,0,0,0,,,,,
s2delhi_r04_c15,sentinel2_delhi,S2C_43RGM_20260920_0_L2A,,4,15,EPSG:32643,738360.00,3187240.00,740920.00,3189800.00,77.4553,28.802,row_band_4fold,0,0,0,1,,,,
s2delhi_r04_c16,sentinel2_delhi,S2C_43RGM_20260920_0_L2A,,4,16,EPSG:32643,740920.00,3187240.00,743480.00,3189800.00,77.4815,28.8015,row_band_4fold,0,0,0,1,,,,
s2delhi_r04_c17,sentinel2_delhi,S2C_43RGM_20260920_0_L2A,,4,17,EPSG:32643,743480.00,3187240.00,746040.00,3189800.00,77.5077,28.801,row_band_4fold,0,0,0,1,,,,
s2delhi_r04_c18,sentinel2_delhi,S2C_43RGM_20260920_0_L2A,,4,18,EPSG:32643,746040.00,3187240.00,748600.00,3189800.00,77.5339,28.8005,row_band_4fold,0,0,0,,,,,
s2delhi_r04_c19,sentinel2_delhi,S2C_43RGM_20260920_0_L2A,,4,19,EPSG:32643,748600.00,3187240.00,751160.00,3189800.00,77.5601,28.8,row_band_4fold,0,0,1,,,,,
s2delhi_r04_c20,sentinel2_delhi,S2C_43RGM_20260920_0_L2A,,4,20,EPSG:32643,751160.00,3187240.00,753720.00,3189800.00,77.5863,28.7995,row_band_4fold,0,0,1,,,,,
s2delhi_r04_c21,sentinel2_delhi,S2C_43RGM_20260920_0_L2A,,4,21,EPSG:32643,753720.00,3187240.00,756280.00,3189800.00,77.6125,28.799,row_band_4fold,0,0,0,1,,,,
s2delhi_r04_c22,sentinel2_delhi,S2C_43RGM_20260920_0_L2A,,4,22,EPSG:32643,756280.00,3187240.00,758840.00,3189800.00,77.6387,28.7985,row_band_4fold,0,0,0,1,,,,
s2delhi_r04_c23,sentinel2_delhi,S2C_43RGM_20260920_0_L2A,,4,23,EPSG:32643,758840.00,3187240.00,761400.00,3189800.00,77.665,28.798,row_band_4fold,0,0,0,1,,,,
s2delhi_r04_c24,sentinel2_delhi,S2C_43RGM_20260920_0_L2A,,4,24,EPSG:32643,761400.00,3187240.00,763960.00,3189800.00,77.6912,28.7975,row_band_4fold,0,0,0,1,,,,
s2delhi_r04_c25,sentinel2_delhi,S2C_43RGM_20260920_0_L2A,,4,25,EPSG:32643,763960.00,3187240.00,766520.00,3189800.00,77.7174,28.7969,row_band_4fold,0,0,1,,,,,
s2delhi_r04_c26,sentinel2_delhi,S2C_43RGM_20260920_0_L2A,,4,26,EPSG:32643,766520.00,3187240.00,769080.00,3189800.00,77.7436,28.7964,row_band_4fold,0,0,0,1,,,,
s2delhi_r04_c27,sentinel2_delhi,S2C_43RGM_20260920_0_L2A,,4,27,EPSG:32643,769080.00,3187240.00,771640.00,3189800.00,77.7698,28.7959,row_band_4fold,0,0,0,1,,,,
s2delhi_r04_c28,sentinel2_delhi,S2C_43RGM_20260920_0_L2A,,4,28,EPSG:32643,771640.00,3187240.00,774200.00,3189800.00,77.796,28.7953,row_band_4fold,0,0,1,,,,,
s2delhi_r04_c29,sentinel2_delhi,S2C_43RGM_20260920_0_L2A,,4,29,EPSG:32643,774200.00,3187240.00,776760.00,3189800.00,77.8222,28.7948,row_band_4fold,0,0,0,1,,,,
s2delhi_r04_c30,sentinel2_delhi,S2C_43RGM_20260920_0_L2A,,4,30,EPSG:32643,776760.00,3187240.00,779320.00,3189800.00,77.8484,28.7942,row_band_4fold,0,0,1,,,,,
s2delhi_r04_c31,sentinel2_delhi,S2C_43RGM_20260920_0_L2A,,4,31,EPSG:32643,779320.00,3187240.00,781880.00,3189800.00,77.8746,28.7937,row_band_4fold,0,0,0,1,,,,
s2delhi_r04_c32,sentinel2_delhi,S2C_43RGM_20260920_0_L2A,,4,32,EPSG:32643,781880.00,3187240.00,784440.00,3189800.00,77.9008,28.7931,row_band_4fold,0,0,1,,,,,
s2delhi_r04_c33,sentinel2_delhi,S2C_43RGM_20260920_0_L2A,,4,33,EPSG:32643,784440.00,3187240.00,787000.00,3189800.00,77.927,28.7926,row_band_4fold,0,0,0,1,,,,
s2delhi_r04_c34,sentinel2_delhi,S2C_43RGM_20260920_0_L2A,,4,34,EPSG:32643,787000.00,3187240.00,789560.00,3189800.00,77.9532,28.792,row_band_4fold,0,0,1,,,,,
s2delhi_r04_c35,sentinel2_delhi,S2C_43RGM_20260920_0_L2A,,4,35,EPSG:32643,789560.00,3187240.00,792120.00,3189800.00,77.9794,28.7914,row_band_4fold,0,0,0,1,,,,
s2delhi_r04_c36,sentinel2_delhi,S2C_43RGM_20260920_0_L2A,,4,36,EPSG:32643,792120.00,3187240.00,794680.00,3189800.00,78.0055,28.7908,row_band_4fold,0,0,0,,,,,
s2delhi_r04_c37,sentinel2_delhi,S2C_43RGM_20260920_0_L2A,,4,37,EPSG:32643,794680.00,3187240.00,797240.00,3189800.00,78.0317,28.7902,row_band_4fold,0,0,1,,,,,
s2delhi_r04_c38,sentinel2_delhi,S2C_43RGM_20260920_0_L2A,,4,38,EPSG:32643,797240.00,3187240.00,799800.00,3189800.00,78.0579,28.7897,row_band_4fold,0,0,1,,,,,
s2delhi_r04_c39,sentinel2_delhi,S2C_43RGM_20260920_0_L2A,,4,39,EPSG:32643,799800.00,3187240.00,802360.00,3189800.00,78.0841,28.7891,row_band_4fold,0,0,1,,,,,
s2delhi_r04_c40,sentinel2_delhi,S2C_43RGM_20260920_0_L2A,,4,40,EPSG:32643,802360.00,3187240.00,804920.00,3189800.00,78.1103,28.7885,row_band_4fold,0,0,0,1,,,,
s2delhi_r04_c41,sentinel2_delhi,S2C_43RGM_20260920_0_L2A,,4,41,EPSG:32643,804920.00,3187240.00,807480.00,3189800.00,78.1365,28.7878,row_band_4fold,0,0,0,0,,,,
s2delhi_r05_c00,sentinel2_delhi,S2C_43RGM_20260920_0_L2A,LC09_L2SP_147040_20260921_02_T1,5,0,EPSG:32643,699960.00,3184680.00,702520.00,3187240.00,77.0616,28.7855,row_band_4fold,0,1,1,,,314.974,319.51,4.53644
s2delhi_r05_c01,sentinel2_delhi,S2C_43RGM_20260920_0_L2A,LC09_L2SP_147040_20260921_02_T1,5,1,EPSG:32643,702520.00,3184680.00,705080.00,3187240.00,77.0878,28.7851,row_band_4fold,0,1,0,1,,310.895,316.771,5.87527
s2delhi_r05_c02,sentinel2_delhi,S2C_43RGM_20260920_0_L2A,LC09_L2SP_147040_20260921_02_T1,5,2,EPSG:32643,705080.00,3184680.00,707640.00,3187240.00,77.1141,28.7846,row_band_4fold,0,1,0,1,,311.049,321.12,10.0715
s2delhi_r05_c03,sentinel2_delhi,S2C_43RGM_20260920_0_L2A,LC09_L2SP_147040_20260921_02_T1,5,3,EPSG:32643,707640.00,3184680.00,710200.00,3187240.00,77.1403,28.7842,row_band_4fold,0,1,0,0,,314.571,322.335,7.7637
s2delhi_r05_c04,sentinel2_delhi,S2C_43RGM_20260920_0_L2A,LC09_L2SP_147040_20260921_02_T1,5,4,EPSG:32643,710200.00,3184680.00,712760.00,3187240.00,77.1665,28.7838,row_band_4fold,0,1,0,1,,310.522,316.457,5.93454
s2delhi_r05_c05,sentinel2_delhi,S2C_43RGM_20260920_0_L2A,LC09_L2SP_147040_20260921_02_T1,5,5,EPSG:32643,712760.00,3184680.00,715320.00,3187240.00,77.1927,28.7834,row_band_4fold,0,1,0,1,,311.181,318.027,6.84592
s2delhi_r05_c06,sentinel2_delhi,S2C_43RGM_20260920_0_L2A,LC09_L2SP_147040_20260921_02_T1,5,6,EPSG:32643,715320.00,3184680.00,717880.00,3187240.00,77.2189,28.783,row_band_4fold,0,1,0,0,,314.007,320.557,6.54987
s2delhi_r05_c07,sentinel2_delhi,S2C_43RGM_20260920_0_L2A,LC09_L2SP_147040_20260921_02_T1,5,7,EPSG:32643,717880.00,3184680.00,720440.00,3187240.00,77.2451,28.7825,row_band_4fold,0,1,1,,,312.094,317.435,5.34119
s2delhi_r05_c08,sentinel2_delhi,S2C_43RGM_20260920_0_L2A,LC09_L2SP_147040_20260921_02_T1,5,8,EPSG:32643,720440.00,3184680.00,723000.00,3187240.00,77.2713,28.7821,row_band_4fold,0,1,0,0,,312.848,319.273,6.42487
s2delhi_r05_c09,sentinel2_delhi,S2C_43RGM_20260920_0_L2A,LC09_L2SP_147040_20260921_02_T1,5,9,EPSG:32643,723000.00,3184680.00,725560.00,3187240.00,77.2975,28.7816,row_band_4fold,0,1,1,,,312.315,321.659,9.34442
s2delhi_r05_c10,sentinel2_delhi,S2C_43RGM_20260920_0_L2A,,5,10,EPSG:32643,725560.00,3184680.00,728120.00,3187240.00,77.3237,28.7812,row_band_4fold,0,0,0,0,,,,
s2delhi_r05_c11,sentinel2_delhi,S2C_43RGM_20260920_0_L2A,,5,11,EPSG:32643,728120.00,3184680.00,730680.00,3187240.00,77.3499,28.7807,row_band_4fold,0,0,0,1,,,,
s2delhi_r05_c12,sentinel2_delhi,S2C_43RGM_20260920_0_L2A,,5,12,EPSG:32643,730680.00,3184680.00,733240.00,3187240.00,77.3761,28.7803,row_band_4fold,0,0,0,1,,,,
s2delhi_r05_c13,sentinel2_delhi,S2C_43RGM_20260920_0_L2A,,5,13,EPSG:32643,733240.00,3184680.00,735800.00,3187240.00,77.4024,28.7798,row_band_4fold,0,0,0,1,,,,
s2delhi_r05_c14,sentinel2_delhi,S2C_43RGM_20260920_0_L2A,,5,14,EPSG:32643,735800.00,3184680.00,738360.00,3187240.00,77.4286,28.7794,row_band_4fold,0,0,0,1,,,,
s2delhi_r05_c15,sentinel2_delhi,S2C_43RGM_20260920_0_L2A,,5,15,EPSG:32643,738360.00,3184680.00,740920.00,3187240.00,77.4548,28.7789,row_band_4fold,0,0,0,1,,,,
s2delhi_r05_c16,sentinel2_delhi,S2C_43RGM_20260920_0_L2A,,5,16,EPSG:32643,740920.00,3184680.00,743480.00,3187240.00,77.481,28.7784,row_band_4fold,0,0,0,1,,,,
s2delhi_r05_c17,sentinel2_delhi,S2C_43RGM_20260920_0_L2A,,5,17,EPSG:32643,743480.00,3184680.00,746040.00,3187240.00,77.5072,28.7779,row_band_4fold,0,0,0,0,,,,
s2delhi_r05_c18,sentinel2_delhi,S2C_43RGM_20260920_0_L2A,,5,18,EPSG:32643,746040.00,3184680.00,748600.00,3187240.00,77.5334,28.7774,row_band_4fold,0,0,1,,,,,
s2delhi_r05_c19,sentinel2_delhi,S2C_43RGM_20260920_0_L2A,,5,19,EPSG:32643,748600.00,3184680.00,751160.00,3187240.00,77.5596,28.7769,row_band_4fold,0,0,1,,,,,
s2delhi_r05_c20,sentinel2_delhi,S2C_43RGM_20260920_0_L2A,,5,20,EPSG:32643,751160.00,3184680.00,753720.00,3187240.00,77.5858,28.7764,row_band_4fold,0,0,0,1,,,,
s2delhi_r05_c21,sentinel2_delhi,S2C_43RGM_20260920_0_L2A,,5,21,EPSG:32643,753720.00,3184680.00,756280.00,3187240.00,77.612,28.7759,row_band_4fold,0,0,0,1,,,,
s2delhi_r05_c22,sentinel2_delhi,S2C_43RGM_20260920_0_L2A,,5,22,EPSG:32643,756280.00,3184680.00,758840.00,3187240.00,77.6382,28.7754,row_band_4fold,0,0,0,1,,,,
s2delhi_r05_c23,sentinel2_delhi,S2C_43RGM_20260920_0_L2A,,5,23,EPSG:32643,758840.00,3184680.00,761400.00,3187240.00,77.6644,28.7749,row_band_4fold,0,0,0,1,,,,
s2delhi_r05_c24,sentinel2_delhi,S2C_43RGM_20260920_0_L2A,,5,24,EPSG:32643,761400.00,3184680.00,763960.00,3187240.00,77.6906,28.7744,row_band_4fold,0,0,0,,,,,
s2delhi_r05_c25,sentinel2_delhi,S2C_43RGM_20260920_0_L2A,,5,25,EPSG:32643,763960.00,3184680.00,766520.00,3187240.00,77.7168,28.7739,row_band_4fold,0,0,0,,,,,
s2delhi_r05_c26,sentinel2_delhi,S2C_43RGM_20260920_0_L2A,,5,26,EPSG:32643,766520.00,3184680.00,769080.00,3187240.00,77.743,28.7733,row_band_4fold,0,0,0,1,,,,
s2delhi_r05_c27,sentinel2_delhi,S2C_43RGM_20260920_0_L2A,,5,27,EPSG:32643,769080.00,3184680.00,771640.00,3187240.00,77.7692,28.7728,row_band_4fold,0,0,1,,,,,
s2delhi_r05_c28,sentinel2_delhi,S2C_43RGM_20260920_0_L2A,,5,28,EPSG:32643,771640.00,3184680.00,774200.00,3187240.00,77.7953,28.7723,row_band_4fold,0,0,0,0,,,,
s2delhi_r05_c29,sentinel2_delhi,S2C_43RGM_20260920_0_L2A,,5,29,EPSG:32643,774200.00,3184680.00,776760.00,3187240.00,77.8215,28.7717,row_band_4fold,0,0,1,,,,,
s2delhi_r05_c30,sentinel2_delhi,S2C_43RGM_20260920_0_L2A,,5,30,EPSG:32643,776760.00,3184680.00,779320.00,3187240.00,77.8477,28.7712,row_band_4fold,0,0,0,1,,,,
s2delhi_r05_c31,sentinel2_delhi,S2C_43RGM_20260920_0_L2A,,5,31,EPSG:32643,779320.00,3184680.00,781880.00,3187240.00,77.8739,28.7706,row_band_4fold,0,0,0,,,,,
s2delhi_r05_c32,sentinel2_delhi,S2C_43RGM_20260920_0_L2A,,5,32,EPSG:32643,781880.00,3184680.00,784440.00,3187240.00,77.9001,28.77,row_band_4fold,0,0,0,1,,,,
s2delhi_r05_c33,sentinel2_delhi,S2C_43RGM_20260920_0_L2A,,5,33,EPSG:32643,784440.00,3184680.00,787000.00,3187240.00,77.9263,28.7695,row_band_4fold,0,0,0,1,,,,
s2delhi_r05_c34,sentinel2_delhi,S2C_43RGM_20260920_0_L2A,,5,34,EPSG:32643,787000.00,3184680.00,789560.00,3187240.00,77.9525,28.7689,row_band_4fold,0,0,1,,,,,
s2delhi_r05_c35,sentinel2_delhi,S2C_43RGM_20260920_0_L2A,,5,35,EPSG:32643,789560.00,3184680.00,792120.00,3187240.00,77.9787,28.7683,row_band_4fold,0,0,0,1,,,,
s2delhi_r05_c36,sentinel2_delhi,S2C_43RGM_20260920_0_L2A,,5,36,EPSG:32643,792120.00,3184680.00,794680.00,3187240.00,78.0049,28.7678,row_band_4fold,0,0,1,,,,,
s2delhi_r05_c37,sentinel2_delhi,S2C_43RGM_20260920_0_L2A,,5,37,EPSG:32643,794680.00,3184680.00,797240.00,3187240.00,78.0311,28.7672,row_band_4fold,0,0,1,,,,,
s2delhi_r05_c38,sentinel2_delhi,S2C_43RGM_20260920_0_L2A,,5,38,EPSG:32643,797240.00,3184680.00,799800.00,3187240.00,78.0573,28.7666,row_band_4fold,0,0,0,,,,,
s2delhi_r05_c39,sentinel2_delhi,S2C_43RGM_20260920_0_L2A,,5,39,EPSG:32643,799800.00,3184680.00,802360.00,3187240.00,78.0834,28.766,row_band_4fold,0,0,1,,,,,
s2delhi_r05_c40,sentinel2_delhi,S2C_43RGM_20260920_0_L2A,,5,40,EPSG:32643,802360.00,3184680.00,804920.00,3187240.00,78.1096,28.7654,row_band_4fold,0,0,0,1,,,,
s2delhi_r05_c41,sentinel2_delhi,S2C_43RGM_20260920_0_L2A,,5,41,EPSG:32643,804920.00,3184680.00,807480.00,3187240.00,78.1358,28.7648,row_band_4fold,0,0,0,1,,,,
s2delhi_r06_c00,sentinel2_delhi,S2C_43RGM_20260920_0_L2A,LC09_L2SP_147040_20260921_02_T1,6,0,EPSG:32643,699960.00,3182120.00,702520.00,3184680.00,77.0612,28.7624,row_band_4fold,0,1,0,0,,314.076,321.849,7.77289
s2delhi_r06_c01,sentinel2_delhi,S2C_43RGM_20260920_0_L2A,LC09_L2SP_147040_20260921_02_T1,6,1,EPSG:32643,702520.00,3182120.00,705080.00,3184680.00,77.0874,28.762,row_band_4fold,0,1,0,1,,311.82,317.189,5.36829
s2delhi_r06_c02,sentinel2_delhi,S2C_43RGM_20260920_0_L2A,LC09_L2SP_147040_20260921_02_T1,6,2,EPSG:32643,705080.00,3182120.00,707640.00,3184680.00,77.1136,28.7616,row_band_4fold,0,1,0,1,,309.45,319.211,9.76059
s2delhi_r06_c03,sentinel2_delhi,S2C_43RGM_20260920_0_L2A,LC09_L2SP_147040_20260921_02_T1,6,3,EPSG:32643,707640.00,3182120.00,710200.00,3184680.00,77.1398,28.7611,row_band_4fold,0,1,0,0,,315.17,322.53,7.35986
s2delhi_r06_c04,sentinel2_delhi,S2C_43RGM_20260920_0_L2A,LC09_L2SP_147040_20260921_02_T1,6,4,EPSG:32643,710200.00,3182120.00,712760.00,3184680.00,77.166,28.7607,row_band_4fold,0,1,0,0,,314.197,320.466,6.26944
s2delhi_r06_c05,sentinel2_delhi,S2C_43RGM_20260920_0_L2A,LC09_L2SP_147040_20260921_02_T1,6,5,EPSG:32643,712760.00,3182120.00,715320.00,3184680.00,77.1922,28.7603,row_band_4fold,0,1,0,0,,313.464,316.34,2.87589
s2delhi_r06_c06,sentinel2_delhi,S2C_43RGM_20260920_0_L2A,LC09_L2SP_147040_20260921_02_T1,6,6,EPSG:32643,715320.00,3182120.00,717880.00,3184680.00,77.2184,28.7599,row_band_4fold,0,1,0,0,,312.732,322.396,9.664
s2delhi_r06_c07,sentinel2_delhi,S2C_43RGM_20260920_0_L2A,LC09_L2SP_147040_20260921_02_T1,6,7,EPSG:32643,717880.00,3182120.00,720440.00,3184680.00,77.2446,28.7594,row_band_4fold,0,1,0,,,312.451,322.661,10.2095
s2delhi_r06_c08,sentinel2_delhi,S2C_43RGM_20260920_0_L2A,LC09_L2SP_147040_20260921_02_T1,6,8,EPSG:32643,720440.00,3182120.00,723000.00,3184680.00,77.2708,28.759,row_band_4fold,0,1,1,,,313.424,316.229,2.80499
s2delhi_r06_c09,sentinel2_delhi,S2C_43RGM_20260920_0_L2A,LC09_L2SP_147040_20260921_02_T1,6,9,EPSG:32643,723000.00,3182120.00,725560.00,3184680.00,77.297,28.7586,row_band_4fold,0,1,1,,,313.942,321.047,7.10571
s2delhi_r06_c10,sentinel2_delhi,S2C_43RGM_20260920_0_L2A,,6,10,EPSG:32643,725560.00,3182120.00,728120.00,3184680.00,77.3232,28.7581,row_band_4fold,0,0,0,1,,,,
s2delhi_r06_c11,sentinel2_delhi,S2C_43RGM_20260920_0_L2A,,6,11,EPSG:32643,728120.00,3182120.00,730680.00,3184680.00,77.3494,28.7577,row_band_4fold,0,0,0,1,,,,
s2delhi_r06_c12,sentinel2_delhi,S2C_43RGM_20260920_0_L2A,,6,12,EPSG:32643,730680.00,3182120.00,733240.00,3184680.00,77.3756,28.7572,row_band_4fold,0,0,1,,,,,
s2delhi_r06_c13,sentinel2_delhi,S2C_43RGM_20260920_0_L2A,,6,13,EPSG:32643,733240.00,3182120.00,735800.00,3184680.00,77.4018,28.7567,row_band_4fold,0,0,0,1,,,,
s2delhi_r06_c14,sentinel2_delhi,S2C_43RGM_20260920_0_L2A,,6,14,EPSG:32643,735800.00,3182120.00,738360.00,3184680.00,77.428,28.7563,row_band_4fold,0,0,0,1,,,,
s2delhi_r06_c15,sentinel2_delhi,S2C_43RGM_20260920_0_L2A,,6,15,EPSG:32643,738360.00,3182120.00,740920.00,3184680.00,77.4542,28.7558,row_band_4fold,0,0,0,1,,,,
s2delhi_r06_c16,sentinel2_delhi,S2C_43RGM_20260920_0_L2A,,6,16,EPSG:32643,740920.00,3182120.00,743480.00,3184680.00,77.4804,28.7553,row_band_4fold,0,0,0,,,,,
s2delhi_r06_c17,sentinel2_delhi,S2C_43RGM_20260920_0_L2A,,6,17,EPSG:32643,743480.00,3182120.00,746040.00,3184680.00,77.5066,28.7548,row_band_4fold,0,0,0,0,,,,
s2delhi_r06_c18,sentinel2_delhi,S2C_43RGM_20260920_0_L2A,,6,18,EPSG:32643,746040.00,3182120.00,748600.00,3184680.00,77.5328,28.7543,row_band_4fold,0,0,1,,,,,
s2delhi_r06_c19,sentinel2_delhi,S2C_43RGM_20260920_0_L2A,,6,19,EPSG:32643,748600.00,3182120.00,751160.00,3184680.00,77.559,28.7538,row_band_4fold,0,0,0,1,,,,
s2delhi_r06_c20,sentinel2_delhi,S2C_43RGM_20260920_0_L2A,,6,20,EPSG:32643,751160.00,3182120.00,753720.00,3184680.00,77.5852,28.7533,row_band_4fold,0,0,0,1,,,,
s2delhi_r06_c21,sentinel2_delhi,S2C_43RGM_20260920_0_L2A,,6,21,EPSG:32643,753720.00,3182120.00,756280.00,3184680.00,77.6114,28.7528,row_band_4fold,0,0,1,,,,,
s2delhi_r06_c22,sentinel2_delhi,S2C_43RGM_20260920_0_L2A,,6,22,EPSG:32643,756280.00,3182120.00,758840.00,3184680.00,77.6376,28.7523,row_band_4fold,0,0,0,1,,,,
s2delhi_r06_c23,sentinel2_delhi,S2C_43RGM_20260920_0_L2A,,6,23,EPSG:32643,758840.00,3182120.00,761400.00,3184680.00,77.6638,28.7518,row_band_4fold,0,0,0,1,,,,
s2delhi_r06_c24,sentinel2_delhi,S2C_43RGM_20260920_0_L2A,,6,24,EPSG:32643,761400.00,3182120.00,763960.00,3184680.00,77.69,28.7513,row_band_4fold,0,0,0,1,,,,
s2delhi_r06_c25,sentinel2_delhi,S2C_43RGM_20260920_0_L2A,,6,25,EPSG:32643,763960.00,3182120.00,766520.00,3184680.00,77.7162,28.7508,row_band_4fold,0,0,0,1,,,,
s2delhi_r06_c26,sentinel2_delhi,S2C_43RGM_20260920_0_L2A,,6,26,EPSG:32643,766520.00,3182120.00,769080.00,3184680.00,77.7424,28.7502,row_band_4fold,0,0,0,1,,,,
s2delhi_r06_c27,sentinel2_delhi,S2C_43RGM_20260920_0_L2A,,6,27,EPSG:32643,769080.00,3182120.00,771640.00,3184680.00,77.7685,28.7497,row_band_4fold,0,0,0,0,,,,
s2delhi_r06_c28,sentinel2_delhi,S2C_43RGM_20260920_0_L2A,,6,28,EPSG:32643,771640.00,3182120.00,774200.00,3184680.00,77.7947,28.7492,row_band_4fold,0,0,0,,,,,
s2delhi_r06_c29,sentinel2_delhi,S2C_43RGM_20260920_0_L2A,,6,29,EPSG:32643,774200.00,3182120.00,776760.00,3184680.00,77.8209,28.7486,row_band_4fold,0,0,0,,,,,
s2delhi_r06_c30,sentinel2_delhi,S2C_43RGM_20260920_0_L2A,,6,30,EPSG:32643,776760.00,3182120.00,779320.00,3184680.00,77.8471,28.7481,row_band_4fold,0,0,0,1,,,,
s2delhi_r06_c31,sentinel2_delhi,S2C_43RGM_20260920_0_L2A,,6,31,EPSG:32643,779320.00,3182120.00,781880.00,3184680.00,77.8733,28.7475,row_band_4fold,0,0,0,1,,,,
s2delhi_r06_c32,sentinel2_delhi,S2C_43RGM_20260920_0_L2A,,6,32,EPSG:32643,781880.00,3182120.00,784440.00,3184680.00,77.8995,28.747,row_band_4fold,0,0,0,1,,,,
s2delhi_r06_c33,sentinel2_delhi,S2C_43RGM_20260920_0_L2A,,6,33,EPSG:32643,784440.00,3182120.00,787000.00,3184680.00,77.9257,28.7464,row_band_4fold,0,0,1,,,,,
s2delhi_r06_c34,sentinel2_delhi,S2C_43RGM_20260920_0_L2A,,6,34,EPSG:32643,787000.00,3182120.00,789560.00,3184680.00,77.9519,28.7458,row_band_4fold,0,0,0,,,,,
s2delhi_r06_c35,sentinel2_delhi,S2C_43RGM_20260920_0_L2A,,6,35,EPSG:32643,789560.00,3182120.00,792120.00,3184680.00,77.978,28.7453,row_band_4fold,0,0,1,,,,,
s2delhi_r06_c36,sentinel2_delhi,S2C_43RGM_20260920_0_L2A,,6,36,EPSG:32643,792120.00,3182120.00,794680.00,3184680.00,78.0042,28.7447,row_band_4fold,0,0,0,,,,,
s2delhi_r06_c37,sentinel2_delhi,S2C_43RGM_20260920_0_L2A,,6,37,EPSG:32643,794680.00,3182120.00,797240.00,3184680.00,78.0304,28.7441,row_band_4fold,0,0,1,,,,,
s2delhi_r06_c38,sentinel2_delhi,S2C_43RGM_20260920_0_L2A,,6,38,EPSG:32643,797240.00,3182120.00,799800.00,3184680.00,78.0566,28.7435,row_band_4fold,0,0,1,,,,,
s2delhi_r06_c39,sentinel2_delhi,S2C_43RGM_20260920_0_L2A,,6,39,EPSG:32643,799800.00,3182120.00,802360.00,3184680.00,78.0828,28.7429,row_band_4fold,0,0,1,,,,,
s2delhi_r06_c40,sentinel2_delhi,S2C_43RGM_20260920_0_L2A,,6,40,EPSG:32643,802360.00,3182120.00,804920.00,3184680.00,78.1089,28.7423,row_band_4fold,0,0,1,,,,,
s2delhi_r06_c41,sentinel2_delhi,S2C_43RGM_20260920_0_L2A,,6,41,EPSG:32643,804920.00,3182120.00,807480.00,3184680.00,78.1351,28.7417,row_band_4fold,0,0,0,1,,,,
s2delhi_r07_c00,sentinel2_delhi,S2C_43RGM_20260920_0_L2A,LC09_L2SP_147040_20260921_02_T1,7,0,EPSG:32643,699960.00,3179560.00,702520.00,3182120.00,77.0607,28.7393,row_band_4fold,0,1,0,0,,314.328,322.363,8.03421
s2delhi_r07_c01,sentinel2_delhi,S2C_43RGM_20260920_0_L2A,LC09_L2SP_147040_20260921_02_T1,7,1,EPSG:32643,702520.00,3179560.00,705080.00,3182120.00,77.0869,28.7389,row_band_4fold,0,1,0,,,313.077,320.18,7.10208
s2delhi_r07_c02,sentinel2_delhi,S2C_43RGM_20260920_0_L2A,LC09_L2SP_147040_20260921_02_T1,7,2,EPSG:32643,705080.00,3179560.00,707640.00,3182120.00,77.1131,28.7385,row_band_4fold,0,1,0,0,,311.298,323.607,12.3096
s2delhi_r07_c03,sentinel2_delhi,S2C_43RGM_20260920_0_L2A,LC09_L2SP_147040_20260921_02_T1,7,3,EPSG:32643,707640.00,3179560.00,710200.00,3182120.00,77.1393,28.738,row_band_4fold,0,1,0,0,,314.628,320.557,5.92923
s2delhi_r07_c04,sentinel2_delhi,S2C_43RGM_20260920_0_L2A,LC09_L2SP_147040_20260921_02_T1,7,4,EPSG:32643,710200.00,3179560.00,712760.00,3182120.00,77.1655,28.7376,row_band_4fold,0,1,0,0,,314.413,323.356,8.94324
s2delhi_r07_c05,sentinel2_delhi,S2C_43RGM_20260920_0_L2A,LC09_L2SP_147040_20260921_02_T1,7,5,EPSG:32643,712760.00,3179560.00,715320.00,3182120.00,77.1917,28.7372,row_band_4fold,0,1,0,0,,314.292,317.127,2.83481
s2delhi_r07_c06,sentinel2_delhi,S2C_43RGM_20260920_0_L2A,LC09_L2SP_147040_20260921_02_T1,7,6,EPSG:32643,715320.00,3179560.00,717880.00,3182120.00,77.2179,28.7368,row_band_4fold,0,1,0,0,,313.1,318.609,5.50934
s2delhi_r07_c07,sentinel2_delhi,S2C_43RGM_20260920_0_L2A,LC09_L2SP_147040_20260921_02_T1,7,7,EPSG:32643,717880.00,3179560.00,720440.00,3182120.00,77.2441,28.7363,row_band_4fold,0,1,1,,,313.386,320.254,6.86819
s2delhi_r07_c08,sentinel2_delhi,S2C_43RGM_20260920_0_L2A,LC09_L2SP_147040_20260921_02_T1,7,8,EPSG:32643,720440.00,3179560.00,723000.00,3182120.00,77.2703,28.7359,row_band_4fold,0,1,1,,,314.044,317.859,3.81537
s2delhi_r07_c09,sentinel2_delhi,S2C_43RGM_20260920_0_L2A,LC09_L2SP_147040_20260921_02_T1,7,9,EPSG:32643,723000.00,3179560.00,725560.00,3182120.00,77.2965,28.7355,row_band_4fold,0,1,0,0,,313.946,316.684,2.73792
s2delhi_r07_c10,sentinel2_delhi,S2C_43RGM_20260920_0_L2A,,7,10,EPSG:32643,725560.00,3179560.00,728120.00,3182120.00,77.3227,28.735,row_band_4fold,0,0,0,0,,,,
s2delhi_r07_c11,sentinel2_delhi,S2C_43RGM_20260920_0_L2A,,7,11,EPSG:32643,728120.00,3179560.00,730680.00,3182120.00,77.3489,28.7346,row_band_4fold,0,0,0,1,,,,
s2delhi_r07_c12,sentinel2_delhi,S2C_43RGM_20260920_0_L2A,,7,12,EPSG:32643,730680.00,3179560.00,733240.00,3182120.00,77.3751,28.7341,row_band_4fold,0,0,0,0,,,,
s2delhi_r07_c13,sentinel2_delhi,S2C_43RGM_20260920_0_L2A,,7,13,EPSG:32643,733240.00,3179560.00,735800.00,3182120.00,77.4013,28.7336,row_band_4fold,0,0,0,0,,,,
s2delhi_r07_c14,sentinel2_delhi,S2C_43RGM_20260920_0_L2A,,7,14,EPSG:32643,735800.00,3179560.00,738360.00,3182120.00,77.4275,28.7332,row_band_4fold,0,0,0,0,,,,
s2delhi_r07_c15,sentinel2_delhi,S2C_43RGM_20260920_0_L2A,,7,15,EPSG:32643,738360.00,3179560.00,740920.00,3182120.00,77.4537,28.7327,row_band_4fold,0,0,0,,,,,
s2delhi_r07_c16,sentinel2_delhi,S2C_43RGM_20260920_0_L2A,,7,16,EPSG:32643,740920.00,3179560.00,743480.00,3182120.00,77.4799,28.7322,row_band_4fold,0,0,1,,,,,
s2delhi_r07_c17,sentinel2_delhi,S2C_43RGM_20260920_0_L2A,,7,17,EPSG:32643,743480.00,3179560.00,746040.00,3182120.00,77.5061,28.7317,row_band_4fold,0,0,1,,,,,
s2delhi_r07_c18,sentinel2_delhi,S2C_43RGM_20260920_0_L2A,,7,18,EPSG:32643,746040.00,3179560.00,748600.00,3182120.00,77.5323,28.7313,row_band_4fold,0,0,0,1,,,,
s2delhi_r07_c19,sentinel2_delhi,S2C_43RGM_20260920_0_L2A,,7,19,EPSG:32643,748600.00,3179560.00,751160.00,3182120.00,77.5584,28.7308,row_band_4fold,0,0,1,,,,,
s2delhi_r07_c20,sentinel2_delhi,S2C_43RGM_20260920_0_L2A,,7,20,EPSG:32643,751160.00,3179560.00,753720.00,3182120.00,77.5846,28.7303,row_band_4fold,0,0,0,1,,,,
s2delhi_r07_c21,sentinel2_delhi,S2C_43RGM_20260920_0_L2A,,7,21,EPSG:32643,753720.00,3179560.00,756280.00,3182120.00,77.6108,28.7298,row_band_4fold,0,0,0,1,,,,
s2delhi_r07_c22,sentinel2_delhi,S2C_43RGM_20260920_0_L2A,,7,22,EPSG:32643,756280.00,3179560.00,758840.00,3182120.00,77.637,28.7293,row_band_4fold,0,0,0,1,,,,
s2delhi_r07_c23,sentinel2_delhi,S2C_43RGM_20260920_0_L2A,,7,23,EPSG:32643,758840.00,3179560.00,761400.00,3182120.00,77.6632,28.7287,row_band_4fold,0,0,0,1,,,,
s2delhi_r07_c24,sentinel2_delhi,S2C_43RGM_20260920_0_L2A,,7,24,EPSG:32643,761400.00,3179560.00,763960.00,3182120.00,77.6894,28.7282,row_band_4fold,0,0,0,1,,,,
s2delhi_r07_c25,sentinel2_delhi,S2C_43RGM_20260920_0_L2A,,7,25,EPSG:32643,763960.00,3179560.00,766520.00,3182120.00,77.7156,28.7277,row_band_4fold,0,0,0,1,,,,
s2delhi_r07_c26,sentinel2_delhi,S2C_43RGM_20260920_0_L2A,,7,26,EPSG:32643,766520.00,3179560.00,769080.00,3182120.00,77.7418,28.7272,row_band_4fold,0,0,0,0,,,,
s2delhi_r07_c27,sentinel2_delhi,S2C_43RGM_20260920_0_L2A,,7,27,EPSG:32643,769080.00,3179560.00,771640.00,3182120.00,77.7679,28.7266,row_band_4fold,0,0,0,0,,,,
s2delhi_r07_c28,sentinel2_delhi,S2C_43RGM_20260920_0_L2A,,7,28,EPSG:32643,771640.00,3179560.00,774200.00,3182120.00,77.7941,28.7261,row_band_4fold,0,0,1,,,,,
s2delhi_r07_c29,sentinel2_delhi,S2C_43RGM_20260920_0_L2A,,7,29,EPSG:32643,774200.00,3179560.00,776760.00,3182120.00,77.8203,28.7256,row_band_4fold,0,0,1,,,,,
s2delhi_r07_c30,sentinel2_delhi,S2C_43RGM_20260920_0_L2A,,7,30,EPSG:32643,776760.00,3179560.00,779320.00,3182120.00,77.8465,28.725,row_band_4fold,0,0,0,0,,,,
s2delhi_r07_c31,sentinel2_delhi,S2C_43RGM_20260920_0_L2A,,7,31,EPSG:32643,779320.00,3179560.00,781880.00,3182120.00,77.8727,28.7244,row_band_4fold,0,0,0,1,,,,
s2delhi_r07_c32,sentinel2_delhi,S2C_43RGM_20260920_0_L2A,,7,32,EPSG:32643,781880.00,3179560.00,784440.00,3182120.00,77.8988,28.7239,row_band_4fold,0,0,0,,,,,
s2delhi_r07_c33,sentinel2_delhi,S2C_43RGM_20260920_0_L2A,,7,33,EPSG:32643,784440.00,3179560.00,787000.00,3182120.00,77.925,28.7233,row_band_4fold,0,0,0,1,,,,
s2delhi_r07_c34,sentinel2_delhi,S2C_43RGM_20260920_0_L2A,,7,34,EPSG:32643,787000.00,3179560.00,789560.00,3182120.00,77.9512,28.7228,row_band_4fold,0,0,1,,,,,
s2delhi_r07_c35,sentinel2_delhi,S2C_43RGM_20260920_0_L2A,,7,35,EPSG:32643,789560.00,3179560.00,792120.00,3182120.00,77.9774,28.7222,row_band_4fold,0,0,1,,,,,
s2delhi_r07_c36,sentinel2_delhi,S2C_43RGM_20260920_0_L2A,,7,36,EPSG:32643,792120.00,3179560.00,794680.00,3182120.00,78.0036,28.7216,row_band_4fold,0,0,1,,,,,
s2delhi_r07_c37,sentinel2_delhi,S2C_43RGM_20260920_0_L2A,,7,37,EPSG:32643,794680.00,3179560.00,797240.00,3182120.00,78.0297,28.721,row_band_4fold,0,0,1,,,,,
s2delhi_r07_c38,sentinel2_delhi,S2C_43RGM_20260920_0_L2A,,7,38,EPSG:32643,797240.00,3179560.00,799800.00,3182120.00,78.0559,28.7204,row_band_4fold,0,0,1,,,,,
s2delhi_r07_c39,sentinel2_delhi,S2C_43RGM_20260920_0_L2A,,7,39,EPSG:32643,799800.00,3179560.00,802360.00,3182120.00,78.0821,28.7198,row_band_4fold,0,0,1,,,,,
s2delhi_r07_c40,sentinel2_delhi,S2C_43RGM_20260920_0_L2A,,7,40,EPSG:32643,802360.00,3179560.00,804920.00,3182120.00,78.1083,28.7192,row_band_4fold,0,0,1,,,,,
s2delhi_r07_c41,sentinel2_delhi,S2C_43RGM_20260920_0_L2A,,7,41,EPSG:32643,804920.00,3179560.00,807480.00,3182120.00,78.1344,28.7186,row_band_4fold,0,0,0,1,,,,
s2delhi_r08_c00,sentinel2_delhi,S2C_43RGM_20260920_0_L2A,LC09_L2SP_147040_20260921_02_T1,8,0,EPSG:32643,699960.00,3177000.00,702520.00,3179560.00,77.0603,28.7162,row_band_4fold,0,1,0,0,,314.829,323.989,9.16064
s2delhi_r08_c01,sentinel2_delhi,S2C_43RGM_20260920_0_L2A,LC09_L2SP_147040_20260921_02_T1,8,1,EPSG:32643,702520.00,3177000.00,705080.00,3179560.00,77.0865,28.7158,row_band_4fold,0,1,1,0,,313.567,320.409,6.84189
s2delhi_r08_c02,sentinel2_delhi,S2C_43RGM_20260920_0_L2A,LC09_L2SP_147040_20260921_02_T1,8,2,EPSG:32643,705080.00,3177000.00,707640.00,3179560.00,77.1127,28.7154,row_band_4fold,0,1,0,0,,313.478,316.909,3.43103
s2delhi_r08_c03,sentinel2_delhi,S2C_43RGM_20260920_0_L2A,LC09_L2SP_147040_20260921_02_T1,8,3,EPSG:32643,707640.00,3177000.00,710200.00,3179560.00,77.1389,28.715,row_band_4fold,0,1,0,0,,313.404,317.117,3.71246
s2delhi_r08_c04,sentinel2_delhi,S2C_43RGM_20260920_0_L2A,LC09_L2SP_147040_20260921_02_T1,8,4,EPSG:32643,710200.00,3177000.00,712760.00,3179560.00,77.1651,28.7145,row_band_4fold,0,1,1,,,314.126,320.623,6.49786
s2delhi_r08_c05,sentinel2_delhi,S2C_43RGM_20260920_0_L2A,LC09_L2SP_147040_20260921_02_T1,8,5,EPSG:32643,712760.00,3177000.00,715320.00,3179560.00,77.1912,28.7141,row_band_4fold,0,1,0,0,,309.373,317.806,8.43365
s2delhi_r08_c06,sentinel2_delhi,S2C_43RGM_20260920_0_L2A,LC09_L2SP_147040_20260921_02_T1,8,6,EPSG:32643,715320.00,3177000.00,717880.00,3179560.00,77.2174,28.7137,row_band_4fold,0,1,1,0,,312.381,317.497,5.11618
s2delhi_r08_c07,sentinel2_delhi,S2C_43RGM_20260920_0_L2A,LC09_L2SP_147040_20260921_02_T1,8,7,EPSG:32643,717880.00,3177000.00,720440.00,3179560.00,77.2436,28.7133,row_band_4fold,0,1,0,,,311.222,321.908,10.6861
s2delhi_r08_c08,sentinel2_delhi,S2C_43RGM_20260920_0_L2A,LC09_L2SP_147040_20260921_02_T1,8,8,EPSG:32643,720440.00,3177000.00,723000.00,3179560.00,77.2698,28.7128,row_band_4fold,0,1,1,,,314.395,316.078,1.68268
s2delhi_r08_c09,sentinel2_delhi,S2C_43RGM_20260920_0_L2A,,8,9,EPSG:32643,723000.00,3177000.00,725560.00,3179560.00,77.296,28.7124,row_band_4fold,0,0,1,,,,,
s2delhi_r08_c10,sentinel2_delhi,S2C_43RGM_20260920_0_L2A,,8,10,EPSG:32643,725560.00,3177000.00,728120.00,3179560.00,77.3222,28.7119,row_band_4fold,0,0,0,0,,,,
s2delhi_r08_c11,sentinel2_delhi,S2C_43RGM_20260920_0_L2A,,8,11,EPSG:32643,728120.00,3177000.00,730680.00,3179560.00,77.3484,28.7115,row_band_4fold,0,0,0,1,,,,
s2delhi_r08_c12,sentinel2_delhi,S2C_43RGM_20260920_0_L2A,,8,12,EPSG:32643,730680.00,3177000.00,733240.00,3179560.00,77.3746,28.711,row_band_4fold,0,0,0,1,,,,
s2delhi_r08_c13,sentinel2_delhi,S2C_43RGM_20260920_0_L2A,,8,13,EPSG:32643,733240.00,3177000.00,735800.00,3179560.00,77.4008,28.7106,row_band_4fold,0,0,1,,,,,
s2delhi_r08_c14,sentinel2_delhi,S2C_43RGM_20260920_0_L2A,,8,14,EPSG:32643,735800.00,3177000.00,738360.00,3179560.00,77.427,28.7101,row_band_4fold,0,0,0,0,,,,
s2delhi_r08_c15,sentinel2_delhi,S2C_43RGM_20260920_0_L2A,,8,15,EPSG:32643,738360.00,3177000.00,740920.00,3179560.00,77.4531,28.7096,row_band_4fold,0,0,1,,,,,
s2delhi_r08_c16,sentinel2_delhi,S2C_43RGM_20260920_0_L2A,,8,16,EPSG:32643,740920.00,3177000.00,743480.00,3179560.00,77.4793,28.7091,row_band_4fold,0,0,0,0,,,,
s2delhi_r08_c17,sentinel2_delhi,S2C_43RGM_20260920_0_L2A,,8,17,EPSG:32643,743480.00,3177000.00,746040.00,3179560.00,77.5055,28.7087,row_band_4fold,0,0,0,0,,,,
s2delhi_r08_c18,sentinel2_delhi,S2C_43RGM_20260920_0_L2A,,8,18,EPSG:32643,746040.00,3177000.00,748600.00,3179560.00,77.5317,28.7082,row_band_4fold,0,0,0,0,,,,
s2delhi_r08_c19,sentinel2_delhi,S2C_43RGM_20260920_0_L2A,,8,19,EPSG:32643,748600.00,3177000.00,751160.00,3179560.00,77.5579,28.7077,row_band_4fold,0,0,0,1,,,,
s2delhi_r08_c20,sentinel2_delhi,S2C_43RGM_20260920_0_L2A,,8,20,EPSG:32643,751160.00,3177000.00,753720.00,3179560.00,77.5841,28.7072,row_band_4fold,0,0,0,1,,,,
s2delhi_r08_c21,sentinel2_delhi,S2C_43RGM_20260920_0_L2A,,8,21,EPSG:32643,753720.00,3177000.00,756280.00,3179560.00,77.6102,28.7067,row_band_4fold,0,0,0,1,,,,
s2delhi_r08_c22,sentinel2_delhi,S2C_43RGM_20260920_0_L2A,,8,22,EPSG:32643,756280.00,3177000.00,758840.00,3179560.00,77.6364,28.7062,row_band_4fold,0,0,0,0,,,,
s2delhi_r08_c23,sentinel2_delhi,S2C_43RGM_20260920_0_L2A,,8,23,EPSG:32643,758840.00,3177000.00,761400.00,3179560.00,77.6626,28.7057,row_band_4fold,0,0,0,0,,,,
s2delhi_r08_c24,sentinel2_delhi,S2C_43RGM_20260920_0_L2A,,8,24,EPSG:32643,761400.00,3177000.00,763960.00,3179560.00,77.6888,28.7051,row_band_4fold,0,0,0,1,,,,
s2delhi_r08_c25,sentinel2_delhi,S2C_43RGM_20260920_0_L2A,,8,25,EPSG:32643,763960.00,3177000.00,766520.00,3179560.00,77.715,28.7046,row_band_4fold,0,0,0,1,,,,
s2delhi_r08_c26,sentinel2_delhi,S2C_43RGM_20260920_0_L2A,,8,26,EPSG:32643,766520.00,3177000.00,769080.00,3179560.00,77.7411,28.7041,row_band_4fold,0,0,0,1,,,,
s2delhi_r08_c27,sentinel2_delhi,S2C_43RGM_20260920_0_L2A,,8,27,EPSG:32643,769080.00,3177000.00,771640.00,3179560.00,77.7673,28.7036,row_band_4fold,0,0,0,0,,,,
s2delhi_r08_c28,sentinel2_delhi,S2C_43RGM_20260920_0_L2A,,8,28,EPSG:32643,771640.00,3177000.00,774200.00,3179560.00,77.7935,28.703,row_band_4fold,0,0,1,,,,,
s2delhi_r08_c29,sentinel2_delhi,S2C_43RGM_20260920_0_L2A,,8,29,EPSG:32643,774200.00,3177000.00,776760.00,3179560.00,77.8197,28.7025,row_band_4fold,0,0,0,0,,,,
s2delhi_r08_c30,sentinel2_delhi,S2C_43RGM_20260920_0_L2A,,8,30,EPSG:32643,776760.00,3177000.00,779320.00,3179560.00,77.8459,28.7019,row_band_4fold,0,0,1,,,,,
s2delhi_r08_c31,sentinel2_delhi,S2C_43RGM_20260920_0_L2A,,8,31,EPSG:32643,779320.00,3177000.00,781880.00,3179560.00,77.872,28.7014,row_band_4fold,0,0,0,1,,,,
s2delhi_r08_c32,sentinel2_delhi,S2C_43RGM_20260920_0_L2A,,8,32,EPSG:32643,781880.00,3177000.00,784440.00,3179560.00,77.8982,28.7008,row_band_4fold,0,0,0,1,,,,
s2delhi_r08_c33,sentinel2_delhi,S2C_43RGM_20260920_0_L2A,,8,33,EPSG:32643,784440.00,3177000.00,787000.00,3179560.00,77.9244,28.7002,row_band_4fold,0,0,0,1,,,,
s2delhi_r08_c34,sentinel2_delhi,S2C_43RGM_20260920_0_L2A,,8,34,EPSG:32643,787000.00,3177000.00,789560.00,3179560.00,77.9506,28.6997,row_band_4fold,0,0,1,,,,,
s2delhi_r08_c35,sentinel2_delhi,S2C_43RGM_20260920_0_L2A,,8,35,EPSG:32643,789560.00,3177000.00,792120.00,3179560.00,77.9767,28.6991,row_band_4fold,0,0,1,,,,,
s2delhi_r08_c36,sentinel2_delhi,S2C_43RGM_20260920_0_L2A,,8,36,EPSG:32643,792120.00,3177000.00,794680.00,3179560.00,78.0029,28.6985,row_band_4fold,0,0,1,,,,,
s2delhi_r08_c37,sentinel2_delhi,S2C_43RGM_20260920_0_L2A,,8,37,EPSG:32643,794680.00,3177000.00,797240.00,3179560.00,78.0291,28.6979,row_band_4fold,0,0,1,,,,,
s2delhi_r08_c38,sentinel2_delhi,S2C_43RGM_20260920_0_L2A,,8,38,EPSG:32643,797240.00,3177000.00,799800.00,3179560.00,78.0552,28.6974,row_band_4fold,0,0,1,,,,,
s2delhi_r08_c39,sentinel2_delhi,S2C_43RGM_20260920_0_L2A,,8,39,EPSG:32643,799800.00,3177000.00,802360.00,3179560.00,78.0814,28.6968,row_band_4fold,0,0,1,,,,,
s2delhi_r08_c40,sentinel2_delhi,S2C_43RGM_20260920_0_L2A,,8,40,EPSG:32643,802360.00,3177000.00,804920.00,3179560.00,78.1076,28.6962,row_band_4fold,0,0,1,,,,,
s2delhi_r08_c41,sentinel2_delhi,S2C_43RGM_20260920_0_L2A,,8,41,EPSG:32643,804920.00,3177000.00,807480.00,3179560.00,78.1338,28.6956,row_band_4fold,0,0,1,,,,,
s2delhi_r09_c00,sentinel2_delhi,S2C_43RGM_20260920_0_L2A,LC09_L2SP_147040_20260921_02_T1,9,0,EPSG:32643,699960.00,3174440.00,702520.00,3177000.00,77.0598,28.6931,row_band_4fold,0,1,0,,,315.112,319.885,4.77277
s2delhi_r09_c01,sentinel2_delhi,S2C_43RGM_20260920_0_L2A,LC09_L2SP_147040_20260921_02_T1,9,1,EPSG:32643,702520.00,3174440.00,705080.00,3177000.00,77.086,28.6927,row_band_4fold,0,1,0,0,,312.879,321.467,8.58795
s2delhi_r09_c02,sentinel2_delhi,S2C_43RGM_20260920_0_L2A,LC09_L2SP_147040_20260921_02_T1,9,2,EPSG:32643,705080.00,3174440.00,707640.00,3177000.00,77.1122,28.6923,row_band_4fold,0,1,1,,,313.215,317.749,4.5343
s2delhi_r09_c03,sentinel2_delhi,S2C_43RGM_20260920_0_L2A,LC09_L2SP_147040_20260921_02_T1,9,3,EPSG:32643,707640.00,3174440.00,710200.00,3177000.00,77.1384,28.6919,row_band_4fold,0,1,1,,,314.203,319.097,4.8941
s2delhi_r09_c04,sentinel2_delhi,S2C_43RGM_20260920_0_L2A,LC09_L2SP_147040_20260921_02_T1,9,4,EPSG:32643,710200.00,3174440.00,712760.00,3177000.00,77.1646,28.6914,row_band_4fold,0,1,1,,,313.298,320.048,6.74979
s2delhi_r09_c05,sentinel2_delhi,S2C_43RGM_20260920_0_L2A,LC09_L2SP_147040_20260921_02_T1,9,5,EPSG:32643,712760.00,3174440.00,715320.00,3177000.00,77.1908,28.691,row_band_4fold,0,1,0,,,311.312,314.82,3.50809
s2delhi_r09_c06,sentinel2_delhi,S2C_43RGM_20260920_0_L2A,LC09_L2SP_147040_20260921_02_T1,9,6,EPSG:32643,715320.00,3174440.00,717880.00,3177000.00,77.2169,28.6906,row_band_4fold,0,1,0,0,,311.625,318.518,6.89246
s2delhi_r09_c07,sentinel2_delhi,S2C_43RGM_20260920_0_L2A,LC09_L2SP_147040_20260921_02_T1,9,7,EPSG:32643,717880.00,3174440.00,720440.00,3177000.00,77.2431,28.6902,row_band_4fold,0,1,1,,,308.821,316.616,7.79562
s2delhi_r09_c08,sentinel2_delhi,S2C_43RGM_20260920_0_L2A,LC09_L2SP_147040_20260921_02_T1,9,8,EPSG:32643,720440.00,3174440.00,723000.00,3177000.00,77.2693,28.6897,row_band_4fold,0,1,1,,,314.409,315.979,1.56943
s2delhi_r09_c09,sentinel2_delhi,S2C_43RGM_20260920_0_L2A,,9,9,EPSG:32643,723000.00,3174440.00,725560.00,3177000.00,77.2955,28.6893,row_band_4fold,0,0,1,0,,,,
s2delhi_r09_c10,sentinel2_delhi,S2C_43RGM_20260920_0_L2A,,9,10,EPSG:32643,725560.00,3174440.00,728120.00,3177000.00,77.3217,28.6888,row_band_4fold,0,0,1,,,,,
s2delhi_r09_c11,sentinel2_delhi,S2C_43RGM_20260920_0_L2A,,9,11,EPSG:32643,728120.00,3174440.00,730680.00,3177000.00,77.3479,28.6884,row_band_4fold,0,0,0,0,,,,
s2delhi_r09_c12,sentinel2_delhi,S2C_43RGM_20260920_0_L2A,,9,12,EPSG:32643,730680.00,3174440.00,733240.00,3177000.00,77.3741,28.6879,row_band_4fold,0,0,0,0,,,,
s2delhi_r09_c13,sentinel2_delhi,S2C_43RGM_20260920_0_L2A,,9,13,EPSG:32643,733240.00,3174440.00,735800.00,3177000.00,77.4002,28.6875,row_band_4fold,0,0,0,0,,,,
s2delhi_r09_c14,sentinel2_delhi,S2C_43RGM_20260920_0_L2A,,9,14,EPSG:32643,735800.00,3174440.00,738360.00,3177000.00,77.4264,28.687,row_band_4fold,0,0,0,0,,,,
s2delhi_r09_c15,sentinel2_delhi,S2C_43RGM_20260920_0_L2A,,9,15,EPSG:32643,738360.00,3174440.00,740920.00,3177000.00,77.4526,28.6865,row_band_4fold,0,0,1,0,,,,
s2delhi_r09_c16,sentinel2_delhi,S2C_43RGM_20260920_0_L2A,,9,16,EPSG:32643,740920.00,3174440.00,743480.00,3177000.00,77.4788,28.6861,row_band_4fold,0,0,0,0,,,,
s2delhi_r09_c17,sentinel2_delhi,S2C_43RGM_20260920_0_L2A,,9,17,EPSG:32643,743480.00,3174440.00,746040.00,3177000.00,77.505,28.6856,row_band_4fold,0,0,0,0,,,,
s2delhi_r09_c18,sentinel2_delhi,S2C_43RGM_20260920_0_L2A,,9,18,EPSG:32643,746040.00,3174440.00,748600.00,3177000.00,77.5311,28.6851,row_band_4fold,0,0,0,0,,,,
s2delhi_r09_c19,sentinel2_delhi,S2C_43RGM_20260920_0_L2A,,9,19,EPSG:32643,748600.00,3174440.00,751160.00,3177000.00,77.5573,28.6846,row_band_4fold,0,0,0,0,,,,
s2delhi_r09_c20,sentinel2_delhi,S2C_43RGM_20260920_0_L2A,,9,20,EPSG:32643,751160.00,3174440.00,753720.00,3177000.00,77.5835,28.6841,row_band_4fold,0,0,0,1,,,,
s2delhi_r09_c21,sentinel2_delhi,S2C_43RGM_20260920_0_L2A,,9,21,EPSG:32643,753720.00,3174440.00,756280.00,3177000.00,77.6097,28.6836,row_band_4fold,0,0,0,1,,,,
s2delhi_r09_c22,sentinel2_delhi,S2C_43RGM_20260920_0_L2A,,9,22,EPSG:32643,756280.00,3174440.00,758840.00,3177000.00,77.6358,28.6831,row_band_4fold,0,0,1,1,,,,
s2delhi_r09_c23,sentinel2_delhi,S2C_43RGM_20260920_0_L2A,,9,23,EPSG:32643,758840.00,3174440.00,761400.00,3177000.00,77.662,28.6826,row_band_4fold,0,0,0,1,,,,
s2delhi_r09_c24,sentinel2_delhi,S2C_43RGM_20260920_0_L2A,,9,24,EPSG:32643,761400.00,3174440.00,763960.00,3177000.00,77.6882,28.6821,row_band_4fold,0,0,0,1,,,,
s2delhi_r09_c25,sentinel2_delhi,S2C_43RGM_20260920_0_L2A,,9,25,EPSG:32643,763960.00,3174440.00,766520.00,3177000.00,77.7144,28.6815,row_band_4fold,0,0,0,1,,,,
s2delhi_r09_c26,sentinel2_delhi,S2C_43RGM_20260920_0_L2A,,9,26,EPSG:32643,766520.00,3174440.00,769080.00,3177000.00,77.7405,28.681,row_band_4fold,0,0,0,1,,,,
s2delhi_r09_c27,sentinel2_delhi,S2C_43RGM_20260920_0_L2A,,9,27,EPSG:32643,769080.00,3174440.00,771640.00,3177000.00,77.7667,28.6805,row_band_4fold,0,0,0,1,,,,
s2delhi_r09_c28,sentinel2_delhi,S2C_43RGM_20260920_0_L2A,,9,28,EPSG:32643,771640.00,3174440.00,774200.00,3177000.00,77.7929,28.6799,row_band_4fold,0,0,0,0,,,,
s2delhi_r09_c29,sentinel2_delhi,S2C_43RGM_20260920_0_L2A,,9,29,EPSG:32643,774200.00,3174440.00,776760.00,3177000.00,77.8191,28.6794,row_band_4fold,0,0,0,0,,,,
s2delhi_r09_c30,sentinel2_delhi,S2C_43RGM_20260920_0_L2A,,9,30,EPSG:32643,776760.00,3174440.00,779320.00,3177000.00,77.8452,28.6788,row_band_4fold,0,0,0,1,,,,
s2delhi_r09_c31,sentinel2_delhi,S2C_43RGM_20260920_0_L2A,,9,31,EPSG:32643,779320.00,3174440.00,781880.00,3177000.00,77.8714,28.6783,row_band_4fold,0,0,0,1,,,,
s2delhi_r09_c32,sentinel2_delhi,S2C_43RGM_20260920_0_L2A,,9,32,EPSG:32643,781880.00,3174440.00,784440.00,3177000.00,77.8976,28.6777,row_band_4fold,0,0,0,1,,,,
s2delhi_r09_c33,sentinel2_delhi,S2C_43RGM_20260920_0_L2A,,9,33,EPSG:32643,784440.00,3174440.00,787000.00,3177000.00,77.9237,28.6772,row_band_4fold,0,0,1,,,,,
s2delhi_r09_c34,sentinel2_delhi,S2C_43RGM_20260920_0_L2A,,9,34,EPSG:32643,787000.00,3174440.00,789560.00,3177000.00,77.9499,28.6766,row_band_4fold,0,0,0,,,,,
s2delhi_r09_c35,sentinel2_delhi,S2C_43RGM_20260920_0_L2A,,9,35,EPSG:32643,789560.00,3174440.00,792120.00,3177000.00,77.9761,28.676,row_band_4fold,0,0,1,,,,,
s2delhi_r09_c36,sentinel2_delhi,S2C_43RGM_20260920_0_L2A,,9,36,EPSG:32643,792120.00,3174440.00,794680.00,3177000.00,78.0022,28.6755,row_band_4fold,0,0,1,,,,,
s2delhi_r09_c37,sentinel2_delhi,S2C_43RGM_20260920_0_L2A,,9,37,EPSG:32643,794680.00,3174440.00,797240.00,3177000.00,78.0284,28.6749,row_band_4fold,0,0,0,1,,,,
s2delhi_r09_c38,sentinel2_delhi,S2C_43RGM_20260920_0_L2A,,9,38,EPSG:32643,797240.00,3174440.00,799800.00,3177000.00,78.0546,28.6743,row_band_4fold,0,0,1,,,,,
s2delhi_r09_c39,sentinel2_delhi,S2C_43RGM_20260920_0_L2A,,9,39,EPSG:32643,799800.00,3174440.00,802360.00,3177000.00,78.0807,28.6737,row_band_4fold,0,0,1,,,,,
s2delhi_r09_c40,sentinel2_delhi,S2C_43RGM_20260920_0_L2A,,9,40,EPSG:32643,802360.00,3174440.00,804920.00,3177000.00,78.1069,28.6731,row_band_4fold,0,0,0,,,,,
s2delhi_r09_c41,sentinel2_delhi,S2C_43RGM_20260920_0_L2A,,9,41,EPSG:32643,804920.00,3174440.00,807480.00,3177000.00,78.1331,28.6725,row_band_4fold,0,0,1,,,,,
s2delhi_r10_c00,sentinel2_delhi,S2C_43RGM_20260920_0_L2A,LC09_L2SP_147040_20260921_02_T1,10,0,EPSG:32643,699960.00,3171880.00,702520.00,3174440.00,77.0594,28.67,row_band_4fold,0,1,1,,,315.812,320.106,4.29343
s2delhi_r10_c01,sentinel2_delhi,S2C_43RGM_20260920_0_L2A,LC09_L2SP_147040_20260921_02_T1,10,1,EPSG:32643,702520.00,3171880.00,705080.00,3174440.00,77.0856,28.6696,row_band_4fold,0,1,1,,,313.864,317.604,3.73938
s2delhi_r10_c02,sentinel2_delhi,S2C_43RGM_20260920_0_L2A,LC09_L2SP_147040_20260921_02_T1,10,2,EPSG:32643,705080.00,3171880.00,707640.00,3174440.00,77.1117,28.6692,row_band_4fold,0,1,1,,,313.397,319.703,6.30579
s2delhi_r10_c03,sentinel2_delhi,S2C_43RGM_20260920_0_L2A,LC09_L2SP_147040_20260921_02_T1,10,3,EPSG:32643,707640.00,3171880.00,710200.00,3174440.00,77.1379,28.6688,row_band_4fold,0,1,1,,,314.283,318.83,4.54745
s2delhi_r10_c04,sentinel2_delhi,S2C_43RGM_20260920_0_L2A,LC09_L2SP_147040_20260921_02_T1,10,4,EPSG:32643,710200.00,3171880.00,712760.00,3174440.00,77.1641,28.6684,row_band_4fold,0,1,1,,,312.917,318.381,5.46439
s2delhi_r10_c05,sentinel2_delhi,S2C_43RGM_20260920_0_L2A,LC09_L2SP_147040_20260921_02_T1,10,5,EPSG:32643,712760.00,3171880.00,715320.00,3174440.00,77.1903,28.6679,row_band_4fold,0,1,1,,,311.998,318.122,6.12433
s2delhi_r10_c06,sentinel2_delhi,S2C_43RGM_20260920_0_L2A,LC09_L2SP_147040_20260921_02_T1,10,6,EPSG:32643,715320.00,3171880.00,717880.00,3174440.00,77.2165,28.6675,row_band_4fold,0,1,0,0,,311.339,317.668,6.32935
s2delhi_r10_c07,sentinel2_delhi,S2C_43RGM_20260920_0_L2A,LC09_L2SP_147040_20260921_02_T1,10,7,EPSG:32643,717880.00,3171880.00,720440.00,3174440.00,77.2426,28.6671,row_band_4fold,0,1,1,,,311.771,320.201,8.42932
s2delhi_r10_c08,sentinel2_delhi,S2C_43RGM_20260920_0_L2A,LC09_L2SP_147040_20260921_02_T1,10,8,EPSG:32643,720440.00,3171880.00,723000.00,3174440.00,77.2688,28.6666,row_band_4fold,0,1,1,,,314.449,317.092,2.64285
s2delhi_r10_c09,sentinel2_delhi,S2C_43RGM_20260920_0_L2A,,10,9,EPSG:32643,723000.00,3171880.00,725560.00,3174440.00,77.295,28.6662,row_band_4fold,0,0,0,0,,,,
s2delhi_r10_c10,sentinel2_delhi,S2C_43RGM_20260920_0_L2A,,10,10,EPSG:32643,725560.00,3171880.00,728120.00,3174440.00,77.3212,28.6658,row_band_4fold,0,0,0,0,,,,
s2delhi_r10_c11,sentinel2_delhi,S2C_43RGM_20260920_0_L2A,,10,11,EPSG:32643,728120.00,3171880.00,730680.00,3174440.00,77.3474,28.6653,row_band_4fold,0,0,0,0,,,,
s2delhi_r10_c12,sentinel2_delhi,S2C_43RGM_20260920_0_L2A,,10,12,EPSG:32643,730680.00,3171880.00,733240.00,3174440.00,77.3735,28.6648,row_band_4fold,0,0,1,,,,,
s2delhi_r10_c13,sentinel2_delhi,S2C_43RGM_20260920_0_L2A,,10,13,EPSG:32643,733240.00,3171880.00,735800.00,3174440.00,77.3997,28.6644,row_band_4fold,0,0,0,,,,,
s2delhi_r10_c14,sentinel2_delhi,S2C_43RGM_20260920_0_L2A,,10,14,EPSG:32643,735800.00,3171880.00,738360.00,3174440.00,77.4259,28.6639,row_band_4fold,0,0,1,,,,,
s2delhi_r10_c15,sentinel2_delhi,S2C_43RGM_20260920_0_L2A,,10,15,EPSG:32643,738360.00,3171880.00,740920.00,3174440.00,77.4521,28.6634,row_band_4fold,0,0,1,,,,,
s2delhi_r10_c16,sentinel2_delhi,S2C_43RGM_20260920_0_L2A,,10,16,EPSG:32643,740920.00,3171880.00,743480.00,3174440.00,77.4782,28.663,row_band_4fold,0,0,1,,,,,
s2delhi_r10_c17,sentinel2_delhi,S2C_43RGM_20260920_0_L2A,,10,17,EPSG:32643,743480.00,3171880.00,746040.00,3174440.00,77.5044,28.6625,row_band_4fold,0,0,0,0,,,,
s2delhi_r10_c18,sentinel2_delhi,S2C_43RGM_20260920_0_L2A,,10,18,EPSG:32643,746040.00,3171880.00,748600.00,3174440.00,77.5306,28.662,row_band_4fold,0,0,0,0,,,,
s2delhi_r10_c19,sentinel2_delhi,S2C_43RGM_20260920_0_L2A,,10,19,EPSG:32643,748600.00,3171880.00,751160.00,3174440.00,77.5568,28.6615,row_band_4fold,0,0,0,0,,,,
s2delhi_r10_c20,sentinel2_delhi,S2C_43RGM_20260920_0_L2A,,10,20,EPSG:32643,751160.00,3171880.00,753720.00,3174440.00,77.5829,28.661,row_band_4fold,0,0,0,1,,,,
s2delhi_r10_c21,sentinel2_delhi,S2C_43RGM_20260920_0_L2A,,10,21,EPSG:32643,753720.00,3171880.00,756280.00,3174440.00,77.6091,28.6605,row_band_4fold,0,0,0,1,,,,
s2delhi_r10_c22,sentinel2_delhi,S2C_43RGM_20260920_0_L2A,,10,22,EPSG:32643,756280.00,3171880.00,758840.00,3174440.00,77.6353,28.66,row_band_4fold,0,0,0,1,,,,
s2delhi_r10_c23,sentinel2_delhi,S2C_43RGM_20260920_0_L2A,,10,23,EPSG:32643,758840.00,3171880.00,761400.00,3174440.00,77.6614,28.6595,row_band_4fold,0,0,0,1,,,,
s2delhi_r10_c24,sentinel2_delhi,S2C_43RGM_20260920_0_L2A,,10,24,EPSG:32643,761400.00,3171880.00,763960.00,3174440.00,77.6876,28.659,row_band_4fold,0,0,0,1,,,,
s2delhi_r10_c25,sentinel2_delhi,S2C_43RGM_20260920_0_L2A,,10,25,EPSG:32643,763960.00,3171880.00,766520.00,3174440.00,77.7138,28.6585,row_band_4fold,0,0,0,1,,,,
s2delhi_r10_c26,sentinel2_delhi,S2C_43RGM_20260920_0_L2A,,10,26,EPSG:32643,766520.00,3171880.00,769080.00,3174440.00,77.7399,28.6579,row_band_4fold,0,0,0,1,,,,
s2delhi_r10_c27,sentinel2_delhi,S2C_43RGM_20260920_0_L2A,,10,27,EPSG:32643,769080.00,3171880.00,771640.00,3174440.00,77.7661,28.6574,row_band_4fold,0,0,0,1,,,,
s2delhi_r10_c28,sentinel2_delhi,S2C_43RGM_20260920_0_L2A,,10,28,EPSG:32643,771640.00,3171880.00,774200.00,3174440.00,77.7923,28.6569,row_band_4fold,0,0,0,0,,,,
s2delhi_r10_c29,sentinel2_delhi,S2C_43RGM_20260920_0_L2A,,10,29,EPSG:32643,774200.00,3171880.00,776760.00,3174440.00,77.8184,28.6563,row_band_4fold,0,0,0,0,,,,
s2delhi_r10_c30,sentinel2_delhi,S2C_43RGM_20260920_0_L2A,,10,30,EPSG:32643,776760.00,3171880.00,779320.00,3174440.00,77.8446,28.6558,row_band_4fold,0,0,0,,,,,
s2delhi_r10_c31,sentinel2_delhi,S2C_43RGM_20260920_0_L2A,,10,31,EPSG:32643,779320.00,3171880.00,781880.00,3174440.00,77.8708,28.6552,row_band_4fold,0,0,0,1,,,,
s2delhi_r10_c32,sentinel2_delhi,S2C_43RGM_20260920_0_L2A,,10,32,EPSG:32643,781880.00,3171880.00,784440.00,3174440.00,77.8969,28.6547,row_band_4fold,0,0,0,,,,,
s2delhi_r10_c33,sentinel2_delhi,S2C_43RGM_20260920_0_L2A,,10,33,EPSG:32643,784440.00,3171880.00,787000.00,3174440.00,77.9231,28.6541,row_band_4fold,0,0,1,,,,,
s2delhi_r10_c34,sentinel2_delhi,S2C_43RGM_20260920_0_L2A,,10,34,EPSG:32643,787000.00,3171880.00,789560.00,3174440.00,77.9493,28.6535,row_band_4fold,0,0,1,,,,,
s2delhi_r10_c35,sentinel2_delhi,S2C_43RGM_20260920_0_L2A,,10,35,EPSG:32643,789560.00,3171880.00,792120.00,3174440.00,77.9754,28.653,row_band_4fold,0,0,1,,,,,
s2delhi_r10_c36,sentinel2_delhi,S2C_43RGM_20260920_0_L2A,,10,36,EPSG:32643,792120.00,3171880.00,794680.00,3174440.00,78.0016,28.6524,row_band_4fold,0,0,1,,,,,
s2delhi_r10_c37,sentinel2_delhi,S2C_43RGM_20260920_0_L2A,,10,37,EPSG:32643,794680.00,3171880.00,797240.00,3174440.00,78.0277,28.6518,row_band_4fold,0,0,1,,,,,
s2delhi_r10_c38,sentinel2_delhi,S2C_43RGM_20260920_0_L2A,,10,38,EPSG:32643,797240.00,3171880.00,799800.00,3174440.00,78.0539,28.6512,row_band_4fold,0,0,0,1,,,,
s2delhi_r10_c39,sentinel2_delhi,S2C_43RGM_20260920_0_L2A,,10,39,EPSG:32643,799800.00,3171880.00,802360.00,3174440.00,78.0801,28.6506,row_band_4fold,0,0,1,,,,,
s2delhi_r10_c40,sentinel2_delhi,S2C_43RGM_20260920_0_L2A,,10,40,EPSG:32643,802360.00,3171880.00,804920.00,3174440.00,78.1062,28.65,row_band_4fold,0,0,0,1,,,,
s2delhi_r10_c41,sentinel2_delhi,S2C_43RGM_20260920_0_L2A,,10,41,EPSG:32643,804920.00,3171880.00,807480.00,3174440.00,78.1324,28.6494,row_band_4fold,0,0,1,,,,,
s2delhi_r11_c00,sentinel2_delhi,S2C_43RGM_20260920_0_L2A,LC09_L2SP_147040_20260921_02_T1,11,0,EPSG:32643,699960.00,3169320.00,702520.00,3171880.00,77.0589,28.6469,row_band_4fold,1,1,1,,,313.465,318.901,5.43582
s2delhi_r11_c01,sentinel2_delhi,S2C_43RGM_20260920_0_L2A,LC09_L2SP_147040_20260921_02_T1,11,1,EPSG:32643,702520.00,3169320.00,705080.00,3171880.00,77.0851,28.6465,row_band_4fold,1,1,0,0,,312.215,317.62,5.40488
s2delhi_r11_c02,sentinel2_delhi,S2C_43RGM_20260920_0_L2A,LC09_L2SP_147040_20260921_02_T1,11,2,EPSG:32643,705080.00,3169320.00,707640.00,3171880.00,77.1113,28.6461,row_band_4fold,1,1,1,,,313.97,318.595,4.625
s2delhi_r11_c03,sentinel2_delhi,S2C_43RGM_20260920_0_L2A,LC09_L2SP_147040_20260921_02_T1,11,3,EPSG:32643,707640.00,3169320.00,710200.00,3171880.00,77.1375,28.6457,row_band_4fold,1,1,1,,,314.153,322.846,8.69299
s2delhi_r11_c04,sentinel2_delhi,S2C_43RGM_20260920_0_L2A,LC09_L2SP_147040_20260921_02_T1,11,4,EPSG:32643,710200.00,3169320.00,712760.00,3171880.00,77.1636,28.6453,row_band_4fold,1,1,1,,,311.571,317.968,6.39706
s2delhi_r11_c05,sentinel2_delhi,S2C_43RGM_20260920_0_L2A,LC09_L2SP_147040_20260921_02_T1,11,5,EPSG:32643,712760.00,3169320.00,715320.00,3171880.00,77.1898,28.6448,row_band_4fold,1,1,0,0,,307.216,314.21,6.99402
s2delhi_r11_c06,sentinel2_delhi,S2C_43RGM_20260920_0_L2A,LC09_L2SP_147040_20260921_02_T1,11,6,EPSG:32643,715320.00,3169320.00,717880.00,3171880.00,77.216,28.6444,row_band_4fold,1,1,1,,,313.551,318.244,4.69342
s2delhi_r11_c07,sentinel2_delhi,S2C_43RGM_20260920_0_L2A,LC09_L2SP_147040_20260921_02_T1,11,7,EPSG:32643,717880.00,3169320.00,720440.00,3171880.00,77.2422,28.644,row_band_4fold,1,1,0,0,,311.477,316.642,5.16531
s2delhi_r11_c08,sentinel2_delhi,S2C_43RGM_20260920_0_L2A,LC09_L2SP_147040_20260921_02_T1,11,8,EPSG:32643,720440.00,3169320.00,723000.00,3171880.00,77.2683,28.6436,row_band_4fold,1,1,1,,,312.514,317.227,4.71344
s2delhi_r11_c09,sentinel2_delhi,S2C_43RGM_20260920_0_L2A,,11,9,EPSG:32643,723000.00,3169320.00,725560.00,3171880.00,77.2945,28.6431,row_band_4fold,1,0,0,0,,,,
s2delhi_r11_c10,sentinel2_delhi,S2C_43RGM_20260920_0_L2A,,11,10,EPSG:32643,725560.00,3169320.00,728120.00,3171880.00,77.3207,28.6427,row_band_4fold,1,0,0,0,,,,
s2delhi_r11_c11,sentinel2_delhi,S2C_43RGM_20260920_0_L2A,,11,11,EPSG:32643,728120.00,3169320.00,730680.00,3171880.00,77.3468,28.6422,row_band_4fold,1,0,0,0,,,,
s2delhi_r11_c12,sentinel2_delhi,S2C_43RGM_20260920_0_L2A,,11,12,EPSG:32643,730680.00,3169320.00,733240.00,3171880.00,77.373,28.6418,row_band_4fold,1,0,0,0,,,,
s2delhi_r11_c13,sentinel2_delhi,S2C_43RGM_20260920_0_L2A,,11,13,EPSG:32643,733240.00,3169320.00,735800.00,3171880.00,77.3992,28.6413,row_band_4fold,1,0,1,,,,,
s2delhi_r11_c14,sentinel2_delhi,S2C_43RGM_20260920_0_L2A,,11,14,EPSG:32643,735800.00,3169320.00,738360.00,3171880.00,77.4254,28.6408,row_band_4fold,1,0,0,0,,,,
s2delhi_r11_c15,sentinel2_delhi,S2C_43RGM_20260920_0_L2A,,11,15,EPSG:32643,738360.00,3169320.00,740920.00,3171880.00,77.4515,28.6404,row_band_4fold,1,0,1,,,,,
s2delhi_r11_c16,sentinel2_delhi,S2C_43RGM_20260920_0_L2A,,11,16,EPSG:32643,740920.00,3169320.00,743480.00,3171880.00,77.4777,28.6399,row_band_4fold,1,0,0,0,,,,
s2delhi_r11_c17,sentinel2_delhi,S2C_43RGM_20260920_0_L2A,,11,17,EPSG:32643,743480.00,3169320.00,746040.00,3171880.00,77.5039,28.6394,row_band_4fold,1,0,0,0,,,,
s2delhi_r11_c18,sentinel2_delhi,S2C_43RGM_20260920_0_L2A,,11,18,EPSG:32643,746040.00,3169320.00,748600.00,3171880.00,77.53,28.6389,row_band_4fold,1,0,0,0,,,,
s2delhi_r11_c19,sentinel2_delhi,S2C_43RGM_20260920_0_L2A,,11,19,EPSG:32643,748600.00,3169320.00,751160.00,3171880.00,77.5562,28.6384,row_band_4fold,1,0,0,1,,,,
s2delhi_r11_c20,sentinel2_delhi,S2C_43RGM_20260920_0_L2A,,11,20,EPSG:32643,751160.00,3169320.00,753720.00,3171880.00,77.5824,28.6379,row_band_4fold,1,0,0,1,,,,
s2delhi_r11_c21,sentinel2_delhi,S2C_43RGM_20260920_0_L2A,,11,21,EPSG:32643,753720.00,3169320.00,756280.00,3171880.00,77.6085,28.6374,row_band_4fold,1,0,0,1,,,,
s2delhi_r11_c22,sentinel2_delhi,S2C_43RGM_20260920_0_L2A,,11,22,EPSG:32643,756280.00,3169320.00,758840.00,3171880.00,77.6347,28.6369,row_band_4fold,1,0,0,1,,,,
s2delhi_r11_c23,sentinel2_delhi,S2C_43RGM_20260920_0_L2A,,11,23,EPSG:32643,758840.00,3169320.00,761400.00,3171880.00,77.6609,28.6364,row_band_4fold,1,0,0,1,,,,
s2delhi_r11_c24,sentinel2_delhi,S2C_43RGM_20260920_0_L2A,,11,24,EPSG:32643,761400.00,3169320.00,763960.00,3171880.00,77.687,28.6359,row_band_4fold,1,0,0,1,,,,
s2delhi_r11_c25,sentinel2_delhi,S2C_43RGM_20260920_0_L2A,,11,25,EPSG:32643,763960.00,3169320.00,766520.00,3171880.00,77.7132,28.6354,row_band_4fold,1,0,0,1,,,,
s2delhi_r11_c26,sentinel2_delhi,S2C_43RGM_20260920_0_L2A,,11,26,EPSG:32643,766520.00,3169320.00,769080.00,3171880.00,77.7393,28.6348,row_band_4fold,1,0,1,,,,,
s2delhi_r11_c27,sentinel2_delhi,S2C_43RGM_20260920_0_L2A,,11,27,EPSG:32643,769080.00,3169320.00,771640.00,3171880.00,77.7655,28.6343,row_band_4fold,1,0,0,1,,,,
s2delhi_r11_c28,sentinel2_delhi,S2C_43RGM_20260920_0_L2A,,11,28,EPSG:32643,771640.00,3169320.00,774200.00,3171880.00,77.7917,28.6338,row_band_4fold,1,0,0,0,,,,
s2delhi_r11_c29,sentinel2_delhi,S2C_43RGM_20260920_0_L2A,,11,29,EPSG:32643,774200.00,3169320.00,776760.00,3171880.00,77.8178,28.6332,row_band_4fold,1,0,0,0,,,,
s2delhi_r11_c30,sentinel2_delhi,S2C_43RGM_20260920_0_L2A,,11,30,EPSG:32643,776760.00,3169320.00,779320.00,3171880.00,77.844,28.6327,row_band_4fold,1,0,0,1,,,,
s2delhi_r11_c31,sentinel2_delhi,S2C_43RGM_20260920_0_L2A,,11,31,EPSG:32643,779320.00,3169320.00,781880.00,3171880.00,77.8701,28.6321,row_band_4fold,1,0,1,,,,,
s2delhi_r11_c32,sentinel2_delhi,S2C_43RGM_20260920_0_L2A,,11,32,EPSG:32643,781880.00,3169320.00,784440.00,3171880.00,77.8963,28.6316,row_band_4fold,1,0,1,,,,,
s2delhi_r11_c33,sentinel2_delhi,S2C_43RGM_20260920_0_L2A,,11,33,EPSG:32643,784440.00,3169320.00,787000.00,3171880.00,77.9225,28.631,row_band_4fold,1,0,1,,,,,
s2delhi_r11_c34,sentinel2_delhi,S2C_43RGM_20260920_0_L2A,,11,34,EPSG:32643,787000.00,3169320.00,789560.00,3171880.00,77.9486,28.6304,row_band_4fold,1,0,1,,,,,
s2delhi_r11_c35,sentinel2_delhi,S2C_43RGM_20260920_0_L2A,,11,35,EPSG:32643,789560.00,3169320.00,792120.00,3171880.00,77.9748,28.6299,row_band_4fold,1,0,0,1,,,,
s2delhi_r11_c36,sentinel2_delhi,S2C_43RGM_20260920_0_L2A,,11,36,EPSG:32643,792120.00,3169320.00,794680.00,3171880.00,78.0009,28.6293,row_band_4fold,1,0,1,1,,,,
s2delhi_r11_c37,sentinel2_delhi,S2C_43RGM_20260920_0_L2A,,11,37,EPSG:32643,794680.00,3169320.00,797240.00,3171880.00,78.0271,28.6287,row_band_4fold,1,0,1,,,,,
s2delhi_r11_c38,sentinel2_delhi,S2C_43RGM_20260920_0_L2A,,11,38,EPSG:32643,797240.00,3169320.00,799800.00,3171880.00,78.0532,28.6281,row_band_4fold,1,0,1,,,,,
s2delhi_r11_c39,sentinel2_delhi,S2C_43RGM_20260920_0_L2A,,11,39,EPSG:32643,799800.00,3169320.00,802360.00,3171880.00,78.0794,28.6275,row_band_4fold,1,0,0,1,,,,
s2delhi_r11_c40,sentinel2_delhi,S2C_43RGM_20260920_0_L2A,,11,40,EPSG:32643,802360.00,3169320.00,804920.00,3171880.00,78.1055,28.6269,row_band_4fold,1,0,1,,,,,
s2delhi_r11_c41,sentinel2_delhi,S2C_43RGM_20260920_0_L2A,,11,41,EPSG:32643,804920.00,3169320.00,807480.00,3171880.00,78.1317,28.6263,row_band_4fold,1,0,1,,,,,
s2delhi_r12_c00,sentinel2_delhi,S2C_43RGM_20260920_0_L2A,LC09_L2SP_147040_20260921_02_T1,12,0,EPSG:32643,699960.00,3166760.00,702520.00,3169320.00,77.0585,28.6238,row_band_4fold,1,1,0,0,,314.233,320.201,5.96808
s2delhi_r12_c01,sentinel2_delhi,S2C_43RGM_20260920_0_L2A,LC09_L2SP_147040_20260921_02_T1,12,1,EPSG:32643,702520.00,3166760.00,705080.00,3169320.00,77.0846,28.6234,row_band_4fold,1,1,1,,,313.268,316.082,2.81393
s2delhi_r12_c02,sentinel2_delhi,S2C_43RGM_20260920_0_L2A,LC09_L2SP_147040_20260921_02_T1,12,2,EPSG:32643,705080.00,3166760.00,707640.00,3169320.00,77.1108,28.623,row_band_4fold,1,1,1,,,313.104,319.689,6.58444
s2delhi_r12_c03,sentinel2_delhi,S2C_43RGM_20260920_0_L2A,LC09_L2SP_147040_20260921_02_T1,12,3,EPSG:32643,707640.00,3166760.00,710200.00,3169320.00,77.137,28.6226,row_band_4fold,1,1,0,0,,309.255,320.381,11.1264
s2delhi_r12_c04,sentinel2_delhi,S2C_43RGM_20260920_0_L2A,LC09_L2SP_147040_20260921_02_T1,12,4,EPSG:32643,710200.00,3166760.00,712760.00,3169320.00,77.1632,28.6222,row_band_4fold,1,1,0,1,,307.058,317.884,10.8261
s2delhi_r12_c05,sentinel2_delhi,S2C_43RGM_20260920_0_L2A,LC09_L2SP_147040_20260921_02_T1,12,5,EPSG:32643,712760.00,3166760.00,715320.00,3169320.00,77.1893,28.6218,row_band_4fold,1,1,0,1,,307.421,313.651,6.22974
s2delhi_r12_c06,sentinel2_delhi,S2C_43RGM_20260920_0_L2A,LC09_L2SP_147040_20260921_02_T1,12,6,EPSG:32643,715320.00,3166760.00,717880.00,3169320.00,77.2155,28.6213,row_band_4fold,1,1,0,0,,311.3,317.169,5.86853
s2delhi_r12_c07,sentinel2_delhi,S2C_43RGM_20260920_0_L2A,LC09_L2SP_147040_20260921_02_T1,12,7,EPSG:32643,717880.00,3166760.00,720440.00,3169320.00,77.2417,28.6209,row_band_4fold,1,1,0,0,,311.033,317.588,6.55441
s2delhi_r12_c08,sentinel2_delhi,S2C_43RGM_20260920_0_L2A,LC09_L2SP_147040_20260921_02_T1,12,8,EPSG:32643,720440.00,3166760.00,723000.00,3169320.00,77.2678,28.6205,row_band_4fold,1,1,0,0,,309.734,319.328,9.59409
s2delhi_r12_c09,sentinel2_delhi,S2C_43RGM_20260920_0_L2A,,12,9,EPSG:32643,723000.00,3166760.00,725560.00,3169320.00,77.294,28.62,row_band_4fold,1,0,0,,,,,
s2delhi_r12_c10,sentinel2_delhi,S2C_43RGM_20260920_0_L2A,,12,10,EPSG:32643,725560.00,3166760.00,728120.00,3169320.00,77.3202,28.6196,row_band_4fold,1,0,1,,,,,
s2delhi_r12_c11,sentinel2_delhi,S2C_43RGM_20260920_0_L2A,,12,11,EPSG:32643,728120.00,3166760.00,730680.00,3169320.00,77.3463,28.6191,row_band_4fold,1,0,1,,,,,
s2delhi_r12_c12,sentinel2_delhi,S2C_43RGM_20260920_0_L2A,,12,12,EPSG:32643,730680.00,3166760.00,733240.00,3169320.00,77.3725,28.6187,row_band_4fold,1,0,0,,,,,
s2delhi_r12_c13,sentinel2_delhi,S2C_43RGM_20260920_0_L2A,,12,13,EPSG:32643,733240.00,3166760.00,735800.00,3169320.00,77.3987,28.6182,row_band_4fold,1,0,1,,,,,
s2delhi_r12_c14,sentinel2_delhi,S2C_43RGM_20260920_0_L2A,,12,14,EPSG:32643,735800.00,3166760.00,738360.00,3169320.00,77.4248,28.6177,row_band_4fold,1,0,1,0,,,,
s2delhi_r12_c15,sentinel2_delhi,S2C_43RGM_20260920_0_L2A,,12,15,EPSG:32643,738360.00,3166760.00,740920.00,3169320.00,77.451,28.6173,row_band_4fold,1,0,1,0,,,,
s2delhi_r12_c16,sentinel2_delhi,S2C_43RGM_20260920_0_L2A,,12,16,EPSG:32643,740920.00,3166760.00,743480.00,3169320.00,77.4772,28.6168,row_band_4fold,1,0,0,0,,,,
s2delhi_r12_c17,sentinel2_delhi,S2C_43RGM_20260920_0_L2A,,12,17,EPSG:32643,743480.00,3166760.00,746040.00,3169320.00,77.5033,28.6163,row_band_4fold,1,0,0,,,,,
s2delhi_r12_c18,sentinel2_delhi,S2C_43RGM_20260920_0_L2A,,12,18,EPSG:32643,746040.00,3166760.00,748600.00,3169320.00,77.5295,28.6158,row_band_4fold,1,0,0,1,,,,
s2delhi_r12_c19,sentinel2_delhi,S2C_43RGM_20260920_0_L2A,,12,19,EPSG:32643,748600.00,3166760.00,751160.00,3169320.00,77.5556,28.6153,row_band_4fold,1,0,0,1,,,,
s2delhi_r12_c20,sentinel2_delhi,S2C_43RGM_20260920_0_L2A,,12,20,EPSG:32643,751160.00,3166760.00,753720.00,3169320.00,77.5818,28.6148,row_band_4fold,1,0,0,1,,,,
s2delhi_r12_c21,sentinel2_delhi,S2C_43RGM_20260920_0_L2A,,12,21,EPSG:32643,753720.00,3166760.00,756280.00,3169320.00,77.608,28.6143,row_band_4fold,1,0,0,1,,,,
s2delhi_r12_c22,sentinel2_delhi,S2C_43RGM_20260920_0_L2A,,12,22,EPSG:32643,756280.00,3166760.00,758840.00,3169320.00,77.6341,28.6138,row_band_4fold,1,0,0,1,,,,
s2delhi_r12_c23,sentinel2_delhi,S2C_43RGM_20260920_0_L2A,,12,23,EPSG:32643,758840.00,3166760.00,761400.00,3169320.00,77.6603,28.6133,row_band_4fold,1,0,0,1,,,,
s2delhi_r12_c24,sentinel2_delhi,S2C_43RGM_20260920_0_L2A,,12,24,EPSG:32643,761400.00,3166760.00,763960.00,3169320.00,77.6864,28.6128,row_band_4fold,1,0,0,1,,,,
s2delhi_r12_c25,sentinel2_delhi,S2C_43RGM_20260920_0_L2A,,12,25,EPSG:32643,763960.00,3166760.00,766520.00,3169320.00,77.7126,28.6123,row_band_4fold,1,0,0,1,,,,
s2delhi_r12_c26,sentinel2_delhi,S2C_43RGM_20260920_0_L2A,,12,26,EPSG:32643,766520.00,3166760.00,769080.00,3169320.00,77.7387,28.6118,row_band_4fold,1,0,1,,,,,
s2delhi_r12_c27,sentinel2_delhi,S2C_43RGM_20260920_0_L2A,,12,27,EPSG:32643,769080.00,3166760.00,771640.00,3169320.00,77.7649,28.6112,row_band_4fold,1,0,0,1,,,,
s2delhi_r12_c28,sentinel2_delhi,S2C_43RGM_20260920_0_L2A,,12,28,EPSG:32643,771640.00,3166760.00,774200.00,3169320.00,77.7911,28.6107,row_band_4fold,1,0,0,1,,,,
s2delhi_r12_c29,sentinel2_delhi,S2C_43RGM_20260920_0_L2A,,12,29,EPSG:32643,774200.00,3166760.00,776760.00,3169320.00,77.8172,28.6102,row_band_4fold,1,0,0,0,,,,
s2delhi_r12_c30,sentinel2_delhi,S2C_43RGM_20260920_0_L2A,,12,30,EPSG:32643,776760.00,3166760.00,779320.00,3169320.00,77.8434,28.6096,row_band_4fold,1,0,1,1,,,,
s2delhi_r12_c31,sentinel2_delhi,S2C_43RGM_20260920_0_L2A,,12,31,EPSG:32643,779320.00,3166760.00,781880.00,3169320.00,77.8695,28.6091,row_band_4fold,1,0,0,1,,,,
s2delhi_r12_c32,sentinel2_delhi,S2C_43RGM_20260920_0_L2A,,12,32,EPSG:32643,781880.00,3166760.00,784440.00,3169320.00,77.8957,28.6085,row_band_4fold,1,0,1,,,,,
s2delhi_r12_c33,sentinel2_delhi,S2C_43RGM_20260920_0_L2A,,12,33,EPSG:32643,784440.00,3166760.00,787000.00,3169320.00,77.9218,28.6079,row_band_4fold,1,0,1,,,,,
s2delhi_r12_c34,sentinel2_delhi,S2C_43RGM_20260920_0_L2A,,12,34,EPSG:32643,787000.00,3166760.00,789560.00,3169320.00,77.948,28.6074,row_band_4fold,1,0,1,,,,,
s2delhi_r12_c35,sentinel2_delhi,S2C_43RGM_20260920_0_L2A,,12,35,EPSG:32643,789560.00,3166760.00,792120.00,3169320.00,77.9741,28.6068,row_band_4fold,1,0,1,,,,,
s2delhi_r12_c36,sentinel2_delhi,S2C_43RGM_20260920_0_L2A,,12,36,EPSG:32643,792120.00,3166760.00,794680.00,3169320.00,78.0003,28.6062,row_band_4fold,1,0,0,1,,,,
s2delhi_r12_c37,sentinel2_delhi,S2C_43RGM_20260920_0_L2A,,12,37,EPSG:32643,794680.00,3166760.00,797240.00,3169320.00,78.0264,28.6056,row_band_4fold,1,0,0,,,,,
s2delhi_r12_c38,sentinel2_delhi,S2C_43RGM_20260920_0_L2A,,12,38,EPSG:32643,797240.00,3166760.00,799800.00,3169320.00,78.0526,28.6051,row_band_4fold,1,0,1,,,,,
s2delhi_r12_c39,sentinel2_delhi,S2C_43RGM_20260920_0_L2A,,12,39,EPSG:32643,799800.00,3166760.00,802360.00,3169320.00,78.0787,28.6045,row_band_4fold,1,0,0,1,,,,
s2delhi_r12_c40,sentinel2_delhi,S2C_43RGM_20260920_0_L2A,,12,40,EPSG:32643,802360.00,3166760.00,804920.00,3169320.00,78.1049,28.6039,row_band_4fold,1,0,1,,,,,
s2delhi_r12_c41,sentinel2_delhi,S2C_43RGM_20260920_0_L2A,,12,41,EPSG:32643,804920.00,3166760.00,807480.00,3169320.00,78.131,28.6033,row_band_4fold,1,0,1,,,,,
s2delhi_r13_c00,sentinel2_delhi,S2C_43RGM_20260920_0_L2A,LC09_L2SP_147040_20260921_02_T1,13,0,EPSG:32643,699960.00,3164200.00,702520.00,3166760.00,77.058,28.6007,row_band_4fold,1,1,1,,,311.922,318.968,7.04645
s2delhi_r13_c01,sentinel2_delhi,S2C_43RGM_20260920_0_L2A,LC09_L2SP_147040_20260921_02_T1,13,1,EPSG:32643,702520.00,3164200.00,705080.00,3166760.00,77.0842,28.6003,row_band_4fold,1,1,1,,,312.189,316.484,4.29514
s2delhi_r13_c02,sentinel2_delhi,S2C_43RGM_20260920_0_L2A,LC09_L2SP_147040_20260921_02_T1,13,2,EPSG:32643,705080.00,3164200.00,707640.00,3166760.00,77.1104,28.5999,row_band_4fold,1,1,1,,,312.287,317.901,5.6145
s2delhi_r13_c03,sentinel2_delhi,S2C_43RGM_20260920_0_L2A,LC09_L2SP_147040_20260921_02_T1,13,3,EPSG:32643,707640.00,3164200.00,710200.00,3166760.00,77.1365,28.5995,row_band_4fold,1,1,0,1,,309.547,314.707,5.15948
s2delhi_r13_c04,sentinel2_delhi,S2C_43RGM_20260920_0_L2A,LC09_L2SP_147040_20260921_02_T1,13,4,EPSG:32643,710200.00,3164200.00,712760.00,3166760.00,77.1627,28.5991,row_band_4fold,1,1,0,0,,308.334,317.286,8.952
s2delhi_r13_c05,sentinel2_delhi,S2C_43RGM_20260920_0_L2A,LC09_L2SP_147040_20260921_02_T1,13,5,EPSG:32643,712760.00,3164200.00,715320.00,3166760.00,77.1888,28.5987,row_band_4fold,1,1,1,,,310.55,315.454,4.90372
s2delhi_r13_c06,sentinel2_delhi,S2C_43RGM_20260920_0_L2A,LC09_L2SP_147040_20260921_02_T1,13,6,EPSG:32643,715320.00,3164200.00,717880.00,3166760.00,77.215,28.5982,row_band_4fold,1,1,1,,,310.687,313.995,3.30844
s2delhi_r13_c07,sentinel2_delhi,S2C_43RGM_20260920_0_L2A,LC09_L2SP_147040_20260921_02_T1,13,7,EPSG:32643,717880.00,3164200.00,720440.00,3166760.00,77.2412,28.5978,row_band_4fold,1,1,0,0,,308.646,313.675,5.02917
s2delhi_r13_c08,sentinel2_delhi,S2C_43RGM_20260920_0_L2A,,13,8,EPSG:32643,720440.00,3164200.00,723000.00,3166760.00,77.2673,28.5974,row_band_4fold,1,0,0,0,,,,
s2delhi_r13_c09,sentinel2_delhi,S2C_43RGM_20260920_0_L2A,,13,9,EPSG:32643,723000.00,3164200.00,725560.00,3166760.00,77.2935,28.5969,row_band_4fold,1,0,1,,,,,
s2delhi_r13_c10,sentinel2_delhi,S2C_43RGM_20260920_0_L2A,,13,10,EPSG:32643,725560.00,3164200.00,728120.00,3166760.00,77.3197,28.5965,row_band_4fold,1,0,1,,,,,
s2delhi_r13_c11,sentinel2_delhi,S2C_43RGM_20260920_0_L2A,,13,11,EPSG:32643,728120.00,3164200.00,730680.00,3166760.00,77.3458,28.596,row_band_4fold,1,0,0,0,,,,
s2delhi_r13_c12,sentinel2_delhi,S2C_43RGM_20260920_0_L2A,,13,12,EPSG:32643,730680.00,3164200.00,733240.00,3166760.00,77.372,28.5956,row_band_4fold,1,0,1,,,,,
s2delhi_r13_c13,sentinel2_delhi,S2C_43RGM_20260920_0_L2A,,13,13,EPSG:32643,733240.00,3164200.00,735800.00,3166760.00,77.3981,28.5951,row_band_4fold,1,0,0,0,,,,
s2delhi_r13_c14,sentinel2_delhi,S2C_43RGM_20260920_0_L2A,,13,14,EPSG:32643,735800.00,3164200.00,738360.00,3166760.00,77.4243,28.5947,row_band_4fold,1,0,1,,,,,
s2delhi_r13_c15,sentinel2_delhi,S2C_43RGM_20260920_0_L2A,,13,15,EPSG:32643,738360.00,3164200.00,740920.00,3166760.00,77.4505,28.5942,row_band_4fold,1,0,1,,,,,
s2delhi_r13_c16,sentinel2_delhi,S2C_43RGM_20260920_0_L2A,,13,16,EPSG:32643,740920.00,3164200.00,743480.00,3166760.00,77.4766,28.5937,row_band_4fold,1,0,0,0,,,,
s2delhi_r13_c17,sentinel2_delhi,S2C_43RGM_20260920_0_L2A,,13,17,EPSG:32643,743480.00,3164200.00,746040.00,3166760.00,77.5028,28.5932,row_band_4fold,1,0,1,0,,,,
s2delhi_r13_c18,sentinel2_delhi,S2C_43RGM_20260920_0_L2A,,13,18,EPSG:32643,746040.00,3164200.00,748600.00,3166760.00,77.5289,28.5927,row_band_4fold,1,0,0,0,,,,
s2delhi_r13_c19,sentinel2_delhi,S2C_43RGM_20260920_0_L2A,,13,19,EPSG:32643,748600.00,3164200.00,751160.00,3166760.00,77.5551,28.5923,row_band_4fold,1,0,0,1,,,,
s2delhi_r13_c20,sentinel2_delhi,S2C_43RGM_20260920_0_L2A,,13,20,EPSG:32643,751160.00,3164200.00,753720.00,3166760.00,77.5812,28.5918,row_band_4fold,1,0,0,1,,,,
s2delhi_r13_c21,sentinel2_delhi,S2C_43RGM_20260920_0_L2A,,13,21,EPSG:32643,753720.00,3164200.00,756280.00,3166760.00,77.6074,28.5913,row_band_4fold,1,0,1,,,,,
s2delhi_r13_c22,sentinel2_delhi,S2C_43RGM_20260920_0_L2A,,13,22,EPSG:32643,756280.00,3164200.00,758840.00,3166760.00,77.6335,28.5908,row_band_4fold,1,0,0,1,,,,
s2delhi_r13_c23,sentinel2_delhi,S2C_43RGM_20260920_0_L2A,,13,23,EPSG:32643,758840.00,3164200.00,761400.00,3166760.00,77.6597,28.5902,row_band_4fold,1,0,0,1,,,,
s2delhi_r13_c24,sentinel2_delhi,S2C_43RGM_20260920_0_L2A,,13,24,EPSG:32643,761400.00,3164200.00,763960.00,3166760.00,77.6858,28.5897,row_band_4fold,1,0,0,,,,,
s2delhi_r13_c25,sentinel2_delhi,S2C_43RGM_20260920_0_L2A,,13,25,EPSG:32643,763960.00,3164200.00,766520.00,3166760.00,77.712,28.5892,row_band_4fold,1,0,0,0,,,,
s2delhi_r13_c26,sentinel2_delhi,S2C_43RGM_20260920_0_L2A,,13,26,EPSG:32643,766520.00,3164200.00,769080.00,3166760.00,77.7381,28.5887,row_band_4fold,1,0,0,1,,,,
s2delhi_r13_c27,sentinel2_delhi,S2C_43RGM_20260920_0_L2A,,13,27,EPSG:32643,769080.00,3164200.00,771640.00,3166760.00,77.7643,28.5882,row_band_4fold,1,0,0,1,,,,
s2delhi_r13_c28,sentinel2_delhi,S2C_43RGM_20260920_0_L2A,,13,28,EPSG:32643,771640.00,3164200.00,774200.00,3166760.00,77.7904,28.5876,row_band_4fold,1,0,0,0,,,,
s2delhi_r13_c29,sentinel2_delhi,S2C_43RGM_20260920_0_L2A,,13,29,EPSG:32643,774200.00,3164200.00,776760.00,3166760.00,77.8166,28.5871,row_band_4fold,1,0,0,,,,,
s2delhi_r13_c30,sentinel2_delhi,S2C_43RGM_20260920_0_L2A,,13,30,EPSG:32643,776760.00,3164200.00,779320.00,3166760.00,77.8427,28.5865,row_band_4fold,1,0,0,1,,,,
s2delhi_r13_c31,sentinel2_delhi,S2C_43RGM_20260920_0_L2A,,13,31,EPSG:32643,779320.00,3164200.00,781880.00,3166760.00,77.8689,28.586,row_band_4fold,1,0,0,1,,,,
s2delhi_r13_c32,sentinel2_delhi,S2C_43RGM_20260920_0_L2A,,13,32,EPSG:32643,781880.00,3164200.00,784440.00,3166760.00,77.895,28.5854,row_band_4fold,1,0,0,,,,,
s2delhi_r13_c33,sentinel2_delhi,S2C_43RGM_20260920_0_L2A,,13,33,EPSG:32643,784440.00,3164200.00,787000.00,3166760.00,77.9212,28.5849,row_band_4fold,1,0,1,,,,,
s2delhi_r13_c34,sentinel2_delhi,S2C_43RGM_20260920_0_L2A,,13,34,EPSG:32643,787000.00,3164200.00,789560.00,3166760.00,77.9473,28.5843,row_band_4fold,1,0,1,,,,,
s2delhi_r13_c35,sentinel2_delhi,S2C_43RGM_20260920_0_L2A,,13,35,EPSG:32643,789560.00,3164200.00,792120.00,3166760.00,77.9735,28.5837,row_band_4fold,1,0,1,,,,,
s2delhi_r13_c36,sentinel2_delhi,S2C_43RGM_20260920_0_L2A,,13,36,EPSG:32643,792120.00,3164200.00,794680.00,3166760.00,77.9996,28.5831,row_band_4fold,1,0,1,,,,,
s2delhi_r13_c37,sentinel2_delhi,S2C_43RGM_20260920_0_L2A,,13,37,EPSG:32643,794680.00,3164200.00,797240.00,3166760.00,78.0258,28.5826,row_band_4fold,1,0,1,,,,,
s2delhi_r13_c38,sentinel2_delhi,S2C_43RGM_20260920_0_L2A,,13,38,EPSG:32643,797240.00,3164200.00,799800.00,3166760.00,78.0519,28.582,row_band_4fold,1,0,1,,,,,
s2delhi_r13_c39,sentinel2_delhi,S2C_43RGM_20260920_0_L2A,,13,39,EPSG:32643,799800.00,3164200.00,802360.00,3166760.00,78.078,28.5814,row_band_4fold,1,0,0,1,,,,
s2delhi_r13_c40,sentinel2_delhi,S2C_43RGM_20260920_0_L2A,,13,40,EPSG:32643,802360.00,3164200.00,804920.00,3166760.00,78.1042,28.5808,row_band_4fold,1,0,0,1,,,,
s2delhi_r13_c41,sentinel2_delhi,S2C_43RGM_20260920_0_L2A,,13,41,EPSG:32643,804920.00,3164200.00,807480.00,3166760.00,78.1303,28.5802,row_band_4fold,1,0,1,,,,,
s2delhi_r14_c00,sentinel2_delhi,S2C_43RGM_20260920_0_L2A,LC09_L2SP_147040_20260921_02_T1,14,0,EPSG:32643,699960.00,3161640.00,702520.00,3164200.00,77.0576,28.5776,row_band_4fold,1,1,1,,,312.275,317.759,5.48422
s2delhi_r14_c01,sentinel2_delhi,S2C_43RGM_20260920_0_L2A,LC09_L2SP_147040_20260921_02_T1,14,1,EPSG:32643,702520.00,3161640.00,705080.00,3164200.00,77.0837,28.5772,row_band_4fold,1,1,1,,,310.149,316.936,6.78699
s2delhi_r14_c02,sentinel2_delhi,S2C_43RGM_20260920_0_L2A,LC09_L2SP_147040_20260921_02_T1,14,2,EPSG:32643,705080.00,3161640.00,707640.00,3164200.00,77.1099,28.5768,row_band_4fold,1,1,0,0,,312.286,321.236,8.94943
s2delhi_r14_c03,sentinel2_delhi,S2C_43RGM_20260920_0_L2A,LC09_L2SP_147040_20260921_02_T1,14,3,EPSG:32643,707640.00,3161640.00,710200.00,3164200.00,77.136,28.5764,row_band_4fold,1,1,1,,,312.138,319.98,7.84204
s2delhi_r14_c04,sentinel2_delhi,S2C_43RGM_20260920_0_L2A,LC09_L2SP_147040_20260921_02_T1,14,4,EPSG:32643,710200.00,3161640.00,712760.00,3164200.00,77.1622,28.576,row_band_4fold,1,1,1,,,308.351,313.25,4.89883
s2delhi_r14_c05,sentinel2_delhi,S2C_43RGM_20260920_0_L2A,LC09_L2SP_147040_20260921_02_T1,14,5,EPSG:32643,712760.00,3161640.00,715320.00,3164200.00,77.1884,28.5756,row_band_4fold,1,1,0,0,,311.574,316.594,5.02023
s2delhi_r14_c06,sentinel2_delhi,S2C_43RGM_20260920_0_L2A,LC09_L2SP_147040_20260921_02_T1,14,6,EPSG:32643,715320.00,3161640.00,717880.00,3164200.00,77.2145,28.5751,row_band_4fold,1,1,0,0,,312.226,316.445,4.2189
s2delhi_r14_c07,sentinel2_delhi,S2C_43RGM_20260920_0_L2A,LC09_L2SP_147040_20260921_02_T1,14,7,EPSG:32643,717880.00,3161640.00,720440.00,3164200.00,77.2407,28.5747,row_band_4fold,1,1,1,,,311.104,316.521,5.41702
s2delhi_r14_c08,sentinel2_delhi,S2C_43RGM_20260920_0_L2A,,14,8,EPSG:32643,720440.00,3161640.00,723000.00,3164200.00,77.2668,28.5743,row_band_4fold,1,0,0,0,,,,
s2delhi_r14_c09,sentinel2_delhi,S2C_43RGM_20260920_0_L2A,,14,9,EPSG:32643,723000.00,3161640.00,725560.00,3164200.00,77.293,28.5738,row_band_4fold,1,0,0,,,,,
s2delhi_r14_c10,sentinel2_delhi,S2C_43RGM_20260920_0_L2A,,14,10,EPSG:32643,725560.00,3161640.00,728120.00,3164200.00,77.3191,28.5734,row_band_4fold,1,0,1,,,,,
s2delhi_r14_c11,sentinel2_delhi,S2C_43RGM_20260920_0_L2A,,14,11,EPSG:32643,728120.00,3161640.00,730680.00,3164200.00,77.3453,28.573,row_band_4fold,1,0,1,,,,,
s2delhi_r14_c12,sentinel2_delhi,S2C_43RGM_20260920_0_L2A,,14,12,EPSG:32643,730680.00,3161640.00,733240.00,3164200.00,77.3715,28.5725,row_band_4fold,1,0,1,,,,,
s2delhi_r14_c13,sentinel2_delhi,S2C_43RGM_20260920_0_L2A,,14,13,EPSG:32643,733240.00,3161640.00,735800.00,3164200.00,77.3976,28.572,row_band_4fold,1,0,1,,,,,
s2delhi_r14_c14,sentinel2_delhi,S2C_43RGM_20260920_0_L2A,,14,14,EPSG:32643,735800.00,3161640.00,738360.00,3164200.00,77.4238,28.5716,row_band_4fold,1,0,1,,,,,
s2delhi_r14_c15,sentinel2_delhi,S2C_43RGM_20260920_0_L2A,,14,15,EPSG:32643,738360.00,3161640.00,740920.00,3164200.00,77.4499,28.5711,row_band_4fold,1,0,0,0,,,,
s2delhi_r14_c16,sentinel2_delhi,S2C_43RGM_20260920_0_L2A,,14,16,EPSG:32643,740920.00,3161640.00,743480.00,3164200.00,77.4761,28.5706,row_band_4fold,1,0,1,,,,,
s2delhi_r14_c17,sentinel2_delhi,S2C_43RGM_20260920_0_L2A,,14,17,EPSG:32643,743480.00,3161640.00,746040.00,3164200.00,77.5022,28.5701,row_band_4fold,1,0,0,0,,,,
s2delhi_r14_c18,sentinel2_delhi,S2C_43RGM_20260920_0_L2A,,14,18,EPSG:32643,746040.00,3161640.00,748600.00,3164200.00,77.5284,28.5697,row_band_4fold,1,0,0,0,,,,
s2delhi_r14_c19,sentinel2_delhi,S2C_43RGM_20260920_0_L2A,,14,19,EPSG:32643,748600.00,3161640.00,751160.00,3164200.00,77.5545,28.5692,row_band_4fold,1,0,0,0,,,,
s2delhi_r14_c20,sentinel2_delhi,S2C_43RGM_20260920_0_L2A,,14,20,EPSG:32643,751160.00,3161640.00,753720.00,3164200.00,77.5807,28.5687,row_band_4fold,1,0,0,0,,,,
s2delhi_r14_c21,sentinel2_delhi,S2C_43RGM_20260920_0_L2A,,14,21,EPSG:32643,753720.00,3161640.00,756280.00,3164200.00,77.6068,28.5682,row_band_4fold,1,0,0,1,,,,
s2delhi_r14_c22,sentinel2_delhi,S2C_43RGM_20260920_0_L2A,,14,22,EPSG:32643,756280.00,3161640.00,758840.00,3164200.00,77.633,28.5677,row_band_4fold,1,0,0,1,,,,
s2delhi_r14_c23,sentinel2_delhi,S2C_43RGM_20260920_0_L2A,,14,23,EPSG:32643,758840.00,3161640.00,761400.00,3164200.00,77.6591,28.5672,row_band_4fold,1,0,0,1,,,,
s2delhi_r14_c24,sentinel2_delhi,S2C_43RGM_20260920_0_L2A,,14,24,EPSG:32643,761400.00,3161640.00,763960.00,3164200.00,77.6853,28.5666,row_band_4fold,1,0,0,1,,,,
s2delhi_r14_c25,sentinel2_delhi,S2C_43RGM_20260920_0_L2A,,14,25,EPSG:32643,763960.00,3161640.00,766520.00,3164200.00,77.7114,28.5661,row_band_4fold,1,0,0,0,,,,
s2delhi_r14_c26,sentinel2_delhi,S2C_43RGM_20260920_0_L2A,,14,26,EPSG:32643,766520.00,3161640.00,769080.00,3164200.00,77.7375,28.5656,row_band_4fold,1,0,0,,,,,
s2delhi_r14_c27,sentinel2_delhi,S2C_43RGM_20260920_0_L2A,,14,27,EPSG:32643,769080.00,3161640.00,771640.00,3164200.00,77.7637,28.5651,row_band_4fold,1,0,0,0,,,,
s2delhi_r14_c28,sentinel2_delhi,S2C_43RGM_20260920_0_L2A,,14,28,EPSG:32643,771640.00,3161640.00,774200.00,3164200.00,77.7898,28.5645,row_band_4fold,1,0,1,,,,,
s2delhi_r14_c29,sentinel2_delhi,S2C_43RGM_20260920_0_L2A,,14,29,EPSG:32643,774200.00,3161640.00,776760.00,3164200.00,77.816,28.564,row_band_4fold,1,0,1,,,,,
s2delhi_r14_c30,sentinel2_delhi,S2C_43RGM_20260920_0_L2A,,14,30,EPSG:32643,776760.00,3161640.00,779320.00,3164200.00,77.8421,28.5634,row_band_4fold,1,0,0,1,,,,
s2delhi_r14_c31,sentinel2_delhi,S2C_43RGM_20260920_0_L2A,,14,31,EPSG:32643,779320.00,3161640.00,781880.00,3164200.00,77.8683,28.5629,row_band_4fold,1,0,1,,,,,
s2delhi_r14_c32,sentinel2_delhi,S2C_43RGM_20260920_0_L2A,,14,32,EPSG:32643,781880.00,3161640.00,784440.00,3164200.00,77.8944,28.5623,row_band_4fold,1,0,0,,,,,
s2delhi_r14_c33,sentinel2_delhi,S2C_43RGM_20260920_0_L2A,,14,33,EPSG:32643,784440.00,3161640.00,787000.00,3164200.00,77.9205,28.5618,row_band_4fold,1,0,0,,,,,
s2delhi_r14_c34,sentinel2_delhi,S2C_43RGM_20260920_0_L2A,,14,34,EPSG:32643,787000.00,3161640.00,789560.00,3164200.00,77.9467,28.5612,row_band_4fold,1,0,0,,,,,
s2delhi_r14_c35,sentinel2_delhi,S2C_43RGM_20260920_0_L2A,,14,35,EPSG:32643,789560.00,3161640.00,792120.00,3164200.00,77.9728,28.5606,row_band_4fold,1,0,1,,,,,
s2delhi_r14_c36,sentinel2_delhi,S2C_43RGM_20260920_0_L2A,,14,36,EPSG:32643,792120.00,3161640.00,794680.00,3164200.00,77.999,28.5601,row_band_4fold,1,0,1,,,,,
s2delhi_r14_c37,sentinel2_delhi,S2C_43RGM_20260920_0_L2A,,14,37,EPSG:32643,794680.00,3161640.00,797240.00,3164200.00,78.0251,28.5595,row_band_4fold,1,0,0,,,,,
s2delhi_r14_c38,sentinel2_delhi,S2C_43RGM_20260920_0_L2A,,14,38,EPSG:32643,797240.00,3161640.00,799800.00,3164200.00,78.0512,28.5589,row_band_4fold,1,0,1,,,,,
s2delhi_r14_c39,sentinel2_delhi,S2C_43RGM_20260920_0_L2A,,14,39,EPSG:32643,799800.00,3161640.00,802360.00,3164200.00,78.0774,28.5583,row_band_4fold,1,0,1,,,,,
s2delhi_r14_c40,sentinel2_delhi,S2C_43RGM_20260920_0_L2A,,14,40,EPSG:32643,802360.00,3161640.00,804920.00,3164200.00,78.1035,28.5577,row_band_4fold,1,0,1,,,,,
s2delhi_r14_c41,sentinel2_delhi,S2C_43RGM_20260920_0_L2A,,14,41,EPSG:32643,804920.00,3161640.00,807480.00,3164200.00,78.1296,28.5571,row_band_4fold,1,0,1,,,,,
s2delhi_r15_c00,sentinel2_delhi,S2C_43RGM_20260920_0_L2A,LC09_L2SP_147040_20260921_02_T1,15,0,EPSG:32643,699960.00,3159080.00,702520.00,3161640.00,77.0571,28.5545,row_band_4fold,1,1,1,,,313.895,322.725,8.82971
s2delhi_r15_c01,sentinel2_delhi,S2C_43RGM_20260920_0_L2A,LC09_L2SP_147040_20260921_02_T1,15,1,EPSG:32643,702520.00,3159080.00,705080.00,3161640.00,77.0833,28.5541,row_band_4fold,1,1,1,,,316.51,323.27,6.75931
s2delhi_r15_c02,sentinel2_delhi,S2C_43RGM_20260920_0_L2A,LC09_L2SP_147040_20260921_02_T1,15,2,EPSG:32643,705080.00,3159080.00,707640.00,3161640.00,77.1094,28.5537,row_band_4fold,1,1,0,0,,313.616,323.202,9.58536
s2delhi_r15_c03,sentinel2_delhi,S2C_43RGM_20260920_0_L2A,LC09_L2SP_147040_20260921_02_T1,15,3,EPSG:32643,707640.00,3159080.00,710200.00,3161640.00,77.1356,28.5533,row_band_4fold,1,1,0,0,,312.028,319.861,7.8324
s2delhi_r15_c04,sentinel2_delhi,S2C_43RGM_20260920_0_L2A,LC09_L2SP_147040_20260921_02_T1,15,4,EPSG:32643,710200.00,3159080.00,712760.00,3161640.00,77.1617,28.5529,row_band_4fold,1,1,0,0,,308.973,316.283,7.31046
s2delhi_r15_c05,sentinel2_delhi,S2C_43RGM_20260920_0_L2A,LC09_L2SP_147040_20260921_02_T1,15,5,EPSG:32643,712760.00,3159080.00,715320.00,3161640.00,77.1879,28.5525,row_band_4fold,1,1,0,0,,309.478,313.334,3.85651
s2delhi_r15_c06,sentinel2_delhi,S2C_43RGM_20260920_0_L2A,LC09_L2SP_147040_20260921_02_T1,15,6,EPSG:32643,715320.00,3159080.00,717880.00,3161640.00,77.214,28.5521,row_band_4fold,1,1,0,0,,309.965,314.758,4.79312
s2delhi_r15_c07,sentinel2_delhi,S2C_43RGM_20260920_0_L2A,LC09_L2SP_147040_20260921_02_T1,15,7,EPSG:32643,717880.00,3159080.00,720440.00,3161640.00,77.2402,28.5516,row_band_4fold,1,1,1,,,310.167,315.403,5.23627
s2delhi_r15_c08,sentinel2_delhi,S2C_43RGM_20260920_0_L2A,,15,8,EPSG:32643,720440.00,3159080.00,723000.00,3161640.00,77.2663,28.5512,row_band_4fold,1,0,1,,,,,
s2delhi_r15_c09,sentinel2_delhi,S2C_43RGM_20260920_0_L2A,,15,9,EPSG:32643,723000.00,3159080.00,725560.00,3161640.00,77.2925,28.5508,row_band_4fold,1,0,0,0,,,,
s2delhi_r15_c10,sentinel2_delhi,S2C_43RGM_20260920_0_L2A,,15,10,EPSG:32643,725560.00,3159080.00,728120.00,3161640.00,77.3186,28.5503,row_band_4fold,1,0,0,,,,,
s2delhi_r15_c11,sentinel2_delhi,S2C_43RGM_20260920_0_L2A,,15,11,EPSG:32643,728120.00,3159080.00,730680.00,3161640.00,77.3448,28.5499,row_band_4fold,1,0,1,,,,,
s2delhi_r15_c12,sentinel2_delhi,S2C_43RGM_20260920_0_L2A,,15,12,EPSG:32643,730680.00,3159080.00,733240.00,3161640.00,77.3709,28.5494,row_band_4fold,1,0,0,0,,,,
s2delhi_r15_c13,sentinel2_delhi,S2C_43RGM_20260920_0_L2A,,15,13,EPSG:32643,733240.00,3159080.00,735800.00,3161640.00,77.3971,28.5489,row_band_4fold,1,0,0,0,,,,
s2delhi_r15_c14,sentinel2_delhi,S2C_43RGM_20260920_0_L2A,,15,14,EPSG:32643,735800.00,3159080.00,738360.00,3161640.00,77.4232,28.5485,row_band_4fold,1,0,1,0,,,,
s2delhi_r15_c15,sentinel2_delhi,S2C_43RGM_20260920_0_L2A,,15,15,EPSG:32643,738360.00,3159080.00,740920.00,3161640.00,77.4494,28.548,row_band_4fold,1,0,1,,,,,
s2delhi_r15_c16,sentinel2_delhi,S2C_43RGM_20260920_0_L2A,,15,16,EPSG:32643,740920.00,3159080.00,743480.00,3161640.00,77.4755,28.5475,row_band_4fold,1,0,0,0,,,,
s2delhi_r15_c17,sentinel2_delhi,S2C_43RGM_20260920_0_L2A,,15,17,EPSG:32643,743480.00,3159080.00,746040.00,3161640.00,77.5017,28.5471,row_band_4fold,1,0,0,0,,,,
s2delhi_r15_c18,sentinel2_delhi,S2C_43RGM_20260920_0_L2A,,15,18,EPSG:32643,746040.00,3159080.00,748600.00,3161640.00,77.5278,28.5466,row_band_4fold,1,0,0,0,,,,
s2delhi_r15_c19,sentinel2_delhi,S2C_43RGM_20260920_0_L2A,,15,19,EPSG:32643,748600.00,3159080.00,751160.00,3161640.00,77.554,28.5461,row_band_4fold,1,0,0,0,,,,
s2delhi_r15_c20,sentinel2_delhi,S2C_43RGM_20260920_0_L2A,,15,20,EPSG:32643,751160.00,3159080.00,753720.00,3161640.00,77.5801,28.5456,row_band_4fold,1,0,1,,,,,
s2delhi_r15_c21,sentinel2_delhi,S2C_43RGM_20260920_0_L2A,,15,21,EPSG:32643,753720.00,3159080.00,756280.00,3161640.00,77.6062,28.5451,row_band_4fold,1,0,0,1,,,,
s2delhi_r15_c22,sentinel2_delhi,S2C_43RGM_20260920_0_L2A,,15,22,EPSG:32643,756280.00,3159080.00,758840.00,3161640.00,77.6324,28.5446,row_band_4fold,1,0,0,1,,,,
s2delhi_r15_c23,sentinel2_delhi,S2C_43RGM_20260920_0_L2A,,15,23,EPSG:32643,758840.00,3159080.00,761400.00,3161640.00,77.6585,28.5441,row_band_4fold,1,0,0,1,,,,
s2delhi_r15_c24,sentinel2_delhi,S2C_43RGM_20260920_0_L2A,,15,24,EPSG:32643,761400.00,3159080.00,763960.00,3161640.00,77.6847,28.5436,row_band_4fold,1,0,0,,,,,
s2delhi_r15_c25,sentinel2_delhi,S2C_43RGM_20260920_0_L2A,,15,25,EPSG:32643,763960.00,3159080.00,766520.00,3161640.00,77.7108,28.543,row_band_4fold,1,0,0,0,,,,
s2delhi_r15_c26,sentinel2_delhi,S2C_43RGM_20260920_0_L2A,,15,26,EPSG:32643,766520.00,3159080.00,769080.00,3161640.00,77.737,28.5425,row_band_4fold,1,0,1,,,,,
s2delhi_r15_c27,sentinel2_delhi,S2C_43RGM_20260920_0_L2A,,15,27,EPSG:32643,769080.00,3159080.00,771640.00,3161640.00,77.7631,28.542,row_band_4fold,1,0,1,,,,,
s2delhi_r15_c28,sentinel2_delhi,S2C_43RGM_20260920_0_L2A,,15,28,EPSG:32643,771640.00,3159080.00,774200.00,3161640.00,77.7892,28.5415,row_band_4fold,1,0,0,0,,,,
s2delhi_r15_c29,sentinel2_delhi,S2C_43RGM_20260920_0_L2A,,15,29,EPSG:32643,774200.00,3159080.00,776760.00,3161640.00,77.8154,28.5409,row_band_4fold,1,0,0,1,,,,
s2delhi_r15_c30,sentinel2_delhi,S2C_43RGM_20260920_0_L2A,,15,30,EPSG:32643,776760.00,3159080.00,779320.00,3161640.00,77.8415,28.5404,row_band_4fold,1,0,0,,,,,
s2delhi_r15_c31,sentinel2_delhi,S2C_43RGM_20260920_0_L2A,,15,31,EPSG:32643,779320.00,3159080.00,781880.00,3161640.00,77.8676,28.5398,row_band_4fold,1,0,1,,,,,
s2delhi_r15_c32,sentinel2_delhi,S2C_43RGM_20260920_0_L2A,,15,32,EPSG:32643,781880.00,3159080.00,784440.00,3161640.00,77.8938,28.5393,row_band_4fold,1,0,0,,,,,
s2delhi_r15_c33,sentinel2_delhi,S2C_43RGM_20260920_0_L2A,,15,33,EPSG:32643,784440.00,3159080.00,787000.00,3161640.00,77.9199,28.5387,row_band_4fold,1,0,0,,,,,
s2delhi_r15_c34,sentinel2_delhi,S2C_43RGM_20260920_0_L2A,,15,34,EPSG:32643,787000.00,3159080.00,789560.00,3161640.00,77.946,28.5381,row_band_4fold,1,0,1,,,,,
s2delhi_r15_c35,sentinel2_delhi,S2C_43RGM_20260920_0_L2A,,15,35,EPSG:32643,789560.00,3159080.00,792120.00,3161640.00,77.9722,28.5376,row_band_4fold,1,0,1,,,,,
s2delhi_r15_c36,sentinel2_delhi,S2C_43RGM_20260920_0_L2A,,15,36,EPSG:32643,792120.00,3159080.00,794680.00,3161640.00,77.9983,28.537,row_band_4fold,1,0,1,,,,,
s2delhi_r15_c37,sentinel2_delhi,S2C_43RGM_20260920_0_L2A,,15,37,EPSG:32643,794680.00,3159080.00,797240.00,3161640.00,78.0244,28.5364,row_band_4fold,1,0,1,,,,,
s2delhi_r15_c38,sentinel2_delhi,S2C_43RGM_20260920_0_L2A,,15,38,EPSG:32643,797240.00,3159080.00,799800.00,3161640.00,78.0506,28.5358,row_band_4fold,1,0,1,,,,,
s2delhi_r15_c39,sentinel2_delhi,S2C_43RGM_20260920_0_L2A,,15,39,EPSG:32643,799800.00,3159080.00,802360.00,3161640.00,78.0767,28.5352,row_band_4fold,1,0,1,,,,,
s2delhi_r15_c40,sentinel2_delhi,S2C_43RGM_20260920_0_L2A,,15,40,EPSG:32643,802360.00,3159080.00,804920.00,3161640.00,78.1028,28.5346,row_band_4fold,1,0,1,,,,,
s2delhi_r15_c41,sentinel2_delhi,S2C_43RGM_20260920_0_L2A,,15,41,EPSG:32643,804920.00,3159080.00,807480.00,3161640.00,78.129,28.534,row_band_4fold,1,0,1,,,,,
s2delhi_r16_c00,sentinel2_delhi,S2C_43RGM_20260920_0_L2A,LC09_L2SP_147040_20260921_02_T1,16,0,EPSG:32643,699960.00,3156520.00,702520.00,3159080.00,77.0567,28.5314,row_band_4fold,1,1,1,,,309.117,319.529,10.4126
s2delhi_r16_c01,sentinel2_delhi,S2C_43RGM_20260920_0_L2A,LC09_L2SP_147040_20260921_02_T1,16,1,EPSG:32643,702520.00,3156520.00,705080.00,3159080.00,77.0828,28.531,row_band_4fold,1,1,1,,,311.127,321.351,10.2244
s2delhi_r16_c02,sentinel2_delhi,S2C_43RGM_20260920_0_L2A,LC09_L2SP_147040_20260921_02_T1,16,2,EPSG:32643,705080.00,3156520.00,707640.00,3159080.00,77.109,28.5306,row_band_4fold,1,1,0,0,,309.246,320.731,11.4846
s2delhi_r16_c03,sentinel2_delhi,S2C_43RGM_20260920_0_L2A,LC09_L2SP_147040_20260921_02_T1,16,3,EPSG:32643,707640.00,3156520.00,710200.00,3159080.00,77.1351,28.5302,row_band_4fold,1,1,0,0,,309.977,315.266,5.28955
s2delhi_r16_c04,sentinel2_delhi,S2C_43RGM_20260920_0_L2A,LC09_L2SP_147040_20260921_02_T1,16,4,EPSG:32643,710200.00,3156520.00,712760.00,3159080.00,77.1613,28.5298,row_band_4fold,1,1,0,0,,310.486,316.209,5.72247
s2delhi_r16_c05,sentinel2_delhi,S2C_43RGM_20260920_0_L2A,LC09_L2SP_147040_20260921_02_T1,16,5,EPSG:32643,712760.00,3156520.00,715320.00,3159080.00,77.1874,28.5294,row_band_4fold,1,1,1,,,307.102,314.928,7.82623
s2delhi_r16_c06,sentinel2_delhi,S2C_43RGM_20260920_0_L2A,LC09_L2SP_147040_20260921_02_T1,16,6,EPSG:32643,715320.00,3156520.00,717880.00,3159080.00,77.2136,28.529,row_band_4fold,1,1,1,,,310.125,314.509,4.38373
s2delhi_r16_c07,sentinel2_delhi,S2C_43RGM_20260920_0_L2A,LC09_L2SP_147040_20260921_02_T1,16,7,EPSG:32643,717880.00,3156520.00,720440.00,3159080.00,77.2397,28.5285,row_band_4fold,1,1,0,0,,308.993,312.667,3.67377
s2delhi_r16_c08,sentinel2_delhi,S2C_43RGM_20260920_0_L2A,,16,8,EPSG:32643,720440.00,3156520.00,723000.00,3159080.00,77.2658,28.5281,row_band_4fold,1,0,1,,,,,
s2delhi_r16_c09,sentinel2_delhi,S2C_43RGM_20260920_0_L2A,,16,9,EPSG:32643,723000.00,3156520.00,725560.00,3159080.00,77.292,28.5277,row_band_4fold,1,0,1,0,,,,
s2delhi_r16_c10,sentinel2_delhi,S2C_43RGM_20260920_0_L2A,,16,10,EPSG:32643,725560.00,3156520.00,728120.00,3159080.00,77.3181,28.5272,row_band_4fold,1,0,1,,,,,
s2delhi_r16_c11,sentinel2_delhi,S2C_43RGM_20260920_0_L2A,,16,11,EPSG:32643,728120.00,3156520.00,730680.00,3159080.00,77.3443,28.5268,row_band_4fold,1,0,1,0,,,,
s2delhi_r16_c12,sentinel2_delhi,S2C_43RGM_20260920_0_L2A,,16,12,EPSG:32643,730680.00,3156520.00,733240.00,3159080.00,77.3704,28.5263,row_band_4fold,1,0,1,,,,,
s2delhi_r16_c13,sentinel2_delhi,S2C_43RGM_20260920_0_L2A,,16,13,EPSG:32643,733240.00,3156520.00,735800.00,3159080.00,77.3966,28.5259,row_band_4fold,1,0,1,,,,,
s2delhi_r16_c14,sentinel2_delhi,S2C_43RGM_20260920_0_L2A,,16,14,EPSG:32643,735800.00,3156520.00,738360.00,3159080.00,77.4227,28.5254,row_band_4fold,1,0,1,,,,,
s2delhi_r16_c15,sentinel2_delhi,S2C_43RGM_20260920_0_L2A,,16,15,EPSG:32643,738360.00,3156520.00,740920.00,3159080.00,77.4488,28.5249,row_band_4fold,1,0,1,,,,,
s2delhi_r16_c16,sentinel2_delhi,S2C_43RGM_20260920_0_L2A,,16,16,EPSG:32643,740920.00,3156520.00,743480.00,3159080.00,77.475,28.5245,row_band_4fold,1,0,0,0,,,,
s2delhi_r16_c17,sentinel2_delhi,S2C_43RGM_20260920_0_L2A,,16,17,EPSG:32643,743480.00,3156520.00,746040.00,3159080.00,77.5011,28.524,row_band_4fold,1,0,0,0,,,,
s2delhi_r16_c18,sentinel2_delhi,S2C_43RGM_20260920_0_L2A,,16,18,EPSG:32643,746040.00,3156520.00,748600.00,3159080.00,77.5273,28.5235,row_band_4fold,1,0,0,0,,,,
s2delhi_r16_c19,sentinel2_delhi,S2C_43RGM_20260920_0_L2A,,16,19,EPSG:32643,748600.00,3156520.00,751160.00,3159080.00,77.5534,28.523,row_band_4fold,1,0,0,,,,,
s2delhi_r16_c20,sentinel2_delhi,S2C_43RGM_20260920_0_L2A,,16,20,EPSG:32643,751160.00,3156520.00,753720.00,3159080.00,77.5795,28.5225,row_band_4fold,1,0,1,,,,,
s2delhi_r16_c21,sentinel2_delhi,S2C_43RGM_20260920_0_L2A,,16,21,EPSG:32643,753720.00,3156520.00,756280.00,3159080.00,77.6057,28.522,row_band_4fold,1,0,0,0,,,,
s2delhi_r16_c22,sentinel2_delhi,S2C_43RGM_20260920_0_L2A,,16,22,EPSG:32643,756280.00,3156520.00,758840.00,3159080.00,77.6318,28.5215,row_band_4fold,1,0,0,1,,,,
s2delhi_r16_c23,sentinel2_delhi,S2C_43RGM_20260920_0_L2A,,16,23,EPSG:32643,758840.00,3156520.00,761400.00,3159080.00,77.658,28.521,row_band_4fold,1,0,0,1,,,,
s2delhi_r16_c24,sentinel2_delhi,S2C_43RGM_20260920_0_L2A,,16,24,EPSG:32643,761400.00,3156520.00,763960.00,3159080.00,77.6841,28.5205,row_band_4fold,1,0,1,,,,,
s2delhi_r16_c25,sentinel2_delhi,S2C_43RGM_20260920_0_L2A,,16,25,EPSG:32643,763960.00,3156520.00,766520.00,3159080.00,77.7102,28.52,row_band_4fold,1,0,0,0,,,,
s2delhi_r16_c26,sentinel2_delhi,S2C_43RGM_20260920_0_L2A,,16,26,EPSG:32643,766520.00,3156520.00,769080.00,3159080.00,77.7364,28.5194,row_band_4fold,1,0,1,,,,,
s2delhi_r16_c27,sentinel2_delhi,S2C_43RGM_20260920_0_L2A,,16,27,EPSG:32643,769080.00,3156520.00,771640.00,3159080.00,77.7625,28.5189,row_band_4fold,1,0,1,,,,,
s2delhi_r16_c28,sentinel2_delhi,S2C_43RGM_20260920_0_L2A,,16,28,EPSG:32643,771640.00,3156520.00,774200.00,3159080.00,77.7886,28.5184,row_band_4fold,1,0,0,0,,,,
s2delhi_r16_c29,sentinel2_delhi,S2C_43RGM_20260920_0_L2A,,16,29,EPSG:32643,774200.00,3156520.00,776760.00,3159080.00,77.8148,28.5178,row_band_4fold,1,0,0,1,,,,
s2delhi_r16_c30,sentinel2_delhi,S2C_43RGM_20260920_0_L2A,,16,30,EPSG:32643,776760.00,3156520.00,779320.00,3159080.00,77.8409,28.5173,row_band_4fold,1,0,1,,,,,
s2delhi_r16_c31,sentinel2_delhi,S2C_43RGM_20260920_0_L2A,,16,31,EPSG:32643,779320.00,3156520.00,781880.00,3159080.00,77.867,28.5167,row_band_4fold,1,0,0,1,,,,
s2delhi_r16_c32,sentinel2_delhi,S2C_43RGM_20260920_0_L2A,,16,32,EPSG:32643,781880.00,3156520.00,784440.00,3159080.00,77.8931,28.5162,row_band_4fold,1,0,1,,,,,
s2delhi_r16_c33,sentinel2_delhi,S2C_43RGM_20260920_0_L2A,,16,33,EPSG:32643,784440.00,3156520.00,787000.00,3159080.00,77.9193,28.5156,row_band_4fold,1,0,1,,,,,
s2delhi_r16_c34,sentinel2_delhi,S2C_43RGM_20260920_0_L2A,,16,34,EPSG:32643,787000.00,3156520.00,789560.00,3159080.00,77.9454,28.5151,row_band_4fold,1,0,1,,,,,
s2delhi_r16_c35,sentinel2_delhi,S2C_43RGM_20260920_0_L2A,,16,35,EPSG:32643,789560.00,3156520.00,792120.00,3159080.00,77.9715,28.5145,row_band_4fold,1,0,0,0,,,,
s2delhi_r16_c36,sentinel2_delhi,S2C_43RGM_20260920_0_L2A,,16,36,EPSG:32643,792120.00,3156520.00,794680.00,3159080.00,77.9977,28.5139,row_band_4fold,1,0,1,,,,,
s2delhi_r16_c37,sentinel2_delhi,S2C_43RGM_20260920_0_L2A,,16,37,EPSG:32643,794680.00,3156520.00,797240.00,3159080.00,78.0238,28.5133,row_band_4fold,1,0,1,,,,,
s2delhi_r16_c38,sentinel2_delhi,S2C_43RGM_20260920_0_L2A,,16,38,EPSG:32643,797240.00,3156520.00,799800.00,3159080.00,78.0499,28.5128,row_band_4fold,1,0,0,0,,,,
s2delhi_r16_c39,sentinel2_delhi,S2C_43RGM_20260920_0_L2A,,16,39,EPSG:32643,799800.00,3156520.00,802360.00,3159080.00,78.076,28.5122,row_band_4fold,1,0,0,0,,,,
s2delhi_r16_c40,sentinel2_delhi,S2C_43RGM_20260920_0_L2A,,16,40,EPSG:32643,802360.00,3156520.00,804920.00,3159080.00,78.1022,28.5116,row_band_4fold,1,0,1,,,,,
s2delhi_r16_c41,sentinel2_delhi,S2C_43RGM_20260920_0_L2A,,16,41,EPSG:32643,804920.00,3156520.00,807480.00,3159080.00,78.1283,28.511,row_band_4fold,1,0,1,,,,,
s2delhi_r17_c00,sentinel2_delhi,S2C_43RGM_20260920_0_L2A,LC09_L2SP_147040_20260921_02_T1,17,0,EPSG:32643,699960.00,3153960.00,702520.00,3156520.00,77.0562,28.5083,row_band_4fold,1,1,1,,,311.619,317.151,5.53217
s2delhi_r17_c01,sentinel2_delhi,S2C_43RGM_20260920_0_L2A,LC09_L2SP_147040_20260921_02_T1,17,1,EPSG:32643,702520.00,3153960.00,705080.00,3156520.00,77.0824,28.5079,row_band_4fold,1,1,1,,,311.903,319.284,7.38031
s2delhi_r17_c02,sentinel2_delhi,S2C_43RGM_20260920_0_L2A,LC09_L2SP_147040_20260921_02_T1,17,2,EPSG:32643,705080.00,3153960.00,707640.00,3156520.00,77.1085,28.5075,row_band_4fold,1,1,1,,,310.987,317.369,6.38168
s2delhi_r17_c03,sentinel2_delhi,S2C_43RGM_20260920_0_L2A,LC09_L2SP_147040_20260921_02_T1,17,3,EPSG:32643,707640.00,3153960.00,710200.00,3156520.00,77.1347,28.5071,row_band_4fold,1,1,0,0,,307.286,316.706,9.41943
s2delhi_r17_c04,sentinel2_delhi,S2C_43RGM_20260920_0_L2A,LC09_L2SP_147040_20260921_02_T1,17,4,EPSG:32643,710200.00,3153960.00,712760.00,3156520.00,77.1608,28.5067,row_band_4fold,1,1,1,,,310.758,319.706,8.94803
s2delhi_r17_c05,sentinel2_delhi,S2C_43RGM_20260920_0_L2A,LC09_L2SP_147040_20260921_02_T1,17,5,EPSG:32643,712760.00,3153960.00,715320.00,3156520.00,77.1869,28.5063,row_band_4fold,1,1,1,,,310.435,316.064,5.62866
s2delhi_r17_c06,sentinel2_delhi,S2C_43RGM_20260920_0_L2A,LC09_L2SP_147040_20260921_02_T1,17,6,EPSG:32643,715320.00,3153960.00,717880.00,3156520.00,77.2131,28.5059,row_band_4fold,1,1,1,,,309.489,314.86,5.37042
s2delhi_r17_c07,sentinel2_delhi,S2C_43RGM_20260920_0_L2A,LC09_L2SP_147040_20260921_02_T1,17,7,EPSG:32643,717880.00,3153960.00,720440.00,3156520.00,77.2392,28.5054,row_band_4fold,1,1,1,,,308.861,314.06,5.19873
s2delhi_r17_c08,sentinel2_delhi,S2C_43RGM_20260920_0_L2A,,17,8,EPSG:32643,720440.00,3153960.00,723000.00,3156520.00,77.2654,28.505,row_band_4fold,1,0,1,,,,,
s2delhi_r17_c09,sentinel2_delhi,S2C_43RGM_20260920_0_L2A,,17,9,EPSG:32643,723000.00,3153960.00,725560.00,3156520.00,77.2915,28.5046,row_band_4fold,1,0,1,0,,,,
s2delhi_r17_c10,sentinel2_delhi,S2C_43RGM_20260920_0_L2A,,17,10,EPSG:32643,725560.00,3153960.00,728120.00,3156520.00,77.3176,28.5041,row_band_4fold,1,0,1,,,,,
s2delhi_r17_c11,sentinel2_delhi,S2C_43RGM_20260920_0_L2A,,17,11,EPSG:32643,728120.00,3153960.00,730680.00,3156520.00,77.3438,28.5037,row_band_4fold,1,0,0,0,,,,
s2delhi_r17_c12,sentinel2_delhi,S2C_43RGM_20260920_0_L2A,,17,12,EPSG:32643,730680.00,3153960.00,733240.00,3156520.00,77.3699,28.5032,row_band_4fold,1,0,1,,,,,
s2delhi_r17_c13,sentinel2_delhi,S2C_43RGM_20260920_0_L2A,,17,13,EPSG:32643,733240.00,3153960.00,735800.00,3156520.00,77.396,28.5028,row_band_4fold,1,0,1,,,,,
s2delhi_r17_c14,sentinel2_delhi,S2C_43RGM_20260920_0_L2A,,17,14,EPSG:32643,735800.00,3153960.00,738360.00,3156520.00,77.4222,28.5023,row_band_4fold,1,0,0,0,,,,
s2delhi_r17_c15,sentinel2_delhi,S2C_43RGM_20260920_0_L2A,,17,15,EPSG:32643,738360.00,3153960.00,740920.00,3156520.00,77.4483,28.5018,row_band_4fold,1,0,1,0,,,,
s2delhi_r17_c16,sentinel2_delhi,S2C_43RGM_20260920_0_L2A,,17,16,EPSG:32643,740920.00,3153960.00,743480.00,3156520.00,77.4744,28.5014,row_band_4fold,1,0,1,,,,,
s2delhi_r17_c17,sentinel2_delhi,S2C_43RGM_20260920_0_L2A,,17,17,EPSG:32643,743480.00,3153960.00,746040.00,3156520.00,77.5006,28.5009,row_band_4fold,1,0,1,0,,,,
s2delhi_r17_c18,sentinel2_delhi,S2C_43RGM_20260920_0_L2A,,17,18,EPSG:32643,746040.00,3153960.00,748600.00,3156520.00,77.5267,28.5004,row_band_4fold,1,0,1,,,,,
s2delhi_r17_c19,sentinel2_delhi,S2C_43RGM_20260920_0_L2A,,17,19,EPSG:32643,748600.00,3153960.00,751160.00,3156520.00,77.5528,28.4999,row_band_4fold,1,0,1,,,,,
s2delhi_r17_c20,sentinel2_delhi,S2C_43RGM_20260920_0_L2A,,17,20,EPSG:32643,751160.00,3153960.00,753720.00,3156520.00,77.579,28.4994,row_band_4fold,1,0,1,,,,,
s2delhi_r17_c21,sentinel2_delhi,S2C_43RGM_20260920_0_L2A,,17,21,EPSG:32643,753720.00,3153960.00,756280.00,3156520.00,77.6051,28.4989,row_band_4fold,1,0,0,0,,,,
s2delhi_r17_c22,sentinel2_delhi,S2C_43RGM_20260920_0_L2A,,17,22,EPSG:32643,756280.00,3153960.00,758840.00,3156520.00,77.6312,28.4984,row_band_4fold,1,0,0,1,,,,
s2delhi_r17_c23,sentinel2_delhi,S2C_43RGM_20260920_0_L2A,,17,23,EPSG:32643,758840.00,3153960.00,761400.00,3156520.00,77.6574,28.4979,row_band_4fold,1,0,0,0,,,,
s2delhi_r17_c24,sentinel2_delhi,S2C_43RGM_20260920_0_L2A,,17,24,EPSG:32643,761400.00,3153960.00,763960.00,3156520.00,77.6835,28.4974,row_band_4fold,1,0,0,0,,,,
s2delhi_r17_c25,sentinel2_delhi,S2C_43RGM_20260920_0_L2A,,17,25,EPSG:32643,763960.00,3153960.00,766520.00,3156520.00,77.7096,28.4969,row_band_4fold,1,0,0,0,,,,
s2delhi_r17_c26,sentinel2_delhi,S2C_43RGM_20260920_0_L2A,,17,26,EPSG:32643,766520.00,3153960.00,769080.00,3156520.00,77.7358,28.4964,row_band_4fold,1,0,1,,,,,
s2delhi_r17_c27,sentinel2_delhi,S2C_43RGM_20260920_0_L2A,,17,27,EPSG:32643,769080.00,3153960.00,771640.00,3156520.00,77.7619,28.4958,row_band_4fold,1,0,0,0,,,,
s2delhi_r17_c28,sentinel2_delhi,S2C_43RGM_20260920_0_L2A,,17,28,EPSG:32643,771640.00,3153960.00,774200.00,3156520.00,77.788,28.4953,row_band_4fold,1,0,1,,,,,
s2delhi_r17_c29,sentinel2_delhi,S2C_43RGM_20260920_0_L2A,,17,29,EPSG:32643,774200.00,3153960.00,776760.00,3156520.00,77.8141,28.4948,row_band_4fold,1,0,0,,,,,
s2delhi_r17_c30,sentinel2_delhi,S2C_43RGM_20260920_0_L2A,,17,30,EPSG:32643,776760.00,3153960.00,779320.00,3156520.00,77.8403,28.4942,row_band_4fold,1,0,1,,,,,
s2delhi_r17_c31,sentinel2_delhi,S2C_43RGM_20260920_0_L2A,,17,31,EPSG:32643,779320.00,3153960.00,781880.00,3156520.00,77.8664,28.4937,row_band_4fold,1,0,1,,,,,
s2delhi_r17_c32,sentinel2_delhi,S2C_43RGM_20260920_0_L2A,,17,32,EPSG:32643,781880.00,3153960.00,784440.00,3156520.00,77.8925,28.4931,row_band_4fold,1,0,1,,,,,
s2delhi_r17_c33,sentinel2_delhi,S2C_43RGM_20260920_0_L2A,,17,33,EPSG:32643,784440.00,3153960.00,787000.00,3156520.00,77.9186,28.4925,row_band_4fold,1,0,0,1,,,,
s2delhi_r17_c34,sentinel2_delhi,S2C_43RGM_20260920_0_L2A,,17,34,EPSG:32643,787000.00,3153960.00,789560.00,3156520.00,77.9448,28.492,row_band_4fold,1,0,1,,,,,
s2delhi_r17_c35,sentinel2_delhi,S2C_43RGM_20260920_0_L2A,,17,35,EPSG:32643,789560.00,3153960.00,792120.00,3156520.00,77.9709,28.4914,row_band_4fold,1,0,1,,,,,
s2delhi_r17_c36,sentinel2_delhi,S2C_43RGM_20260920_0_L2A,,17,36,EPSG:32643,792120.00,3153960.00,794680.00,3156520.00,77.997,28.4908,row_band_4fold,1,0,1,,,,,
s2delhi_r17_c37,sentinel2_delhi,S2C_43RGM_20260920_0_L2A,,17,37,EPSG:32643,794680.00,3153960.00,797240.00,3156520.00,78.0231,28.4903,row_band_4fold,1,0,1,,,,,
s2delhi_r17_c38,sentinel2_delhi,S2C_43RGM_20260920_0_L2A,,17,38,EPSG:32643,797240.00,3153960.00,799800.00,3156520.00,78.0492,28.4897,row_band_4fold,1,0,1,,,,,
s2delhi_r17_c39,sentinel2_delhi,S2C_43RGM_20260920_0_L2A,,17,39,EPSG:32643,799800.00,3153960.00,802360.00,3156520.00,78.0754,28.4891,row_band_4fold,1,0,0,0,,,,
s2delhi_r17_c40,sentinel2_delhi,S2C_43RGM_20260920_0_L2A,,17,40,EPSG:32643,802360.00,3153960.00,804920.00,3156520.00,78.1015,28.4885,row_band_4fold,1,0,1,,,,,
s2delhi_r17_c41,sentinel2_delhi,S2C_43RGM_20260920_0_L2A,,17,41,EPSG:32643,804920.00,3153960.00,807480.00,3156520.00,78.1276,28.4879,row_band_4fold,1,0,1,,,,,
s2delhi_r18_c00,sentinel2_delhi,S2C_43RGM_20260920_0_L2A,LC09_L2SP_147040_20260921_02_T1,18,0,EPSG:32643,699960.00,3151400.00,702520.00,3153960.00,77.0558,28.4852,row_band_4fold,1,1,1,,,310.944,319.089,8.14517
s2delhi_r18_c01,sentinel2_delhi,S2C_43RGM_20260920_0_L2A,LC09_L2SP_147040_20260921_02_T1,18,1,EPSG:32643,702520.00,3151400.00,705080.00,3153960.00,77.0819,28.4849,row_band_4fold,1,1,1,,,311.217,320.679,9.46249
s2delhi_r18_c02,sentinel2_delhi,S2C_43RGM_20260920_0_L2A,LC09_L2SP_147040_20260921_02_T1,18,2,EPSG:32643,705080.00,3151400.00,707640.00,3153960.00,77.108,28.4844,row_band_4fold,1,1,1,,,309.61,314.561,4.95108
s2delhi_r18_c03,sentinel2_delhi,S2C_43RGM_20260920_0_L2A,LC09_L2SP_147040_20260921_02_T1,18,3,EPSG:32643,707640.00,3151400.00,710200.00,3153960.00,77.1342,28.484,row_band_4fold,1,1,0,0,,310.319,315.16,4.84158
s2delhi_r18_c04,sentinel2_delhi,S2C_43RGM_20260920_0_L2A,LC09_L2SP_147040_20260921_02_T1,18,4,EPSG:32643,710200.00,3151400.00,712760.00,3153960.00,77.1603,28.4836,row_band_4fold,1,1,1,,,310.232,314.946,4.71414
s2delhi_r18_c05,sentinel2_delhi,S2C_43RGM_20260920_0_L2A,LC09_L2SP_147040_20260921_02_T1,18,5,EPSG:32643,712760.00,3151400.00,715320.00,3153960.00,77.1865,28.4832,row_band_4fold,1,1,1,,,309.208,314.928,5.71939
s2delhi_r18_c06,sentinel2_delhi,S2C_43RGM_20260920_0_L2A,LC09_L2SP_147040_20260921_02_T1,18,6,EPSG:32643,715320.00,3151400.00,717880.00,3153960.00,77.2126,28.4828,row_band_4fold,1,1,1,0,,308.411,314.091,5.6803
s2delhi_r18_c07,sentinel2_delhi,S2C_43RGM_20260920_0_L2A,,18,7,EPSG:32643,717880.00,3151400.00,720440.00,3153960.00,77.2387,28.4824,row_band_4fold,1,0,0,0,,,,
s2delhi_r18_c08,sentinel2_delhi,S2C_43RGM_20260920_0_L2A,,18,8,EPSG:32643,720440.00,3151400.00,723000.00,3153960.00,77.2649,28.4819,row_band_4fold,1,0,1,,,,,
s2delhi_r18_c09,sentinel2_delhi,S2C_43RGM_20260920_0_L2A,,18,9,EPSG:32643,723000.00,3151400.00,725560.00,3153960.00,77.291,28.4815,row_band_4fold,1,0,1,,,,,
s2delhi_r18_c10,sentinel2_delhi,S2C_43RGM_20260920_0_L2A,,18,10,EPSG:32643,725560.00,3151400.00,728120.00,3153960.00,77.3171,28.481,row_band_4fold,1,0,1,,,,,
s2delhi_r18_c11,sentinel2_delhi,S2C_43RGM_20260920_0_L2A,,18,11,EPSG:32643,728120.00,3151400.00,730680.00,3153960.00,77.3433,28.4806,row_band_4fold,1,0,0,0,,,,
s2delhi_r18_c12,sentinel2_delhi,S2C_43RGM_20260920_0_L2A,,18,12,EPSG:32643,730680.00,3151400.00,733240.00,3153960.00,77.3694,28.4801,row_band_4fold,1,0,1,,,,,
s2delhi_r18_c13,sentinel2_delhi,S2C_43RGM_20260920_0_L2A,,18,13,EPSG:32643,733240.00,3151400.00,735800.00,3153960.00,77.3955,28.4797,row_band_4fold,1,0,1,,,,,
s2delhi_r18_c14,sentinel2_delhi,S2C_43RGM_20260920_0_L2A,,18,14,EPSG:32643,735800.00,3151400.00,738360.00,3153960.00,77.4217,28.4792,row_band_4fold,1,0,0,0,,,,
s2delhi_r18_c15,sentinel2_delhi,S2C_43RGM_20260920_0_L2A,,18,15,EPSG:32643,738360.00,3151400.00,740920.00,3153960.00,77.4478,28.4788,row_band_4fold,1,0,0,0,,,,
s2delhi_r18_c16,sentinel2_delhi,S2C_43RGM_20260920_0_L2A,,18,16,EPSG:32643,740920.00,3151400.00,743480.00,3153960.00,77.4739,28.4783,row_band_4fold,1,0,0,0,,,,
s2delhi_r18_c17,sentinel2_delhi,S2C_43RGM_20260920_0_L2A,,18,17,EPSG:32643,743480.00,3151400.00,746040.00,3153960.00,77.5,28.4778,row_band_4fold,1,0,0,0,,,,
s2delhi_r18_c18,sentinel2_delhi,S2C_43RGM_20260920_0_L2A,,18,18,EPSG:32643,746040.00,3151400.00,748600.00,3153960.00,77.5262,28.4773,row_band_4fold,1,0,0,0,,,,
s2delhi_r18_c19,sentinel2_delhi,S2C_43RGM_20260920_0_L2A,,18,19,EPSG:32643,748600.00,3151400.00,751160.00,3153960.00,77.5523,28.4768,row_band_4fold,1,0,1,,,,,
s2delhi_r18_c20,sentinel2_delhi,S2C_43RGM_20260920_0_L2A,,18,20,EPSG:32643,751160.00,3151400.00,753720.00,3153960.00,77.5784,28.4763,row_band_4fold,1,0,1,0,,,,
s2delhi_r18_c21,sentinel2_delhi,S2C_43RGM_20260920_0_L2A,,18,21,EPSG:32643,753720.00,3151400.00,756280.00,3153960.00,77.6045,28.4758,row_band_4fold,1,0,0,0,,,,
s2delhi_r18_c22,sentinel2_delhi,S2C_43RGM_20260920_0_L2A,,18,22,EPSG:32643,756280.00,3151400.00,758840.00,3153960.00,77.6307,28.4753,row_band_4fold,1,0,1,,,,,
s2delhi_r18_c23,sentinel2_delhi,S2C_43RGM_20260920_0_L2A,,18,23,EPSG:32643,758840.00,3151400.00,761400.00,3153960.00,77.6568,28.4748,row_band_4fold,1,0,1,,,,,
s2delhi_r18_c24,sentinel2_delhi,S2C_43RGM_20260920_0_L2A,,18,24,EPSG:32643,761400.00,3151400.00,763960.00,3153960.00,77.6829,28.4743,row_band_4fold,1,0,0,0,,,,
s2delhi_r18_c25,sentinel2_delhi,S2C_43RGM_20260920_0_L2A,,18,25,EPSG:32643,763960.00,3151400.00,766520.00,3153960.00,77.709,28.4738,row_band_4fold,1,0,0,,,,,
s2delhi_r18_c26,sentinel2_delhi,S2C_43RGM_20260920_0_L2A,,18,26,EPSG:32643,766520.00,3151400.00,769080.00,3153960.00,77.7352,28.4733,row_band_4fold,1,0,1,,,,,
s2delhi_r18_c27,sentinel2_delhi,S2C_43RGM_20260920_0_L2A,,18,27,EPSG:32643,769080.00,3151400.00,771640.00,3153960.00,77.7613,28.4727,row_band_4fold,1,0,0,0,,,,
s2delhi_r18_c28,sentinel2_delhi,S2C_43RGM_20260920_0_L2A,,18,28,EPSG:32643,771640.00,3151400.00,774200.00,3153960.00,77.7874,28.4722,row_band_4fold,1,0,0,,,,,
s2delhi_r18_c29,sentinel2_delhi,S2C_43RGM_20260920_0_L2A,,18,29,EPSG:32643,774200.00,3151400.00,776760.00,3153960.00,77.8135,28.4717,row_band_4fold,1,0,1,,,,,
s2delhi_r18_c30,sentinel2_delhi,S2C_43RGM_20260920_0_L2A,,18,30,EPSG:32643,776760.00,3151400.00,779320.00,3153960.00,77.8396,28.4711,row_band_4fold,1,0,1,,,,,
s2delhi_r18_c31,sentinel2_delhi,S2C_43RGM_20260920_0_L2A,,18,31,EPSG:32643,779320.00,3151400.00,781880.00,3153960.00,77.8658,28.4706,row_band_4fold,1,0,1,,,,,
s2delhi_r18_c32,sentinel2_delhi,S2C_43RGM_20260920_0_L2A,,18,32,EPSG:32643,781880.00,3151400.00,784440.00,3153960.00,77.8919,28.47,row_band_4fold,1,0,1,,,,,
s2delhi_r18_c33,sentinel2_delhi,S2C_43RGM_20260920_0_L2A,,18,33,EPSG:32643,784440.00,3151400.00,787000.00,3153960.00,77.918,28.4695,row_band_4fold,1,0,1,,,,,
s2delhi_r18_c34,sentinel2_delhi,S2C_43RGM_20260920_0_L2A,,18,34,EPSG:32643,787000.00,3151400.00,789560.00,3153960.00,77.9441,28.4689,row_band_4fold,1,0,1,,,,,
s2delhi_r18_c35,sentinel2_delhi,S2C_43RGM_20260920_0_L2A,,18,35,EPSG:32643,789560.00,3151400.00,792120.00,3153960.00,77.9702,28.4683,row_band_4fold,1,0,1,,,,,
s2delhi_r18_c36,sentinel2_delhi,S2C_43RGM_20260920_0_L2A,,18,36,EPSG:32643,792120.00,3151400.00,794680.00,3153960.00,77.9963,28.4678,row_band_4fold,1,0,1,,,,,
s2delhi_r18_c37,sentinel2_delhi,S2C_43RGM_20260920_0_L2A,,18,37,EPSG:32643,794680.00,3151400.00,797240.00,3153960.00,78.0225,28.4672,row_band_4fold,1,0,1,,,,,
s2delhi_r18_c38,sentinel2_delhi,S2C_43RGM_20260920_0_L2A,,18,38,EPSG:32643,797240.00,3151400.00,799800.00,3153960.00,78.0486,28.4666,row_band_4fold,1,0,1,,,,,
s2delhi_r18_c39,sentinel2_delhi,S2C_43RGM_20260920_0_L2A,,18,39,EPSG:32643,799800.00,3151400.00,802360.00,3153960.00,78.0747,28.466,row_band_4fold,1,0,0,,,,,
s2delhi_r18_c40,sentinel2_delhi,S2C_43RGM_20260920_0_L2A,,18,40,EPSG:32643,802360.00,3151400.00,804920.00,3153960.00,78.1008,28.4654,row_band_4fold,1,0,1,,,,,
s2delhi_r18_c41,sentinel2_delhi,S2C_43RGM_20260920_0_L2A,,18,41,EPSG:32643,804920.00,3151400.00,807480.00,3153960.00,78.1269,28.4648,row_band_4fold,1,0,1,,,,,
s2delhi_r19_c00,sentinel2_delhi,S2C_43RGM_20260920_0_L2A,LC09_L2SP_147040_20260921_02_T1,19,0,EPSG:32643,699960.00,3148840.00,702520.00,3151400.00,77.0553,28.4622,row_band_4fold,1,1,1,,,311.051,318.006,6.95493
s2delhi_r19_c01,sentinel2_delhi,S2C_43RGM_20260920_0_L2A,LC09_L2SP_147040_20260921_02_T1,19,1,EPSG:32643,702520.00,3148840.00,705080.00,3151400.00,77.0815,28.4618,row_band_4fold,1,1,0,0,,309.928,316.455,6.52771
s2delhi_r19_c02,sentinel2_delhi,S2C_43RGM_20260920_0_L2A,LC09_L2SP_147040_20260921_02_T1,19,2,EPSG:32643,705080.00,3148840.00,707640.00,3151400.00,77.1076,28.4614,row_band_4fold,1,1,1,,,306.945,312.141,5.19562
s2delhi_r19_c03,sentinel2_delhi,S2C_43RGM_20260920_0_L2A,LC09_L2SP_147040_20260921_02_T1,19,3,EPSG:32643,707640.00,3148840.00,710200.00,3151400.00,77.1337,28.4609,row_band_4fold,1,1,0,0,,309.493,314.83,5.33725
s2delhi_r19_c04,sentinel2_delhi,S2C_43RGM_20260920_0_L2A,LC09_L2SP_147040_20260921_02_T1,19,4,EPSG:32643,710200.00,3148840.00,712760.00,3151400.00,77.1599,28.4605,row_band_4fold,1,1,1,0,,311.121,319.222,8.1008
s2delhi_r19_c05,sentinel2_delhi,S2C_43RGM_20260920_0_L2A,LC09_L2SP_147040_20260921_02_T1,19,5,EPSG:32643,712760.00,3148840.00,715320.00,3151400.00,77.186,28.4601,row_band_4fold,1,1,1,,,312.528,323.378,10.8501
s2delhi_r19_c06,sentinel2_delhi,S2C_43RGM_20260920_0_L2A,LC09_L2SP_147040_20260921_02_T1,19,6,EPSG:32643,715320.00,3148840.00,717880.00,3151400.00,77.2121,28.4597,row_band_4fold,1,1,1,,,307.799,314.175,6.3761
s2delhi_r19_c07,sentinel2_delhi,S2C_43RGM_20260920_0_L2A,,19,7,EPSG:32643,717880.00,3148840.00,720440.00,3151400.00,77.2382,28.4593,row_band_4fold,1,0,0,0,,,,
s2delhi_r19_c08,sentinel2_delhi,S2C_43RGM_20260920_0_L2A,,19,8,EPSG:32643,720440.00,3148840.00,723000.00,3151400.00,77.2644,28.4588,row_band_4fold,1,0,0,0,,,,
s2delhi_r19_c09,sentinel2_delhi,S2C_43RGM_20260920_0_L2A,,19,9,EPSG:32643,723000.00,3148840.00,725560.00,3151400.00,77.2905,28.4584,row_band_4fold,1,0,1,,,,,
s2delhi_r19_c10,sentinel2_delhi,S2C_43RGM_20260920_0_L2A,,19,10,EPSG:32643,725560.00,3148840.00,728120.00,3151400.00,77.3166,28.458,row_band_4fold,1,0,1,,,,,
s2delhi_r19_c11,sentinel2_delhi,S2C_43RGM_20260920_0_L2A,,19,11,EPSG:32643,728120.00,3148840.00,730680.00,3151400.00,77.3427,28.4575,row_band_4fold,1,0,0,0,,,,
s2delhi_r19_c12,sentinel2_delhi,S2C_43RGM_20260920_0_L2A,,19,12,EPSG:32643,730680.00,3148840.00,733240.00,3151400.00,77.3689,28.4571,row_band_4fold,1,0,1,,,,,
s2delhi_r19_c13,sentinel2_delhi,S2C_43RGM_20260920_0_L2A,,19,13,EPSG:32643,733240.00,3148840.00,735800.00,3151400.00,77.395,28.4566,row_band_4fold,1,0,0,0,,,,
s2delhi_r19_c14,sentinel2_delhi,S2C_43RGM_20260920_0_L2A,,19,14,EPSG:32643,735800.00,3148840.00,738360.00,3151400.00,77.4211,28.4561,row_band_4fold,1,0,0,,,,,
s2delhi_r19_c15,sentinel2_delhi,S2C_43RGM_20260920_0_L2A,,19,15,EPSG:32643,738360.00,3148840.00,740920.00,3151400.00,77.4472,28.4557,row_band_4fold,1,0,1,,,,,
s2delhi_r19_c16,sentinel2_delhi,S2C_43RGM_20260920_0_L2A,,19,16,EPSG:32643,740920.00,3148840.00,743480.00,3151400.00,77.4734,28.4552,row_band_4fold,1,0,0,0,,,,
s2delhi_r19_c17,sentinel2_delhi,S2C_43RGM_20260920_0_L2A,,19,17,EPSG:32643,743480.00,3148840.00,746040.00,3151400.00,77.4995,28.4547,row_band_4fold,1,0,1,,,,,
s2delhi_r19_c18,sentinel2_delhi,S2C_43RGM_20260920_0_L2A,,19,18,EPSG:32643,746040.00,3148840.00,748600.00,3151400.00,77.5256,28.4542,row_band_4fold,1,0,1,,,,,
s2delhi_r19_c19,sentinel2_delhi,S2C_43RGM_20260920_0_L2A,,19,19,EPSG:32643,748600.00,3148840.00,751160.00,3151400.00,77.5517,28.4537,row_band_4fold,1,0,0,0,,,,
s2delhi_r19_c20,sentinel2_delhi,S2C_43RGM_20260920_0_L2A,,19,20,EPSG:32643,751160.00,3148840.00,753720.00,3151400.00,77.5779,28.4533,row_band_4fold,1,0,0,0,,,,
s2delhi_r19_c21,sentinel2_delhi,S2C_43RGM_20260920_0_L2A,,19,21,EPSG:32643,753720.00,3148840.00,756280.00,3151400.00,77.604,28.4528,row_band_4fold,1,0,0,0,,,,
s2delhi_r19_c22,sentinel2_delhi,S2C_43RGM_20260920_0_L2A,,19,22,EPSG:32643,756280.00,3148840.00,758840.00,3151400.00,77.6301,28.4523,row_band_4fold,1,0,0,0,,,,
s2delhi_r19_c23,sentinel2_delhi,S2C_43RGM_20260920_0_L2A,,19,23,EPSG:32643,758840.00,3148840.00,761400.00,3151400.00,77.6562,28.4517,row_band_4fold,1,0,1,,,,,
s2delhi_r19_c24,sentinel2_delhi,S2C_43RGM_20260920_0_L2A,,19,24,EPSG:32643,761400.00,3148840.00,763960.00,3151400.00,77.6823,28.4512,row_band_4fold,1,0,0,0,,,,
s2delhi_r19_c25,sentinel2_delhi,S2C_43RGM_20260920_0_L2A,,19,25,EPSG:32643,763960.00,3148840.00,766520.00,3151400.00,77.7085,28.4507,row_band_4fold,1,0,1,,,,,
s2delhi_r19_c26,sentinel2_delhi,S2C_43RGM_20260920_0_L2A,,19,26,EPSG:32643,766520.00,3148840.00,769080.00,3151400.00,77.7346,28.4502,row_band_4fold,1,0,0,0,,,,
s2delhi_r19_c27,sentinel2_delhi,S2C_43RGM_20260920_0_L2A,,19,27,EPSG:32643,769080.00,3148840.00,771640.00,3151400.00,77.7607,28.4497,row_band_4fold,1,0,0,,,,,
s2delhi_r19_c28,sentinel2_delhi,S2C_43RGM_20260920_0_L2A,,19,28,EPSG:32643,771640.00,3148840.00,774200.00,3151400.00,77.7868,28.4491,row_band_4fold,1,0,0,0,,,,
s2delhi_r19_c29,sentinel2_delhi,S2C_43RGM_20260920_0_L2A,,19,29,EPSG:32643,774200.00,3148840.00,776760.00,3151400.00,77.8129,28.4486,row_band_4fold,1,0,1,,,,,
s2delhi_r19_c30,sentinel2_delhi,S2C_43RGM_20260920_0_L2A,,19,30,EPSG:32643,776760.00,3148840.00,779320.00,3151400.00,77.839,28.4481,row_band_4fold,1,0,1,,,,,
s2delhi_r19_c31,sentinel2_delhi,S2C_43RGM_20260920_0_L2A,,19,31,EPSG:32643,779320.00,3148840.00,781880.00,3151400.00,77.8651,28.4475,row_band_4fold,1,0,1,,,,,
s2delhi_r19_c32,sentinel2_delhi,S2C_43RGM_20260920_0_L2A,,19,32,EPSG:32643,781880.00,3148840.00,784440.00,3151400.00,77.8913,28.447,row_band_4fold,1,0,1,,,,,
s2delhi_r19_c33,sentinel2_delhi,S2C_43RGM_20260920_0_L2A,,19,33,EPSG:32643,784440.00,3148840.00,787000.00,3151400.00,77.9174,28.4464,row_band_4fold,1,0,1,,,,,
s2delhi_r19_c34,sentinel2_delhi,S2C_43RGM_20260920_0_L2A,,19,34,EPSG:32643,787000.00,3148840.00,789560.00,3151400.00,77.9435,28.4458,row_band_4fold,1,0,1,,,,,
s2delhi_r19_c35,sentinel2_delhi,S2C_43RGM_20260920_0_L2A,,19,35,EPSG:32643,789560.00,3148840.00,792120.00,3151400.00,77.9696,28.4453,row_band_4fold,1,0,1,,,,,
s2delhi_r19_c36,sentinel2_delhi,S2C_43RGM_20260920_0_L2A,,19,36,EPSG:32643,792120.00,3148840.00,794680.00,3151400.00,77.9957,28.4447,row_band_4fold,1,0,0,1,,,,
s2delhi_r19_c37,sentinel2_delhi,S2C_43RGM_20260920_0_L2A,,19,37,EPSG:32643,794680.00,3148840.00,797240.00,3151400.00,78.0218,28.4441,row_band_4fold,1,0,1,,,,,
s2delhi_r19_c38,sentinel2_delhi,S2C_43RGM_20260920_0_L2A,,19,38,EPSG:32643,797240.00,3148840.00,799800.00,3151400.00,78.0479,28.4435,row_band_4fold,1,0,1,,,,,
s2delhi_r19_c39,sentinel2_delhi,S2C_43RGM_20260920_0_L2A,,19,39,EPSG:32643,799800.00,3148840.00,802360.00,3151400.00,78.074,28.4429,row_band_4fold,1,0,1,,,,,
s2delhi_r19_c40,sentinel2_delhi,S2C_43RGM_20260920_0_L2A,,19,40,EPSG:32643,802360.00,3148840.00,804920.00,3151400.00,78.1001,28.4423,row_band_4fold,1,0,0,0,,,,
s2delhi_r19_c41,sentinel2_delhi,S2C_43RGM_20260920_0_L2A,,19,41,EPSG:32643,804920.00,3148840.00,807480.00,3151400.00,78.1262,28.4418,row_band_4fold,1,0,1,0,,,,
s2delhi_r20_c00,sentinel2_delhi,S2C_43RGM_20260920_0_L2A,LC09_L2SP_147040_20260921_02_T1,20,0,EPSG:32643,699960.00,3146280.00,702520.00,3148840.00,77.0549,28.4391,row_band_4fold,1,1,1,,,308.112,313.645,5.53287
s2delhi_r20_c01,sentinel2_delhi,S2C_43RGM_20260920_0_L2A,LC09_L2SP_147040_20260921_02_T1,20,1,EPSG:32643,702520.00,3146280.00,705080.00,3148840.00,77.081,28.4387,row_band_4fold,1,1,0,0,,311.366,318.447,7.08084
s2delhi_r20_c02,sentinel2_delhi,S2C_43RGM_20260920_0_L2A,LC09_L2SP_147040_20260921_02_T1,20,2,EPSG:32643,705080.00,3146280.00,707640.00,3148840.00,77.1071,28.4383,row_band_4fold,1,1,1,,,309.855,316.884,7.02972
s2delhi_r20_c03,sentinel2_delhi,S2C_43RGM_20260920_0_L2A,LC09_L2SP_147040_20260921_02_T1,20,3,EPSG:32643,707640.00,3146280.00,710200.00,3148840.00,77.1333,28.4379,row_band_4fold,1,1,1,,,309.416,316.035,6.61935
s2delhi_r20_c04,sentinel2_delhi,S2C_43RGM_20260920_0_L2A,LC09_L2SP_147040_20260921_02_T1,20,4,EPSG:32643,710200.00,3146280.00,712760.00,3148840.00,77.1594,28.4374,row_band_4fold,1,1,1,,,309.591,316.571,6.97964
s2delhi_r20_c05,sentinel2_delhi,S2C_43RGM_20260920_0_L2A,LC09_L2SP_147040_20260921_02_T1,20,5,EPSG:32643,712760.00,3146280.00,715320.00,3148840.00,77.1855,28.437,row_band_4fold,1,1,1,,,308.48,321.256,12.7761
s2delhi_r20_c06,sentinel2_delhi,S2C_43RGM_20260920_0_L2A,LC09_L2SP_147040_20260921_02_T1,20,6,EPSG:32643,715320.00,3146280.00,717880.00,3148840.00,77.2116,28.4366,row_band_4fold,1,1,0,0,,309.189,321.697,12.5085
s2delhi_r20_c07,sentinel2_delhi,S2C_43RGM_20260920_0_L2A,,20,7,EPSG:32643,717880.00,3146280.00,720440.00,3148840.00,77.2378,28.4362,row_band_4fold,1,0,0,0,,,,
s2delhi_r20_c08,sentinel2_delhi,S2C_43RGM_20260920_0_L2A,,20,8,EPSG:32643,720440.00,3146280.00,723000.00,3148840.00,77.2639,28.4357,row_band_4fold,1,0,0,0,,,,
s2delhi_r20_c09,sentinel2_delhi,S2C_43RGM_20260920_0_L2A,,20,9,EPSG:32643,723000.00,3146280.00,725560.00,3148840.00,77.29,28.4353,row_band_4fold,1,0,1,,,,,
s2delhi_r20_c10,sentinel2_delhi,S2C_43RGM_20260920_0_L2A,,20,10,EPSG:32643,725560.00,3146280.00,728120.00,3148840.00,77.3161,28.4349,row_band_4fold,1,0,1,0,,,,
s2delhi_r20_c11,sentinel2_delhi,S2C_43RGM_20260920_0_L2A,,20,11,EPSG:32643,728120.00,3146280.00,730680.00,3148840.00,77.3422,28.4344,row_band_4fold,1,0,1,0,,,,
s2delhi_r20_c12,sentinel2_delhi,S2C_43RGM_20260920_0_L2A,,20,12,EPSG:32643,730680.00,3146280.00,733240.00,3148840.00,77.3684,28.434,row_band_4fold,1,0,0,0,,,,
s2delhi_r20_c13,sentinel2_delhi,S2C_43RGM_20260920_0_L2A,,20,13,EPSG:32643,733240.00,3146280.00,735800.00,3148840.00,77.3945,28.4335,row_band_4fold,1,0,1,,,,,
s2delhi_r20_c14,sentinel2_delhi,S2C_43RGM_20260920_0_L2A,,20,14,EPSG:32643,735800.00,3146280.00,738360.00,3148840.00,77.4206,28.433,row_band_4fold,1,0,1,,,,,
s2delhi_r20_c15,sentinel2_delhi,S2C_43RGM_20260920_0_L2A,,20,15,EPSG:32643,738360.00,3146280.00,740920.00,3148840.00,77.4467,28.4326,row_band_4fold,1,0,0,,,,,
s2delhi_r20_c16,sentinel2_delhi,S2C_43RGM_20260920_0_L2A,,20,16,EPSG:32643,740920.00,3146280.00,743480.00,3148840.00,77.4728,28.4321,row_band_4fold,1,0,1,,,,,
s2delhi_r20_c17,sentinel2_delhi,S2C_43RGM_20260920_0_L2A,,20,17,EPSG:32643,743480.00,3146280.00,746040.00,3148840.00,77.499,28.4316,row_band_4fold,1,0,0,0,,,,
s2delhi_r20_c18,sentinel2_delhi,S2C_43RGM_20260920_0_L2A,,20,18,EPSG:32643,746040.00,3146280.00,748600.00,3148840.00,77.5251,28.4311,row_band_4fold,1,0,1,,,,,
s2delhi_r20_c19,sentinel2_delhi,S2C_43RGM_20260920_0_L2A,,20,19,EPSG:32643,748600.00,3146280.00,751160.00,3148840.00,77.5512,28.4307,row_band_4fold,1,0,1,,,,,
s2delhi_r20_c20,sentinel2_delhi,S2C_43RGM_20260920_0_L2A,,20,20,EPSG:32643,751160.00,3146280.00,753720.00,3148840.00,77.5773,28.4302,row_band_4fold,1,0,0,0,,,,
s2delhi_r20_c21,sentinel2_delhi,S2C_43RGM_20260920_0_L2A,,20,21,EPSG:32643,753720.00,3146280.00,756280.00,3148840.00,77.6034,28.4297,row_band_4fold,1,0,0,0,,,,
s2delhi_r20_c22,sentinel2_delhi,S2C_43RGM_20260920_0_L2A,,20,22,EPSG:32643,756280.00,3146280.00,758840.00,3148840.00,77.6295,28.4292,row_band_4fold,1,0,1,,,,,
s2delhi_r20_c23,sentinel2_delhi,S2C_43RGM_20260920_0_L2A,,20,23,EPSG:32643,758840.00,3146280.00,761400.00,3148840.00,77.6556,28.4287,row_band_4fold,1,0,1,0,,,,
s2delhi_r20_c24,sentinel2_delhi,S2C_43RGM_20260920_0_L2A,,20,24,EPSG:32643,761400.00,3146280.00,763960.00,3148840.00,77.6818,28.4281,row_band_4fold,1,0,0,,,,,
s2delhi_r20_c25,sentinel2_delhi,S2C_43RGM_20260920_0_L2A,,20,25,EPSG:32643,763960.00,3146280.00,766520.00,3148840.00,77.7079,28.4276,row_band_4fold,1,0,1,,,,,
s2delhi_r20_c26,sentinel2_delhi,S2C_43RGM_20260920_0_L2A,,20,26,EPSG:32643,766520.00,3146280.00,769080.00,3148840.00,77.734,28.4271,row_band_4fold,1,0,1,,,,,
s2delhi_r20_c27,sentinel2_delhi,S2C_43RGM_20260920_0_L2A,,20,27,EPSG:32643,769080.00,3146280.00,771640.00,3148840.00,77.7601,28.4266,row_band_4fold,1,0,1,,,,,
s2delhi_r20_c28,sentinel2_delhi,S2C_43RGM_20260920_0_L2A,,20,28,EPSG:32643,771640.00,3146280.00,774200.00,3148840.00,77.7862,28.4261,row_band_4fold,1,0,1,,,,,
s2delhi_r20_c29,sentinel2_delhi,S2C_43RGM_20260920_0_L2A,,20,29,EPSG:32643,774200.00,3146280.00,776760.00,3148840.00,77.8123,28.4255,row_band_4fold,1,0,1,,,,,
s2delhi_r20_c30,sentinel2_delhi,S2C_43RGM_20260920_0_L2A,,20,30,EPSG:32643,776760.00,3146280.00,779320.00,3148840.00,77.8384,28.425,row_band_4fold,1,0,1,,,,,
s2delhi_r20_c31,sentinel2_delhi,S2C_43RGM_20260920_0_L2A,,20,31,EPSG:32643,779320.00,3146280.00,781880.00,3148840.00,77.8645,28.4244,row_band_4fold,1,0,1,,,,,
s2delhi_r20_c32,sentinel2_delhi,S2C_43RGM_20260920_0_L2A,,20,32,EPSG:32643,781880.00,3146280.00,784440.00,3148840.00,77.8906,28.4239,row_band_4fold,1,0,1,,,,,
s2delhi_r20_c33,sentinel2_delhi,S2C_43RGM_20260920_0_L2A,,20,33,EPSG:32643,784440.00,3146280.00,787000.00,3148840.00,77.9167,28.4233,row_band_4fold,1,0,0,0,,,,
s2delhi_r20_c34,sentinel2_delhi,S2C_43RGM_20260920_0_L2A,,20,34,EPSG:32643,787000.00,3146280.00,789560.00,3148840.00,77.9428,28.4228,row_band_4fold,1,0,1,,,,,
s2delhi_r20_c35,sentinel2_delhi,S2C_43RGM_20260920_0_L2A,,20,35,EPSG:32643,789560.00,3146280.00,792120.00,3148840.00,77.9689,28.4222,row_band_4fold,1,0,0,0,,,,
s2delhi_r20_c36,sentinel2_delhi,S2C_43RGM_20260920_0_L2A,,20,36,EPSG:32643,792120.00,3146280.00,794680.00,3148840.00,77.995,28.4216,row_band_4fold,1,0,0,1,,,,
s2delhi_r20_c37,sentinel2_delhi,S2C_43RGM_20260920_0_L2A,,20,37,EPSG:32643,794680.00,3146280.00,797240.00,3148840.00,78.0211,28.421,row_band_4fold,1,0,1,,,,,
s2delhi_r20_c38,sentinel2_delhi,S2C_43RGM_20260920_0_L2A,,20,38,EPSG:32643,797240.00,3146280.00,799800.00,3148840.00,78.0473,28.4205,row_band_4fold,1,0,1,,,,,
s2delhi_r20_c39,sentinel2_delhi,S2C_43RGM_20260920_0_L2A,,20,39,EPSG:32643,799800.00,3146280.00,802360.00,3148840.00,78.0734,28.4199,row_band_4fold,1,0,0,0,,,,
s2delhi_r20_c40,sentinel2_delhi,S2C_43RGM_20260920_0_L2A,,20,40,EPSG:32643,802360.00,3146280.00,804920.00,3148840.00,78.0995,28.4193,row_band_4fold,1,0,0,0,,,,
s2delhi_r20_c41,sentinel2_delhi,S2C_43RGM_20260920_0_L2A,,20,41,EPSG:32643,804920.00,3146280.00,807480.00,3148840.00,78.1256,28.4187,row_band_4fold,1,0,0,1,,,,
s2delhi_r21_c00,sentinel2_delhi,S2C_43RGM_20260920_0_L2A,LC09_L2SP_147040_20260921_02_T1,21,0,EPSG:32643,699960.00,3143720.00,702520.00,3146280.00,77.0544,28.416,row_band_4fold,2,1,1,,,309.376,313.581,4.20493
s2delhi_r21_c01,sentinel2_delhi,S2C_43RGM_20260920_0_L2A,LC09_L2SP_147040_20260921_02_T1,21,1,EPSG:32643,702520.00,3143720.00,705080.00,3146280.00,77.0806,28.4156,row_band_4fold,2,1,0,0,,311.194,321.558,10.3635
s2delhi_r21_c02,sentinel2_delhi,S2C_43RGM_20260920_0_L2A,LC09_L2SP_147040_20260921_02_T1,21,2,EPSG:32643,705080.00,3143720.00,707640.00,3146280.00,77.1067,28.4152,row_band_4fold,2,1,0,0,,309.665,314.77,5.1051
s2delhi_r21_c03,sentinel2_delhi,S2C_43RGM_20260920_0_L2A,LC09_L2SP_147040_20260921_02_T1,21,3,EPSG:32643,707640.00,3143720.00,710200.00,3146280.00,77.1328,28.4148,row_band_4fold,2,1,0,0,,310.879,318.083,7.20456
s2delhi_r21_c04,sentinel2_delhi,S2C_43RGM_20260920_0_L2A,LC09_L2SP_147040_20260921_02_T1,21,4,EPSG:32643,710200.00,3143720.00,712760.00,3146280.00,77.1589,28.4144,row_band_4fold,2,1,1,,,310.598,318.219,7.62009
s2delhi_r21_c05,sentinel2_delhi,S2C_43RGM_20260920_0_L2A,LC09_L2SP_147040_20260921_02_T1,21,5,EPSG:32643,712760.00,3143720.00,715320.00,3146280.00,77.185,28.4139,row_band_4fold,2,1,0,0,,310.387,319.856,9.46817
s2delhi_r21_c06,sentinel2_delhi,S2C_43RGM_20260920_0_L2A,LC09_L2SP_147040_20260921_02_T1,21,6,EPSG:32643,715320.00,3143720.00,717880.00,3146280.00,77.2112,28.4135,row_band_4fold,2,1,0,,,307.637,315.62,7.98325
s2delhi_r21_c07,sentinel2_delhi,S2C_43RGM_20260920_0_L2A,,21,7,EPSG:32643,717880.00,3143720.00,720440.00,3146280.00,77.2373,28.4131,row_band_4fold,2,0,1,,,,,
s2delhi_r21_c08,sentinel2_delhi,S2C_43RGM_20260920_0_L2A,,21,8,EPSG:32643,720440.00,3143720.00,723000.00,3146280.00,77.2634,28.4127,row_band_4fold,2,0,0,0,,,,
s2delhi_r21_c09,sentinel2_delhi,S2C_43RGM_20260920_0_L2A,,21,9,EPSG:32643,723000.00,3143720.00,725560.00,3146280.00,77.2895,28.4122,row_band_4fold,2,0,1,,,,,
s2delhi_r21_c10,sentinel2_delhi,S2C_43RGM_20260920_0_L2A,,21,10,EPSG:32643,725560.00,3143720.00,728120.00,3146280.00,77.3156,28.4118,row_band_4fold,2,0,1,,,,,
s2delhi_r21_c11,sentinel2_delhi,S2C_43RGM_20260920_0_L2A,,21,11,EPSG:32643,728120.00,3143720.00,730680.00,3146280.00,77.3417,28.4113,row_band_4fold,2,0,1,,,,,
s2delhi_r21_c12,sentinel2_delhi,S2C_43RGM_20260920_0_L2A,,21,12,EPSG:32643,730680.00,3143720.00,733240.00,3146280.00,77.3678,28.4109,row_band_4fold,2,0,0,0,,,,
s2delhi_r21_c13,sentinel2_delhi,S2C_43RGM_20260920_0_L2A,,21,13,EPSG:32643,733240.00,3143720.00,735800.00,3146280.00,77.394,28.4104,row_band_4fold,2,0,1,,,,,
s2delhi_r21_c14,sentinel2_delhi,S2C_43RGM_20260920_0_L2A,,21,14,EPSG:32643,735800.00,3143720.00,738360.00,3146280.00,77.4201,28.41,row_band_4fold,2,0,0,0,,,,
s2delhi_r21_c15,sentinel2_delhi,S2C_43RGM_20260920_0_L2A,,21,15,EPSG:32643,738360.00,3143720.00,740920.00,3146280.00,77.4462,28.4095,row_band_4fold,2,0,0,0,,,,
s2delhi_r21_c16,sentinel2_delhi,S2C_43RGM_20260920_0_L2A,,21,16,EPSG:32643,740920.00,3143720.00,743480.00,3146280.00,77.4723,28.409,row_band_4fold,2,0,1,,,,,
s2delhi_r21_c17,sentinel2_delhi,S2C_43RGM_20260920_0_L2A,,21,17,EPSG:32643,743480.00,3143720.00,746040.00,3146280.00,77.4984,28.4085,row_band_4fold,2,0,0,0,,,,
s2delhi_r21_c18,sentinel2_delhi,S2C_43RGM_20260920_0_L2A,,21,18,EPSG:32643,746040.00,3143720.00,748600.00,3146280.00,77.5245,28.4081,row_band_4fold,2,0,1,,,,,
s2delhi_r21_c19,sentinel2_delhi,S2C_43RGM_20260920_0_L2A,,21,19,EPSG:32643,748600.00,3143720.00,751160.00,3146280.00,77.5506,28.4076,row_band_4fold,2,0,1,0,,,,
s2delhi_r21_c20,sentinel2_delhi,S2C_43RGM_20260920_0_L2A,,21,20,EPSG:32643,751160.00,3143720.00,753720.00,3146280.00,77.5767,28.4071,row_band_4fold,2,0,0,0,,,,
s2delhi_r21_c21,sentinel2_delhi,S2C_43RGM_20260920_0_L2A,,21,21,EPSG:32643,753720.00,3143720.00,756280.00,3146280.00,77.6028,28.4066,row_band_4fold,2,0,0,0,,,,
s2delhi_r21_c22,sentinel2_delhi,S2C_43RGM_20260920_0_L2A,,21,22,EPSG:32643,756280.00,3143720.00,758840.00,3146280.00,77.629,28.4061,row_band_4fold,2,0,1,,,,,
s2delhi_r21_c23,sentinel2_delhi,S2C_43RGM_20260920_0_L2A,,21,23,EPSG:32643,758840.00,3143720.00,761400.00,3146280.00,77.6551,28.4056,row_band_4fold,2,0,0,0,,,,
s2delhi_r21_c24,sentinel2_delhi,S2C_43RGM_20260920_0_L2A,,21,24,EPSG:32643,761400.00,3143720.00,763960.00,3146280.00,77.6812,28.4051,row_band_4fold,2,0,0,0,,,,
s2delhi_r21_c25,sentinel2_delhi,S2C_43RGM_20260920_0_L2A,,21,25,EPSG:32643,763960.00,3143720.00,766520.00,3146280.00,77.7073,28.4045,row_band_4fold,2,0,0,0,,,,
s2delhi_r21_c26,sentinel2_delhi,S2C_43RGM_20260920_0_L2A,,21,26,EPSG:32643,766520.00,3143720.00,769080.00,3146280.00,77.7334,28.404,row_band_4fold,2,0,1,,,,,
s2delhi_r21_c27,sentinel2_delhi,S2C_43RGM_20260920_0_L2A,,21,27,EPSG:32643,769080.00,3143720.00,771640.00,3146280.00,77.7595,28.4035,row_band_4fold,2,0,1,,,,,
s2delhi_r21_c28,sentinel2_delhi,S2C_43RGM_20260920_0_L2A,,21,28,EPSG:32643,771640.00,3143720.00,774200.00,3146280.00,77.7856,28.403,row_band_4fold,2,0,1,,,,,
s2delhi_r21_c29,sentinel2_delhi,S2C_43RGM_20260920_0_L2A,,21,29,EPSG:32643,774200.00,3143720.00,776760.00,3146280.00,77.8117,28.4024,row_band_4fold,2,0,0,0,,,,
s2delhi_r21_c30,sentinel2_delhi,S2C_43RGM_20260920_0_L2A,,21,30,EPSG:32643,776760.00,3143720.00,779320.00,3146280.00,77.8378,28.4019,row_band_4fold,2,0,1,,,,,
s2delhi_r21_c31,sentinel2_delhi,S2C_43RGM_20260920_0_L2A,,21,31,EPSG:32643,779320.00,3143720.00,781880.00,3146280.00,77.8639,28.4013,row_band_4fold,2,0,1,,,,,
s2delhi_r21_c32,sentinel2_delhi,S2C_43RGM_20260920_0_L2A,,21,32,EPSG:32643,781880.00,3143720.00,784440.00,3146280.00,77.89,28.4008,row_band_4fold,2,0,1,0,,,,
s2delhi_r21_c33,sentinel2_delhi,S2C_43RGM_20260920_0_L2A,,21,33,EPSG:32643,784440.00,3143720.00,787000.00,3146280.00,77.9161,28.4002,row_band_4fold,2,0,1,,,,,
s2delhi_r21_c34,sentinel2_delhi,S2C_43RGM_20260920_0_L2A,,21,34,EPSG:32643,787000.00,3143720.00,789560.00,3146280.00,77.9422,28.3997,row_band_4fold,2,0,1,,,,,
s2delhi_r21_c35,sentinel2_delhi,S2C_43RGM_20260920_0_L2A,,21,35,EPSG:32643,789560.00,3143720.00,792120.00,3146280.00,77.9683,28.3991,row_band_4fold,2,0,0,0,,,,
s2delhi_r21_c36,sentinel2_delhi,S2C_43RGM_20260920_0_L2A,,21,36,EPSG:32643,792120.00,3143720.00,794680.00,3146280.00,77.9944,28.3985,row_band_4fold,2,0,0,0,,,,
s2delhi_r21_c37,sentinel2_delhi,S2C_43RGM_20260920_0_L2A,,21,37,EPSG:32643,794680.00,3143720.00,797240.00,3146280.00,78.0205,28.398,row_band_4fold,2,0,1,,,,,
s2delhi_r21_c38,sentinel2_delhi,S2C_43RGM_20260920_0_L2A,,21,38,EPSG:32643,797240.00,3143720.00,799800.00,3146280.00,78.0466,28.3974,row_band_4fold,2,0,1,,,,,
s2delhi_r21_c39,sentinel2_delhi,S2C_43RGM_20260920_0_L2A,,21,39,EPSG:32643,799800.00,3143720.00,802360.00,3146280.00,78.0727,28.3968,row_band_4fold,2,0,0,0,,,,
s2delhi_r21_c40,sentinel2_delhi,S2C_43RGM_20260920_0_L2A,,21,40,EPSG:32643,802360.00,3143720.00,804920.00,3146280.00,78.0988,28.3962,row_band_4fold,2,0,0,1,,,,
s2delhi_r21_c41,sentinel2_delhi,S2C_43RGM_20260920_0_L2A,,21,41,EPSG:32643,804920.00,3143720.00,807480.00,3146280.00,78.1249,28.3956,row_band_4fold,2,0,0,1,,,,
s2delhi_r22_c00,sentinel2_delhi,S2C_43RGM_20260920_0_L2A,LC09_L2SP_147040_20260921_02_T1,22,0,EPSG:32643,699960.00,3141160.00,702520.00,3143720.00,77.054,28.3929,row_band_4fold,2,1,1,,,308.842,313.351,4.50974
s2delhi_r22_c01,sentinel2_delhi,S2C_43RGM_20260920_0_L2A,LC09_L2SP_147040_20260921_02_T1,22,1,EPSG:32643,702520.00,3141160.00,705080.00,3143720.00,77.0801,28.3925,row_band_4fold,2,1,0,0,,310.196,318.578,8.38211
s2delhi_r22_c02,sentinel2_delhi,S2C_43RGM_20260920_0_L2A,LC09_L2SP_147040_20260921_02_T1,22,2,EPSG:32643,705080.00,3141160.00,707640.00,3143720.00,77.1062,28.3921,row_band_4fold,2,1,1,,,308.134,317.634,9.49911
s2delhi_r22_c03,sentinel2_delhi,S2C_43RGM_20260920_0_L2A,LC09_L2SP_147040_20260921_02_T1,22,3,EPSG:32643,707640.00,3141160.00,710200.00,3143720.00,77.1323,28.3917,row_band_4fold,2,1,0,0,,306.118,318.394,12.2753
s2delhi_r22_c04,sentinel2_delhi,S2C_43RGM_20260920_0_L2A,LC09_L2SP_147040_20260921_02_T1,22,4,EPSG:32643,710200.00,3141160.00,712760.00,3143720.00,77.1584,28.3913,row_band_4fold,2,1,1,,,307.776,320.026,12.2497
s2delhi_r22_c05,sentinel2_delhi,S2C_43RGM_20260920_0_L2A,LC09_L2SP_147040_20260921_02_T1,22,5,EPSG:32643,712760.00,3141160.00,715320.00,3143720.00,77.1846,28.3908,row_band_4fold,2,1,0,0,,308.486,319.366,10.88
s2delhi_r22_c06,sentinel2_delhi,S2C_43RGM_20260920_0_L2A,,22,6,EPSG:32643,715320.00,3141160.00,717880.00,3143720.00,77.2107,28.3904,row_band_4fold,2,0,1,,,,,
s2delhi_r22_c07,sentinel2_delhi,S2C_43RGM_20260920_0_L2A,,22,7,EPSG:32643,717880.00,3141160.00,720440.00,3143720.00,77.2368,28.39,row_band_4fold,2,0,1,,,,,
s2delhi_r22_c08,sentinel2_delhi,S2C_43RGM_20260920_0_L2A,,22,8,EPSG:32643,720440.00,3141160.00,723000.00,3143720.00,77.2629,28.3896,row_band_4fold,2,0,1,,,,,
s2delhi_r22_c09,sentinel2_delhi,S2C_43RGM_20260920_0_L2A,,22,9,EPSG:32643,723000.00,3141160.00,725560.00,3143720.00,77.289,28.3891,row_band_4fold,2,0,1,,,,,
s2delhi_r22_c10,sentinel2_delhi,S2C_43RGM_20260920_0_L2A,,22,10,EPSG:32643,725560.00,3141160.00,728120.00,3143720.00,77.3151,28.3887,row_band_4fold,2,0,1,,,,,
s2delhi_r22_c11,sentinel2_delhi,S2C_43RGM_20260920_0_L2A,,22,11,EPSG:32643,728120.00,3141160.00,730680.00,3143720.00,77.3412,28.3882,row_band_4fold,2,0,1,,,,,
s2delhi_r22_c12,sentinel2_delhi,S2C_43RGM_20260920_0_L2A,,22,12,EPSG:32643,730680.00,3141160.00,733240.00,3143720.00,77.3673,28.3878,row_band_4fold,2,0,0,0,,,,
s2delhi_r22_c13,sentinel2_delhi,S2C_43RGM_20260920_0_L2A,,22,13,EPSG:32643,733240.00,3141160.00,735800.00,3143720.00,77.3934,28.3873,row_band_4fold,2,0,0,0,,,,
s2delhi_r22_c14,sentinel2_delhi,S2C_43RGM_20260920_0_L2A,,22,14,EPSG:32643,735800.00,3141160.00,738360.00,3143720.00,77.4195,28.3869,row_band_4fold,2,0,0,0,,,,
s2delhi_r22_c15,sentinel2_delhi,S2C_43RGM_20260920_0_L2A,,22,15,EPSG:32643,738360.00,3141160.00,740920.00,3143720.00,77.4457,28.3864,row_band_4fold,2,0,0,0,,,,
s2delhi_r22_c16,sentinel2_delhi,S2C_43RGM_20260920_0_L2A,,22,16,EPSG:32643,740920.00,3141160.00,743480.00,3143720.00,77.4718,28.3859,row_band_4fold,2,0,0,,,,,
s2delhi_r22_c17,sentinel2_delhi,S2C_43RGM_20260920_0_L2A,,22,17,EPSG:32643,743480.00,3141160.00,746040.00,3143720.00,77.4979,28.3855,row_band_4fold,2,0,1,,,,,
s2delhi_r22_c18,sentinel2_delhi,S2C_43RGM_20260920_0_L2A,,22,18,EPSG:32643,746040.00,3141160.00,748600.00,3143720.00,77.524,28.385,row_band_4fold,2,0,1,0,,,,
s2delhi_r22_c19,sentinel2_delhi,S2C_43RGM_20260920_0_L2A,,22,19,EPSG:32643,748600.00,3141160.00,751160.00,3143720.00,77.5501,28.3845,row_band_4fold,2,0,0,0,,,,
s2delhi_r22_c20,sentinel2_delhi,S2C_43RGM_20260920_0_L2A,,22,20,EPSG:32643,751160.00,3141160.00,753720.00,3143720.00,77.5762,28.384,row_band_4fold,2,0,0,0,,,,
s2delhi_r22_c21,sentinel2_delhi,S2C_43RGM_20260920_0_L2A,,22,21,EPSG:32643,753720.00,3141160.00,756280.00,3143720.00,77.6023,28.3835,row_band_4fold,2,0,1,,,,,
s2delhi_r22_c22,sentinel2_delhi,S2C_43RGM_20260920_0_L2A,,22,22,EPSG:32643,756280.00,3141160.00,758840.00,3143720.00,77.6284,28.383,row_band_4fold,2,0,1,,,,,
s2delhi_r22_c23,sentinel2_delhi,S2C_43RGM_20260920_0_L2A,,22,23,EPSG:32643,758840.00,3141160.00,761400.00,3143720.00,77.6545,28.3825,row_band_4fold,2,0,0,0,,,,
s2delhi_r22_c24,sentinel2_delhi,S2C_43RGM_20260920_0_L2A,,22,24,EPSG:32643,761400.00,3141160.00,763960.00,3143720.00,77.6806,28.382,row_band_4fold,2,0,0,0,,,,
s2delhi_r22_c25,sentinel2_delhi,S2C_43RGM_20260920_0_L2A,,22,25,EPSG:32643,763960.00,3141160.00,766520.00,3143720.00,77.7067,28.3815,row_band_4fold,2,0,1,,,,,
s2delhi_r22_c26,sentinel2_delhi,S2C_43RGM_20260920_0_L2A,,22,26,EPSG:32643,766520.00,3141160.00,769080.00,3143720.00,77.7328,28.3809,row_band_4fold,2,0,0,0,,,,
s2delhi_r22_c27,sentinel2_delhi,S2C_43RGM_20260920_0_L2A,,22,27,EPSG:32643,769080.00,3141160.00,771640.00,3143720.00,77.7589,28.3804,row_band_4fold,2,0,0,0,,,,
s2delhi_r22_c28,sentinel2_delhi,S2C_43RGM_20260920_0_L2A,,22,28,EPSG:32643,771640.00,3141160.00,774200.00,3143720.00,77.785,28.3799,row_band_4fold,2,0,0,0,,,,
s2delhi_r22_c29,sentinel2_delhi,S2C_43RGM_20260920_0_L2A,,22,29,EPSG:32643,774200.00,3141160.00,776760.00,3143720.00,77.8111,28.3794,row_band_4fold,2,0,0,,,,,
s2delhi_r22_c30,sentinel2_delhi,S2C_43RGM_20260920_0_L2A,,22,30,EPSG:32643,776760.00,3141160.00,779320.00,3143720.00,77.8372,28.3788,row_band_4fold,2,0,1,,,,,
s2delhi_r22_c31,sentinel2_delhi,S2C_43RGM_20260920_0_L2A,,22,31,EPSG:32643,779320.00,3141160.00,781880.00,3143720.00,77.8633,28.3783,row_band_4fold,2,0,1,,,,,
s2delhi_r22_c32,sentinel2_delhi,S2C_43RGM_20260920_0_L2A,,22,32,EPSG:32643,781880.00,3141160.00,784440.00,3143720.00,77.8894,28.3777,row_band_4fold,2,0,1,,,,,
s2delhi_r22_c33,sentinel2_delhi,S2C_43RGM_20260920_0_L2A,,22,33,EPSG:32643,784440.00,3141160.00,787000.00,3143720.00,77.9155,28.3772,row_band_4fold,2,0,1,,,,,
s2delhi_r22_c34,sentinel2_delhi,S2C_43RGM_20260920_0_L2A,,22,34,EPSG:32643,787000.00,3141160.00,789560.00,3143720.00,77.9416,28.3766,row_band_4fold,2,0,1,,,,,
s2delhi_r22_c35,sentinel2_delhi,S2C_43RGM_20260920_0_L2A,,22,35,EPSG:32643,789560.00,3141160.00,792120.00,3143720.00,77.9677,28.376,row_band_4fold,2,0,0,,,,,
s2delhi_r22_c36,sentinel2_delhi,S2C_43RGM_20260920_0_L2A,,22,36,EPSG:32643,792120.00,3141160.00,794680.00,3143720.00,77.9937,28.3755,row_band_4fold,2,0,0,,,,,
s2delhi_r22_c37,sentinel2_delhi,S2C_43RGM_20260920_0_L2A,,22,37,EPSG:32643,794680.00,3141160.00,797240.00,3143720.00,78.0198,28.3749,row_band_4fold,2,0,1,,,,,
s2delhi_r22_c38,sentinel2_delhi,S2C_43RGM_20260920_0_L2A,,22,38,EPSG:32643,797240.00,3141160.00,799800.00,3143720.00,78.0459,28.3743,row_band_4fold,2,0,0,0,,,,
s2delhi_r22_c39,sentinel2_delhi,S2C_43RGM_20260920_0_L2A,,22,39,EPSG:32643,799800.00,3141160.00,802360.00,3143720.00,78.072,28.3737,row_band_4fold,2,0,1,,,,,
s2delhi_r22_c40,sentinel2_delhi,S2C_43RGM_20260920_0_L2A,,22,40,EPSG:32643,802360.00,3141160.00,804920.00,3143720.00,78.0981,28.3731,row_band_4fold,2,0,0,1,,,,
s2delhi_r22_c41,sentinel2_delhi,S2C_43RGM_20260920_0_L2A,,22,41,EPSG:32643,804920.00,3141160.00,807480.00,3143720.00,78.1242,28.3725,row_band_4fold,2,0,0,1,,,,
s2delhi_r23_c00,sentinel2_delhi,S2C_43RGM_20260920_0_L2A,LC09_L2SP_147040_20260921_02_T1,23,0,EPSG:32643,699960.00,3138600.00,702520.00,3141160.00,77.0535,28.3698,row_band_4fold,2,1,1,,,309.47,320.138,10.6686
s2delhi_r23_c01,sentinel2_delhi,S2C_43RGM_20260920_0_L2A,LC09_L2SP_147040_20260921_02_T1,23,1,EPSG:32643,702520.00,3138600.00,705080.00,3141160.00,77.0797,28.3694,row_band_4fold,2,1,0,0,,310.992,316.979,5.98743
s2delhi_r23_c02,sentinel2_delhi,S2C_43RGM_20260920_0_L2A,LC09_L2SP_147040_20260921_02_T1,23,2,EPSG:32643,705080.00,3138600.00,707640.00,3141160.00,77.1058,28.369,row_band_4fold,2,1,0,0,,308.241,316.799,8.5574
s2delhi_r23_c03,sentinel2_delhi,S2C_43RGM_20260920_0_L2A,LC09_L2SP_147040_20260921_02_T1,23,3,EPSG:32643,707640.00,3138600.00,710200.00,3141160.00,77.1319,28.3686,row_band_4fold,2,1,0,0,,305.718,310.871,5.15289
s2delhi_r23_c04,sentinel2_delhi,S2C_43RGM_20260920_0_L2A,LC09_L2SP_147040_20260921_02_T1,23,4,EPSG:32643,710200.00,3138600.00,712760.00,3141160.00,77.158,28.3682,row_band_4fold,2,1,0,0,,308.222,315.511,7.28958
s2delhi_r23_c05,sentinel2_delhi,S2C_43RGM_20260920_0_L2A,LC09_L2SP_147040_20260921_02_T1,23,5,EPSG:32643,712760.00,3138600.00,715320.00,3141160.00,77.1841,28.3678,row_band_4fold,2,1,0,,,309.037,323.682,14.6454
s2delhi_r23_c06,sentinel2_delhi,S2C_43RGM_20260920_0_L2A,,23,6,EPSG:32643,715320.00,3138600.00,717880.00,3141160.00,77.2102,28.3673,row_band_4fold,2,0,0,0,,,,
s2delhi_r23_c07,sentinel2_delhi,S2C_43RGM_20260920_0_L2A,,23,7,EPSG:32643,717880.00,3138600.00,720440.00,3141160.00,77.2363,28.3669,row_band_4fold,2,0,1,,,,,
s2delhi_r23_c08,sentinel2_delhi,S2C_43RGM_20260920_0_L2A,,23,8,EPSG:32643,720440.00,3138600.00,723000.00,3141160.00,77.2624,28.3665,row_band_4fold,2,0,1,,,,,
s2delhi_r23_c09,sentinel2_delhi,S2C_43RGM_20260920_0_L2A,,23,9,EPSG:32643,723000.00,3138600.00,725560.00,3141160.00,77.2885,28.366,row_band_4fold,2,0,1,,,,,
s2delhi_r23_c10,sentinel2_delhi,S2C_43RGM_20260920_0_L2A,,23,10,EPSG:32643,725560.00,3138600.00,728120.00,3141160.00,77.3146,28.3656,row_band_4fold,2,0,1,0,,,,
s2delhi_r23_c11,sentinel2_delhi,S2C_43RGM_20260920_0_L2A,,23,11,EPSG:32643,728120.00,3138600.00,730680.00,3141160.00,77.3407,28.3652,row_band_4fold,2,0,0,0,,,,
s2delhi_r23_c12,sentinel2_delhi,S2C_43RGM_20260920_0_L2A,,23,12,EPSG:32643,730680.00,3138600.00,733240.00,3141160.00,77.3668,28.3647,row_band_4fold,2,0,0,0,,,,
s2delhi_r23_c13,sentinel2_delhi,S2C_43RGM_20260920_0_L2A,,23,13,EPSG:32643,733240.00,3138600.00,735800.00,3141160.00,77.3929,28.3642,row_band_4fold,2,0,0,0,,,,
s2delhi_r23_c14,sentinel2_delhi,S2C_43RGM_20260920_0_L2A,,23,14,EPSG:32643,735800.00,3138600.00,738360.00,3141160.00,77.419,28.3638,row_band_4fold,2,0,0,0,,,,
s2delhi_r23_c15,sentinel2_delhi,S2C_43RGM_20260920_0_L2A,,23,15,EPSG:32643,738360.00,3138600.00,740920.00,3141160.00,77.4451,28.3633,row_band_4fold,2,0,0,,,,,
s2delhi_r23_c16,sentinel2_delhi,S2C_43RGM_20260920_0_L2A,,23,16,EPSG:32643,740920.00,3138600.00,743480.00,3141160.00,77.4712,28.3628,row_band_4fold,2,0,1,0,,,,
s2delhi_r23_c17,sentinel2_delhi,S2C_43RGM_20260920_0_L2A,,23,17,EPSG:32643,743480.00,3138600.00,746040.00,3141160.00,77.4973,28.3624,row_band_4fold,2,0,0,0,,,,
s2delhi_r23_c18,sentinel2_delhi,S2C_43RGM_20260920_0_L2A,,23,18,EPSG:32643,746040.00,3138600.00,748600.00,3141160.00,77.5234,28.3619,row_band_4fold,2,0,1,,,,,
s2delhi_r23_c19,sentinel2_delhi,S2C_43RGM_20260920_0_L2A,,23,19,EPSG:32643,748600.00,3138600.00,751160.00,3141160.00,77.5495,28.3614,row_band_4fold,2,0,0,0,,,,
s2delhi_r23_c20,sentinel2_delhi,S2C_43RGM_20260920_0_L2A,,23,20,EPSG:32643,751160.00,3138600.00,753720.00,3141160.00,77.5756,28.3609,row_band_4fold,2,0,0,0,,,,
s2delhi_r23_c21,sentinel2_delhi,S2C_43RGM_20260920_0_L2A,,23,21,EPSG:32643,753720.00,3138600.00,756280.00,3141160.00,77.6017,28.3604,row_band_4fold,2,0,1,,,,,
s2delhi_r23_c22,sentinel2_delhi,S2C_43RGM_20260920_0_L2A,,23,22,EPSG:32643,756280.00,3138600.00,758840.00,3141160.00,77.6278,28.3599,row_band_4fold,2,0,0,0,,,,
s2delhi_r23_c23,sentinel2_delhi,S2C_43RGM_20260920_0_L2A,,23,23,EPSG:32643,758840.00,3138600.00,761400.00,3141160.00,77.6539,28.3594,row_band_4fold,2,0,1,,,,,
s2delhi_r23_c24,sentinel2_delhi,S2C_43RGM_20260920_0_L2A,,23,24,EPSG:32643,761400.00,3138600.00,763960.00,3141160.00,77.68,28.3589,row_band_4fold,2,0,0,0,,,,
s2delhi_r23_c25,sentinel2_delhi,S2C_43RGM_20260920_0_L2A,,23,25,EPSG:32643,763960.00,3138600.00,766520.00,3141160.00,77.7061,28.3584,row_band_4fold,2,0,1,,,,,
s2delhi_r23_c26,sentinel2_delhi,S2C_43RGM_20260920_0_L2A,,23,26,EPSG:32643,766520.00,3138600.00,769080.00,3141160.00,77.7322,28.3579,row_band_4fold,2,0,1,,,,,
s2delhi_r23_c27,sentinel2_delhi,S2C_43RGM_20260920_0_L2A,,23,27,EPSG:32643,769080.00,3138600.00,771640.00,3141160.00,77.7583,28.3573,row_band_4fold,2,0,1,,,,,
s2delhi_r23_c28,sentinel2_delhi,S2C_43RGM_20260920_0_L2A,,23,28,EPSG:32643,771640.00,3138600.00,774200.00,3141160.00,77.7844,28.3568,row_band_4fold,2,0,0,0,,,,
s2delhi_r23_c29,sentinel2_delhi,S2C_43RGM_20260920_0_L2A,,23,29,EPSG:32643,774200.00,3138600.00,776760.00,3141160.00,77.8105,28.3563,row_band_4fold,2,0,1,,,,,
s2delhi_r23_c30,sentinel2_delhi,S2C_43RGM_20260920_0_L2A,,23,30,EPSG:32643,776760.00,3138600.00,779320.00,3141160.00,77.8366,28.3557,row_band_4fold,2,0,1,,,,,
s2delhi_r23_c31,sentinel2_delhi,S2C_43RGM_20260920_0_L2A,,23,31,EPSG:32643,779320.00,3138600.00,781880.00,3141160.00,77.8627,28.3552,row_band_4fold,2,0,1,,,,,
s2delhi_r23_c32,sentinel2_delhi,S2C_43RGM_20260920_0_L2A,,23,32,EPSG:32643,781880.00,3138600.00,784440.00,3141160.00,77.8887,28.3546,row_band_4fold,2,0,1,0,,,,
s2delhi_r23_c33,sentinel2_delhi,S2C_43RGM_20260920_0_L2A,,23,33,EPSG:32643,784440.00,3138600.00,787000.00,3141160.00,77.9148,28.3541,row_band_4fold,2,0,1,,,,,
s2delhi_r23_c34,sentinel2_delhi,S2C_43RGM_20260920_0_L2A,,23,34,EPSG:32643,787000.00,3138600.00,789560.00,3141160.00,77.9409,28.3535,row_band_4fold,2,0,1,,,,,
s2delhi_r23_c35,sentinel2_delhi,S2C_43RGM_20260920_0_L2A,,23,35,EPSG:32643,789560.00,3138600.00,792120.00,3141160.00,77.967,28.353,row_band_4fold,2,0,1,,,,,
s2delhi_r23_c36,sentinel2_delhi,S2C_43RGM_20260920_0_L2A,,23,36,EPSG:32643,792120.00,3138600.00,794680.00,3141160.00,77.9931,28.3524,row_band_4fold,2,0,1,,,,,
s2delhi_r23_c37,sentinel2_delhi,S2C_43RGM_20260920_0_L2A,,23,37,EPSG:32643,794680.00,3138600.00,797240.00,3141160.00,78.0192,28.3518,row_band_4fold,2,0,0,1,,,,
s2delhi_r23_c38,sentinel2_delhi,S2C_43RGM_20260920_0_L2A,,23,38,EPSG:32643,797240.00,3138600.00,799800.00,3141160.00,78.0453,28.3512,row_band_4fold,2,0,0,1,,,,
s2delhi_r23_c39,sentinel2_delhi,S2C_43RGM_20260920_0_L2A,,23,39,EPSG:32643,799800.00,3138600.00,802360.00,3141160.00,78.0714,28.3506,row_band_4fold,2,0,0,,,,,
s2delhi_r23_c40,sentinel2_delhi,S2C_43RGM_20260920_0_L2A,,23,40,EPSG:32643,802360.00,3138600.00,804920.00,3141160.00,78.0974,28.35,row_band_4fold,2,0,0,1,,,,
s2delhi_r23_c41,sentinel2_delhi,S2C_43RGM_20260920_0_L2A,,23,41,EPSG:32643,804920.00,3138600.00,807480.00,3141160.00,78.1235,28.3495,row_band_4fold,2,0,0,1,,,,
s2delhi_r24_c00,sentinel2_delhi,S2C_43RGM_20260920_0_L2A,LC09_L2SP_147040_20260921_02_T1,24,0,EPSG:32643,699960.00,3136040.00,702520.00,3138600.00,77.0531,28.3467,row_band_4fold,2,1,1,,,306.792,318.22,11.4288
s2delhi_r24_c01,sentinel2_delhi,S2C_43RGM_20260920_0_L2A,LC09_L2SP_147040_20260921_02_T1,24,1,EPSG:32643,702520.00,3136040.00,705080.00,3138600.00,77.0792,28.3463,row_band_4fold,2,1,0,0,,309.949,320.896,10.9472
s2delhi_r24_c02,sentinel2_delhi,S2C_43RGM_20260920_0_L2A,LC09_L2SP_147040_20260921_02_T1,24,2,EPSG:32643,705080.00,3136040.00,707640.00,3138600.00,77.1053,28.3459,row_band_4fold,2,1,0,0,,308.844,317.782,8.93771
s2delhi_r24_c03,sentinel2_delhi,S2C_43RGM_20260920_0_L2A,LC09_L2SP_147040_20260921_02_T1,24,3,EPSG:32643,707640.00,3136040.00,710200.00,3138600.00,77.1314,28.3455,row_band_4fold,2,1,0,,,307.348,310.283,2.935
s2delhi_r24_c04,sentinel2_delhi,S2C_43RGM_20260920_0_L2A,LC09_L2SP_147040_20260921_02_T1,24,4,EPSG:32643,710200.00,3136040.00,712760.00,3138600.00,77.1575,28.3451,row_band_4fold,2,1,0,0,,309.63,314.4,4.7699
s2delhi_r24_c05,sentinel2_delhi,S2C_43RGM_20260920_0_L2A,LC09_L2SP_147040_20260921_02_T1,24,5,EPSG:32643,712760.00,3136040.00,715320.00,3138600.00,77.1836,28.3447,row_band_4fold,2,1,1,,,310.508,323.178,12.6705
s2delhi_r24_c06,sentinel2_delhi,S2C_43RGM_20260920_0_L2A,,24,6,EPSG:32643,715320.00,3136040.00,717880.00,3138600.00,77.2097,28.3442,row_band_4fold,2,0,1,,,,,
s2delhi_r24_c07,sentinel2_delhi,S2C_43RGM_20260920_0_L2A,,24,7,EPSG:32643,717880.00,3136040.00,720440.00,3138600.00,77.2358,28.3438,row_band_4fold,2,0,1,,,,,
s2delhi_r24_c08,sentinel2_delhi,S2C_43RGM_20260920_0_L2A,,24,8,EPSG:32643,720440.00,3136040.00,723000.00,3138600.00,77.2619,28.3434,row_band_4fold,2,0,1,,,,,
s2delhi_r24_c09,sentinel2_delhi,S2C_43RGM_20260920_0_L2A,,24,9,EPSG:32643,723000.00,3136040.00,725560.00,3138600.00,77.288,28.3429,row_band_4fold,2,0,1,,,,,
s2delhi_r24_c10,sentinel2_delhi,S2C_43RGM_20260920_0_L2A,,24,10,EPSG:32643,725560.00,3136040.00,728120.00,3138600.00,77.3141,28.3425,row_band_4fold,2,0,1,,,,,
s2delhi_r24_c11,sentinel2_delhi,S2C_43RGM_20260920_0_L2A,,24,11,EPSG:32643,728120.00,3136040.00,730680.00,3138600.00,77.3402,28.3421,row_band_4fold,2,0,1,,,,,
s2delhi_r24_c12,sentinel2_delhi,S2C_43RGM_20260920_0_L2A,,24,12,EPSG:32643,730680.00,3136040.00,733240.00,3138600.00,77.3663,28.3416,row_band_4fold,2,0,0,0,,,,
s2delhi_r24_c13,sentinel2_delhi,S2C_43RGM_20260920_0_L2A,,24,13,EPSG:32643,733240.00,3136040.00,735800.00,3138600.00,77.3924,28.3412,row_band_4fold,2,0,0,0,,,,
s2delhi_r24_c14,sentinel2_delhi,S2C_43RGM_20260920_0_L2A,,24,14,EPSG:32643,735800.00,3136040.00,738360.00,3138600.00,77.4185,28.3407,row_band_4fold,2,0,0,0,,,,
s2delhi_r24_c15,sentinel2_delhi,S2C_43RGM_20260920_0_L2A,,24,15,EPSG:32643,738360.00,3136040.00,740920.00,3138600.00,77.4446,28.3402,row_band_4fold,2,0,0,0,,,,
s2delhi_r24_c16,sentinel2_delhi,S2C_43RGM_20260920_0_L2A,,24,16,EPSG:32643,740920.00,3136040.00,743480.00,3138600.00,77.4707,28.3398,row_band_4fold,2,0,0,0,,,,
s2delhi_r24_c17,sentinel2_delhi,S2C_43RGM_20260920_0_L2A,,24,17,EPSG:32643,743480.00,3136040.00,746040.00,3138600.00,77.4968,28.3393,row_band_4fold,2,0,1,,,,,
s2delhi_r24_c18,sentinel2_delhi,S2C_43RGM_20260920_0_L2A,,24,18,EPSG:32643,746040.00,3136040.00,748600.00,3138600.00,77.5229,28.3388,row_band_4fold,2,0,1,,,,,
s2delhi_r24_c19,sentinel2_delhi,S2C_43RGM_20260920_0_L2A,,24,19,EPSG:32643,748600.00,3136040.00,751160.00,3138600.00,77.549,28.3383,row_band_4fold,2,0,1,,,,,
s2delhi_r24_c20,sentinel2_delhi,S2C_43RGM_20260920_0_L2A,,24,20,EPSG:32643,751160.00,3136040.00,753720.00,3138600.00,77.5751,28.3378,row_band_4fold,2,0,1,,,,,
s2delhi_r24_c21,sentinel2_delhi,S2C_43RGM_20260920_0_L2A,,24,21,EPSG:32643,753720.00,3136040.00,756280.00,3138600.00,77.6012,28.3373,row_band_4fold,2,0,1,,,,,
s2delhi_r24_c22,sentinel2_delhi,S2C_43RGM_20260920_0_L2A,,24,22,EPSG:32643,756280.00,3136040.00,758840.00,3138600.00,77.6272,28.3368,row_band_4fold,2,0,0,,,,,
s2delhi_r24_c23,sentinel2_delhi,S2C_43RGM_20260920_0_L2A,,24,23,EPSG:32643,758840.00,3136040.00,761400.00,3138600.00,77.6533,28.3363,row_band_4fold,2,0,1,,,,,
s2delhi_r24_c24,sentinel2_delhi,S2C_43RGM_20260920_0_L2A,,24,24,EPSG:32643,761400.00,3136040.00,763960.00,3138600.00,77.6794,28.3358,row_band_4fold,2,0,1,,,,,
s2delhi_r24_c25,sentinel2_delhi,S2C_43RGM_20260920_0_L2A,,24,25,EPSG:32643,763960.00,3136040.00,766520.00,3138600.00,77.7055,28.3353,row_band_4fold,2,0,1,,,,,
s2delhi_r24_c26,sentinel2_delhi,S2C_43RGM_20260920_0_L2A,,24,26,EPSG:32643,766520.00,3136040.00,769080.00,3138600.00,77.7316,28.3348,row_band_4fold,2,0,1,,,,,
s2delhi_r24_c27,sentinel2_delhi,S2C_43RGM_20260920_0_L2A,,24,27,EPSG:32643,769080.00,3136040.00,771640.00,3138600.00,77.7577,28.3343,row_band_4fold,2,0,1,,,,,
s2delhi_r24_c28,sentinel2_delhi,S2C_43RGM_20260920_0_L2A,,24,28,EPSG:32643,771640.00,3136040.00,774200.00,3138600.00,77.7838,28.3337,row_band_4fold,2,0,0,,,,,
s2delhi_r24_c29,sentinel2_delhi,S2C_43RGM_20260920_0_L2A,,24,29,EPSG:32643,774200.00,3136040.00,776760.00,3138600.00,77.8099,28.3332,row_band_4fold,2,0,0,0,,,,
s2delhi_r24_c30,sentinel2_delhi,S2C_43RGM_20260920_0_L2A,,24,30,EPSG:32643,776760.00,3136040.00,779320.00,3138600.00,77.836,28.3327,row_band_4fold,2,0,1,,,,,
s2delhi_r24_c31,sentinel2_delhi,S2C_43RGM_20260920_0_L2A,,24,31,EPSG:32643,779320.00,3136040.00,781880.00,3138600.00,77.862,28.3321,row_band_4fold,2,0,1,,,,,
s2delhi_r24_c32,sentinel2_delhi,S2C_43RGM_20260920_0_L2A,,24,32,EPSG:32643,781880.00,3136040.00,784440.00,3138600.00,77.8881,28.3316,row_band_4fold,2,0,0,,,,,
s2delhi_r24_c33,sentinel2_delhi,S2C_43RGM_20260920_0_L2A,,24,33,EPSG:32643,784440.00,3136040.00,787000.00,3138600.00,77.9142,28.331,row_band_4fold,2,0,0,,,,,
s2delhi_r24_c34,sentinel2_delhi,S2C_43RGM_20260920_0_L2A,,24,34,EPSG:32643,787000.00,3136040.00,789560.00,3138600.00,77.9403,28.3304,row_band_4fold,2,0,0,,,,,
s2delhi_r24_c35,sentinel2_delhi,S2C_43RGM_20260920_0_L2A,,24,35,EPSG:32643,789560.00,3136040.00,792120.00,3138600.00,77.9664,28.3299,row_band_4fold,2,0,1,,,,,
s2delhi_r24_c36,sentinel2_delhi,S2C_43RGM_20260920_0_L2A,,24,36,EPSG:32643,792120.00,3136040.00,794680.00,3138600.00,77.9925,28.3293,row_band_4fold,2,0,0,0,,,,
s2delhi_r24_c37,sentinel2_delhi,S2C_43RGM_20260920_0_L2A,,24,37,EPSG:32643,794680.00,3136040.00,797240.00,3138600.00,78.0185,28.3287,row_band_4fold,2,0,0,1,,,,
s2delhi_r24_c38,sentinel2_delhi,S2C_43RGM_20260920_0_L2A,,24,38,EPSG:32643,797240.00,3136040.00,799800.00,3138600.00,78.0446,28.3281,row_band_4fold,2,0,0,1,,,,
s2delhi_r24_c39,sentinel2_delhi,S2C_43RGM_20260920_0_L2A,,24,39,EPSG:32643,799800.00,3136040.00,802360.00,3138600.00,78.0707,28.3276,row_band_4fold,2,0,0,1,,,,
s2delhi_r24_c40,sentinel2_delhi,S2C_43RGM_20260920_0_L2A,,24,40,EPSG:32643,802360.00,3136040.00,804920.00,3138600.00,78.0968,28.327,row_band_4fold,2,0,0,1,,,,
s2delhi_r24_c41,sentinel2_delhi,S2C_43RGM_20260920_0_L2A,,24,41,EPSG:32643,804920.00,3136040.00,807480.00,3138600.00,78.1228,28.3264,row_band_4fold,2,0,0,1,,,,
s2delhi_r25_c00,sentinel2_delhi,S2C_43RGM_20260920_0_L2A,LC09_L2SP_147040_20260921_02_T1,25,0,EPSG:32643,699960.00,3133480.00,702520.00,3136040.00,77.0527,28.3236,row_band_4fold,2,1,0,,,304.576,315.876,11.2994
s2delhi_r25_c01,sentinel2_delhi,S2C_43RGM_20260920_0_L2A,LC09_L2SP_147040_20260921_02_T1,25,1,EPSG:32643,702520.00,3133480.00,705080.00,3136040.00,77.0788,28.3232,row_band_4fold,2,1,1,,,312.405,325.292,12.8869
s2delhi_r25_c02,sentinel2_delhi,S2C_43RGM_20260920_0_L2A,LC09_L2SP_147040_20260921_02_T1,25,2,EPSG:32643,705080.00,3133480.00,707640.00,3136040.00,77.1049,28.3228,row_band_4fold,2,1,1,,,314.973,326.31,11.3372
s2delhi_r25_c03,sentinel2_delhi,S2C_43RGM_20260920_0_L2A,LC09_L2SP_147040_20260921_02_T1,25,3,EPSG:32643,707640.00,3133480.00,710200.00,3136040.00,77.1309,28.3224,row_band_4fold,2,1,0,,,306.674,310.952,4.27753
s2delhi_r25_c04,sentinel2_delhi,S2C_43RGM_20260920_0_L2A,LC09_L2SP_147040_20260921_02_T1,25,4,EPSG:32643,710200.00,3133480.00,712760.00,3136040.00,77.157,28.322,row_band_4fold,2,1,1,,,308.305,313.625,5.3201
s2delhi_r25_c05,sentinel2_delhi,S2C_43RGM_20260920_0_L2A,LC09_L2SP_147040_20260921_02_T1,25,5,EPSG:32643,712760.00,3133480.00,715320.00,3136040.00,77.1831,28.3216,row_band_4fold,2,1,1,,,314.306,321.542,7.23553
s2delhi_r25_c06,sentinel2_delhi,S2C_43RGM_20260920_0_L2A,,25,6,EPSG:32643,715320.00,3133480.00,717880.00,3136040.00,77.2092,28.3211,row_band_4fold,2,0,1,,,,,
s2delhi_r25_c07,sentinel2_delhi,S2C_43RGM_20260920_0_L2A,,25,7,EPSG:32643,717880.00,3133480.00,720440.00,3136040.00,77.2353,28.3207,row_band_4fold,2,0,1,,,,,
s2delhi_r25_c08,sentinel2_delhi,S2C_43RGM_20260920_0_L2A,,25,8,EPSG:32643,720440.00,3133480.00,723000.00,3136040.00,77.2614,28.3203,row_band_4fold,2,0,1,,,,,
s2delhi_r25_c09,sentinel2_delhi,S2C_43RGM_20260920_0_L2A,,25,9,EPSG:32643,723000.00,3133480.00,725560.00,3136040.00,77.2875,28.3199,row_band_4fold,2,0,1,,,,,
s2delhi_r25_c10,sentinel2_delhi,S2C_43RGM_20260920_0_L2A,,25,10,EPSG:32643,725560.00,3133480.00,728120.00,3136040.00,77.3136,28.3194,row_band_4fold,2,0,1,0,,,,
s2delhi_r25_c11,sentinel2_delhi,S2C_43RGM_20260920_0_L2A,,25,11,EPSG:32643,728120.00,3133480.00,730680.00,3136040.00,77.3397,28.319,row_band_4fold,2,0,1,,,,,
s2delhi_r25_c12,sentinel2_delhi,S2C_43RGM_20260920_0_L2A,,25,12,EPSG:32643,730680.00,3133480.00,733240.00,3136040.00,77.3658,28.3185,row_band_4fold,2,0,0,0,,,,
s2delhi_r25_c13,sentinel2_delhi,S2C_43RGM_20260920_0_L2A,,25,13,EPSG:32643,733240.00,3133480.00,735800.00,3136040.00,77.3919,28.3181,row_band_4fold,2,0,0,0,,,,
s2delhi_r25_c14,sentinel2_delhi,S2C_43RGM_20260920_0_L2A,,25,14,EPSG:32643,735800.00,3133480.00,738360.00,3136040.00,77.418,28.3176,row_band_4fold,2,0,1,,,,,
s2delhi_r25_c15,sentinel2_delhi,S2C_43RGM_20260920_0_L2A,,25,15,EPSG:32643,738360.00,3133480.00,740920.00,3136040.00,77.4441,28.3171,row_band_4fold,2,0,1,0,,,,
s2delhi_r25_c16,sentinel2_delhi,S2C_43RGM_20260920_0_L2A,,25,16,EPSG:32643,740920.00,3133480.00,743480.00,3136040.00,77.4702,28.3167,row_band_4fold,2,0,0,0,,,,
s2delhi_r25_c17,sentinel2_delhi,S2C_43RGM_20260920_0_L2A,,25,17,EPSG:32643,743480.00,3133480.00,746040.00,3136040.00,77.4962,28.3162,row_band_4fold,2,0,1,,,,,
s2delhi_r25_c18,sentinel2_delhi,S2C_43RGM_20260920_0_L2A,,25,18,EPSG:32643,746040.00,3133480.00,748600.00,3136040.00,77.5223,28.3157,row_band_4fold,2,0,0,,,,,
s2delhi_r25_c19,sentinel2_delhi,S2C_43RGM_20260920_0_L2A,,25,19,EPSG:32643,748600.00,3133480.00,751160.00,3136040.00,77.5484,28.3152,row_band_4fold,2,0,1,,,,,
s2delhi_r25_c20,sentinel2_delhi,S2C_43RGM_20260920_0_L2A,,25,20,EPSG:32643,751160.00,3133480.00,753720.00,3136040.00,77.5745,28.3147,row_band_4fold,2,0,0,0,,,,
s2delhi_r25_c21,sentinel2_delhi,S2C_43RGM_20260920_0_L2A,,25,21,EPSG:32643,753720.00,3133480.00,756280.00,3136040.00,77.6006,28.3142,row_band_4fold,2,0,0,0,,,,
s2delhi_r25_c22,sentinel2_delhi,S2C_43RGM_20260920_0_L2A,,25,22,EPSG:32643,756280.00,3133480.00,758840.00,3136040.00,77.6267,28.3137,row_band_4fold,2,0,1,,,,,
s2delhi_r25_c23,sentinel2_delhi,S2C_43RGM_20260920_0_L2A,,25,23,EPSG:32643,758840.00,3133480.00,761400.00,3136040.00,77.6528,28.3132,row_band_4fold,2,0,1,,,,,
s2delhi_r25_c24,sentinel2_delhi,S2C_43RGM_20260920_0_L2A,,25,24,EPSG:32643,761400.00,3133480.00,763960.00,3136040.00,77.6789,28.3127,row_band_4fold,2,0,1,,,,,
s2delhi_r25_c25,sentinel2_delhi,S2C_43RGM_20260920_0_L2A,,25,25,EPSG:32643,763960.00,3133480.00,766520.00,3136040.00,77.7049,28.3122,row_band_4fold,2,0,1,,,,,
s2delhi_r25_c26,sentinel2_delhi,S2C_43RGM_20260920_0_L2A,,25,26,EPSG:32643,766520.00,3133480.00,769080.00,3136040.00,77.731,28.3117,row_band_4fold,2,0,1,,,,,
s2delhi_r25_c27,sentinel2_delhi,S2C_43RGM_20260920_0_L2A,,25,27,EPSG:32643,769080.00,3133480.00,771640.00,3136040.00,77.7571,28.3112,row_band_4fold,2,0,1,,,,,
s2delhi_r25_c28,sentinel2_delhi,S2C_43RGM_20260920_0_L2A,,25,28,EPSG:32643,771640.00,3133480.00,774200.00,3136040.00,77.7832,28.3106,row_band_4fold,2,0,1,,,,,
s2delhi_r25_c29,sentinel2_delhi,S2C_43RGM_20260920_0_L2A,,25,29,EPSG:32643,774200.00,3133480.00,776760.00,3136040.00,77.8093,28.3101,row_band_4fold,2,0,0,0,,,,
s2delhi_r25_c30,sentinel2_delhi,S2C_43RGM_20260920_0_L2A,,25,30,EPSG:32643,776760.00,3133480.00,779320.00,3136040.00,77.8353,28.3096,row_band_4fold,2,0,1,,,,,
s2delhi_r25_c31,sentinel2_delhi,S2C_43RGM_20260920_0_L2A,,25,31,EPSG:32643,779320.00,3133480.00,781880.00,3136040.00,77.8614,28.309,row_band_4fold,2,0,1,,,,,
s2delhi_r25_c32,sentinel2_delhi,S2C_43RGM_20260920_0_L2A,,25,32,EPSG:32643,781880.00,3133480.00,784440.00,3136040.00,77.8875,28.3085,row_band_4fold,2,0,1,,,,,
s2delhi_r25_c33,sentinel2_delhi,S2C_43RGM_20260920_0_L2A,,25,33,EPSG:32643,784440.00,3133480.00,787000.00,3136040.00,77.9136,28.3079,row_band_4fold,2,0,1,,,,,
s2delhi_r25_c34,sentinel2_delhi,S2C_43RGM_20260920_0_L2A,,25,34,EPSG:32643,787000.00,3133480.00,789560.00,3136040.00,77.9397,28.3074,row_band_4fold,2,0,1,,,,,
s2delhi_r25_c35,sentinel2_delhi,S2C_43RGM_20260920_0_L2A,,25,35,EPSG:32643,789560.00,3133480.00,792120.00,3136040.00,77.9657,28.3068,row_band_4fold,2,0,0,0,,,,
s2delhi_r25_c36,sentinel2_delhi,S2C_43RGM_20260920_0_L2A,,25,36,EPSG:32643,792120.00,3133480.00,794680.00,3136040.00,77.9918,28.3062,row_band_4fold,2,0,0,0,,,,
s2delhi_r25_c37,sentinel2_delhi,S2C_43RGM_20260920_0_L2A,,25,37,EPSG:32643,794680.00,3133480.00,797240.00,3136040.00,78.0179,28.3057,row_band_4fold,2,0,0,1,,,,
s2delhi_r25_c38,sentinel2_delhi,S2C_43RGM_20260920_0_L2A,,25,38,EPSG:32643,797240.00,3133480.00,799800.00,3136040.00,78.044,28.3051,row_band_4fold,2,0,0,1,,,,
s2delhi_r25_c39,sentinel2_delhi,S2C_43RGM_20260920_0_L2A,,25,39,EPSG:32643,799800.00,3133480.00,802360.00,3136040.00,78.07,28.3045,row_band_4fold,2,0,0,1,,,,
s2delhi_r25_c40,sentinel2_delhi,S2C_43RGM_20260920_0_L2A,,25,40,EPSG:32643,802360.00,3133480.00,804920.00,3136040.00,78.0961,28.3039,row_band_4fold,2,0,0,1,,,,
s2delhi_r25_c41,sentinel2_delhi,S2C_43RGM_20260920_0_L2A,,25,41,EPSG:32643,804920.00,3133480.00,807480.00,3136040.00,78.1222,28.3033,row_band_4fold,2,0,0,1,,,,
s2delhi_r26_c00,sentinel2_delhi,S2C_43RGM_20260920_0_L2A,LC09_L2SP_147040_20260921_02_T1,26,0,EPSG:32643,699960.00,3130920.00,702520.00,3133480.00,77.0522,28.3005,row_band_4fold,2,1,1,,,312.673,325.121,12.4475
s2delhi_r26_c01,sentinel2_delhi,S2C_43RGM_20260920_0_L2A,LC09_L2SP_147040_20260921_02_T1,26,1,EPSG:32643,702520.00,3130920.00,705080.00,3133480.00,77.0783,28.3001,row_band_4fold,2,1,1,,,312.214,322.571,10.3578
s2delhi_r26_c02,sentinel2_delhi,S2C_43RGM_20260920_0_L2A,LC09_L2SP_147040_20260921_02_T1,26,2,EPSG:32643,705080.00,3130920.00,707640.00,3133480.00,77.1044,28.2997,row_band_4fold,2,1,0,0,,314.706,324.212,9.5061
s2delhi_r26_c03,sentinel2_delhi,S2C_43RGM_20260920_0_L2A,LC09_L2SP_147040_20260921_02_T1,26,3,EPSG:32643,707640.00,3130920.00,710200.00,3133480.00,77.1305,28.2993,row_band_4fold,2,1,1,,,308.118,322.246,14.1273
s2delhi_r26_c04,sentinel2_delhi,S2C_43RGM_20260920_0_L2A,LC09_L2SP_147040_20260921_02_T1,26,4,EPSG:32643,710200.00,3130920.00,712760.00,3133480.00,77.1566,28.2989,row_band_4fold,2,1,1,,,308.277,319.879,11.6021
s2delhi_r26_c05,sentinel2_delhi,S2C_43RGM_20260920_0_L2A,LC09_L2SP_147040_20260921_02_T1,26,5,EPSG:32643,712760.00,3130920.00,715320.00,3133480.00,77.1827,28.2985,row_band_4fold,2,1,1,,,317.427,325.799,8.37125
s2delhi_r26_c06,sentinel2_delhi,S2C_43RGM_20260920_0_L2A,,26,6,EPSG:32643,715320.00,3130920.00,717880.00,3133480.00,77.2088,28.2981,row_band_4fold,2,0,0,0,,,,
s2delhi_r26_c07,sentinel2_delhi,S2C_43RGM_20260920_0_L2A,,26,7,EPSG:32643,717880.00,3130920.00,720440.00,3133480.00,77.2348,28.2976,row_band_4fold,2,0,0,0,,,,
s2delhi_r26_c08,sentinel2_delhi,S2C_43RGM_20260920_0_L2A,,26,8,EPSG:32643,720440.00,3130920.00,723000.00,3133480.00,77.2609,28.2972,row_band_4fold,2,0,0,0,,,,
s2delhi_r26_c09,sentinel2_delhi,S2C_43RGM_20260920_0_L2A,,26,9,EPSG:32643,723000.00,3130920.00,725560.00,3133480.00,77.287,28.2968,row_band_4fold,2,0,1,,,,,
s2delhi_r26_c10,sentinel2_delhi,S2C_43RGM_20260920_0_L2A,,26,10,EPSG:32643,725560.00,3130920.00,728120.00,3133480.00,77.3131,28.2963,row_band_4fold,2,0,1,,,,,
s2delhi_r26_c11,sentinel2_delhi,S2C_43RGM_20260920_0_L2A,,26,11,EPSG:32643,728120.00,3130920.00,730680.00,3133480.00,77.3392,28.2959,row_band_4fold,2,0,0,0,,,,
s2delhi_r26_c12,sentinel2_delhi,S2C_43RGM_20260920_0_L2A,,26,12,EPSG:32643,730680.00,3130920.00,733240.00,3133480.00,77.3653,28.2954,row_band_4fold,2,0,0,0,,,,
s2delhi_r26_c13,sentinel2_delhi,S2C_43RGM_20260920_0_L2A,,26,13,EPSG:32643,733240.00,3130920.00,735800.00,3133480.00,77.3914,28.295,row_band_4fold,2,0,0,0,,,,
s2delhi_r26_c14,sentinel2_delhi,S2C_43RGM_20260920_0_L2A,,26,14,EPSG:32643,735800.00,3130920.00,738360.00,3133480.00,77.4175,28.2945,row_band_4fold,2,0,0,0,,,,
s2delhi_r26_c15,sentinel2_delhi,S2C_43RGM_20260920_0_L2A,,26,15,EPSG:32643,738360.00,3130920.00,740920.00,3133480.00,77.4435,28.2941,row_band_4fold,2,0,0,0,,,,
s2delhi_r26_c16,sentinel2_delhi,S2C_43RGM_20260920_0_L2A,,26,16,EPSG:32643,740920.00,3130920.00,743480.00,3133480.00,77.4696,28.2936,row_band_4fold,2,0,0,0,,,,
s2delhi_r26_c17,sentinel2_delhi,S2C_43RGM_20260920_0_L2A,,26,17,EPSG:32643,743480.00,3130920.00,746040.00,3133480.00,77.4957,28.2931,row_band_4fold,2,0,0,,,,,
s2delhi_r26_c18,sentinel2_delhi,S2C_43RGM_20260920_0_L2A,,26,18,EPSG:32643,746040.00,3130920.00,748600.00,3133480.00,77.5218,28.2926,row_band_4fold,2,0,1,,,,,
s2delhi_r26_c19,sentinel2_delhi,S2C_43RGM_20260920_0_L2A,,26,19,EPSG:32643,748600.00,3130920.00,751160.00,3133480.00,77.5479,28.2921,row_band_4fold,2,0,1,,,,,
s2delhi_r26_c20,sentinel2_delhi,S2C_43RGM_20260920_0_L2A,,26,20,EPSG:32643,751160.00,3130920.00,753720.00,3133480.00,77.574,28.2917,row_band_4fold,2,0,1,,,,,
s2delhi_r26_c21,sentinel2_delhi,S2C_43RGM_20260920_0_L2A,,26,21,EPSG:32643,753720.00,3130920.00,756280.00,3133480.00,77.6,28.2912,row_band_4fold,2,0,1,,,,,
s2delhi_r26_c22,sentinel2_delhi,S2C_43RGM_20260920_0_L2A,,26,22,EPSG:32643,756280.00,3130920.00,758840.00,3133480.00,77.6261,28.2907,row_band_4fold,2,0,1,,,,,
s2delhi_r26_c23,sentinel2_delhi,S2C_43RGM_20260920_0_L2A,,26,23,EPSG:32643,758840.00,3130920.00,761400.00,3133480.00,77.6522,28.2902,row_band_4fold,2,0,1,,,,,
s2delhi_r26_c24,sentinel2_delhi,S2C_43RGM_20260920_0_L2A,,26,24,EPSG:32643,761400.00,3130920.00,763960.00,3133480.00,77.6783,28.2896,row_band_4fold,2,0,1,,,,,
s2delhi_r26_c25,sentinel2_delhi,S2C_43RGM_20260920_0_L2A,,26,25,EPSG:32643,763960.00,3130920.00,766520.00,3133480.00,77.7043,28.2891,row_band_4fold,2,0,1,,,,,
s2delhi_r26_c26,sentinel2_delhi,S2C_43RGM_20260920_0_L2A,,26,26,EPSG:32643,766520.00,3130920.00,769080.00,3133480.00,77.7304,28.2886,row_band_4fold,2,0,1,,,,,
s2delhi_r26_c27,sentinel2_delhi,S2C_43RGM_20260920_0_L2A,,26,27,EPSG:32643,769080.00,3130920.00,771640.00,3133480.00,77.7565,28.2881,row_band_4fold,2,0,1,,,,,
s2delhi_r26_c28,sentinel2_delhi,S2C_43RGM_20260920_0_L2A,,26,28,EPSG:32643,771640.00,3130920.00,774200.00,3133480.00,77.7826,28.2876,row_band_4fold,2,0,0,0,,,,
s2delhi_r26_c29,sentinel2_delhi,S2C_43RGM_20260920_0_L2A,,26,29,EPSG:32643,774200.00,3130920.00,776760.00,3133480.00,77.8087,28.287,row_band_4fold,2,0,1,,,,,
s2delhi_r26_c30,sentinel2_delhi,S2C_43RGM_20260920_0_L2A,,26,30,EPSG:32643,776760.00,3130920.00,779320.00,3133480.00,77.8347,28.2865,row_band_4fold,2,0,0,0,,,,
s2delhi_r26_c31,sentinel2_delhi,S2C_43RGM_20260920_0_L2A,,26,31,EPSG:32643,779320.00,3130920.00,781880.00,3133480.00,77.8608,28.2859,row_band_4fold,2,0,1,,,,,
s2delhi_r26_c32,sentinel2_delhi,S2C_43RGM_20260920_0_L2A,,26,32,EPSG:32643,781880.00,3130920.00,784440.00,3133480.00,77.8869,28.2854,row_band_4fold,2,0,0,0,,,,
s2delhi_r26_c33,sentinel2_delhi,S2C_43RGM_20260920_0_L2A,,26,33,EPSG:32643,784440.00,3130920.00,787000.00,3133480.00,77.9129,28.2848,row_band_4fold,2,0,0,0,,,,
s2delhi_r26_c34,sentinel2_delhi,S2C_43RGM_20260920_0_L2A,,26,34,EPSG:32643,787000.00,3130920.00,789560.00,3133480.00,77.939,28.2843,row_band_4fold,2,0,1,,,,,
s2delhi_r26_c35,sentinel2_delhi,S2C_43RGM_20260920_0_L2A,,26,35,EPSG:32643,789560.00,3130920.00,792120.00,3133480.00,77.9651,28.2837,row_band_4fold,2,0,0,0,,,,
s2delhi_r26_c36,sentinel2_delhi,S2C_43RGM_20260920_0_L2A,,26,36,EPSG:32643,792120.00,3130920.00,794680.00,3133480.00,77.9912,28.2832,row_band_4fold,2,0,0,0,,,,
s2delhi_r26_c37,sentinel2_delhi,S2C_43RGM_20260920_0_L2A,,26,37,EPSG:32643,794680.00,3130920.00,797240.00,3133480.00,78.0172,28.2826,row_band_4fold,2,0,0,0,,,,
s2delhi_r26_c38,sentinel2_delhi,S2C_43RGM_20260920_0_L2A,,26,38,EPSG:32643,797240.00,3130920.00,799800.00,3133480.00,78.0433,28.282,row_band_4fold,2,0,0,1,,,,
s2delhi_r26_c39,sentinel2_delhi,S2C_43RGM_20260920_0_L2A,,26,39,EPSG:32643,799800.00,3130920.00,802360.00,3133480.00,78.0694,28.2814,row_band_4fold,2,0,0,1,,,,
s2delhi_r26_c40,sentinel2_delhi,S2C_43RGM_20260920_0_L2A,,26,40,EPSG:32643,802360.00,3130920.00,804920.00,3133480.00,78.0954,28.2808,row_band_4fold,2,0,0,1,,,,
s2delhi_r26_c41,sentinel2_delhi,S2C_43RGM_20260920_0_L2A,,26,41,EPSG:32643,804920.00,3130920.00,807480.00,3133480.00,78.1215,28.2802,row_band_4fold,2,0,0,1,,,,
s2delhi_r27_c00,sentinel2_delhi,S2C_43RGM_20260920_0_L2A,LC09_L2SP_147040_20260921_02_T1,27,0,EPSG:32643,699960.00,3128360.00,702520.00,3130920.00,77.0518,28.2774,row_band_4fold,2,1,0,0,,309.98,320.718,10.7373
s2delhi_r27_c01,sentinel2_delhi,S2C_43RGM_20260920_0_L2A,LC09_L2SP_147040_20260921_02_T1,27,1,EPSG:32643,702520.00,3128360.00,705080.00,3130920.00,77.0779,28.277,row_band_4fold,2,1,0,,,312.181,323.056,10.8757
s2delhi_r27_c02,sentinel2_delhi,S2C_43RGM_20260920_0_L2A,LC09_L2SP_147040_20260921_02_T1,27,2,EPSG:32643,705080.00,3128360.00,707640.00,3130920.00,77.1039,28.2766,row_band_4fold,2,1,1,,,308.681,321.221,12.5407
s2delhi_r27_c03,sentinel2_delhi,S2C_43RGM_20260920_0_L2A,LC09_L2SP_147040_20260921_02_T1,27,3,EPSG:32643,707640.00,3128360.00,710200.00,3130920.00,77.13,28.2762,row_band_4fold,2,1,0,0,,311.424,323.573,12.1485
s2delhi_r27_c04,sentinel2_delhi,S2C_43RGM_20260920_0_L2A,LC09_L2SP_147040_20260921_02_T1,27,4,EPSG:32643,710200.00,3128360.00,712760.00,3130920.00,77.1561,28.2758,row_band_4fold,2,1,0,0,,308.544,320.002,11.4577
s2delhi_r27_c05,sentinel2_delhi,S2C_43RGM_20260920_0_L2A,,27,5,EPSG:32643,712760.00,3128360.00,715320.00,3130920.00,77.1822,28.2754,row_band_4fold,2,0,0,0,,,,
s2delhi_r27_c06,sentinel2_delhi,S2C_43RGM_20260920_0_L2A,,27,6,EPSG:32643,715320.00,3128360.00,717880.00,3130920.00,77.2083,28.275,row_band_4fold,2,0,0,0,,,,
s2delhi_r27_c07,sentinel2_delhi,S2C_43RGM_20260920_0_L2A,,27,7,EPSG:32643,717880.00,3128360.00,720440.00,3130920.00,77.2344,28.2745,row_band_4fold,2,0,1,0,,,,
s2delhi_r27_c08,sentinel2_delhi,S2C_43RGM_20260920_0_L2A,,27,8,EPSG:32643,720440.00,3128360.00,723000.00,3130920.00,77.2604,28.2741,row_band_4fold,2,0,1,,,,,
s2delhi_r27_c09,sentinel2_delhi,S2C_43RGM_20260920_0_L2A,,27,9,EPSG:32643,723000.00,3128360.00,725560.00,3130920.00,77.2865,28.2737,row_band_4fold,2,0,1,,,,,
s2delhi_r27_c10,sentinel2_delhi,S2C_43RGM_20260920_0_L2A,,27,10,EPSG:32643,725560.00,3128360.00,728120.00,3130920.00,77.3126,28.2732,row_band_4fold,2,0,1,0,,,,
s2delhi_r27_c11,sentinel2_delhi,S2C_43RGM_20260920_0_L2A,,27,11,EPSG:32643,728120.00,3128360.00,730680.00,3130920.00,77.3387,28.2728,row_band_4fold,2,0,0,0,,,,
s2delhi_r27_c12,sentinel2_delhi,S2C_43RGM_20260920_0_L2A,,27,12,EPSG:32643,730680.00,3128360.00,733240.00,3130920.00,77.3648,28.2723,row_band_4fold,2,0,0,0,,,,
s2delhi_r27_c13,sentinel2_delhi,S2C_43RGM_20260920_0_L2A,,27,13,EPSG:32643,733240.00,3128360.00,735800.00,3130920.00,77.3909,28.2719,row_band_4fold,2,0,0,0,,,,
s2delhi_r27_c14,sentinel2_delhi,S2C_43RGM_20260920_0_L2A,,27,14,EPSG:32643,735800.00,3128360.00,738360.00,3130920.00,77.4169,28.2714,row_band_4fold,2,0,1,,,,,
s2delhi_r27_c15,sentinel2_delhi,S2C_43RGM_20260920_0_L2A,,27,15,EPSG:32643,738360.00,3128360.00,740920.00,3130920.00,77.443,28.271,row_band_4fold,2,0,0,0,,,,
s2delhi_r27_c16,sentinel2_delhi,S2C_43RGM_20260920_0_L2A,,27,16,EPSG:32643,740920.00,3128360.00,743480.00,3130920.00,77.4691,28.2705,row_band_4fold,2,0,1,,,,,
s2delhi_r27_c17,sentinel2_delhi,S2C_43RGM_20260920_0_L2A,,27,17,EPSG:32643,743480.00,3128360.00,746040.00,3130920.00,77.4952,28.27,row_band_4fold,2,0,1,,,,,
s2delhi_r27_c18,sentinel2_delhi,S2C_43RGM_20260920_0_L2A,,27,18,EPSG:32643,746040.00,3128360.00,748600.00,3130920.00,77.5212,28.2695,row_band_4fold,2,0,0,,,,,
s2delhi_r27_c19,sentinel2_delhi,S2C_43RGM_20260920_0_L2A,,27,19,EPSG:32643,748600.00,3128360.00,751160.00,3130920.00,77.5473,28.2691,row_band_4fold,2,0,1,,,,,
s2delhi_r27_c20,sentinel2_delhi,S2C_43RGM_20260920_0_L2A,,27,20,EPSG:32643,751160.00,3128360.00,753720.00,3130920.00,77.5734,28.2686,row_band_4fold,2,0,1,,,,,
s2delhi_r27_c21,sentinel2_delhi,S2C_43RGM_20260920_0_L2A,,27,21,EPSG:32643,753720.00,3128360.00,756280.00,3130920.00,77.5995,28.2681,row_band_4fold,2,0,1,,,,,
s2delhi_r27_c22,sentinel2_delhi,S2C_43RGM_20260920_0_L2A,,27,22,EPSG:32643,756280.00,3128360.00,758840.00,3130920.00,77.6255,28.2676,row_band_4fold,2,0,1,,,,,
s2delhi_r27_c23,sentinel2_delhi,S2C_43RGM_20260920_0_L2A,,27,23,EPSG:32643,758840.00,3128360.00,761400.00,3130920.00,77.6516,28.2671,row_band_4fold,2,0,1,,,,,
s2delhi_r27_c24,sentinel2_delhi,S2C_43RGM_20260920_0_L2A,,27,24,EPSG:32643,761400.00,3128360.00,763960.00,3130920.00,77.6777,28.2666,row_band_4fold,2,0,1,,,,,
s2delhi_r27_c25,sentinel2_delhi,S2C_43RGM_20260920_0_L2A,,27,25,EPSG:32643,763960.00,3128360.00,766520.00,3130920.00,77.7038,28.2661,row_band_4fold,2,0,1,,,,,
s2delhi_r27_c26,sentinel2_delhi,S2C_43RGM_20260920_0_L2A,,27,26,EPSG:32643,766520.00,3128360.00,769080.00,3130920.00,77.7298,28.2655,row_band_4fold,2,0,1,,,,,
s2delhi_r27_c27,sentinel2_delhi,S2C_43RGM_20260920_0_L2A,,27,27,EPSG:32643,769080.00,3128360.00,771640.00,3130920.00,77.7559,28.265,row_band_4fold,2,0,1,,,,,
s2delhi_r27_c28,sentinel2_delhi,S2C_43RGM_20260920_0_L2A,,27,28,EPSG:32643,771640.00,3128360.00,774200.00,3130920.00,77.782,28.2645,row_band_4fold,2,0,0,,,,,
s2delhi_r27_c29,sentinel2_delhi,S2C_43RGM_20260920_0_L2A,,27,29,EPSG:32643,774200.00,3128360.00,776760.00,3130920.00,77.808,28.2639,row_band_4fold,2,0,1,,,,,
s2delhi_r27_c30,sentinel2_delhi,S2C_43RGM_20260920_0_L2A,,27,30,EPSG:32643,776760.00,3128360.00,779320.00,3130920.00,77.8341,28.2634,row_band_4fold,2,0,1,,,,,
s2delhi_r27_c31,sentinel2_delhi,S2C_43RGM_20260920_0_L2A,,27,31,EPSG:32643,779320.00,3128360.00,781880.00,3130920.00,77.8602,28.2629,row_band_4fold,2,0,1,,,,,
s2delhi_r27_c32,sentinel2_delhi,S2C_43RGM_20260920_0_L2A,,27,32,EPSG:32643,781880.00,3128360.00,784440.00,3130920.00,77.8863,28.2623,row_band_4fold,2,0,0,0,,,,
s2delhi_r27_c33,sentinel2_delhi,S2C_43RGM_20260920_0_L2A,,27,33,EPSG:32643,784440.00,3128360.00,787000.00,3130920.00,77.9123,28.2618,row_band_4fold,2,0,1,,,,,
s2delhi_r27_c34,sentinel2_delhi,S2C_43RGM_20260920_0_L2A,,27,34,EPSG:32643,787000.00,3128360.00,789560.00,3130920.00,77.9384,28.2612,row_band_4fold,2,0,0,,,,,
s2delhi_r27_c35,sentinel2_delhi,S2C_43RGM_20260920_0_L2A,,27,35,EPSG:32643,789560.00,3128360.00,792120.00,3130920.00,77.9645,28.2606,row_band_4fold,2,0,0,0,,,,
s2delhi_r27_c36,sentinel2_delhi,S2C_43RGM_20260920_0_L2A,,27,36,EPSG:32643,792120.00,3128360.00,794680.00,3130920.00,77.9905,28.2601,row_band_4fold,2,0,1,,,,,
s2delhi_r27_c37,sentinel2_delhi,S2C_43RGM_20260920_0_L2A,,27,37,EPSG:32643,794680.00,3128360.00,797240.00,3130920.00,78.0166,28.2595,row_band_4fold,2,0,0,1,,,,
s2delhi_r27_c38,sentinel2_delhi,S2C_43RGM_20260920_0_L2A,,27,38,EPSG:32643,797240.00,3128360.00,799800.00,3130920.00,78.0426,28.2589,row_band_4fold,2,0,0,1,,,,
s2delhi_r27_c39,sentinel2_delhi,S2C_43RGM_20260920_0_L2A,,27,39,EPSG:32643,799800.00,3128360.00,802360.00,3130920.00,78.0687,28.2583,row_band_4fold,2,0,0,1,,,,
s2delhi_r27_c40,sentinel2_delhi,S2C_43RGM_20260920_0_L2A,,27,40,EPSG:32643,802360.00,3128360.00,804920.00,3130920.00,78.0948,28.2577,row_band_4fold,2,0,0,1,,,,
s2delhi_r27_c41,sentinel2_delhi,S2C_43RGM_20260920_0_L2A,,27,41,EPSG:32643,804920.00,3128360.00,807480.00,3130920.00,78.1208,28.2572,row_band_4fold,2,0,0,1,,,,
s2delhi_r28_c00,sentinel2_delhi,S2C_43RGM_20260920_0_L2A,LC09_L2SP_147040_20260921_02_T1,28,0,EPSG:32643,699960.00,3125800.00,702520.00,3128360.00,77.0513,28.2543,row_band_4fold,2,1,0,,,310.191,316.436,6.24536
s2delhi_r28_c01,sentinel2_delhi,S2C_43RGM_20260920_0_L2A,LC09_L2SP_147040_20260921_02_T1,28,1,EPSG:32643,702520.00,3125800.00,705080.00,3128360.00,77.0774,28.2539,row_band_4fold,2,1,1,,,310.709,319.363,8.65359
s2delhi_r28_c02,sentinel2_delhi,S2C_43RGM_20260920_0_L2A,LC09_L2SP_147040_20260921_02_T1,28,2,EPSG:32643,705080.00,3125800.00,707640.00,3128360.00,77.1035,28.2535,row_band_4fold,2,1,1,,,312.851,320.205,7.35406
s2delhi_r28_c03,sentinel2_delhi,S2C_43RGM_20260920_0_L2A,LC09_L2SP_147040_20260921_02_T1,28,3,EPSG:32643,707640.00,3125800.00,710200.00,3128360.00,77.1296,28.2531,row_band_4fold,2,1,0,0,,306.601,319.64,13.0395
s2delhi_r28_c04,sentinel2_delhi,S2C_43RGM_20260920_0_L2A,LC09_L2SP_147040_20260921_02_T1,28,4,EPSG:32643,710200.00,3125800.00,712760.00,3128360.00,77.1556,28.2527,row_band_4fold,2,1,0,0,,313.106,322.4,9.29391
s2delhi_r28_c05,sentinel2_delhi,S2C_43RGM_20260920_0_L2A,,28,5,EPSG:32643,712760.00,3125800.00,715320.00,3128360.00,77.1817,28.2523,row_band_4fold,2,0,0,0,,,,
s2delhi_r28_c06,sentinel2_delhi,S2C_43RGM_20260920_0_L2A,,28,6,EPSG:32643,715320.00,3125800.00,717880.00,3128360.00,77.2078,28.2519,row_band_4fold,2,0,1,,,,,
s2delhi_r28_c07,sentinel2_delhi,S2C_43RGM_20260920_0_L2A,,28,7,EPSG:32643,717880.00,3125800.00,720440.00,3128360.00,77.2339,28.2514,row_band_4fold,2,0,1,,,,,
s2delhi_r28_c08,sentinel2_delhi,S2C_43RGM_20260920_0_L2A,,28,8,EPSG:32643,720440.00,3125800.00,723000.00,3128360.00,77.26,28.251,row_band_4fold,2,0,1,,,,,
s2delhi_r28_c09,sentinel2_delhi,S2C_43RGM_20260920_0_L2A,,28,9,EPSG:32643,723000.00,3125800.00,725560.00,3128360.00,77.286,28.2506,row_band_4fold,2,0,1,,,,,
s2delhi_r28_c10,sentinel2_delhi,S2C_43RGM_20260920_0_L2A,,28,10,EPSG:32643,725560.00,3125800.00,728120.00,3128360.00,77.3121,28.2501,row_band_4fold,2,0,1,0,,,,
s2delhi_r28_c11,sentinel2_delhi,S2C_43RGM_20260920_0_L2A,,28,11,EPSG:32643,728120.00,3125800.00,730680.00,3128360.00,77.3382,28.2497,row_band_4fold,2,0,0,0,,,,
s2delhi_r28_c12,sentinel2_delhi,S2C_43RGM_20260920_0_L2A,,28,12,EPSG:32643,730680.00,3125800.00,733240.00,3128360.00,77.3643,28.2493,row_band_4fold,2,0,1,,,,,
s2delhi_r28_c13,sentinel2_delhi,S2C_43RGM_20260920_0_L2A,,28,13,EPSG:32643,733240.00,3125800.00,735800.00,3128360.00,77.3903,28.2488,row_band_4fold,2,0,1,,,,,
s2delhi_r28_c14,sentinel2_delhi,S2C_43RGM_20260920_0_L2A,,28,14,EPSG:32643,735800.00,3125800.00,738360.00,3128360.00,77.4164,28.2483,row_band_4fold,2,0,1,,,,,
s2delhi_r28_c15,sentinel2_delhi,S2C_43RGM_20260920_0_L2A,,28,15,EPSG:32643,738360.00,3125800.00,740920.00,3128360.00,77.4425,28.2479,row_band_4fold,2,0,1,,,,,
s2delhi_r28_c16,sentinel2_delhi,S2C_43RGM_20260920_0_L2A,,28,16,EPSG:32643,740920.00,3125800.00,743480.00,3128360.00,77.4686,28.2474,row_band_4fold,2,0,1,,,,,
s2delhi_r28_c17,sentinel2_delhi,S2C_43RGM_20260920_0_L2A,,28,17,EPSG:32643,743480.00,3125800.00,746040.00,3128360.00,77.4946,28.2469,row_band_4fold,2,0,1,,,,,
s2delhi_r28_c18,sentinel2_delhi,S2C_43RGM_20260920_0_L2A,,28,18,EPSG:32643,746040.00,3125800.00,748600.00,3128360.00,77.5207,28.2465,row_band_4fold,2,0,1,,,,,
s2delhi_r28_c19,sentinel2_delhi,S2C_43RGM_20260920_0_L2A,,28,19,EPSG:32643,748600.00,3125800.00,751160.00,3128360.00,77.5468,28.246,row_band_4fold,2,0,1,,,,,
s2delhi_r28_c20,sentinel2_delhi,S2C_43RGM_20260920_0_L2A,,28,20,EPSG:32643,751160.00,3125800.00,753720.00,3128360.00,77.5728,28.2455,row_band_4fold,2,0,0,,,,,
s2delhi_r28_c21,sentinel2_delhi,S2C_43RGM_20260920_0_L2A,,28,21,EPSG:32643,753720.00,3125800.00,756280.00,3128360.00,77.5989,28.245,row_band_4fold,2,0,1,,,,,
s2delhi_r28_c22,sentinel2_delhi,S2C_43RGM_20260920_0_L2A,,28,22,EPSG:32643,756280.00,3125800.00,758840.00,3128360.00,77.625,28.2445,row_band_4fold,2,0,1,,,,,
s2delhi_r28_c23,sentinel2_delhi,S2C_43RGM_20260920_0_L2A,,28,23,EPSG:32643,758840.00,3125800.00,761400.00,3128360.00,77.651,28.244,row_band_4fold,2,0,1,,,,,
s2delhi_r28_c24,sentinel2_delhi,S2C_43RGM_20260920_0_L2A,,28,24,EPSG:32643,761400.00,3125800.00,763960.00,3128360.00,77.6771,28.2435,row_band_4fold,2,0,1,,,,,
s2delhi_r28_c25,sentinel2_delhi,S2C_43RGM_20260920_0_L2A,,28,25,EPSG:32643,763960.00,3125800.00,766520.00,3128360.00,77.7032,28.243,row_band_4fold,2,0,1,,,,,
s2delhi_r28_c26,sentinel2_delhi,S2C_43RGM_20260920_0_L2A,,28,26,EPSG:32643,766520.00,3125800.00,769080.00,3128360.00,77.7292,28.2425,row_band_4fold,2,0,1,,,,,
s2delhi_r28_c27,sentinel2_delhi,S2C_43RGM_20260920_0_L2A,,28,27,EPSG:32643,769080.00,3125800.00,771640.00,3128360.00,77.7553,28.2419,row_band_4fold,2,0,1,,,,,
s2delhi_r28_c28,sentinel2_delhi,S2C_43RGM_20260920_0_L2A,,28,28,EPSG:32643,771640.00,3125800.00,774200.00,3128360.00,77.7814,28.2414,row_band_4fold,2,0,1,,,,,
s2delhi_r28_c29,sentinel2_delhi,S2C_43RGM_20260920_0_L2A,,28,29,EPSG:32643,774200.00,3125800.00,776760.00,3128360.00,77.8074,28.2409,row_band_4fold,2,0,1,,,,,
s2delhi_r28_c30,sentinel2_delhi,S2C_43RGM_20260920_0_L2A,,28,30,EPSG:32643,776760.00,3125800.00,779320.00,3128360.00,77.8335,28.2403,row_band_4fold,2,0,1,,,,,
s2delhi_r28_c31,sentinel2_delhi,S2C_43RGM_20260920_0_L2A,,28,31,EPSG:32643,779320.00,3125800.00,781880.00,3128360.00,77.8596,28.2398,row_band_4fold,2,0,1,,,,,
s2delhi_r28_c32,sentinel2_delhi,S2C_43RGM_20260920_0_L2A,,28,32,EPSG:32643,781880.00,3125800.00,784440.00,3128360.00,77.8856,28.2392,row_band_4fold,2,0,0,0,,,,
s2delhi_r28_c33,sentinel2_delhi,S2C_43RGM_20260920_0_L2A,,28,33,EPSG:32643,784440.00,3125800.00,787000.00,3128360.00,77.9117,28.2387,row_band_4fold,2,0,1,,,,,
s2delhi_r28_c34,sentinel2_delhi,S2C_43RGM_20260920_0_L2A,,28,34,EPSG:32643,787000.00,3125800.00,789560.00,3128360.00,77.9378,28.2381,row_band_4fold,2,0,0,,,,,
s2delhi_r28_c35,sentinel2_delhi,S2C_43RGM_20260920_0_L2A,,28,35,EPSG:32643,789560.00,3125800.00,792120.00,3128360.00,77.9638,28.2376,row_band_4fold,2,0,0,1,,,,
s2delhi_r28_c36,sentinel2_delhi,S2C_43RGM_20260920_0_L2A,,28,36,EPSG:32643,792120.00,3125800.00,794680.00,3128360.00,77.9899,28.237,row_band_4fold,2,0,0,1,,,,
s2delhi_r28_c37,sentinel2_delhi,S2C_43RGM_20260920_0_L2A,,28,37,EPSG:32643,794680.00,3125800.00,797240.00,3128360.00,78.0159,28.2364,row_band_4fold,2,0,0,1,,,,
s2delhi_r28_c38,sentinel2_delhi,S2C_43RGM_20260920_0_L2A,,28,38,EPSG:32643,797240.00,3125800.00,799800.00,3128360.00,78.042,28.2358,row_band_4fold,2,0,0,1,,,,
s2delhi_r28_c39,sentinel2_delhi,S2C_43RGM_20260920_0_L2A,,28,39,EPSG:32643,799800.00,3125800.00,802360.00,3128360.00,78.068,28.2353,row_band_4fold,2,0,0,1,,,,
s2delhi_r28_c40,sentinel2_delhi,S2C_43RGM_20260920_0_L2A,,28,40,EPSG:32643,802360.00,3125800.00,804920.00,3128360.00,78.0941,28.2347,row_band_4fold,2,0,0,1,,,,
s2delhi_r28_c41,sentinel2_delhi,S2C_43RGM_20260920_0_L2A,,28,41,EPSG:32643,804920.00,3125800.00,807480.00,3128360.00,78.1202,28.2341,row_band_4fold,2,0,0,1,,,,
s2delhi_r29_c00,sentinel2_delhi,S2C_43RGM_20260920_0_L2A,LC09_L2SP_147040_20260921_02_T1,29,0,EPSG:32643,699960.00,3123240.00,702520.00,3125800.00,77.0509,28.2312,row_band_4fold,2,1,1,,,310.799,319.932,9.13342
s2delhi_r29_c01,sentinel2_delhi,S2C_43RGM_20260920_0_L2A,LC09_L2SP_147040_20260921_02_T1,29,1,EPSG:32643,702520.00,3123240.00,705080.00,3125800.00,77.077,28.2308,row_band_4fold,2,1,1,,,311.523,320.387,8.8638
s2delhi_r29_c02,sentinel2_delhi,S2C_43RGM_20260920_0_L2A,LC09_L2SP_147040_20260921_02_T1,29,2,EPSG:32643,705080.00,3123240.00,707640.00,3125800.00,77.103,28.2304,row_band_4fold,2,1,1,,,313.503,322.892,9.38858
s2delhi_r29_c03,sentinel2_delhi,S2C_43RGM_20260920_0_L2A,LC09_L2SP_147040_20260921_02_T1,29,3,EPSG:32643,707640.00,3123240.00,710200.00,3125800.00,77.1291,28.23,row_band_4fold,2,1,0,0,,307.257,318.666,11.4092
s2delhi_r29_c04,sentinel2_delhi,S2C_43RGM_20260920_0_L2A,LC09_L2SP_147040_20260921_02_T1,29,4,EPSG:32643,710200.00,3123240.00,712760.00,3125800.00,77.1552,28.2296,row_band_4fold,2,1,0,0,,306.832,314.05,7.21765
s2delhi_r29_c05,sentinel2_delhi,S2C_43RGM_20260920_0_L2A,,29,5,EPSG:32643,712760.00,3123240.00,715320.00,3125800.00,77.1813,28.2292,row_band_4fold,2,0,0,0,,,,
s2delhi_r29_c06,sentinel2_delhi,S2C_43RGM_20260920_0_L2A,,29,6,EPSG:32643,715320.00,3123240.00,717880.00,3125800.00,77.2073,28.2288,row_band_4fold,2,0,1,,,,,
s2delhi_r29_c07,sentinel2_delhi,S2C_43RGM_20260920_0_L2A,,29,7,EPSG:32643,717880.00,3123240.00,720440.00,3125800.00,77.2334,28.2284,row_band_4fold,2,0,1,,,,,
s2delhi_r29_c08,sentinel2_delhi,S2C_43RGM_20260920_0_L2A,,29,8,EPSG:32643,720440.00,3123240.00,723000.00,3125800.00,77.2595,28.2279,row_band_4fold,2,0,1,,,,,
s2delhi_r29_c09,sentinel2_delhi,S2C_43RGM_20260920_0_L2A,,29,9,EPSG:32643,723000.00,3123240.00,725560.00,3125800.00,77.2855,28.2275,row_band_4fold,2,0,1,,,,,
s2delhi_r29_c10,sentinel2_delhi,S2C_43RGM_20260920_0_L2A,,29,10,EPSG:32643,725560.00,3123240.00,728120.00,3125800.00,77.3116,28.2271,row_band_4fold,2,0,0,0,,,,
s2delhi_r29_c11,sentinel2_delhi,S2C_43RGM_20260920_0_L2A,,29,11,EPSG:32643,728120.00,3123240.00,730680.00,3125800.00,77.3377,28.2266,row_band_4fold,2,0,0,0,,,,
s2delhi_r29_c12,sentinel2_delhi,S2C_43RGM_20260920_0_L2A,,29,12,EPSG:32643,730680.00,3123240.00,733240.00,3125800.00,77.3638,28.2262,row_band_4fold,2,0,0,0,,,,
s2delhi_r29_c13,sentinel2_delhi,S2C_43RGM_20260920_0_L2A,,29,13,EPSG:32643,733240.00,3123240.00,735800.00,3125800.00,77.3898,28.2257,row_band_4fold,2,0,1,,,,,
s2delhi_r29_c14,sentinel2_delhi,S2C_43RGM_20260920_0_L2A,,29,14,EPSG:32643,735800.00,3123240.00,738360.00,3125800.00,77.4159,28.2253,row_band_4fold,2,0,1,,,,,
s2delhi_r29_c15,sentinel2_delhi,S2C_43RGM_20260920_0_L2A,,29,15,EPSG:32643,738360.00,3123240.00,740920.00,3125800.00,77.442,28.2248,row_band_4fold,2,0,0,0,,,,
s2delhi_r29_c16,sentinel2_delhi,S2C_43RGM_20260920_0_L2A,,29,16,EPSG:32643,740920.00,3123240.00,743480.00,3125800.00,77.468,28.2243,row_band_4fold,2,0,0,1,,,,
s2delhi_r29_c17,sentinel2_delhi,S2C_43RGM_20260920_0_L2A,,29,17,EPSG:32643,743480.00,3123240.00,746040.00,3125800.00,77.4941,28.2238,row_band_4fold,2,0,0,0,,,,
s2delhi_r29_c18,sentinel2_delhi,S2C_43RGM_20260920_0_L2A,,29,18,EPSG:32643,746040.00,3123240.00,748600.00,3125800.00,77.5202,28.2234,row_band_4fold,2,0,1,,,,,
s2delhi_r29_c19,sentinel2_delhi,S2C_43RGM_20260920_0_L2A,,29,19,EPSG:32643,748600.00,3123240.00,751160.00,3125800.00,77.5462,28.2229,row_band_4fold,2,0,0,0,,,,
s2delhi_r29_c20,sentinel2_delhi,S2C_43RGM_20260920_0_L2A,,29,20,EPSG:32643,751160.00,3123240.00,753720.00,3125800.00,77.5723,28.2224,row_band_4fold,2,0,1,,,,,
s2delhi_r29_c21,sentinel2_delhi,S2C_43RGM_20260920_0_L2A,,29,21,EPSG:32643,753720.00,3123240.00,756280.00,3125800.00,77.5984,28.2219,row_band_4fold,2,0,1,,,,,
s2delhi_r29_c22,sentinel2_delhi,S2C_43RGM_20260920_0_L2A,,29,22,EPSG:32643,756280.00,3123240.00,758840.00,3125800.00,77.6244,28.2214,row_band_4fold,2,0,1,,,,,
s2delhi_r29_c23,sentinel2_delhi,S2C_43RGM_20260920_0_L2A,,29,23,EPSG:32643,758840.00,3123240.00,761400.00,3125800.00,77.6505,28.2209,row_band_4fold,2,0,0,0,,,,
s2delhi_r29_c24,sentinel2_delhi,S2C_43RGM_20260920_0_L2A,,29,24,EPSG:32643,761400.00,3123240.00,763960.00,3125800.00,77.6765,28.2204,row_band_4fold,2,0,0,,,,,
s2delhi_r29_c25,sentinel2_delhi,S2C_43RGM_20260920_0_L2A,,29,25,EPSG:32643,763960.00,3123240.00,766520.00,3125800.00,77.7026,28.2199,row_band_4fold,2,0,0,,,,,
s2delhi_r29_c26,sentinel2_delhi,S2C_43RGM_20260920_0_L2A,,29,26,EPSG:32643,766520.00,3123240.00,769080.00,3125800.00,77.7287,28.2194,row_band_4fold,2,0,1,,,,,
s2delhi_r29_c27,sentinel2_delhi,S2C_43RGM_20260920_0_L2A,,29,27,EPSG:32643,769080.00,3123240.00,771640.00,3125800.00,77.7547,28.2188,row_band_4fold,2,0,1,,,,,
s2delhi_r29_c28,sentinel2_delhi,S2C_43RGM_20260920_0_L2A,,29,28,EPSG:32643,771640.00,3123240.00,774200.00,3125800.00,77.7808,28.2183,row_band_4fold,2,0,1,,,,,
s2delhi_r29_c29,sentinel2_delhi,S2C_43RGM_20260920_0_L2A,,29,29,EPSG:32643,774200.00,3123240.00,776760.00,3125800.00,77.8068,28.2178,row_band_4fold,2,0,0,,,,,
s2delhi_r29_c30,sentinel2_delhi,S2C_43RGM_20260920_0_L2A,,29,30,EPSG:32643,776760.00,3123240.00,779320.00,3125800.00,77.8329,28.2172,row_band_4fold,2,0,1,,,,,
s2delhi_r29_c31,sentinel2_delhi,S2C_43RGM_20260920_0_L2A,,29,31,EPSG:32643,779320.00,3123240.00,781880.00,3125800.00,77.859,28.2167,row_band_4fold,2,0,1,,,,,
s2delhi_r29_c32,sentinel2_delhi,S2C_43RGM_20260920_0_L2A,,29,32,EPSG:32643,781880.00,3123240.00,784440.00,3125800.00,77.885,28.2162,row_band_4fold,2,0,1,,,,,
s2delhi_r29_c33,sentinel2_delhi,S2C_43RGM_20260920_0_L2A,,29,33,EPSG:32643,784440.00,3123240.00,787000.00,3125800.00,77.9111,28.2156,row_band_4fold,2,0,0,,,,,
s2delhi_r29_c34,sentinel2_delhi,S2C_43RGM_20260920_0_L2A,,29,34,EPSG:32643,787000.00,3123240.00,789560.00,3125800.00,77.9371,28.215,row_band_4fold,2,0,1,,,,,
s2delhi_r29_c35,sentinel2_delhi,S2C_43RGM_20260920_0_L2A,,29,35,EPSG:32643,789560.00,3123240.00,792120.00,3125800.00,77.9632,28.2145,row_band_4fold,2,0,0,1,,,,
s2delhi_r29_c36,sentinel2_delhi,S2C_43RGM_20260920_0_L2A,,29,36,EPSG:32643,792120.00,3123240.00,794680.00,3125800.00,77.9892,28.2139,row_band_4fold,2,0,0,1,,,,
s2delhi_r29_c37,sentinel2_delhi,S2C_43RGM_20260920_0_L2A,,29,37,EPSG:32643,794680.00,3123240.00,797240.00,3125800.00,78.0153,28.2133,row_band_4fold,2,0,0,1,,,,
s2delhi_r29_c38,sentinel2_delhi,S2C_43RGM_20260920_0_L2A,,29,38,EPSG:32643,797240.00,3123240.00,799800.00,3125800.00,78.0413,28.2128,row_band_4fold,2,0,0,1,,,,
s2delhi_r29_c39,sentinel2_delhi,S2C_43RGM_20260920_0_L2A,,29,39,EPSG:32643,799800.00,3123240.00,802360.00,3125800.00,78.0674,28.2122,row_band_4fold,2,0,0,1,,,,
s2delhi_r29_c40,sentinel2_delhi,S2C_43RGM_20260920_0_L2A,,29,40,EPSG:32643,802360.00,3123240.00,804920.00,3125800.00,78.0934,28.2116,row_band_4fold,2,0,0,1,,,,
s2delhi_r29_c41,sentinel2_delhi,S2C_43RGM_20260920_0_L2A,,29,41,EPSG:32643,804920.00,3123240.00,807480.00,3125800.00,78.1195,28.211,row_band_4fold,2,0,0,1,,,,
s2delhi_r30_c00,sentinel2_delhi,S2C_43RGM_20260920_0_L2A,LC09_L2SP_147040_20260921_02_T1,30,0,EPSG:32643,699960.00,3120680.00,702520.00,3123240.00,77.0504,28.2081,row_band_4fold,2,1,0,0,,309.083,317.813,8.73022
s2delhi_r30_c01,sentinel2_delhi,S2C_43RGM_20260920_0_L2A,LC09_L2SP_147040_20260921_02_T1,30,1,EPSG:32643,702520.00,3120680.00,705080.00,3123240.00,77.0765,28.2077,row_band_4fold,2,1,0,0,,310.329,318.898,8.56897
s2delhi_r30_c02,sentinel2_delhi,S2C_43RGM_20260920_0_L2A,LC09_L2SP_147040_20260921_02_T1,30,2,EPSG:32643,705080.00,3120680.00,707640.00,3123240.00,77.1026,28.2073,row_band_4fold,2,1,0,1,,305.232,319.142,13.9094
s2delhi_r30_c03,sentinel2_delhi,S2C_43RGM_20260920_0_L2A,LC09_L2SP_147040_20260921_02_T1,30,3,EPSG:32643,707640.00,3120680.00,710200.00,3123240.00,77.1287,28.2069,row_band_4fold,2,1,0,0,,305.264,313.7,8.43579
s2delhi_r30_c04,sentinel2_delhi,S2C_43RGM_20260920_0_L2A,LC09_L2SP_147040_20260921_02_T1,30,4,EPSG:32643,710200.00,3120680.00,712760.00,3123240.00,77.1547,28.2065,row_band_4fold,2,1,0,,,307.469,321.253,13.7839
s2delhi_r30_c05,sentinel2_delhi,S2C_43RGM_20260920_0_L2A,,30,5,EPSG:32643,712760.00,3120680.00,715320.00,3123240.00,77.1808,28.2061,row_band_4fold,2,0,1,,,,,
s2delhi_r30_c06,sentinel2_delhi,S2C_43RGM_20260920_0_L2A,,30,6,EPSG:32643,715320.00,3120680.00,717880.00,3123240.00,77.2069,28.2057,row_band_4fold,2,0,0,,,,,
s2delhi_r30_c07,sentinel2_delhi,S2C_43RGM_20260920_0_L2A,,30,7,EPSG:32643,717880.00,3120680.00,720440.00,3123240.00,77.2329,28.2053,row_band_4fold,2,0,1,,,,,
s2delhi_r30_c08,sentinel2_delhi,S2C_43RGM_20260920_0_L2A,,30,8,EPSG:32643,720440.00,3120680.00,723000.00,3123240.00,77.259,28.2048,row_band_4fold,2,0,0,0,,,,
s2delhi_r30_c09,sentinel2_delhi,S2C_43RGM_20260920_0_L2A,,30,9,EPSG:32643,723000.00,3120680.00,725560.00,3123240.00,77.2851,28.2044,row_band_4fold,2,0,0,0,,,,
s2delhi_r30_c10,sentinel2_delhi,S2C_43RGM_20260920_0_L2A,,30,10,EPSG:32643,725560.00,3120680.00,728120.00,3123240.00,77.3111,28.204,row_band_4fold,2,0,0,0,,,,
s2delhi_r30_c11,sentinel2_delhi,S2C_43RGM_20260920_0_L2A,,30,11,EPSG:32643,728120.00,3120680.00,730680.00,3123240.00,77.3372,28.2035,row_band_4fold,2,0,0,0,,,,
s2delhi_r30_c12,sentinel2_delhi,S2C_43RGM_20260920_0_L2A,,30,12,EPSG:32643,730680.00,3120680.00,733240.00,3123240.00,77.3632,28.2031,row_band_4fold,2,0,0,0,,,,
s2delhi_r30_c13,sentinel2_delhi,S2C_43RGM_20260920_0_L2A,,30,13,EPSG:32643,733240.00,3120680.00,735800.00,3123240.00,77.3893,28.2026,row_band_4fold,2,0,1,,,,,
s2delhi_r30_c14,sentinel2_delhi,S2C_43RGM_20260920_0_L2A,,30,14,EPSG:32643,735800.00,3120680.00,738360.00,3123240.00,77.4154,28.2022,row_band_4fold,2,0,0,0,,,,
s2delhi_r30_c15,sentinel2_delhi,S2C_43RGM_20260920_0_L2A,,30,15,EPSG:32643,738360.00,3120680.00,740920.00,3123240.00,77.4414,28.2017,row_band_4fold,2,0,0,1,,,,
s2delhi_r30_c16,sentinel2_delhi,S2C_43RGM_20260920_0_L2A,,30,16,EPSG:32643,740920.00,3120680.00,743480.00,3123240.00,77.4675,28.2012,row_band_4fold,2,0,0,1,,,,
s2delhi_r30_c17,sentinel2_delhi,S2C_43RGM_20260920_0_L2A,,30,17,EPSG:32643,743480.00,3120680.00,746040.00,3123240.00,77.4936,28.2008,row_band_4fold,2,0,0,,,,,
s2delhi_r30_c18,sentinel2_delhi,S2C_43RGM_20260920_0_L2A,,30,18,EPSG:32643,746040.00,3120680.00,748600.00,3123240.00,77.5196,28.2003,row_band_4fold,2,0,1,,,,,
s2delhi_r30_c19,sentinel2_delhi,S2C_43RGM_20260920_0_L2A,,30,19,EPSG:32643,748600.00,3120680.00,751160.00,3123240.00,77.5457,28.1998,row_band_4fold,2,0,1,,,,,
s2delhi_r30_c20,sentinel2_delhi,S2C_43RGM_20260920_0_L2A,,30,20,EPSG:32643,751160.00,3120680.00,753720.00,3123240.00,77.5717,28.1993,row_band_4fold,2,0,1,,,,,
s2delhi_r30_c21,sentinel2_delhi,S2C_43RGM_20260920_0_L2A,,30,21,EPSG:32643,753720.00,3120680.00,756280.00,3123240.00,77.5978,28.1988,row_band_4fold,2,0,1,,,,,
s2delhi_r30_c22,sentinel2_delhi,S2C_43RGM_20260920_0_L2A,,30,22,EPSG:32643,756280.00,3120680.00,758840.00,3123240.00,77.6239,28.1983,row_band_4fold,2,0,0,0,,,,
s2delhi_r30_c23,sentinel2_delhi,S2C_43RGM_20260920_0_L2A,,30,23,EPSG:32643,758840.00,3120680.00,761400.00,3123240.00,77.6499,28.1978,row_band_4fold,2,0,0,,,,,
s2delhi_r30_c24,sentinel2_delhi,S2C_43RGM_20260920_0_L2A,,30,24,EPSG:32643,761400.00,3120680.00,763960.00,3123240.00,77.676,28.1973,row_band_4fold,2,0,1,,,,,
s2delhi_r30_c25,sentinel2_delhi,S2C_43RGM_20260920_0_L2A,,30,25,EPSG:32643,763960.00,3120680.00,766520.00,3123240.00,77.702,28.1968,row_band_4fold,2,0,0,0,,,,
s2delhi_r30_c26,sentinel2_delhi,S2C_43RGM_20260920_0_L2A,,30,26,EPSG:32643,766520.00,3120680.00,769080.00,3123240.00,77.7281,28.1963,row_band_4fold,2,0,1,,,,,
s2delhi_r30_c27,sentinel2_delhi,S2C_43RGM_20260920_0_L2A,,30,27,EPSG:32643,769080.00,3120680.00,771640.00,3123240.00,77.7541,28.1958,row_band_4fold,2,0,1,,,,,
s2delhi_r30_c28,sentinel2_delhi,S2C_43RGM_20260920_0_L2A,,30,28,EPSG:32643,771640.00,3120680.00,774200.00,3123240.00,77.7802,28.1952,row_band_4fold,2,0,1,,,,,
s2delhi_r30_c29,sentinel2_delhi,S2C_43RGM_20260920_0_L2A,,30,29,EPSG:32643,774200.00,3120680.00,776760.00,3123240.00,77.8062,28.1947,row_band_4fold,2,0,1,,,,,
s2delhi_r30_c30,sentinel2_delhi,S2C_43RGM_20260920_0_L2A,,30,30,EPSG:32643,776760.00,3120680.00,779320.00,3123240.00,77.8323,28.1942,row_band_4fold,2,0,1,,,,,
s2delhi_r30_c31,sentinel2_delhi,S2C_43RGM_20260920_0_L2A,,30,31,EPSG:32643,779320.00,3120680.00,781880.00,3123240.00,77.8583,28.1936,row_band_4fold,2,0,1,,,,,
s2delhi_r30_c32,sentinel2_delhi,S2C_43RGM_20260920_0_L2A,,30,32,EPSG:32643,781880.00,3120680.00,784440.00,3123240.00,77.8844,28.1931,row_band_4fold,2,0,1,,,,,
s2delhi_r30_c33,sentinel2_delhi,S2C_43RGM_20260920_0_L2A,,30,33,EPSG:32643,784440.00,3120680.00,787000.00,3123240.00,77.9104,28.1925,row_band_4fold,2,0,1,,,,,
s2delhi_r30_c34,sentinel2_delhi,S2C_43RGM_20260920_0_L2A,,30,34,EPSG:32643,787000.00,3120680.00,789560.00,3123240.00,77.9365,28.192,row_band_4fold,2,0,0,1,,,,
s2delhi_r30_c35,sentinel2_delhi,S2C_43RGM_20260920_0_L2A,,30,35,EPSG:32643,789560.00,3120680.00,792120.00,3123240.00,77.9625,28.1914,row_band_4fold,2,0,0,1,,,,
s2delhi_r30_c36,sentinel2_delhi,S2C_43RGM_20260920_0_L2A,,30,36,EPSG:32643,792120.00,3120680.00,794680.00,3123240.00,77.9886,28.1908,row_band_4fold,2,0,0,1,,,,
s2delhi_r30_c37,sentinel2_delhi,S2C_43RGM_20260920_0_L2A,,30,37,EPSG:32643,794680.00,3120680.00,797240.00,3123240.00,78.0146,28.1903,row_band_4fold,2,0,0,1,,,,
s2delhi_r30_c38,sentinel2_delhi,S2C_43RGM_20260920_0_L2A,,30,38,EPSG:32643,797240.00,3120680.00,799800.00,3123240.00,78.0407,28.1897,row_band_4fold,2,0,0,1,,,,
s2delhi_r30_c39,sentinel2_delhi,S2C_43RGM_20260920_0_L2A,,30,39,EPSG:32643,799800.00,3120680.00,802360.00,3123240.00,78.0667,28.1891,row_band_4fold,2,0,0,1,,,,
s2delhi_r30_c40,sentinel2_delhi,S2C_43RGM_20260920_0_L2A,,30,40,EPSG:32643,802360.00,3120680.00,804920.00,3123240.00,78.0928,28.1885,row_band_4fold,2,0,0,1,,,,
s2delhi_r30_c41,sentinel2_delhi,S2C_43RGM_20260920_0_L2A,,30,41,EPSG:32643,804920.00,3120680.00,807480.00,3123240.00,78.1188,28.1879,row_band_4fold,2,0,0,1,,,,
s2delhi_r31_c00,sentinel2_delhi,S2C_43RGM_20260920_0_L2A,LC09_L2SP_147040_20260921_02_T1,31,0,EPSG:32643,699960.00,3118120.00,702520.00,3120680.00,77.05,28.185,row_band_4fold,2,1,0,0,,309.957,318.26,8.30283
s2delhi_r31_c01,sentinel2_delhi,S2C_43RGM_20260920_0_L2A,LC09_L2SP_147040_20260921_02_T1,31,1,EPSG:32643,702520.00,3118120.00,705080.00,3120680.00,77.0761,28.1846,row_band_4fold,2,1,0,0,,307.945,320.225,12.2805
s2delhi_r31_c02,sentinel2_delhi,S2C_43RGM_20260920_0_L2A,LC09_L2SP_147040_20260921_02_T1,31,2,EPSG:32643,705080.00,3118120.00,707640.00,3120680.00,77.1021,28.1842,row_band_4fold,2,1,0,1,,307.143,322.738,15.5945
s2delhi_r31_c03,sentinel2_delhi,S2C_43RGM_20260920_0_L2A,LC09_L2SP_147040_20260921_02_T1,31,3,EPSG:32643,707640.00,3118120.00,710200.00,3120680.00,77.1282,28.1838,row_band_4fold,2,1,0,1,,307.095,316.381,9.28683
s2delhi_r31_c04,sentinel2_delhi,S2C_43RGM_20260920_0_L2A,LC09_L2SP_147040_20260921_02_T1,31,4,EPSG:32643,710200.00,3118120.00,712760.00,3120680.00,77.1543,28.1834,row_band_4fold,2,1,1,,,309.12,322.657,13.537
s2delhi_r31_c05,sentinel2_delhi,S2C_43RGM_20260920_0_L2A,,31,5,EPSG:32643,712760.00,3118120.00,715320.00,3120680.00,77.1803,28.183,row_band_4fold,2,0,0,0,,,,
s2delhi_r31_c06,sentinel2_delhi,S2C_43RGM_20260920_0_L2A,,31,6,EPSG:32643,715320.00,3118120.00,717880.00,3120680.00,77.2064,28.1826,row_band_4fold,2,0,0,0,,,,
s2delhi_r31_c07,sentinel2_delhi,S2C_43RGM_20260920_0_L2A,,31,7,EPSG:32643,717880.00,3118120.00,720440.00,3120680.00,77.2324,28.1822,row_band_4fold,2,0,0,,,,,
s2delhi_r31_c08,sentinel2_delhi,S2C_43RGM_20260920_0_L2A,,31,8,EPSG:32643,720440.00,3118120.00,723000.00,3120680.00,77.2585,28.1817,row_band_4fold,2,0,0,0,,,,
s2delhi_r31_c09,sentinel2_delhi,S2C_43RGM_20260920_0_L2A,,31,9,EPSG:32643,723000.00,3118120.00,725560.00,3120680.00,77.2846,28.1813,row_band_4fold,2,0,0,0,,,,
s2delhi_r31_c10,sentinel2_delhi,S2C_43RGM_20260920_0_L2A,,31,10,EPSG:32643,725560.00,3118120.00,728120.00,3120680.00,77.3106,28.1809,row_band_4fold,2,0,0,0,,,,
s2delhi_r31_c11,sentinel2_delhi,S2C_43RGM_20260920_0_L2A,,31,11,EPSG:32643,728120.00,3118120.00,730680.00,3120680.00,77.3367,28.1804,row_band_4fold,2,0,1,,,,,
s2delhi_r31_c12,sentinel2_delhi,S2C_43RGM_20260920_0_L2A,,31,12,EPSG:32643,730680.00,3118120.00,733240.00,3120680.00,77.3627,28.18,row_band_4fold,2,0,0,,,,,
s2delhi_r31_c13,sentinel2_delhi,S2C_43RGM_20260920_0_L2A,,31,13,EPSG:32643,733240.00,3118120.00,735800.00,3120680.00,77.3888,28.1795,row_band_4fold,2,0,0,0,,,,
s2delhi_r31_c14,sentinel2_delhi,S2C_43RGM_20260920_0_L2A,,31,14,EPSG:32643,735800.00,3118120.00,738360.00,3120680.00,77.4149,28.1791,row_band_4fold,2,0,0,0,,,,
s2delhi_r31_c15,sentinel2_delhi,S2C_43RGM_20260920_0_L2A,,31,15,EPSG:32643,738360.00,3118120.00,740920.00,3120680.00,77.4409,28.1786,row_band_4fold,2,0,0,1,,,,
s2delhi_r31_c16,sentinel2_delhi,S2C_43RGM_20260920_0_L2A,,31,16,EPSG:32643,740920.00,3118120.00,743480.00,3120680.00,77.467,28.1781,row_band_4fold,2,0,0,0,,,,
s2delhi_r31_c17,sentinel2_delhi,S2C_43RGM_20260920_0_L2A,,31,17,EPSG:32643,743480.00,3118120.00,746040.00,3120680.00,77.493,28.1777,row_band_4fold,2,0,1,,,,,
s2delhi_r31_c18,sentinel2_delhi,S2C_43RGM_20260920_0_L2A,,31,18,EPSG:32643,746040.00,3118120.00,748600.00,3120680.00,77.5191,28.1772,row_band_4fold,2,0,1,,,,,
s2delhi_r31_c19,sentinel2_delhi,S2C_43RGM_20260920_0_L2A,,31,19,EPSG:32643,748600.00,3118120.00,751160.00,3120680.00,77.5451,28.1767,row_band_4fold,2,0,1,,,,,
s2delhi_r31_c20,sentinel2_delhi,S2C_43RGM_20260920_0_L2A,,31,20,EPSG:32643,751160.00,3118120.00,753720.00,3120680.00,77.5712,28.1762,row_band_4fold,2,0,1,,,,,
s2delhi_r31_c21,sentinel2_delhi,S2C_43RGM_20260920_0_L2A,,31,21,EPSG:32643,753720.00,3118120.00,756280.00,3120680.00,77.5972,28.1757,row_band_4fold,2,0,1,,,,,
s2delhi_r31_c22,sentinel2_delhi,S2C_43RGM_20260920_0_L2A,,31,22,EPSG:32643,756280.00,3118120.00,758840.00,3120680.00,77.6233,28.1752,row_band_4fold,2,0,1,0,,,,
s2delhi_r31_c23,sentinel2_delhi,S2C_43RGM_20260920_0_L2A,,31,23,EPSG:32643,758840.00,3118120.00,761400.00,3120680.00,77.6493,28.1747,row_band_4fold,2,0,1,,,,,
s2delhi_r31_c24,sentinel2_delhi,S2C_43RGM_20260920_0_L2A,,31,24,EPSG:32643,761400.00,3118120.00,763960.00,3120680.00,77.6754,28.1742,row_band_4fold,2,0,1,,,,,
s2delhi_r31_c25,sentinel2_delhi,S2C_43RGM_20260920_0_L2A,,31,25,EPSG:32643,763960.00,3118120.00,766520.00,3120680.00,77.7014,28.1737,row_band_4fold,2,0,0,,,,,
s2delhi_r31_c26,sentinel2_delhi,S2C_43RGM_20260920_0_L2A,,31,26,EPSG:32643,766520.00,3118120.00,769080.00,3120680.00,77.7275,28.1732,row_band_4fold,2,0,1,,,,,
s2delhi_r31_c27,sentinel2_delhi,S2C_43RGM_20260920_0_L2A,,31,27,EPSG:32643,769080.00,3118120.00,771640.00,3120680.00,77.7535,28.1727,row_band_4fold,2,0,1,,,,,
s2delhi_r31_c28,sentinel2_delhi,S2C_43RGM_20260920_0_L2A,,31,28,EPSG:32643,771640.00,3118120.00,774200.00,3120680.00,77.7796,28.1722,row_band_4fold,2,0,1,,,,,
s2delhi_r31_c29,sentinel2_delhi,S2C_43RGM_20260920_0_L2A,,31,29,EPSG:32643,774200.00,3118120.00,776760.00,3120680.00,77.8056,28.1716,row_band_4fold,2,0,1,,,,,
s2delhi_r31_c30,sentinel2_delhi,S2C_43RGM_20260920_0_L2A,,31,30,EPSG:32643,776760.00,3118120.00,779320.00,3120680.00,77.8317,28.1711,row_band_4fold,2,0,1,,,,,
s2delhi_r31_c31,sentinel2_delhi,S2C_43RGM_20260920_0_L2A,,31,31,EPSG:32643,779320.00,3118120.00,781880.00,3120680.00,77.8577,28.1705,row_band_4fold,2,0,1,,,,,
s2delhi_r31_c32,sentinel2_delhi,S2C_43RGM_20260920_0_L2A,,31,32,EPSG:32643,781880.00,3118120.00,784440.00,3120680.00,77.8838,28.17,row_band_4fold,2,0,1,,,,,
s2delhi_r31_c33,sentinel2_delhi,S2C_43RGM_20260920_0_L2A,,31,33,EPSG:32643,784440.00,3118120.00,787000.00,3120680.00,77.9098,28.1694,row_band_4fold,2,0,1,,,,,
s2delhi_r31_c34,sentinel2_delhi,S2C_43RGM_20260920_0_L2A,,31,34,EPSG:32643,787000.00,3118120.00,789560.00,3120680.00,77.9359,28.1689,row_band_4fold,2,0,0,1,,,,
s2delhi_r31_c35,sentinel2_delhi,S2C_43RGM_20260920_0_L2A,,31,35,EPSG:32643,789560.00,3118120.00,792120.00,3120680.00,77.9619,28.1683,row_band_4fold,2,0,0,1,,,,
s2delhi_r31_c36,sentinel2_delhi,S2C_43RGM_20260920_0_L2A,,31,36,EPSG:32643,792120.00,3118120.00,794680.00,3120680.00,77.9879,28.1678,row_band_4fold,2,0,0,1,,,,
s2delhi_r31_c37,sentinel2_delhi,S2C_43RGM_20260920_0_L2A,,31,37,EPSG:32643,794680.00,3118120.00,797240.00,3120680.00,78.014,28.1672,row_band_4fold,2,0,0,1,,,,
s2delhi_r31_c38,sentinel2_delhi,S2C_43RGM_20260920_0_L2A,,31,38,EPSG:32643,797240.00,3118120.00,799800.00,3120680.00,78.04,28.1666,row_band_4fold,2,0,0,1,,,,
s2delhi_r31_c39,sentinel2_delhi,S2C_43RGM_20260920_0_L2A,,31,39,EPSG:32643,799800.00,3118120.00,802360.00,3120680.00,78.0661,28.166,row_band_4fold,2,0,0,,,,,
s2delhi_r31_c40,sentinel2_delhi,S2C_43RGM_20260920_0_L2A,,31,40,EPSG:32643,802360.00,3118120.00,804920.00,3120680.00,78.0921,28.1654,row_band_4fold,2,0,0,1,,,,
s2delhi_r31_c41,sentinel2_delhi,S2C_43RGM_20260920_0_L2A,,31,41,EPSG:32643,804920.00,3118120.00,807480.00,3120680.00,78.1181,28.1649,row_band_4fold,2,0,0,1,,,,
s2delhi_r32_c00,sentinel2_delhi,S2C_43RGM_20260920_0_L2A,LC09_L2SP_147040_20260921_02_T1,32,0,EPSG:32643,699960.00,3115560.00,702520.00,3118120.00,77.0496,28.1619,row_band_4fold,3,1,0,,,310.722,317.506,6.78345
s2delhi_r32_c01,sentinel2_delhi,S2C_43RGM_20260920_0_L2A,LC09_L2SP_147040_20260921_02_T1,32,1,EPSG:32643,702520.00,3115560.00,705080.00,3118120.00,77.0756,28.1615,row_band_4fold,3,1,0,0,,308.101,321.507,13.4057
s2delhi_r32_c02,sentinel2_delhi,S2C_43RGM_20260920_0_L2A,LC09_L2SP_147040_20260921_02_T1,32,2,EPSG:32643,705080.00,3115560.00,707640.00,3118120.00,77.1017,28.1611,row_band_4fold,3,1,0,,,308.066,321.269,13.2028
s2delhi_r32_c03,sentinel2_delhi,S2C_43RGM_20260920_0_L2A,LC09_L2SP_147040_20260921_02_T1,32,3,EPSG:32643,707640.00,3115560.00,710200.00,3118120.00,77.1277,28.1607,row_band_4fold,3,1,1,,,309.925,318.181,8.2561
s2delhi_r32_c04,sentinel2_delhi,S2C_43RGM_20260920_0_L2A,,32,4,EPSG:32643,710200.00,3115560.00,712760.00,3118120.00,77.1538,28.1603,row_band_4fold,3,0,0,0,,,,
s2delhi_r32_c05,sentinel2_delhi,S2C_43RGM_20260920_0_L2A,,32,5,EPSG:32643,712760.00,3115560.00,715320.00,3118120.00,77.1799,28.1599,row_band_4fold,3,0,0,,,,,
s2delhi_r32_c06,sentinel2_delhi,S2C_43RGM_20260920_0_L2A,,32,6,EPSG:32643,715320.00,3115560.00,717880.00,3118120.00,77.2059,28.1595,row_band_4fold,3,0,0,0,,,,
s2delhi_r32_c07,sentinel2_delhi,S2C_43RGM_20260920_0_L2A,,32,7,EPSG:32643,717880.00,3115560.00,720440.00,3118120.00,77.232,28.1591,row_band_4fold,3,0,0,,,,,
s2delhi_r32_c08,sentinel2_delhi,S2C_43RGM_20260920_0_L2A,,32,8,EPSG:32643,720440.00,3115560.00,723000.00,3118120.00,77.258,28.1587,row_band_4fold,3,0,0,,,,,
s2delhi_r32_c09,sentinel2_delhi,S2C_43RGM_20260920_0_L2A,,32,9,EPSG:32643,723000.00,3115560.00,725560.00,3118120.00,77.2841,28.1582,row_band_4fold,3,0,1,,,,,
s2delhi_r32_c10,sentinel2_delhi,S2C_43RGM_20260920_0_L2A,,32,10,EPSG:32643,725560.00,3115560.00,728120.00,3118120.00,77.3101,28.1578,row_band_4fold,3,0,1,,,,,
s2delhi_r32_c11,sentinel2_delhi,S2C_43RGM_20260920_0_L2A,,32,11,EPSG:32643,728120.00,3115560.00,730680.00,3118120.00,77.3362,28.1573,row_band_4fold,3,0,1,,,,,
s2delhi_r32_c12,sentinel2_delhi,S2C_43RGM_20260920_0_L2A,,32,12,EPSG:32643,730680.00,3115560.00,733240.00,3118120.00,77.3622,28.1569,row_band_4fold,3,0,0,,,,,
s2delhi_r32_c13,sentinel2_delhi,S2C_43RGM_20260920_0_L2A,,32,13,EPSG:32643,733240.00,3115560.00,735800.00,3118120.00,77.3883,28.1564,row_band_4fold,3,0,1,,,,,
s2delhi_r32_c14,sentinel2_delhi,S2C_43RGM_20260920_0_L2A,,32,14,EPSG:32643,735800.00,3115560.00,738360.00,3118120.00,77.4143,28.156,row_band_4fold,3,0,1,,,,,
s2delhi_r32_c15,sentinel2_delhi,S2C_43RGM_20260920_0_L2A,,32,15,EPSG:32643,738360.00,3115560.00,740920.00,3118120.00,77.4404,28.1555,row_band_4fold,3,0,1,,,,,
s2delhi_r32_c16,sentinel2_delhi,S2C_43RGM_20260920_0_L2A,,32,16,EPSG:32643,740920.00,3115560.00,743480.00,3118120.00,77.4664,28.1551,row_band_4fold,3,0,0,0,,,,
s2delhi_r32_c17,sentinel2_delhi,S2C_43RGM_20260920_0_L2A,,32,17,EPSG:32643,743480.00,3115560.00,746040.00,3118120.00,77.4925,28.1546,row_band_4fold,3,0,0,0,,,,
s2delhi_r32_c18,sentinel2_delhi,S2C_43RGM_20260920_0_L2A,,32,18,EPSG:32643,746040.00,3115560.00,748600.00,3118120.00,77.5185,28.1541,row_band_4fold,3,0,1,,,,,
s2delhi_r32_c19,sentinel2_delhi,S2C_43RGM_20260920_0_L2A,,32,19,EPSG:32643,748600.00,3115560.00,751160.00,3118120.00,77.5446,28.1536,row_band_4fold,3,0,1,,,,,
s2delhi_r32_c20,sentinel2_delhi,S2C_43RGM_20260920_0_L2A,,32,20,EPSG:32643,751160.00,3115560.00,753720.00,3118120.00,77.5706,28.1531,row_band_4fold,3,0,1,,,,,
s2delhi_r32_c21,sentinel2_delhi,S2C_43RGM_20260920_0_L2A,,32,21,EPSG:32643,753720.00,3115560.00,756280.00,3118120.00,77.5967,28.1527,row_band_4fold,3,0,1,,,,,
s2delhi_r32_c22,sentinel2_delhi,S2C_43RGM_20260920_0_L2A,,32,22,EPSG:32643,756280.00,3115560.00,758840.00,3118120.00,77.6227,28.1522,row_band_4fold,3,0,0,,,,,
s2delhi_r32_c23,sentinel2_delhi,S2C_43RGM_20260920_0_L2A,,32,23,EPSG:32643,758840.00,3115560.00,761400.00,3118120.00,77.6488,28.1517,row_band_4fold,3,0,0,0,,,,
s2delhi_r32_c24,sentinel2_delhi,S2C_43RGM_20260920_0_L2A,,32,24,EPSG:32643,761400.00,3115560.00,763960.00,3118120.00,77.6748,28.1511,row_band_4fold,3,0,1,,,,,
s2delhi_r32_c25,sentinel2_delhi,S2C_43RGM_20260920_0_L2A,,32,25,EPSG:32643,763960.00,3115560.00,766520.00,3118120.00,77.7009,28.1506,row_band_4fold,3,0,0,0,,,,
s2delhi_r32_c26,sentinel2_delhi,S2C_43RGM_20260920_0_L2A,,32,26,EPSG:32643,766520.00,3115560.00,769080.00,3118120.00,77.7269,28.1501,row_band_4fold,3,0,1,,,,,
s2delhi_r32_c27,sentinel2_delhi,S2C_43RGM_20260920_0_L2A,,32,27,EPSG:32643,769080.00,3115560.00,771640.00,3118120.00,77.7529,28.1496,row_band_4fold,3,0,1,,,,,
s2delhi_r32_c28,sentinel2_delhi,S2C_43RGM_20260920_0_L2A,,32,28,EPSG:32643,771640.00,3115560.00,774200.00,3118120.00,77.779,28.1491,row_band_4fold,3,0,1,,,,,
s2delhi_r32_c29,sentinel2_delhi,S2C_43RGM_20260920_0_L2A,,32,29,EPSG:32643,774200.00,3115560.00,776760.00,3118120.00,77.805,28.1485,row_band_4fold,3,0,1,,,,,
s2delhi_r32_c30,sentinel2_delhi,S2C_43RGM_20260920_0_L2A,,32,30,EPSG:32643,776760.00,3115560.00,779320.00,3118120.00,77.8311,28.148,row_band_4fold,3,0,0,0,,,,
s2delhi_r32_c31,sentinel2_delhi,S2C_43RGM_20260920_0_L2A,,32,31,EPSG:32643,779320.00,3115560.00,781880.00,3118120.00,77.8571,28.1475,row_band_4fold,3,0,1,,,,,
s2delhi_r32_c32,sentinel2_delhi,S2C_43RGM_20260920_0_L2A,,32,32,EPSG:32643,781880.00,3115560.00,784440.00,3118120.00,77.8832,28.1469,row_band_4fold,3,0,1,,,,,
s2delhi_r32_c33,sentinel2_delhi,S2C_43RGM_20260920_0_L2A,,32,33,EPSG:32643,784440.00,3115560.00,787000.00,3118120.00,77.9092,28.1464,row_band_4fold,3,0,1,0,,,,
s2delhi_r32_c34,sentinel2_delhi,S2C_43RGM_20260920_0_L2A,,32,34,EPSG:32643,787000.00,3115560.00,789560.00,3118120.00,77.9352,28.1458,row_band_4fold,3,0,0,1,,,,
s2delhi_r32_c35,sentinel2_delhi,S2C_43RGM_20260920_0_L2A,,32,35,EPSG:32643,789560.00,3115560.00,792120.00,3118120.00,77.9613,28.1453,row_band_4fold,3,0,0,1,,,,
s2delhi_r32_c36,sentinel2_delhi,S2C_43RGM_20260920_0_L2A,,32,36,EPSG:32643,792120.00,3115560.00,794680.00,3118120.00,77.9873,28.1447,row_band_4fold,3,0,0,1,,,,
s2delhi_r32_c37,sentinel2_delhi,S2C_43RGM_20260920_0_L2A,,32,37,EPSG:32643,794680.00,3115560.00,797240.00,3118120.00,78.0133,28.1441,row_band_4fold,3,0,0,1,,,,
s2delhi_r32_c38,sentinel2_delhi,S2C_43RGM_20260920_0_L2A,,32,38,EPSG:32643,797240.00,3115560.00,799800.00,3118120.00,78.0394,28.1435,row_band_4fold,3,0,0,1,,,,
s2delhi_r32_c39,sentinel2_delhi,S2C_43RGM_20260920_0_L2A,,32,39,EPSG:32643,799800.00,3115560.00,802360.00,3118120.00,78.0654,28.143,row_band_4fold,3,0,0,1,,,,
s2delhi_r32_c40,sentinel2_delhi,S2C_43RGM_20260920_0_L2A,,32,40,EPSG:32643,802360.00,3115560.00,804920.00,3118120.00,78.0914,28.1424,row_band_4fold,3,0,0,1,,,,
s2delhi_r32_c41,sentinel2_delhi,S2C_43RGM_20260920_0_L2A,,32,41,EPSG:32643,804920.00,3115560.00,807480.00,3118120.00,78.1175,28.1418,row_band_4fold,3,0,0,1,,,,
s2delhi_r33_c00,sentinel2_delhi,S2C_43RGM_20260920_0_L2A,LC09_L2SP_147040_20260921_02_T1,33,0,EPSG:32643,699960.00,3113000.00,702520.00,3115560.00,77.0491,28.1388,row_band_4fold,3,1,0,,,309.901,313.778,3.87671
s2delhi_r33_c01,sentinel2_delhi,S2C_43RGM_20260920_0_L2A,LC09_L2SP_147040_20260921_02_T1,33,1,EPSG:32643,702520.00,3113000.00,705080.00,3115560.00,77.0752,28.1384,row_band_4fold,3,1,0,0,,310.275,316.644,6.36923
s2delhi_r33_c02,sentinel2_delhi,S2C_43RGM_20260920_0_L2A,LC09_L2SP_147040_20260921_02_T1,33,2,EPSG:32643,705080.00,3113000.00,707640.00,3115560.00,77.1012,28.138,row_band_4fold,3,1,0,,,308.34,315.761,7.42105
s2delhi_r33_c03,sentinel2_delhi,S2C_43RGM_20260920_0_L2A,LC09_L2SP_147040_20260921_02_T1,33,3,EPSG:32643,707640.00,3113000.00,710200.00,3115560.00,77.1273,28.1376,row_band_4fold,3,1,0,0,,308.12,316.425,8.30487
s2delhi_r33_c04,sentinel2_delhi,S2C_43RGM_20260920_0_L2A,,33,4,EPSG:32643,710200.00,3113000.00,712760.00,3115560.00,77.1533,28.1372,row_band_4fold,3,0,0,1,,,,
s2delhi_r33_c05,sentinel2_delhi,S2C_43RGM_20260920_0_L2A,,33,5,EPSG:32643,712760.00,3113000.00,715320.00,3115560.00,77.1794,28.1368,row_band_4fold,3,0,0,,,,,
s2delhi_r33_c06,sentinel2_delhi,S2C_43RGM_20260920_0_L2A,,33,6,EPSG:32643,715320.00,3113000.00,717880.00,3115560.00,77.2054,28.1364,row_band_4fold,3,0,0,,,,,
s2delhi_r33_c07,sentinel2_delhi,S2C_43RGM_20260920_0_L2A,,33,7,EPSG:32643,717880.00,3113000.00,720440.00,3115560.00,77.2315,28.136,row_band_4fold,3,0,0,0,,,,
s2delhi_r33_c08,sentinel2_delhi,S2C_43RGM_20260920_0_L2A,,33,8,EPSG:32643,720440.00,3113000.00,723000.00,3115560.00,77.2575,28.1356,row_band_4fold,3,0,0,,,,,
s2delhi_r33_c09,sentinel2_delhi,S2C_43RGM_20260920_0_L2A,,33,9,EPSG:32643,723000.00,3113000.00,725560.00,3115560.00,77.2836,28.1351,row_band_4fold,3,0,1,,,,,
s2delhi_r33_c10,sentinel2_delhi,S2C_43RGM_20260920_0_L2A,,33,10,EPSG:32643,725560.00,3113000.00,728120.00,3115560.00,77.3096,28.1347,row_band_4fold,3,0,1,,,,,
s2delhi_r33_c11,sentinel2_delhi,S2C_43RGM_20260920_0_L2A,,33,11,EPSG:32643,728120.00,3113000.00,730680.00,3115560.00,77.3357,28.1343,row_band_4fold,3,0,1,,,,,
s2delhi_r33_c12,sentinel2_delhi,S2C_43RGM_20260920_0_L2A,,33,12,EPSG:32643,730680.00,3113000.00,733240.00,3115560.00,77.3617,28.1338,row_band_4fold,3,0,1,,,,,
s2delhi_r33_c13,sentinel2_delhi,S2C_43RGM_20260920_0_L2A,,33,13,EPSG:32643,733240.00,3113000.00,735800.00,3115560.00,77.3878,28.1334,row_band_4fold,3,0,1,,,,,
s2delhi_r33_c14,sentinel2_delhi,S2C_43RGM_20260920_0_L2A,,33,14,EPSG:32643,735800.00,3113000.00,738360.00,3115560.00,77.4138,28.1329,row_band_4fold,3,0,1,,,,,
s2delhi_r33_c15,sentinel2_delhi,S2C_43RGM_20260920_0_L2A,,33,15,EPSG:32643,738360.00,3113000.00,740920.00,3115560.00,77.4399,28.1324,row_band_4fold,3,0,0,0,,,,
s2delhi_r33_c16,sentinel2_delhi,S2C_43RGM_20260920_0_L2A,,33,16,EPSG:32643,740920.00,3113000.00,743480.00,3115560.00,77.4659,28.132,row_band_4fold,3,0,1,,,,,
s2delhi_r33_c17,sentinel2_delhi,S2C_43RGM_20260920_0_L2A,,33,17,EPSG:32643,743480.00,3113000.00,746040.00,3115560.00,77.492,28.1315,row_band_4fold,3,0,0,0,,,,
s2delhi_r33_c18,sentinel2_delhi,S2C_43RGM_20260920_0_L2A,,33,18,EPSG:32643,746040.00,3113000.00,748600.00,3115560.00,77.518,28.131,row_band_4fold,3,0,0,0,,,,
s2delhi_r33_c19,sentinel2_delhi,S2C_43RGM_20260920_0_L2A,,33,19,EPSG:32643,748600.00,3113000.00,751160.00,3115560.00,77.544,28.1305,row_band_4fold,3,0,1,,,,,
s2delhi_r33_c20,sentinel2_delhi,S2C_43RGM_20260920_0_L2A,,33,20,EPSG:32643,751160.00,3113000.00,753720.00,3115560.00,77.5701,28.1301,row_band_4fold,3,0,0,0,,,,
s2delhi_r33_c21,sentinel2_delhi,S2C_43RGM_20260920_0_L2A,,33,21,EPSG:32643,753720.00,3113000.00,756280.00,3115560.00,77.5961,28.1296,row_band_4fold,3,0,1,,,,,
s2delhi_r33_c22,sentinel2_delhi,S2C_43RGM_20260920_0_L2A,,33,22,EPSG:32643,756280.00,3113000.00,758840.00,3115560.00,77.6222,28.1291,row_band_4fold,3,0,1,,,,,
s2delhi_r33_c23,sentinel2_delhi,S2C_43RGM_20260920_0_L2A,,33,23,EPSG:32643,758840.00,3113000.00,761400.00,3115560.00,77.6482,28.1286,row_band_4fold,3,0,1,,,,,
s2delhi_r33_c24,sentinel2_delhi,S2C_43RGM_20260920_0_L2A,,33,24,EPSG:32643,761400.00,3113000.00,763960.00,3115560.00,77.6742,28.1281,row_band_4fold,3,0,0,0,,,,
s2delhi_r33_c25,sentinel2_delhi,S2C_43RGM_20260920_0_L2A,,33,25,EPSG:32643,763960.00,3113000.00,766520.00,3115560.00,77.7003,28.1276,row_band_4fold,3,0,1,,,,,
s2delhi_r33_c26,sentinel2_delhi,S2C_43RGM_20260920_0_L2A,,33,26,EPSG:32643,766520.00,3113000.00,769080.00,3115560.00,77.7263,28.127,row_band_4fold,3,0,1,,,,,
s2delhi_r33_c27,sentinel2_delhi,S2C_43RGM_20260920_0_L2A,,33,27,EPSG:32643,769080.00,3113000.00,771640.00,3115560.00,77.7524,28.1265,row_band_4fold,3,0,1,,,,,
s2delhi_r33_c28,sentinel2_delhi,S2C_43RGM_20260920_0_L2A,,33,28,EPSG:32643,771640.00,3113000.00,774200.00,3115560.00,77.7784,28.126,row_band_4fold,3,0,1,,,,,
s2delhi_r33_c29,sentinel2_delhi,S2C_43RGM_20260920_0_L2A,,33,29,EPSG:32643,774200.00,3113000.00,776760.00,3115560.00,77.8044,28.1255,row_band_4fold,3,0,1,,,,,
s2delhi_r33_c30,sentinel2_delhi,S2C_43RGM_20260920_0_L2A,,33,30,EPSG:32643,776760.00,3113000.00,779320.00,3115560.00,77.8305,28.1249,row_band_4fold,3,0,0,0,,,,
s2delhi_r33_c31,sentinel2_delhi,S2C_43RGM_20260920_0_L2A,,33,31,EPSG:32643,779320.00,3113000.00,781880.00,3115560.00,77.8565,28.1244,row_band_4fold,3,0,1,,,,,
s2delhi_r33_c32,sentinel2_delhi,S2C_43RGM_20260920_0_L2A,,33,32,EPSG:32643,781880.00,3113000.00,784440.00,3115560.00,77.8825,28.1238,row_band_4fold,3,0,1,1,,,,
s2delhi_r33_c33,sentinel2_delhi,S2C_43RGM_20260920_0_L2A,,33,33,EPSG:32643,784440.00,3113000.00,787000.00,3115560.00,77.9086,28.1233,row_band_4fold,3,0,0,1,,,,
s2delhi_r33_c34,sentinel2_delhi,S2C_43RGM_20260920_0_L2A,,33,34,EPSG:32643,787000.00,3113000.00,789560.00,3115560.00,77.9346,28.1227,row_band_4fold,3,0,0,1,,,,
s2delhi_r33_c35,sentinel2_delhi,S2C_43RGM_20260920_0_L2A,,33,35,EPSG:32643,789560.00,3113000.00,792120.00,3115560.00,77.9606,28.1222,row_band_4fold,3,0,0,1,,,,
s2delhi_r33_c36,sentinel2_delhi,S2C_43RGM_20260920_0_L2A,,33,36,EPSG:32643,792120.00,3113000.00,794680.00,3115560.00,77.9867,28.1216,row_band_4fold,3,0,0,1,,,,
s2delhi_r33_c37,sentinel2_delhi,S2C_43RGM_20260920_0_L2A,,33,37,EPSG:32643,794680.00,3113000.00,797240.00,3115560.00,78.0127,28.121,row_band_4fold,3,0,0,,,,,
s2delhi_r33_c38,sentinel2_delhi,S2C_43RGM_20260920_0_L2A,,33,38,EPSG:32643,797240.00,3113000.00,799800.00,3115560.00,78.0387,28.1205,row_band_4fold,3,0,1,,,,,
s2delhi_r33_c39,sentinel2_delhi,S2C_43RGM_20260920_0_L2A,,33,39,EPSG:32643,799800.00,3113000.00,802360.00,3115560.00,78.0647,28.1199,row_band_4fold,3,0,0,1,,,,
s2delhi_r33_c40,sentinel2_delhi,S2C_43RGM_20260920_0_L2A,,33,40,EPSG:32643,802360.00,3113000.00,804920.00,3115560.00,78.0908,28.1193,row_band_4fold,3,0,0,1,,,,
s2delhi_r33_c41,sentinel2_delhi,S2C_43RGM_20260920_0_L2A,,33,41,EPSG:32643,804920.00,3113000.00,807480.00,3115560.00,78.1168,28.1187,row_band_4fold,3,0,0,1,,,,
s2delhi_r34_c00,sentinel2_delhi,S2C_43RGM_20260920_0_L2A,LC09_L2SP_147040_20260921_02_T1,34,0,EPSG:32643,699960.00,3110440.00,702520.00,3113000.00,77.0487,28.1157,row_band_4fold,3,1,0,0,,311.952,318.24,6.28766
s2delhi_r34_c01,sentinel2_delhi,S2C_43RGM_20260920_0_L2A,LC09_L2SP_147040_20260921_02_T1,34,1,EPSG:32643,702520.00,3110440.00,705080.00,3113000.00,77.0747,28.1154,row_band_4fold,3,1,1,,,312.13,319.199,7.06891
s2delhi_r34_c02,sentinel2_delhi,S2C_43RGM_20260920_0_L2A,LC09_L2SP_147040_20260921_02_T1,34,2,EPSG:32643,705080.00,3110440.00,707640.00,3113000.00,77.1008,28.115,row_band_4fold,3,1,0,0,,312.039,318.667,6.62845
s2delhi_r34_c03,sentinel2_delhi,S2C_43RGM_20260920_0_L2A,LC09_L2SP_147040_20260921_02_T1,34,3,EPSG:32643,707640.00,3110440.00,710200.00,3113000.00,77.1268,28.1146,row_band_4fold,3,1,0,1,,305.863,314.5,8.6369
s2delhi_r34_c04,sentinel2_delhi,S2C_43RGM_20260920_0_L2A,,34,4,EPSG:32643,710200.00,3110440.00,712760.00,3113000.00,77.1529,28.1141,row_band_4fold,3,0,0,1,,,,
s2delhi_r34_c05,sentinel2_delhi,S2C_43RGM_20260920_0_L2A,,34,5,EPSG:32643,712760.00,3110440.00,715320.00,3113000.00,77.1789,28.1137,row_band_4fold,3,0,0,,,,,
s2delhi_r34_c06,sentinel2_delhi,S2C_43RGM_20260920_0_L2A,,34,6,EPSG:32643,715320.00,3110440.00,717880.00,3113000.00,77.205,28.1133,row_band_4fold,3,0,0,1,,,,
s2delhi_r34_c07,sentinel2_delhi,S2C_43RGM_20260920_0_L2A,,34,7,EPSG:32643,717880.00,3110440.00,720440.00,3113000.00,77.231,28.1129,row_band_4fold,3,0,0,0,,,,
s2delhi_r34_c08,sentinel2_delhi,S2C_43RGM_20260920_0_L2A,,34,8,EPSG:32643,720440.00,3110440.00,723000.00,3113000.00,77.257,28.1125,row_band_4fold,3,0,0,,,,,
s2delhi_r34_c09,sentinel2_delhi,S2C_43RGM_20260920_0_L2A,,34,9,EPSG:32643,723000.00,3110440.00,725560.00,3113000.00,77.2831,28.112,row_band_4fold,3,0,1,,,,,
s2delhi_r34_c10,sentinel2_delhi,S2C_43RGM_20260920_0_L2A,,34,10,EPSG:32643,725560.00,3110440.00,728120.00,3113000.00,77.3091,28.1116,row_band_4fold,3,0,0,0,,,,
s2delhi_r34_c11,sentinel2_delhi,S2C_43RGM_20260920_0_L2A,,34,11,EPSG:32643,728120.00,3110440.00,730680.00,3113000.00,77.3352,28.1112,row_band_4fold,3,0,0,0,,,,
s2delhi_r34_c12,sentinel2_delhi,S2C_43RGM_20260920_0_L2A,,34,12,EPSG:32643,730680.00,3110440.00,733240.00,3113000.00,77.3612,28.1107,row_band_4fold,3,0,0,0,,,,
s2delhi_r34_c13,sentinel2_delhi,S2C_43RGM_20260920_0_L2A,,34,13,EPSG:32643,733240.00,3110440.00,735800.00,3113000.00,77.3873,28.1103,row_band_4fold,3,0,1,,,,,
s2delhi_r34_c14,sentinel2_delhi,S2C_43RGM_20260920_0_L2A,,34,14,EPSG:32643,735800.00,3110440.00,738360.00,3113000.00,77.4133,28.1098,row_band_4fold,3,0,1,,,,,
s2delhi_r34_c15,sentinel2_delhi,S2C_43RGM_20260920_0_L2A,,34,15,EPSG:32643,738360.00,3110440.00,740920.00,3113000.00,77.4393,28.1093,row_band_4fold,3,0,1,,,,,
s2delhi_r34_c16,sentinel2_delhi,S2C_43RGM_20260920_0_L2A,,34,16,EPSG:32643,740920.00,3110440.00,743480.00,3113000.00,77.4654,28.1089,row_band_4fold,3,0,1,,,,,
s2delhi_r34_c17,sentinel2_delhi,S2C_43RGM_20260920_0_L2A,,34,17,EPSG:32643,743480.00,3110440.00,746040.00,3113000.00,77.4914,28.1084,row_band_4fold,3,0,0,0,,,,
s2delhi_r34_c18,sentinel2_delhi,S2C_43RGM_20260920_0_L2A,,34,18,EPSG:32643,746040.00,3110440.00,748600.00,3113000.00,77.5175,28.1079,row_band_4fold,3,0,0,0,,,,
s2delhi_r34_c19,sentinel2_delhi,S2C_43RGM_20260920_0_L2A,,34,19,EPSG:32643,748600.00,3110440.00,751160.00,3113000.00,77.5435,28.1075,row_band_4fold,3,0,1,,,,,
s2delhi_r34_c20,sentinel2_delhi,S2C_43RGM_20260920_0_L2A,,34,20,EPSG:32643,751160.00,3110440.00,753720.00,3113000.00,77.5695,28.107,row_band_4fold,3,0,1,0,,,,
s2delhi_r34_c21,sentinel2_delhi,S2C_43RGM_20260920_0_L2A,,34,21,EPSG:32643,753720.00,3110440.00,756280.00,3113000.00,77.5956,28.1065,row_band_4fold,3,0,1,,,,,
s2delhi_r34_c22,sentinel2_delhi,S2C_43RGM_20260920_0_L2A,,34,22,EPSG:32643,756280.00,3110440.00,758840.00,3113000.00,77.6216,28.106,row_band_4fold,3,0,1,,,,,
s2delhi_r34_c23,sentinel2_delhi,S2C_43RGM_20260920_0_L2A,,34,23,EPSG:32643,758840.00,3110440.00,761400.00,3113000.00,77.6476,28.1055,row_band_4fold,3,0,1,,,,,
s2delhi_r34_c24,sentinel2_delhi,S2C_43RGM_20260920_0_L2A,,34,24,EPSG:32643,761400.00,3110440.00,763960.00,3113000.00,77.6737,28.105,row_band_4fold,3,0,0,0,,,,
s2delhi_r34_c25,sentinel2_delhi,S2C_43RGM_20260920_0_L2A,,34,25,EPSG:32643,763960.00,3110440.00,766520.00,3113000.00,77.6997,28.1045,row_band_4fold,3,0,1,,,,,
s2delhi_r34_c26,sentinel2_delhi,S2C_43RGM_20260920_0_L2A,,34,26,EPSG:32643,766520.00,3110440.00,769080.00,3113000.00,77.7257,28.104,row_band_4fold,3,0,1,,,,,
s2delhi_r34_c27,sentinel2_delhi,S2C_43RGM_20260920_0_L2A,,34,27,EPSG:32643,769080.00,3110440.00,771640.00,3113000.00,77.7518,28.1034,row_band_4fold,3,0,1,,,,,
s2delhi_r34_c28,sentinel2_delhi,S2C_43RGM_20260920_0_L2A,,34,28,EPSG:32643,771640.00,3110440.00,774200.00,3113000.00,77.7778,28.1029,row_band_4fold,3,0,1,,,,,
s2delhi_r34_c29,sentinel2_delhi,S2C_43RGM_20260920_0_L2A,,34,29,EPSG:32643,774200.00,3110440.00,776760.00,3113000.00,77.8038,28.1024,row_band_4fold,3,0,0,0,,,,
s2delhi_r34_c30,sentinel2_delhi,S2C_43RGM_20260920_0_L2A,,34,30,EPSG:32643,776760.00,3110440.00,779320.00,3113000.00,77.8299,28.1018,row_band_4fold,3,0,1,,,,,
s2delhi_r34_c31,sentinel2_delhi,S2C_43RGM_20260920_0_L2A,,34,31,EPSG:32643,779320.00,3110440.00,781880.00,3113000.00,77.8559,28.1013,row_band_4fold,3,0,1,,,,,
s2delhi_r34_c32,sentinel2_delhi,S2C_43RGM_20260920_0_L2A,,34,32,EPSG:32643,781880.00,3110440.00,784440.00,3113000.00,77.8819,28.1008,row_band_4fold,3,0,1,0,,,,
s2delhi_r34_c33,sentinel2_delhi,S2C_43RGM_20260920_0_L2A,,34,33,EPSG:32643,784440.00,3110440.00,787000.00,3113000.00,77.9079,28.1002,row_band_4fold,3,0,0,1,,,,
s2delhi_r34_c34,sentinel2_delhi,S2C_43RGM_20260920_0_L2A,,34,34,EPSG:32643,787000.00,3110440.00,789560.00,3113000.00,77.934,28.0997,row_band_4fold,3,0,0,1,,,,
s2delhi_r34_c35,sentinel2_delhi,S2C_43RGM_20260920_0_L2A,,34,35,EPSG:32643,789560.00,3110440.00,792120.00,3113000.00,77.96,28.0991,row_band_4fold,3,0,0,1,,,,
s2delhi_r34_c36,sentinel2_delhi,S2C_43RGM_20260920_0_L2A,,34,36,EPSG:32643,792120.00,3110440.00,794680.00,3113000.00,77.986,28.0985,row_band_4fold,3,0,0,1,,,,
s2delhi_r34_c37,sentinel2_delhi,S2C_43RGM_20260920_0_L2A,,34,37,EPSG:32643,794680.00,3110440.00,797240.00,3113000.00,78.012,28.098,row_band_4fold,3,0,0,,,,,
s2delhi_r34_c38,sentinel2_delhi,S2C_43RGM_20260920_0_L2A,,34,38,EPSG:32643,797240.00,3110440.00,799800.00,3113000.00,78.0381,28.0974,row_band_4fold,3,0,0,1,,,,
s2delhi_r34_c39,sentinel2_delhi,S2C_43RGM_20260920_0_L2A,,34,39,EPSG:32643,799800.00,3110440.00,802360.00,3113000.00,78.0641,28.0968,row_band_4fold,3,0,0,1,,,,
s2delhi_r34_c40,sentinel2_delhi,S2C_43RGM_20260920_0_L2A,,34,40,EPSG:32643,802360.00,3110440.00,804920.00,3113000.00,78.0901,28.0962,row_band_4fold,3,0,0,1,,,,
s2delhi_r34_c41,sentinel2_delhi,S2C_43RGM_20260920_0_L2A,,34,41,EPSG:32643,804920.00,3110440.00,807480.00,3113000.00,78.1161,28.0956,row_band_4fold,3,0,0,1,,,,
s2delhi_r35_c00,sentinel2_delhi,S2C_43RGM_20260920_0_L2A,LC09_L2SP_147040_20260921_02_T1,35,0,EPSG:32643,699960.00,3107880.00,702520.00,3110440.00,77.0482,28.0926,row_band_4fold,3,1,1,,,309.802,319.333,9.53119
s2delhi_r35_c01,sentinel2_delhi,S2C_43RGM_20260920_0_L2A,LC09_L2SP_147040_20260921_02_T1,35,1,EPSG:32643,702520.00,3107880.00,705080.00,3110440.00,77.0743,28.0923,row_band_4fold,3,1,1,,,309.294,318.141,8.84647
s2delhi_r35_c02,sentinel2_delhi,S2C_43RGM_20260920_0_L2A,LC09_L2SP_147040_20260921_02_T1,35,2,EPSG:32643,705080.00,3107880.00,707640.00,3110440.00,77.1003,28.0919,row_band_4fold,3,1,0,0,,313.587,321.743,8.15594
s2delhi_r35_c03,sentinel2_delhi,S2C_43RGM_20260920_0_L2A,LC09_L2SP_147040_20260921_02_T1,35,3,EPSG:32643,707640.00,3107880.00,710200.00,3110440.00,77.1264,28.0915,row_band_4fold,3,1,0,0,,311.651,321.581,9.92963
s2delhi_r35_c04,sentinel2_delhi,S2C_43RGM_20260920_0_L2A,,35,4,EPSG:32643,710200.00,3107880.00,712760.00,3110440.00,77.1524,28.0911,row_band_4fold,3,0,0,1,,,,
s2delhi_r35_c05,sentinel2_delhi,S2C_43RGM_20260920_0_L2A,,35,5,EPSG:32643,712760.00,3107880.00,715320.00,3110440.00,77.1784,28.0906,row_band_4fold,3,0,0,1,,,,
s2delhi_r35_c06,sentinel2_delhi,S2C_43RGM_20260920_0_L2A,,35,6,EPSG:32643,715320.00,3107880.00,717880.00,3110440.00,77.2045,28.0902,row_band_4fold,3,0,0,1,,,,
s2delhi_r35_c07,sentinel2_delhi,S2C_43RGM_20260920_0_L2A,,35,7,EPSG:32643,717880.00,3107880.00,720440.00,3110440.00,77.2305,28.0898,row_band_4fold,3,0,0,0,,,,
s2delhi_r35_c08,sentinel2_delhi,S2C_43RGM_20260920_0_L2A,,35,8,EPSG:32643,720440.00,3107880.00,723000.00,3110440.00,77.2566,28.0894,row_band_4fold,3,0,1,,,,,
s2delhi_r35_c09,sentinel2_delhi,S2C_43RGM_20260920_0_L2A,,35,9,EPSG:32643,723000.00,3107880.00,725560.00,3110440.00,77.2826,28.0889,row_band_4fold,3,0,1,,,,,
s2delhi_r35_c10,sentinel2_delhi,S2C_43RGM_20260920_0_L2A,,35,10,EPSG:32643,725560.00,3107880.00,728120.00,3110440.00,77.3086,28.0885,row_band_4fold,3,0,0,0,,,,
s2delhi_r35_c11,sentinel2_delhi,S2C_43RGM_20260920_0_L2A,,35,11,EPSG:32643,728120.00,3107880.00,730680.00,3110440.00,77.3347,28.0881,row_band_4fold,3,0,0,0,,,,
s2delhi_r35_c12,sentinel2_delhi,S2C_43RGM_20260920_0_L2A,,35,12,EPSG:32643,730680.00,3107880.00,733240.00,3110440.00,77.3607,28.0876,row_band_4fold,3,0,0,0,,,,
s2delhi_r35_c13,sentinel2_delhi,S2C_43RGM_20260920_0_L2A,,35,13,EPSG:32643,733240.00,3107880.00,735800.00,3110440.00,77.3867,28.0872,row_band_4fold,3,0,0,,,,,
s2delhi_r35_c14,sentinel2_delhi,S2C_43RGM_20260920_0_L2A,,35,14,EPSG:32643,735800.00,3107880.00,738360.00,3110440.00,77.4128,28.0867,row_band_4fold,3,0,1,,,,,
s2delhi_r35_c15,sentinel2_delhi,S2C_43RGM_20260920_0_L2A,,35,15,EPSG:32643,738360.00,3107880.00,740920.00,3110440.00,77.4388,28.0863,row_band_4fold,3,0,1,,,,,
s2delhi_r35_c16,sentinel2_delhi,S2C_43RGM_20260920_0_L2A,,35,16,EPSG:32643,740920.00,3107880.00,743480.00,3110440.00,77.4649,28.0858,row_band_4fold,3,0,0,1,,,,
s2delhi_r35_c17,sentinel2_delhi,S2C_43RGM_20260920_0_L2A,,35,17,EPSG:32643,743480.00,3107880.00,746040.00,3110440.00,77.4909,28.0853,row_band_4fold,3,0,0,1,,,,
s2delhi_r35_c18,sentinel2_delhi,S2C_43RGM_20260920_0_L2A,,35,18,EPSG:32643,746040.00,3107880.00,748600.00,3110440.00,77.5169,28.0848,row_band_4fold,3,0,0,1,,,,
s2delhi_r35_c19,sentinel2_delhi,S2C_43RGM_20260920_0_L2A,,35,19,EPSG:32643,748600.00,3107880.00,751160.00,3110440.00,77.5429,28.0844,row_band_4fold,3,0,0,0,,,,
s2delhi_r35_c20,sentinel2_delhi,S2C_43RGM_20260920_0_L2A,,35,20,EPSG:32643,751160.00,3107880.00,753720.00,3110440.00,77.569,28.0839,row_band_4fold,3,0,0,0,,,,
s2delhi_r35_c21,sentinel2_delhi,S2C_43RGM_20260920_0_L2A,,35,21,EPSG:32643,753720.00,3107880.00,756280.00,3110440.00,77.595,28.0834,row_band_4fold,3,0,1,,,,,
s2delhi_r35_c22,sentinel2_delhi,S2C_43RGM_20260920_0_L2A,,35,22,EPSG:32643,756280.00,3107880.00,758840.00,3110440.00,77.621,28.0829,row_band_4fold,3,0,0,0,,,,
s2delhi_r35_c23,sentinel2_delhi,S2C_43RGM_20260920_0_L2A,,35,23,EPSG:32643,758840.00,3107880.00,761400.00,3110440.00,77.6471,28.0824,row_band_4fold,3,0,0,,,,,
s2delhi_r35_c24,sentinel2_delhi,S2C_43RGM_20260920_0_L2A,,35,24,EPSG:32643,761400.00,3107880.00,763960.00,3110440.00,77.6731,28.0819,row_band_4fold,3,0,1,,,,,
s2delhi_r35_c25,sentinel2_delhi,S2C_43RGM_20260920_0_L2A,,35,25,EPSG:32643,763960.00,3107880.00,766520.00,3110440.00,77.6991,28.0814,row_band_4fold,3,0,1,,,,,
s2delhi_r35_c26,sentinel2_delhi,S2C_43RGM_20260920_0_L2A,,35,26,EPSG:32643,766520.00,3107880.00,769080.00,3110440.00,77.7252,28.0809,row_band_4fold,3,0,1,,,,,
s2delhi_r35_c27,sentinel2_delhi,S2C_43RGM_20260920_0_L2A,,35,27,EPSG:32643,769080.00,3107880.00,771640.00,3110440.00,77.7512,28.0803,row_band_4fold,3,0,1,,,,,
s2delhi_r35_c28,sentinel2_delhi,S2C_43RGM_20260920_0_L2A,,35,28,EPSG:32643,771640.00,3107880.00,774200.00,3110440.00,77.7772,28.0798,row_band_4fold,3,0,1,,,,,
s2delhi_r35_c29,sentinel2_delhi,S2C_43RGM_20260920_0_L2A,,35,29,EPSG:32643,774200.00,3107880.00,776760.00,3110440.00,77.8032,28.0793,row_band_4fold,3,0,1,,,,,
s2delhi_r35_c30,sentinel2_delhi,S2C_43RGM_20260920_0_L2A,,35,30,EPSG:32643,776760.00,3107880.00,779320.00,3110440.00,77.8293,28.0788,row_band_4fold,3,0,1,,,,,
s2delhi_r35_c31,sentinel2_delhi,S2C_43RGM_20260920_0_L2A,,35,31,EPSG:32643,779320.00,3107880.00,781880.00,3110440.00,77.8553,28.0782,row_band_4fold,3,0,1,,,,,
s2delhi_r35_c32,sentinel2_delhi,S2C_43RGM_20260920_0_L2A,,35,32,EPSG:32643,781880.00,3107880.00,784440.00,3110440.00,77.8813,28.0777,row_band_4fold,3,0,1,0,,,,
s2delhi_r35_c33,sentinel2_delhi,S2C_43RGM_20260920_0_L2A,,35,33,EPSG:32643,784440.00,3107880.00,787000.00,3110440.00,77.9073,28.0771,row_band_4fold,3,0,0,1,,,,
s2delhi_r35_c34,sentinel2_delhi,S2C_43RGM_20260920_0_L2A,,35,34,EPSG:32643,787000.00,3107880.00,789560.00,3110440.00,77.9333,28.0766,row_band_4fold,3,0,0,1,,,,
s2delhi_r35_c35,sentinel2_delhi,S2C_43RGM_20260920_0_L2A,,35,35,EPSG:32643,789560.00,3107880.00,792120.00,3110440.00,77.9594,28.076,row_band_4fold,3,0,0,1,,,,
s2delhi_r35_c36,sentinel2_delhi,S2C_43RGM_20260920_0_L2A,,35,36,EPSG:32643,792120.00,3107880.00,794680.00,3110440.00,77.9854,28.0755,row_band_4fold,3,0,0,1,,,,
s2delhi_r35_c37,sentinel2_delhi,S2C_43RGM_20260920_0_L2A,,35,37,EPSG:32643,794680.00,3107880.00,797240.00,3110440.00,78.0114,28.0749,row_band_4fold,3,0,1,,,,,
s2delhi_r35_c38,sentinel2_delhi,S2C_43RGM_20260920_0_L2A,,35,38,EPSG:32643,797240.00,3107880.00,799800.00,3110440.00,78.0374,28.0743,row_band_4fold,3,0,0,1,,,,
s2delhi_r35_c39,sentinel2_delhi,S2C_43RGM_20260920_0_L2A,,35,39,EPSG:32643,799800.00,3107880.00,802360.00,3110440.00,78.0634,28.0737,row_band_4fold,3,0,0,1,,,,
s2delhi_r35_c40,sentinel2_delhi,S2C_43RGM_20260920_0_L2A,,35,40,EPSG:32643,802360.00,3107880.00,804920.00,3110440.00,78.0895,28.0731,row_band_4fold,3,0,0,1,,,,
s2delhi_r35_c41,sentinel2_delhi,S2C_43RGM_20260920_0_L2A,,35,41,EPSG:32643,804920.00,3107880.00,807480.00,3110440.00,78.1155,28.0726,row_band_4fold,3,0,0,1,,,,
s2delhi_r36_c00,sentinel2_delhi,S2C_43RGM_20260920_0_L2A,LC09_L2SP_147040_20260921_02_T1,36,0,EPSG:32643,699960.00,3105320.00,702520.00,3107880.00,77.0478,28.0696,row_band_4fold,3,1,1,,,307.946,319.733,11.7864
s2delhi_r36_c01,sentinel2_delhi,S2C_43RGM_20260920_0_L2A,LC09_L2SP_147040_20260921_02_T1,36,1,EPSG:32643,702520.00,3105320.00,705080.00,3107880.00,77.0738,28.0692,row_band_4fold,3,1,1,,,297.664,314.379,16.7159
s2delhi_r36_c02,sentinel2_delhi,S2C_43RGM_20260920_0_L2A,LC09_L2SP_147040_20260921_02_T1,36,2,EPSG:32643,705080.00,3105320.00,707640.00,3107880.00,77.0999,28.0688,row_band_4fold,3,1,0,0,,304.754,315.111,10.3566
s2delhi_r36_c03,sentinel2_delhi,S2C_43RGM_20260920_0_L2A,,36,3,EPSG:32643,707640.00,3105320.00,710200.00,3107880.00,77.1259,28.0684,row_band_4fold,3,0,0,1,,,,
s2delhi_r36_c04,sentinel2_delhi,S2C_43RGM_20260920_0_L2A,,36,4,EPSG:32643,710200.00,3105320.00,712760.00,3107880.00,77.1519,28.068,row_band_4fold,3,0,0,,,,,
s2delhi_r36_c05,sentinel2_delhi,S2C_43RGM_20260920_0_L2A,,36,5,EPSG:32643,712760.00,3105320.00,715320.00,3107880.00,77.178,28.0676,row_band_4fold,3,0,0,,,,,
s2delhi_r36_c06,sentinel2_delhi,S2C_43RGM_20260920_0_L2A,,36,6,EPSG:32643,715320.00,3105320.00,717880.00,3107880.00,77.204,28.0671,row_band_4fold,3,0,0,0,,,,
s2delhi_r36_c07,sentinel2_delhi,S2C_43RGM_20260920_0_L2A,,36,7,EPSG:32643,717880.00,3105320.00,720440.00,3107880.00,77.23,28.0667,row_band_4fold,3,0,0,0,,,,
s2delhi_r36_c08,sentinel2_delhi,S2C_43RGM_20260920_0_L2A,,36,8,EPSG:32643,720440.00,3105320.00,723000.00,3107880.00,77.2561,28.0663,row_band_4fold,3,0,1,,,,,
s2delhi_r36_c09,sentinel2_delhi,S2C_43RGM_20260920_0_L2A,,36,9,EPSG:32643,723000.00,3105320.00,725560.00,3107880.00,77.2821,28.0659,row_band_4fold,3,0,1,,,,,
s2delhi_r36_c10,sentinel2_delhi,S2C_43RGM_20260920_0_L2A,,36,10,EPSG:32643,725560.00,3105320.00,728120.00,3107880.00,77.3081,28.0654,row_band_4fold,3,0,0,,,,,
s2delhi_r36_c11,sentinel2_delhi,S2C_43RGM_20260920_0_L2A,,36,11,EPSG:32643,728120.00,3105320.00,730680.00,3107880.00,77.3342,28.065,row_band_4fold,3,0,0,,,,,
s2delhi_r36_c12,sentinel2_delhi,S2C_43RGM_20260920_0_L2A,,36,12,EPSG:32643,730680.00,3105320.00,733240.00,3107880.00,77.3602,28.0645,row_band_4fold,3,0,0,,,,,
s2delhi_r36_c13,sentinel2_delhi,S2C_43RGM_20260920_0_L2A,,36,13,EPSG:32643,733240.00,3105320.00,735800.00,3107880.00,77.3862,28.0641,row_band_4fold,3,0,0,,,,,
s2delhi_r36_c14,sentinel2_delhi,S2C_43RGM_20260920_0_L2A,,36,14,EPSG:32643,735800.00,3105320.00,738360.00,3107880.00,77.4123,28.0636,row_band_4fold,3,0,1,,,,,
s2delhi_r36_c15,sentinel2_delhi,S2C_43RGM_20260920_0_L2A,,36,15,EPSG:32643,738360.00,3105320.00,740920.00,3107880.00,77.4383,28.0632,row_band_4fold,3,0,0,0,,,,
s2delhi_r36_c16,sentinel2_delhi,S2C_43RGM_20260920_0_L2A,,36,16,EPSG:32643,740920.00,3105320.00,743480.00,3107880.00,77.4643,28.0627,row_band_4fold,3,0,0,0,,,,
s2delhi_r36_c17,sentinel2_delhi,S2C_43RGM_20260920_0_L2A,,36,17,EPSG:32643,743480.00,3105320.00,746040.00,3107880.00,77.4904,28.0622,row_band_4fold,3,0,0,1,,,,
s2delhi_r36_c18,sentinel2_delhi,S2C_43RGM_20260920_0_L2A,,36,18,EPSG:32643,746040.00,3105320.00,748600.00,3107880.00,77.5164,28.0618,row_band_4fold,3,0,1,,,,,
s2delhi_r36_c19,sentinel2_delhi,S2C_43RGM_20260920_0_L2A,,36,19,EPSG:32643,748600.00,3105320.00,751160.00,3107880.00,77.5424,28.0613,row_band_4fold,3,0,1,,,,,
s2delhi_r36_c20,sentinel2_delhi,S2C_43RGM_20260920_0_L2A,,36,20,EPSG:32643,751160.00,3105320.00,753720.00,3107880.00,77.5684,28.0608,row_band_4fold,3,0,0,0,,,,
s2delhi_r36_c21,sentinel2_delhi,S2C_43RGM_20260920_0_L2A,,36,21,EPSG:32643,753720.00,3105320.00,756280.00,3107880.00,77.5945,28.0603,row_band_4fold,3,0,0,0,,,,
s2delhi_r36_c22,sentinel2_delhi,S2C_43RGM_20260920_0_L2A,,36,22,EPSG:32643,756280.00,3105320.00,758840.00,3107880.00,77.6205,28.0598,row_band_4fold,3,0,0,0,,,,
s2delhi_r36_c23,sentinel2_delhi,S2C_43RGM_20260920_0_L2A,,36,23,EPSG:32643,758840.00,3105320.00,761400.00,3107880.00,77.6465,28.0593,row_band_4fold,3,0,1,,,,,
s2delhi_r36_c24,sentinel2_delhi,S2C_43RGM_20260920_0_L2A,,36,24,EPSG:32643,761400.00,3105320.00,763960.00,3107880.00,77.6725,28.0588,row_band_4fold,3,0,1,,,,,
s2delhi_r36_c25,sentinel2_delhi,S2C_43RGM_20260920_0_L2A,,36,25,EPSG:32643,763960.00,3105320.00,766520.00,3107880.00,77.6985,28.0583,row_band_4fold,3,0,1,,,,,
s2delhi_r36_c26,sentinel2_delhi,S2C_43RGM_20260920_0_L2A,,36,26,EPSG:32643,766520.00,3105320.00,769080.00,3107880.00,77.7246,28.0578,row_band_4fold,3,0,1,,,,,
s2delhi_r36_c27,sentinel2_delhi,S2C_43RGM_20260920_0_L2A,,36,27,EPSG:32643,769080.00,3105320.00,771640.00,3107880.00,77.7506,28.0573,row_band_4fold,3,0,0,0,,,,
s2delhi_r36_c28,sentinel2_delhi,S2C_43RGM_20260920_0_L2A,,36,28,EPSG:32643,771640.00,3105320.00,774200.00,3107880.00,77.7766,28.0567,row_band_4fold,3,0,1,,,,,
s2delhi_r36_c29,sentinel2_delhi,S2C_43RGM_20260920_0_L2A,,36,29,EPSG:32643,774200.00,3105320.00,776760.00,3107880.00,77.8026,28.0562,row_band_4fold,3,0,1,,,,,
s2delhi_r36_c30,sentinel2_delhi,S2C_43RGM_20260920_0_L2A,,36,30,EPSG:32643,776760.00,3105320.00,779320.00,3107880.00,77.8286,28.0557,row_band_4fold,3,0,1,,,,,
s2delhi_r36_c31,sentinel2_delhi,S2C_43RGM_20260920_0_L2A,,36,31,EPSG:32643,779320.00,3105320.00,781880.00,3107880.00,77.8547,28.0551,row_band_4fold,3,0,1,,,,,
s2delhi_r36_c32,sentinel2_delhi,S2C_43RGM_20260920_0_L2A,,36,32,EPSG:32643,781880.00,3105320.00,784440.00,3107880.00,77.8807,28.0546,row_band_4fold,3,0,0,0,,,,
s2delhi_r36_c33,sentinel2_delhi,S2C_43RGM_20260920_0_L2A,,36,33,EPSG:32643,784440.00,3105320.00,787000.00,3107880.00,77.9067,28.054,row_band_4fold,3,0,0,1,,,,
s2delhi_r36_c34,sentinel2_delhi,S2C_43RGM_20260920_0_L2A,,36,34,EPSG:32643,787000.00,3105320.00,789560.00,3107880.00,77.9327,28.0535,row_band_4fold,3,0,0,1,,,,
s2delhi_r36_c35,sentinel2_delhi,S2C_43RGM_20260920_0_L2A,,36,35,EPSG:32643,789560.00,3105320.00,792120.00,3107880.00,77.9587,28.0529,row_band_4fold,3,0,0,1,,,,
s2delhi_r36_c36,sentinel2_delhi,S2C_43RGM_20260920_0_L2A,,36,36,EPSG:32643,792120.00,3105320.00,794680.00,3107880.00,77.9847,28.0524,row_band_4fold,3,0,0,1,,,,
s2delhi_r36_c37,sentinel2_delhi,S2C_43RGM_20260920_0_L2A,,36,37,EPSG:32643,794680.00,3105320.00,797240.00,3107880.00,78.0108,28.0518,row_band_4fold,3,0,0,1,,,,
s2delhi_r36_c38,sentinel2_delhi,S2C_43RGM_20260920_0_L2A,,36,38,EPSG:32643,797240.00,3105320.00,799800.00,3107880.00,78.0368,28.0512,row_band_4fold,3,0,0,1,,,,
s2delhi_r36_c39,sentinel2_delhi,S2C_43RGM_20260920_0_L2A,,36,39,EPSG:32643,799800.00,3105320.00,802360.00,3107880.00,78.0628,28.0507,row_band_4fold,3,0,0,1,,,,
s2delhi_r36_c40,sentinel2_delhi,S2C_43RGM_20260920_0_L2A,,36,40,EPSG:32643,802360.00,3105320.00,804920.00,3107880.00,78.0888,28.0501,row_band_4fold,3,0,0,1,,,,
s2delhi_r36_c41,sentinel2_delhi,S2C_43RGM_20260920_0_L2A,,36,41,EPSG:32643,804920.00,3105320.00,807480.00,3107880.00,78.1148,28.0495,row_band_4fold,3,0,0,1,,,,
s2delhi_r37_c00,sentinel2_delhi,S2C_43RGM_20260920_0_L2A,LC09_L2SP_147040_20260921_02_T1,37,0,EPSG:32643,699960.00,3102760.00,702520.00,3105320.00,77.0474,28.0465,row_band_4fold,3,1,0,,,300.844,313.543,12.6992
s2delhi_r37_c01,sentinel2_delhi,S2C_43RGM_20260920_0_L2A,LC09_L2SP_147040_20260921_02_T1,37,1,EPSG:32643,702520.00,3102760.00,705080.00,3105320.00,77.0734,28.0461,row_band_4fold,3,1,0,0,,302.213,310.38,8.16656
s2delhi_r37_c02,sentinel2_delhi,S2C_43RGM_20260920_0_L2A,LC09_L2SP_147040_20260921_02_T1,37,2,EPSG:32643,705080.00,3102760.00,707640.00,3105320.00,77.0994,28.0457,row_band_4fold,3,1,0,1,,302.261,314.174,11.9127
s2delhi_r37_c03,sentinel2_delhi,S2C_43RGM_20260920_0_L2A,,37,3,EPSG:32643,707640.00,3102760.00,710200.00,3105320.00,77.1255,28.0453,row_band_4fold,3,0,0,0,,,,
s2delhi_r37_c04,sentinel2_delhi,S2C_43RGM_20260920_0_L2A,,37,4,EPSG:32643,710200.00,3102760.00,712760.00,3105320.00,77.1515,28.0449,row_band_4fold,3,0,0,,,,,
s2delhi_r37_c05,sentinel2_delhi,S2C_43RGM_20260920_0_L2A,,37,5,EPSG:32643,712760.00,3102760.00,715320.00,3105320.00,77.1775,28.0445,row_band_4fold,3,0,1,,,,,
s2delhi_r37_c06,sentinel2_delhi,S2C_43RGM_20260920_0_L2A,,37,6,EPSG:32643,715320.00,3102760.00,717880.00,3105320.00,77.2035,28.044,row_band_4fold,3,0,0,0,,,,
s2delhi_r37_c07,sentinel2_delhi,S2C_43RGM_20260920_0_L2A,,37,7,EPSG:32643,717880.00,3102760.00,720440.00,3105320.00,77.2296,28.0436,row_band_4fold,3,0,0,0,,,,
s2delhi_r37_c08,sentinel2_delhi,S2C_43RGM_20260920_0_L2A,,37,8,EPSG:32643,720440.00,3102760.00,723000.00,3105320.00,77.2556,28.0432,row_band_4fold,3,0,0,0,,,,
s2delhi_r37_c09,sentinel2_delhi,S2C_43RGM_20260920_0_L2A,,37,9,EPSG:32643,723000.00,3102760.00,725560.00,3105320.00,77.2816,28.0428,row_band_4fold,3,0,0,,,,,
s2delhi_r37_c10,sentinel2_delhi,S2C_43RGM_20260920_0_L2A,,37,10,EPSG:32643,725560.00,3102760.00,728120.00,3105320.00,77.3077,28.0423,row_band_4fold,3,0,1,,,,,
s2delhi_r37_c11,sentinel2_delhi,S2C_43RGM_20260920_0_L2A,,37,11,EPSG:32643,728120.00,3102760.00,730680.00,3105320.00,77.3337,28.0419,row_band_4fold,3,0,1,,,,,
s2delhi_r37_c12,sentinel2_delhi,S2C_43RGM_20260920_0_L2A,,37,12,EPSG:32643,730680.00,3102760.00,733240.00,3105320.00,77.3597,28.0414,row_band_4fold,3,0,1,,,,,
s2delhi_r37_c13,sentinel2_delhi,S2C_43RGM_20260920_0_L2A,,37,13,EPSG:32643,733240.00,3102760.00,735800.00,3105320.00,77.3857,28.041,row_band_4fold,3,0,1,,,,,
s2delhi_r37_c14,sentinel2_delhi,S2C_43RGM_20260920_0_L2A,,37,14,EPSG:32643,735800.00,3102760.00,738360.00,3105320.00,77.4118,28.0405,row_band_4fold,3,0,1,0,,,,
s2delhi_r37_c15,sentinel2_delhi,S2C_43RGM_20260920_0_L2A,,37,15,EPSG:32643,738360.00,3102760.00,740920.00,3105320.00,77.4378,28.0401,row_band_4fold,3,0,0,1,,,,
s2delhi_r37_c16,sentinel2_delhi,S2C_43RGM_20260920_0_L2A,,37,16,EPSG:32643,740920.00,3102760.00,743480.00,3105320.00,77.4638,28.0396,row_band_4fold,3,0,1,,,,,
s2delhi_r37_c17,sentinel2_delhi,S2C_43RGM_20260920_0_L2A,,37,17,EPSG:32643,743480.00,3102760.00,746040.00,3105320.00,77.4898,28.0391,row_band_4fold,3,0,0,0,,,,
s2delhi_r37_c18,sentinel2_delhi,S2C_43RGM_20260920_0_L2A,,37,18,EPSG:32643,746040.00,3102760.00,748600.00,3105320.00,77.5158,28.0387,row_band_4fold,3,0,0,0,,,,
s2delhi_r37_c19,sentinel2_delhi,S2C_43RGM_20260920_0_L2A,,37,19,EPSG:32643,748600.00,3102760.00,751160.00,3105320.00,77.5419,28.0382,row_band_4fold,3,0,1,,,,,
s2delhi_r37_c20,sentinel2_delhi,S2C_43RGM_20260920_0_L2A,,37,20,EPSG:32643,751160.00,3102760.00,753720.00,3105320.00,77.5679,28.0377,row_band_4fold,3,0,0,0,,,,
s2delhi_r37_c21,sentinel2_delhi,S2C_43RGM_20260920_0_L2A,,37,21,EPSG:32643,753720.00,3102760.00,756280.00,3105320.00,77.5939,28.0372,row_band_4fold,3,0,0,0,,,,
s2delhi_r37_c22,sentinel2_delhi,S2C_43RGM_20260920_0_L2A,,37,22,EPSG:32643,756280.00,3102760.00,758840.00,3105320.00,77.6199,28.0367,row_band_4fold,3,0,0,0,,,,
s2delhi_r37_c23,sentinel2_delhi,S2C_43RGM_20260920_0_L2A,,37,23,EPSG:32643,758840.00,3102760.00,761400.00,3105320.00,77.6459,28.0362,row_band_4fold,3,0,1,,,,,
s2delhi_r37_c24,sentinel2_delhi,S2C_43RGM_20260920_0_L2A,,37,24,EPSG:32643,761400.00,3102760.00,763960.00,3105320.00,77.672,28.0357,row_band_4fold,3,0,0,0,,,,
s2delhi_r37_c25,sentinel2_delhi,S2C_43RGM_20260920_0_L2A,,37,25,EPSG:32643,763960.00,3102760.00,766520.00,3105320.00,77.698,28.0352,row_band_4fold,3,0,0,1,,,,
s2delhi_r37_c26,sentinel2_delhi,S2C_43RGM_20260920_0_L2A,,37,26,EPSG:32643,766520.00,3102760.00,769080.00,3105320.00,77.724,28.0347,row_band_4fold,3,0,0,1,,,,
s2delhi_r37_c27,sentinel2_delhi,S2C_43RGM_20260920_0_L2A,,37,27,EPSG:32643,769080.00,3102760.00,771640.00,3105320.00,77.75,28.0342,row_band_4fold,3,0,0,1,,,,
s2delhi_r37_c28,sentinel2_delhi,S2C_43RGM_20260920_0_L2A,,37,28,EPSG:32643,771640.00,3102760.00,774200.00,3105320.00,77.776,28.0337,row_band_4fold,3,0,1,,,,,
s2delhi_r37_c29,sentinel2_delhi,S2C_43RGM_20260920_0_L2A,,37,29,EPSG:32643,774200.00,3102760.00,776760.00,3105320.00,77.802,28.0331,row_band_4fold,3,0,1,,,,,
s2delhi_r37_c30,sentinel2_delhi,S2C_43RGM_20260920_0_L2A,,37,30,EPSG:32643,776760.00,3102760.00,779320.00,3105320.00,77.828,28.0326,row_band_4fold,3,0,1,,,,,
s2delhi_r37_c31,sentinel2_delhi,S2C_43RGM_20260920_0_L2A,,37,31,EPSG:32643,779320.00,3102760.00,781880.00,3105320.00,77.8541,28.0321,row_band_4fold,3,0,1,,,,,
s2delhi_r37_c32,sentinel2_delhi,S2C_43RGM_20260920_0_L2A,,37,32,EPSG:32643,781880.00,3102760.00,784440.00,3105320.00,77.8801,28.0315,row_band_4fold,3,0,0,0,,,,
s2delhi_r37_c33,sentinel2_delhi,S2C_43RGM_20260920_0_L2A,,37,33,EPSG:32643,784440.00,3102760.00,787000.00,3105320.00,77.9061,28.031,row_band_4fold,3,0,0,0,,,,
s2delhi_r37_c34,sentinel2_delhi,S2C_43RGM_20260920_0_L2A,,37,34,EPSG:32643,787000.00,3102760.00,789560.00,3105320.00,77.9321,28.0304,row_band_4fold,3,0,0,1,,,,
s2delhi_r37_c35,sentinel2_delhi,S2C_43RGM_20260920_0_L2A,,37,35,EPSG:32643,789560.00,3102760.00,792120.00,3105320.00,77.9581,28.0299,row_band_4fold,3,0,0,1,,,,
s2delhi_r37_c36,sentinel2_delhi,S2C_43RGM_20260920_0_L2A,,37,36,EPSG:32643,792120.00,3102760.00,794680.00,3105320.00,77.9841,28.0293,row_band_4fold,3,0,1,,,,,
s2delhi_r37_c37,sentinel2_delhi,S2C_43RGM_20260920_0_L2A,,37,37,EPSG:32643,794680.00,3102760.00,797240.00,3105320.00,78.0101,28.0287,row_band_4fold,3,0,0,1,,,,
s2delhi_r37_c38,sentinel2_delhi,S2C_43RGM_20260920_0_L2A,,37,38,EPSG:32643,797240.00,3102760.00,799800.00,3105320.00,78.0361,28.0282,row_band_4fold,3,0,0,1,,,,
s2delhi_r37_c39,sentinel2_delhi,S2C_43RGM_20260920_0_L2A,,37,39,EPSG:32643,799800.00,3102760.00,802360.00,3105320.00,78.0621,28.0276,row_band_4fold,3,0,0,1,,,,
s2delhi_r37_c40,sentinel2_delhi,S2C_43RGM_20260920_0_L2A,,37,40,EPSG:32643,802360.00,3102760.00,804920.00,3105320.00,78.0881,28.027,row_band_4fold,3,0,0,1,,,,
s2delhi_r37_c41,sentinel2_delhi,S2C_43RGM_20260920_0_L2A,,37,41,EPSG:32643,804920.00,3102760.00,807480.00,3105320.00,78.1141,28.0264,row_band_4fold,3,0,0,1,,,,
s2delhi_r38_c00,sentinel2_delhi,S2C_43RGM_20260920_0_L2A,LC09_L2SP_147040_20260921_02_T1,38,0,EPSG:32643,699960.00,3100200.00,702520.00,3102760.00,77.0469,28.0234,row_band_4fold,3,1,1,,,302.999,312.254,9.25433
s2delhi_r38_c01,sentinel2_delhi,S2C_43RGM_20260920_0_L2A,LC09_L2SP_147040_20260921_02_T1,38,1,EPSG:32643,702520.00,3100200.00,705080.00,3102760.00,77.073,28.023,row_band_4fold,3,1,0,0,,305.093,311.246,6.15305
s2delhi_r38_c02,sentinel2_delhi,S2C_43RGM_20260920_0_L2A,LC09_L2SP_147040_20260921_02_T1,38,2,EPSG:32643,705080.00,3100200.00,707640.00,3102760.00,77.099,28.0226,row_band_4fold,3,1,0,1,,293.615,307.212,13.5973
s2delhi_r38_c03,sentinel2_delhi,S2C_43RGM_20260920_0_L2A,,38,3,EPSG:32643,707640.00,3100200.00,710200.00,3102760.00,77.125,28.0222,row_band_4fold,3,0,0,0,,,,
s2delhi_r38_c04,sentinel2_delhi,S2C_43RGM_20260920_0_L2A,,38,4,EPSG:32643,710200.00,3100200.00,712760.00,3102760.00,77.151,28.0218,row_band_4fold,3,0,0,0,,,,
s2delhi_r38_c05,sentinel2_delhi,S2C_43RGM_20260920_0_L2A,,38,5,EPSG:32643,712760.00,3100200.00,715320.00,3102760.00,77.1771,28.0214,row_band_4fold,3,0,1,,,,,
s2delhi_r38_c06,sentinel2_delhi,S2C_43RGM_20260920_0_L2A,,38,6,EPSG:32643,715320.00,3100200.00,717880.00,3102760.00,77.2031,28.0209,row_band_4fold,3,0,1,,,,,
s2delhi_r38_c07,sentinel2_delhi,S2C_43RGM_20260920_0_L2A,,38,7,EPSG:32643,717880.00,3100200.00,720440.00,3102760.00,77.2291,28.0205,row_band_4fold,3,0,1,,,,,
s2delhi_r38_c08,sentinel2_delhi,S2C_43RGM_20260920_0_L2A,,38,8,EPSG:32643,720440.00,3100200.00,723000.00,3102760.00,77.2551,28.0201,row_band_4fold,3,0,1,,,,,
s2delhi_r38_c09,sentinel2_delhi,S2C_43RGM_20260920_0_L2A,,38,9,EPSG:32643,723000.00,3100200.00,725560.00,3102760.00,77.2811,28.0197,row_band_4fold,3,0,0,0,,,,
s2delhi_r38_c10,sentinel2_delhi,S2C_43RGM_20260920_0_L2A,,38,10,EPSG:32643,725560.00,3100200.00,728120.00,3102760.00,77.3072,28.0192,row_band_4fold,3,0,1,,,,,
s2delhi_r38_c11,sentinel2_delhi,S2C_43RGM_20260920_0_L2A,,38,11,EPSG:32643,728120.00,3100200.00,730680.00,3102760.00,77.3332,28.0188,row_band_4fold,3,0,1,,,,,
s2delhi_r38_c12,sentinel2_delhi,S2C_43RGM_20260920_0_L2A,,38,12,EPSG:32643,730680.00,3100200.00,733240.00,3102760.00,77.3592,28.0184,row_band_4fold,3,0,1,,,,,
s2delhi_r38_c13,sentinel2_delhi,S2C_43RGM_20260920_0_L2A,,38,13,EPSG:32643,733240.00,3100200.00,735800.00,3102760.00,77.3852,28.0179,row_band_4fold,3,0,1,,,,,
s2delhi_r38_c14,sentinel2_delhi,S2C_43RGM_20260920_0_L2A,,38,14,EPSG:32643,735800.00,3100200.00,738360.00,3102760.00,77.4112,28.0175,row_band_4fold,3,0,0,,,,,
s2delhi_r38_c15,sentinel2_delhi,S2C_43RGM_20260920_0_L2A,,38,15,EPSG:32643,738360.00,3100200.00,740920.00,3102760.00,77.4373,28.017,row_band_4fold,3,0,1,,,,,
s2delhi_r38_c16,sentinel2_delhi,S2C_43RGM_20260920_0_L2A,,38,16,EPSG:32643,740920.00,3100200.00,743480.00,3102760.00,77.4633,28.0165,row_band_4fold,3,0,1,,,,,
s2delhi_r38_c17,sentinel2_delhi,S2C_43RGM_20260920_0_L2A,,38,17,EPSG:32643,743480.00,3100200.00,746040.00,3102760.00,77.4893,28.0161,row_band_4fold,3,0,0,1,,,,
s2delhi_r38_c18,sentinel2_delhi,S2C_43RGM_20260920_0_L2A,,38,18,EPSG:32643,746040.00,3100200.00,748600.00,3102760.00,77.5153,28.0156,row_band_4fold,3,0,0,0,,,,
s2delhi_r38_c19,sentinel2_delhi,S2C_43RGM_20260920_0_L2A,,38,19,EPSG:32643,748600.00,3100200.00,751160.00,3102760.00,77.5413,28.0151,row_band_4fold,3,0,0,0,,,,
s2delhi_r38_c20,sentinel2_delhi,S2C_43RGM_20260920_0_L2A,,38,20,EPSG:32643,751160.00,3100200.00,753720.00,3102760.00,77.5673,28.0146,row_band_4fold,3,0,1,,,,,
s2delhi_r38_c21,sentinel2_delhi,S2C_43RGM_20260920_0_L2A,,38,21,EPSG:32643,753720.00,3100200.00,756280.00,3102760.00,77.5933,28.0141,row_band_4fold,3,0,1,,,,,
s2delhi_r38_c22,sentinel2_delhi,S2C_43RGM_20260920_0_L2A,,38,22,EPSG:32643,756280.00,3100200.00,758840.00,3102760.00,77.6194,28.0136,row_band_4fold,3,0,0,,,,,
s2delhi_r38_c23,sentinel2_delhi,S2C_43RGM_20260920_0_L2A,,38,23,EPSG:32643,758840.00,3100200.00,761400.00,3102760.00,77.6454,28.0131,row_band_4fold,3,0,1,,,,,
s2delhi_r38_c24,sentinel2_delhi,S2C_43RGM_20260920_0_L2A,,38,24,EPSG:32643,761400.00,3100200.00,763960.00,3102760.00,77.6714,28.0126,row_band_4fold,3,0,0,0,,,,
s2delhi_r38_c25,sentinel2_delhi,S2C_43RGM_20260920_0_L2A,,38,25,EPSG:32643,763960.00,3100200.00,766520.00,3102760.00,77.6974,28.0121,row_band_4fold,3,0,0,0,,,,
s2delhi_r38_c26,sentinel2_delhi,S2C_43RGM_20260920_0_L2A,,38,26,EPSG:32643,766520.00,3100200.00,769080.00,3102760.00,77.7234,28.0116,row_band_4fold,3,0,0,1,,,,
s2delhi_r38_c27,sentinel2_delhi,S2C_43RGM_20260920_0_L2A,,38,27,EPSG:32643,769080.00,3100200.00,771640.00,3102760.00,77.7494,28.0111,row_band_4fold,3,0,0,0,,,,
s2delhi_r38_c28,sentinel2_delhi,S2C_43RGM_20260920_0_L2A,,38,28,EPSG:32643,771640.00,3100200.00,774200.00,3102760.00,77.7754,28.0106,row_band_4fold,3,0,1,,,,,
s2delhi_r38_c29,sentinel2_delhi,S2C_43RGM_20260920_0_L2A,,38,29,EPSG:32643,774200.00,3100200.00,776760.00,3102760.00,77.8014,28.01,row_band_4fold,3,0,1,,,,,
s2delhi_r38_c30,sentinel2_delhi,S2C_43RGM_20260920_0_L2A,,38,30,EPSG:32643,776760.00,3100200.00,779320.00,3102760.00,77.8274,28.0095,row_band_4fold,3,0,1,,,,,
s2delhi_r38_c31,sentinel2_delhi,S2C_43RGM_20260920_0_L2A,,38,31,EPSG:32643,779320.00,3100200.00,781880.00,3102760.00,77.8534,28.009,row_band_4fold,3,0,1,,,,,
s2delhi_r38_c32,sentinel2_delhi,S2C_43RGM_20260920_0_L2A,,38,32,EPSG:32643,781880.00,3100200.00,784440.00,3102760.00,77.8795,28.0084,row_band_4fold,3,0,1,,,,,
s2delhi_r38_c33,sentinel2_delhi,S2C_43RGM_20260920_0_L2A,,38,33,EPSG:32643,784440.00,3100200.00,787000.00,3102760.00,77.9055,28.0079,row_band_4fold,3,0,0,1,,,,
s2delhi_r38_c34,sentinel2_delhi,S2C_43RGM_20260920_0_L2A,,38,34,EPSG:32643,787000.00,3100200.00,789560.00,3102760.00,77.9315,28.0073,row_band_4fold,3,0,0,1,,,,
s2delhi_r38_c35,sentinel2_delhi,S2C_43RGM_20260920_0_L2A,,38,35,EPSG:32643,789560.00,3100200.00,792120.00,3102760.00,77.9575,28.0068,row_band_4fold,3,0,0,,,,,
s2delhi_r38_c36,sentinel2_delhi,S2C_43RGM_20260920_0_L2A,,38,36,EPSG:32643,792120.00,3100200.00,794680.00,3102760.00,77.9835,28.0062,row_band_4fold,3,0,0,1,,,,
s2delhi_r38_c37,sentinel2_delhi,S2C_43RGM_20260920_0_L2A,,38,37,EPSG:32643,794680.00,3100200.00,797240.00,3102760.00,78.0095,28.0056,row_band_4fold,3,0,0,1,,,,
s2delhi_r38_c38,sentinel2_delhi,S2C_43RGM_20260920_0_L2A,,38,38,EPSG:32643,797240.00,3100200.00,799800.00,3102760.00,78.0355,28.0051,row_band_4fold,3,0,0,1,,,,
s2delhi_r38_c39,sentinel2_delhi,S2C_43RGM_20260920_0_L2A,,38,39,EPSG:32643,799800.00,3100200.00,802360.00,3102760.00,78.0615,28.0045,row_band_4fold,3,0,0,1,,,,
s2delhi_r38_c40,sentinel2_delhi,S2C_43RGM_20260920_0_L2A,,38,40,EPSG:32643,802360.00,3100200.00,804920.00,3102760.00,78.0875,28.0039,row_band_4fold,3,0,0,1,,,,
s2delhi_r38_c41,sentinel2_delhi,S2C_43RGM_20260920_0_L2A,,38,41,EPSG:32643,804920.00,3100200.00,807480.00,3102760.00,78.1135,28.0033,row_band_4fold,3,0,0,,,,,
s2delhi_r39_c00,sentinel2_delhi,S2C_43RGM_20260920_0_L2A,LC09_L2SP_147040_20260921_02_T1,39,0,EPSG:32643,699960.00,3097640.00,702520.00,3100200.00,77.0465,28.0003,row_band_4fold,3,1,0,0,,305.365,314.997,9.63199
s2delhi_r39_c01,sentinel2_delhi,S2C_43RGM_20260920_0_L2A,LC09_L2SP_147040_20260921_02_T1,39,1,EPSG:32643,702520.00,3097640.00,705080.00,3100200.00,77.0725,27.9999,row_band_4fold,3,1,0,0,,308.491,314.8,6.30881
s2delhi_r39_c02,sentinel2_delhi,S2C_43RGM_20260920_0_L2A,LC09_L2SP_147040_20260921_02_T1,39,2,EPSG:32643,705080.00,3097640.00,707640.00,3100200.00,77.0985,27.9995,row_band_4fold,3,1,0,1,,300.518,312.372,11.8541
s2delhi_r39_c03,sentinel2_delhi,S2C_43RGM_20260920_0_L2A,,39,3,EPSG:32643,707640.00,3097640.00,710200.00,3100200.00,77.1246,27.9991,row_band_4fold,3,0,0,0,,,,
s2delhi_r39_c04,sentinel2_delhi,S2C_43RGM_20260920_0_L2A,,39,4,EPSG:32643,710200.00,3097640.00,712760.00,3100200.00,77.1506,27.9987,row_band_4fold,3,0,0,0,,,,
s2delhi_r39_c05,sentinel2_delhi,S2C_43RGM_20260920_0_L2A,,39,5,EPSG:32643,712760.00,3097640.00,715320.00,3100200.00,77.1766,27.9983,row_band_4fold,3,0,1,,,,,
s2delhi_r39_c06,sentinel2_delhi,S2C_43RGM_20260920_0_L2A,,39,6,EPSG:32643,715320.00,3097640.00,717880.00,3100200.00,77.2026,27.9979,row_band_4fold,3,0,1,0,,,,
s2delhi_r39_c07,sentinel2_delhi,S2C_43RGM_20260920_0_L2A,,39,7,EPSG:32643,717880.00,3097640.00,720440.00,3100200.00,77.2286,27.9974,row_band_4fold,3,0,0,0,,,,
s2delhi_r39_c08,sentinel2_delhi,S2C_43RGM_20260920_0_L2A,,39,8,EPSG:32643,720440.00,3097640.00,723000.00,3100200.00,77.2546,27.997,row_band_4fold,3,0,1,,,,,
s2delhi_r39_c09,sentinel2_delhi,S2C_43RGM_20260920_0_L2A,,39,9,EPSG:32643,723000.00,3097640.00,725560.00,3100200.00,77.2807,27.9966,row_band_4fold,3,0,0,0,,,,
s2delhi_r39_c10,sentinel2_delhi,S2C_43RGM_20260920_0_L2A,,39,10,EPSG:32643,725560.00,3097640.00,728120.00,3100200.00,77.3067,27.9961,row_band_4fold,3,0,1,,,,,
s2delhi_r39_c11,sentinel2_delhi,S2C_43RGM_20260920_0_L2A,,39,11,EPSG:32643,728120.00,3097640.00,730680.00,3100200.00,77.3327,27.9957,row_band_4fold,3,0,1,,,,,
s2delhi_r39_c12,sentinel2_delhi,S2C_43RGM_20260920_0_L2A,,39,12,EPSG:32643,730680.00,3097640.00,733240.00,3100200.00,77.3587,27.9953,row_band_4fold,3,0,1,,,,,
s2delhi_r39_c13,sentinel2_delhi,S2C_43RGM_20260920_0_L2A,,39,13,EPSG:32643,733240.00,3097640.00,735800.00,3100200.00,77.3847,27.9948,row_band_4fold,3,0,1,,,,,
s2delhi_r39_c14,sentinel2_delhi,S2C_43RGM_20260920_0_L2A,,39,14,EPSG:32643,735800.00,3097640.00,738360.00,3100200.00,77.4107,27.9944,row_band_4fold,3,0,1,,,,,
s2delhi_r39_c15,sentinel2_delhi,S2C_43RGM_20260920_0_L2A,,39,15,EPSG:32643,738360.00,3097640.00,740920.00,3100200.00,77.4367,27.9939,row_band_4fold,3,0,0,1,,,,
s2delhi_r39_c16,sentinel2_delhi,S2C_43RGM_20260920_0_L2A,,39,16,EPSG:32643,740920.00,3097640.00,743480.00,3100200.00,77.4627,27.9934,row_band_4fold,3,0,0,1,,,,
s2delhi_r39_c17,sentinel2_delhi,S2C_43RGM_20260920_0_L2A,,39,17,EPSG:32643,743480.00,3097640.00,746040.00,3100200.00,77.4888,27.993,row_band_4fold,3,0,0,1,,,,
s2delhi_r39_c18,sentinel2_delhi,S2C_43RGM_20260920_0_L2A,,39,18,EPSG:32643,746040.00,3097640.00,748600.00,3100200.00,77.5148,27.9925,row_band_4fold,3,0,0,1,,,,
s2delhi_r39_c19,sentinel2_delhi,S2C_43RGM_20260920_0_L2A,,39,19,EPSG:32643,748600.00,3097640.00,751160.00,3100200.00,77.5408,27.992,row_band_4fold,3,0,0,0,,,,
s2delhi_r39_c20,sentinel2_delhi,S2C_43RGM_20260920_0_L2A,,39,20,EPSG:32643,751160.00,3097640.00,753720.00,3100200.00,77.5668,27.9915,row_band_4fold,3,0,1,,,,,
s2delhi_r39_c21,sentinel2_delhi,S2C_43RGM_20260920_0_L2A,,39,21,EPSG:32643,753720.00,3097640.00,756280.00,3100200.00,77.5928,27.991,row_band_4fold,3,0,0,,,,,
s2delhi_r39_c22,sentinel2_delhi,S2C_43RGM_20260920_0_L2A,,39,22,EPSG:32643,756280.00,3097640.00,758840.00,3100200.00,77.6188,27.9906,row_band_4fold,3,0,0,0,,,,
s2delhi_r39_c23,sentinel2_delhi,S2C_43RGM_20260920_0_L2A,,39,23,EPSG:32643,758840.00,3097640.00,761400.00,3100200.00,77.6448,27.9901,row_band_4fold,3,0,1,,,,,
s2delhi_r39_c24,sentinel2_delhi,S2C_43RGM_20260920_0_L2A,,39,24,EPSG:32643,761400.00,3097640.00,763960.00,3100200.00,77.6708,27.9896,row_band_4fold,3,0,0,0,,,,
s2delhi_r39_c25,sentinel2_delhi,S2C_43RGM_20260920_0_L2A,,39,25,EPSG:32643,763960.00,3097640.00,766520.00,3100200.00,77.6968,27.989,row_band_4fold,3,0,0,1,,,,
s2delhi_r39_c26,sentinel2_delhi,S2C_43RGM_20260920_0_L2A,,39,26,EPSG:32643,766520.00,3097640.00,769080.00,3100200.00,77.7228,27.9885,row_band_4fold,3,0,0,0,,,,
s2delhi_r39_c27,sentinel2_delhi,S2C_43RGM_20260920_0_L2A,,39,27,EPSG:32643,769080.00,3097640.00,771640.00,3100200.00,77.7488,27.988,row_band_4fold,3,0,0,0,,,,
s2delhi_r39_c28,sentinel2_delhi,S2C_43RGM_20260920_0_L2A,,39,28,EPSG:32643,771640.00,3097640.00,774200.00,3100200.00,77.7748,27.9875,row_band_4fold,3,0,1,,,,,
s2delhi_r39_c29,sentinel2_delhi,S2C_43RGM_20260920_0_L2A,,39,29,EPSG:32643,774200.00,3097640.00,776760.00,3100200.00,77.8008,27.987,row_band_4fold,3,0,1,,,,,
s2delhi_r39_c30,sentinel2_delhi,S2C_43RGM_20260920_0_L2A,,39,30,EPSG:32643,776760.00,3097640.00,779320.00,3100200.00,77.8268,27.9864,row_band_4fold,3,0,1,,,,,
s2delhi_r39_c31,sentinel2_delhi,S2C_43RGM_20260920_0_L2A,,39,31,EPSG:32643,779320.00,3097640.00,781880.00,3100200.00,77.8528,27.9859,row_band_4fold,3,0,0,1,,,,
s2delhi_r39_c32,sentinel2_delhi,S2C_43RGM_20260920_0_L2A,,39,32,EPSG:32643,781880.00,3097640.00,784440.00,3100200.00,77.8788,27.9854,row_band_4fold,3,0,0,1,,,,
s2delhi_r39_c33,sentinel2_delhi,S2C_43RGM_20260920_0_L2A,,39,33,EPSG:32643,784440.00,3097640.00,787000.00,3100200.00,77.9048,27.9848,row_band_4fold,3,0,0,1,,,,
s2delhi_r39_c34,sentinel2_delhi,S2C_43RGM_20260920_0_L2A,,39,34,EPSG:32643,787000.00,3097640.00,789560.00,3100200.00,77.9308,27.9843,row_band_4fold,3,0,0,1,,,,
s2delhi_r39_c35,sentinel2_delhi,S2C_43RGM_20260920_0_L2A,,39,35,EPSG:32643,789560.00,3097640.00,792120.00,3100200.00,77.9568,27.9837,row_band_4fold,3,0,0,1,,,,
s2delhi_r39_c36,sentinel2_delhi,S2C_43RGM_20260920_0_L2A,,39,36,EPSG:32643,792120.00,3097640.00,794680.00,3100200.00,77.9828,27.9831,row_band_4fold,3,0,0,1,,,,
s2delhi_r39_c37,sentinel2_delhi,S2C_43RGM_20260920_0_L2A,,39,37,EPSG:32643,794680.00,3097640.00,797240.00,3100200.00,78.0088,27.9826,row_band_4fold,3,0,0,1,,,,
s2delhi_r39_c38,sentinel2_delhi,S2C_43RGM_20260920_0_L2A,,39,38,EPSG:32643,797240.00,3097640.00,799800.00,3100200.00,78.0348,27.982,row_band_4fold,3,0,0,1,,,,
s2delhi_r39_c39,sentinel2_delhi,S2C_43RGM_20260920_0_L2A,,39,39,EPSG:32643,799800.00,3097640.00,802360.00,3100200.00,78.0608,27.9814,row_band_4fold,3,0,0,0,,,,
s2delhi_r39_c40,sentinel2_delhi,S2C_43RGM_20260920_0_L2A,,39,40,EPSG:32643,802360.00,3097640.00,804920.00,3100200.00,78.0868,27.9808,row_band_4fold,3,0,0,0,,,,
s2delhi_r39_c41,sentinel2_delhi,S2C_43RGM_20260920_0_L2A,,39,41,EPSG:32643,804920.00,3097640.00,807480.00,3100200.00,78.1128,27.9803,row_band_4fold,3,0,0,0,,,,
s2delhi_r40_c00,sentinel2_delhi,S2C_43RGM_20260920_0_L2A,LC09_L2SP_147040_20260921_02_T1,40,0,EPSG:32643,699960.00,3095080.00,702520.00,3097640.00,77.0461,27.9772,row_band_4fold,3,1,0,1,,308.95,317.03,8.07968
s2delhi_r40_c01,sentinel2_delhi,S2C_43RGM_20260920_0_L2A,LC09_L2SP_147040_20260921_02_T1,40,1,EPSG:32643,702520.00,3095080.00,705080.00,3097640.00,77.0721,27.9768,row_band_4fold,3,1,0,1,,310.561,314.86,4.29926
s2delhi_r40_c02,sentinel2_delhi,S2C_43RGM_20260920_0_L2A,LC09_L2SP_147040_20260921_02_T1,40,2,EPSG:32643,705080.00,3095080.00,707640.00,3097640.00,77.0981,27.9764,row_band_4fold,3,1,0,1,,306.778,312.927,6.1485
s2delhi_r40_c03,sentinel2_delhi,S2C_43RGM_20260920_0_L2A,,40,3,EPSG:32643,707640.00,3095080.00,710200.00,3097640.00,77.1241,27.976,row_band_4fold,3,0,0,0,,,,
s2delhi_r40_c04,sentinel2_delhi,S2C_43RGM_20260920_0_L2A,,40,4,EPSG:32643,710200.00,3095080.00,712760.00,3097640.00,77.1501,27.9756,row_band_4fold,3,0,0,,,,,
s2delhi_r40_c05,sentinel2_delhi,S2C_43RGM_20260920_0_L2A,,40,5,EPSG:32643,712760.00,3095080.00,715320.00,3097640.00,77.1761,27.9752,row_band_4fold,3,0,1,,,,,
s2delhi_r40_c06,sentinel2_delhi,S2C_43RGM_20260920_0_L2A,,40,6,EPSG:32643,715320.00,3095080.00,717880.00,3097640.00,77.2021,27.9748,row_band_4fold,3,0,0,0,,,,
s2delhi_r40_c07,sentinel2_delhi,S2C_43RGM_20260920_0_L2A,,40,7,EPSG:32643,717880.00,3095080.00,720440.00,3097640.00,77.2281,27.9743,row_band_4fold,3,0,0,0,,,,
s2delhi_r40_c08,sentinel2_delhi,S2C_43RGM_20260920_0_L2A,,40,8,EPSG:32643,720440.00,3095080.00,723000.00,3097640.00,77.2542,27.9739,row_band_4fold,3,0,1,,,,,
s2delhi_r40_c09,sentinel2_delhi,S2C_43RGM_20260920_0_L2A,,40,9,EPSG:32643,723000.00,3095080.00,725560.00,3097640.00,77.2802,27.9735,row_band_4fold,3,0,1,,,,,
s2delhi_r40_c10,sentinel2_delhi,S2C_43RGM_20260920_0_L2A,,40,10,EPSG:32643,725560.00,3095080.00,728120.00,3097640.00,77.3062,27.9731,row_band_4fold,3,0,1,,,,,
s2delhi_r40_c11,sentinel2_delhi,S2C_43RGM_20260920_0_L2A,,40,11,EPSG:32643,728120.00,3095080.00,730680.00,3097640.00,77.3322,27.9726,row_band_4fold,3,0,1,,,,,
s2delhi_r40_c12,sentinel2_delhi,S2C_43RGM_20260920_0_L2A,,40,12,EPSG:32643,730680.00,3095080.00,733240.00,3097640.00,77.3582,27.9722,row_band_4fold,3,0,1,,,,,
s2delhi_r40_c13,sentinel2_delhi,S2C_43RGM_20260920_0_L2A,,40,13,EPSG:32643,733240.00,3095080.00,735800.00,3097640.00,77.3842,27.9717,row_band_4fold,3,0,1,,,,,
s2delhi_r40_c14,sentinel2_delhi,S2C_43RGM_20260920_0_L2A,,40,14,EPSG:32643,735800.00,3095080.00,738360.00,3097640.00,77.4102,27.9713,row_band_4fold,3,0,0,0,,,,
s2delhi_r40_c15,sentinel2_delhi,S2C_43RGM_20260920_0_L2A,,40,15,EPSG:32643,738360.00,3095080.00,740920.00,3097640.00,77.4362,27.9708,row_band_4fold,3,0,0,1,,,,
s2delhi_r40_c16,sentinel2_delhi,S2C_43RGM_20260920_0_L2A,,40,16,EPSG:32643,740920.00,3095080.00,743480.00,3097640.00,77.4622,27.9704,row_band_4fold,3,0,0,1,,,,
s2delhi_r40_c17,sentinel2_delhi,S2C_43RGM_20260920_0_L2A,,40,17,EPSG:32643,743480.00,3095080.00,746040.00,3097640.00,77.4882,27.9699,row_band_4fold,3,0,0,1,,,,
s2delhi_r40_c18,sentinel2_delhi,S2C_43RGM_20260920_0_L2A,,40,18,EPSG:32643,746040.00,3095080.00,748600.00,3097640.00,77.5142,27.9694,row_band_4fold,3,0,0,1,,,,
s2delhi_r40_c19,sentinel2_delhi,S2C_43RGM_20260920_0_L2A,,40,19,EPSG:32643,748600.00,3095080.00,751160.00,3097640.00,77.5402,27.9689,row_band_4fold,3,0,0,0,,,,
s2delhi_r40_c20,sentinel2_delhi,S2C_43RGM_20260920_0_L2A,,40,20,EPSG:32643,751160.00,3095080.00,753720.00,3097640.00,77.5662,27.9685,row_band_4fold,3,0,0,0,,,,
s2delhi_r40_c21,sentinel2_delhi,S2C_43RGM_20260920_0_L2A,,40,21,EPSG:32643,753720.00,3095080.00,756280.00,3097640.00,77.5922,27.968,row_band_4fold,3,0,0,1,,,,
s2delhi_r40_c22,sentinel2_delhi,S2C_43RGM_20260920_0_L2A,,40,22,EPSG:32643,756280.00,3095080.00,758840.00,3097640.00,77.6182,27.9675,row_band_4fold,3,0,0,1,,,,
s2delhi_r40_c23,sentinel2_delhi,S2C_43RGM_20260920_0_L2A,,40,23,EPSG:32643,758840.00,3095080.00,761400.00,3097640.00,77.6442,27.967,row_band_4fold,3,0,0,1,,,,
s2delhi_r40_c24,sentinel2_delhi,S2C_43RGM_20260920_0_L2A,,40,24,EPSG:32643,761400.00,3095080.00,763960.00,3097640.00,77.6702,27.9665,row_band_4fold,3,0,0,1,,,,
s2delhi_r40_c25,sentinel2_delhi,S2C_43RGM_20260920_0_L2A,,40,25,EPSG:32643,763960.00,3095080.00,766520.00,3097640.00,77.6962,27.966,row_band_4fold,3,0,0,1,,,,
s2delhi_r40_c26,sentinel2_delhi,S2C_43RGM_20260920_0_L2A,,40,26,EPSG:32643,766520.00,3095080.00,769080.00,3097640.00,77.7222,27.9655,row_band_4fold,3,0,0,,,,,
s2delhi_r40_c27,sentinel2_delhi,S2C_43RGM_20260920_0_L2A,,40,27,EPSG:32643,769080.00,3095080.00,771640.00,3097640.00,77.7482,27.9649,row_band_4fold,3,0,1,,,,,
s2delhi_r40_c28,sentinel2_delhi,S2C_43RGM_20260920_0_L2A,,40,28,EPSG:32643,771640.00,3095080.00,774200.00,3097640.00,77.7742,27.9644,row_band_4fold,3,0,1,,,,,
s2delhi_r40_c29,sentinel2_delhi,S2C_43RGM_20260920_0_L2A,,40,29,EPSG:32643,774200.00,3095080.00,776760.00,3097640.00,77.8002,27.9639,row_band_4fold,3,0,0,0,,,,
s2delhi_r40_c30,sentinel2_delhi,S2C_43RGM_20260920_0_L2A,,40,30,EPSG:32643,776760.00,3095080.00,779320.00,3097640.00,77.8262,27.9634,row_band_4fold,3,0,0,0,,,,
s2delhi_r40_c31,sentinel2_delhi,S2C_43RGM_20260920_0_L2A,,40,31,EPSG:32643,779320.00,3095080.00,781880.00,3097640.00,77.8522,27.9628,row_band_4fold,3,0,0,0,,,,
s2delhi_r40_c32,sentinel2_delhi,S2C_43RGM_20260920_0_L2A,,40,32,EPSG:32643,781880.00,3095080.00,784440.00,3097640.00,77.8782,27.9623,row_band_4fold,3,0,0,1,,,,
s2delhi_r40_c33,sentinel2_delhi,S2C_43RGM_20260920_0_L2A,,40,33,EPSG:32643,784440.00,3095080.00,787000.00,3097640.00,77.9042,27.9617,row_band_4fold,3,0,0,1,,,,
s2delhi_r40_c34,sentinel2_delhi,S2C_43RGM_20260920_0_L2A,,40,34,EPSG:32643,787000.00,3095080.00,789560.00,3097640.00,77.9302,27.9612,row_band_4fold,3,0,0,1,,,,
s2delhi_r40_c35,sentinel2_delhi,S2C_43RGM_20260920_0_L2A,,40,35,EPSG:32643,789560.00,3095080.00,792120.00,3097640.00,77.9562,27.9606,row_band_4fold,3,0,0,1,,,,
s2delhi_r40_c36,sentinel2_delhi,S2C_43RGM_20260920_0_L2A,,40,36,EPSG:32643,792120.00,3095080.00,794680.00,3097640.00,77.9822,27.9601,row_band_4fold,3,0,1,,,,,
s2delhi_r40_c37,sentinel2_delhi,S2C_43RGM_20260920_0_L2A,,40,37,EPSG:32643,794680.00,3095080.00,797240.00,3097640.00,78.0082,27.9595,row_band_4fold,3,0,0,0,,,,
s2delhi_r40_c38,sentinel2_delhi,S2C_43RGM_20260920_0_L2A,,40,38,EPSG:32643,797240.00,3095080.00,799800.00,3097640.00,78.0342,27.9589,row_band_4fold,3,0,0,1,,,,
s2delhi_r40_c39,sentinel2_delhi,S2C_43RGM_20260920_0_L2A,,40,39,EPSG:32643,799800.00,3095080.00,802360.00,3097640.00,78.0602,27.9583,row_band_4fold,3,0,0,0,,,,
s2delhi_r40_c40,sentinel2_delhi,S2C_43RGM_20260920_0_L2A,,40,40,EPSG:32643,802360.00,3095080.00,804920.00,3097640.00,78.0862,27.9578,row_band_4fold,3,0,0,0,,,,
s2delhi_r40_c41,sentinel2_delhi,S2C_43RGM_20260920_0_L2A,,40,41,EPSG:32643,804920.00,3095080.00,807480.00,3097640.00,78.1121,27.9572,row_band_4fold,3,0,0,1,,,,
s2delhi_r41_c00,sentinel2_delhi,S2C_43RGM_20260920_0_L2A,LC09_L2SP_147040_20260921_02_T1,41,0,EPSG:32643,699960.00,3092520.00,702520.00,3095080.00,77.0456,27.9541,row_band_4fold,3,1,0,0,,312.289,324.495,12.2058
s2delhi_r41_c01,sentinel2_delhi,S2C_43RGM_20260920_0_L2A,LC09_L2SP_147040_20260921_02_T1,41,1,EPSG:32643,702520.00,3092520.00,705080.00,3095080.00,77.0716,27.9537,row_band_4fold,3,1,0,1,,310.175,320.537,10.3629
s2delhi_r41_c02,sentinel2_delhi,S2C_43RGM_20260920_0_L2A,,41,2,EPSG:32643,705080.00,3092520.00,707640.00,3095080.00,77.0976,27.9533,row_band_4fold,3,0,0,,,,,
s2delhi_r41_c03,sentinel2_delhi,S2C_43RGM_20260920_0_L2A,,41,3,EPSG:32643,707640.00,3092520.00,710200.00,3095080.00,77.1236,27.9529,row_band_4fold,3,0,0,0,,,,
s2delhi_r41_c04,sentinel2_delhi,S2C_43RGM_20260920_0_L2A,,41,4,EPSG:32643,710200.00,3092520.00,712760.00,3095080.00,77.1497,27.9525,row_band_4fold,3,0,1,,,,,
s2delhi_r41_c05,sentinel2_delhi,S2C_43RGM_20260920_0_L2A,,41,5,EPSG:32643,712760.00,3092520.00,715320.00,3095080.00,77.1757,27.9521,row_band_4fold,3,0,1,,,,,
s2delhi_r41_c06,sentinel2_delhi,S2C_43RGM_20260920_0_L2A,,41,6,EPSG:32643,715320.00,3092520.00,717880.00,3095080.00,77.2017,27.9517,row_band_4fold,3,0,1,,,,,
s2delhi_r41_c07,sentinel2_delhi,S2C_43RGM_20260920_0_L2A,,41,7,EPSG:32643,717880.00,3092520.00,720440.00,3095080.00,77.2277,27.9513,row_band_4fold,3,0,0,0,,,,
s2delhi_r41_c08,sentinel2_delhi,S2C_43RGM_20260920_0_L2A,,41,8,EPSG:32643,720440.00,3092520.00,723000.00,3095080.00,77.2537,27.9508,row_band_4fold,3,0,1,,,,,
s2delhi_r41_c09,sentinel2_delhi,S2C_43RGM_20260920_0_L2A,,41,9,EPSG:32643,723000.00,3092520.00,725560.00,3095080.00,77.2797,27.9504,row_band_4fold,3,0,1,,,,,
s2delhi_r41_c10,sentinel2_delhi,S2C_43RGM_20260920_0_L2A,,41,10,EPSG:32643,725560.00,3092520.00,728120.00,3095080.00,77.3057,27.95,row_band_4fold,3,0,1,,,,,
s2delhi_r41_c11,sentinel2_delhi,S2C_43RGM_20260920_0_L2A,,41,11,EPSG:32643,728120.00,3092520.00,730680.00,3095080.00,77.3317,27.9495,row_band_4fold,3,0,1,,,,,
s2delhi_r41_c12,sentinel2_delhi,S2C_43RGM_20260920_0_L2A,,41,12,EPSG:32643,730680.00,3092520.00,733240.00,3095080.00,77.3577,27.9491,row_band_4fold,3,0,1,,,,,
s2delhi_r41_c13,sentinel2_delhi,S2C_43RGM_20260920_0_L2A,,41,13,EPSG:32643,733240.00,3092520.00,735800.00,3095080.00,77.3837,27.9486,row_band_4fold,3,0,0,0,,,,
s2delhi_r41_c14,sentinel2_delhi,S2C_43RGM_20260920_0_L2A,,41,14,EPSG:32643,735800.00,3092520.00,738360.00,3095080.00,77.4097,27.9482,row_band_4fold,3,0,0,1,,,,
s2delhi_r41_c15,sentinel2_delhi,S2C_43RGM_20260920_0_L2A,,41,15,EPSG:32643,738360.00,3092520.00,740920.00,3095080.00,77.4357,27.9477,row_band_4fold,3,0,0,,,,,
s2delhi_r41_c16,sentinel2_delhi,S2C_43RGM_20260920_0_L2A,,41,16,EPSG:32643,740920.00,3092520.00,743480.00,3095080.00,77.4617,27.9473,row_band_4fold,3,0,0,,,,,
s2delhi_r41_c17,sentinel2_delhi,S2C_43RGM_20260920_0_L2A,,41,17,EPSG:32643,743480.00,3092520.00,746040.00,3095080.00,77.4877,27.9468,row_band_4fold,3,0,0,1,,,,
s2delhi_r41_c18,sentinel2_delhi,S2C_43RGM_20260920_0_L2A,,41,18,EPSG:32643,746040.00,3092520.00,748600.00,3095080.00,77.5137,27.9463,row_band_4fold,3,0,0,1,,,,
s2delhi_r41_c19,sentinel2_delhi,S2C_43RGM_20260920_0_L2A,,41,19,EPSG:32643,748600.00,3092520.00,751160.00,3095080.00,77.5397,27.9458,row_band_4fold,3,0,0,1,,,,
s2delhi_r41_c20,sentinel2_delhi,S2C_43RGM_20260920_0_L2A,,41,20,EPSG:32643,751160.00,3092520.00,753720.00,3095080.00,77.5657,27.9454,row_band_4fold,3,0,0,0,,,,
s2delhi_r41_c21,sentinel2_delhi,S2C_43RGM_20260920_0_L2A,,41,21,EPSG:32643,753720.00,3092520.00,756280.00,3095080.00,77.5917,27.9449,row_band_4fold,3,0,0,1,,,,
s2delhi_r41_c22,sentinel2_delhi,S2C_43RGM_20260920_0_L2A,,41,22,EPSG:32643,756280.00,3092520.00,758840.00,3095080.00,77.6177,27.9444,row_band_4fold,3,0,0,1,,,,
s2delhi_r41_c23,sentinel2_delhi,S2C_43RGM_20260920_0_L2A,,41,23,EPSG:32643,758840.00,3092520.00,761400.00,3095080.00,77.6437,27.9439,row_band_4fold,3,0,0,1,,,,
s2delhi_r41_c24,sentinel2_delhi,S2C_43RGM_20260920_0_L2A,,41,24,EPSG:32643,761400.00,3092520.00,763960.00,3095080.00,77.6697,27.9434,row_band_4fold,3,0,0,1,,,,
s2delhi_r41_c25,sentinel2_delhi,S2C_43RGM_20260920_0_L2A,,41,25,EPSG:32643,763960.00,3092520.00,766520.00,3095080.00,77.6957,27.9429,row_band_4fold,3,0,0,1,,,,
s2delhi_r41_c26,sentinel2_delhi,S2C_43RGM_20260920_0_L2A,,41,26,EPSG:32643,766520.00,3092520.00,769080.00,3095080.00,77.7217,27.9424,row_band_4fold,3,0,0,1,,,,
s2delhi_r41_c27,sentinel2_delhi,S2C_43RGM_20260920_0_L2A,,41,27,EPSG:32643,769080.00,3092520.00,771640.00,3095080.00,77.7477,27.9419,row_band_4fold,3,0,0,1,,,,
s2delhi_r41_c28,sentinel2_delhi,S2C_43RGM_20260920_0_L2A,,41,28,EPSG:32643,771640.00,3092520.00,774200.00,3095080.00,77.7736,27.9413,row_band_4fold,3,0,1,,,,,
s2delhi_r41_c29,sentinel2_delhi,S2C_43RGM_20260920_0_L2A,,41,29,EPSG:32643,774200.00,3092520.00,776760.00,3095080.00,77.7996,27.9408,row_band_4fold,3,0,1,,,,,
s2delhi_r41_c30,sentinel2_delhi,S2C_43RGM_20260920_0_L2A,,41,30,EPSG:32643,776760.00,3092520.00,779320.00,3095080.00,77.8256,27.9403,row_band_4fold,3,0,1,,,,,
s2delhi_r41_c31,sentinel2_delhi,S2C_43RGM_20260920_0_L2A,,41,31,EPSG:32643,779320.00,3092520.00,781880.00,3095080.00,77.8516,27.9397,row_band_4fold,3,0,0,0,,,,
s2delhi_r41_c32,sentinel2_delhi,S2C_43RGM_20260920_0_L2A,,41,32,EPSG:32643,781880.00,3092520.00,784440.00,3095080.00,77.8776,27.9392,row_band_4fold,3,0,0,1,,,,
s2delhi_r41_c33,sentinel2_delhi,S2C_43RGM_20260920_0_L2A,,41,33,EPSG:32643,784440.00,3092520.00,787000.00,3095080.00,77.9036,27.9386,row_band_4fold,3,0,0,,,,,
s2delhi_r41_c34,sentinel2_delhi,S2C_43RGM_20260920_0_L2A,,41,34,EPSG:32643,787000.00,3092520.00,789560.00,3095080.00,77.9296,27.9381,row_band_4fold,3,0,0,0,,,,
s2delhi_r41_c35,sentinel2_delhi,S2C_43RGM_20260920_0_L2A,,41,35,EPSG:32643,789560.00,3092520.00,792120.00,3095080.00,77.9556,27.9375,row_band_4fold,3,0,0,1,,,,
s2delhi_r41_c36,sentinel2_delhi,S2C_43RGM_20260920_0_L2A,,41,36,EPSG:32643,792120.00,3092520.00,794680.00,3095080.00,77.9816,27.937,row_band_4fold,3,0,0,1,,,,
s2delhi_r41_c37,sentinel2_delhi,S2C_43RGM_20260920_0_L2A,,41,37,EPSG:32643,794680.00,3092520.00,797240.00,3095080.00,78.0075,27.9364,row_band_4fold,3,0,0,0,,,,
s2delhi_r41_c38,sentinel2_delhi,S2C_43RGM_20260920_0_L2A,,41,38,EPSG:32643,797240.00,3092520.00,799800.00,3095080.00,78.0335,27.9358,row_band_4fold,3,0,0,0,,,,
s2delhi_r41_c39,sentinel2_delhi,S2C_43RGM_20260920_0_L2A,,41,39,EPSG:32643,799800.00,3092520.00,802360.00,3095080.00,78.0595,27.9353,row_band_4fold,3,0,1,,,,,
s2delhi_r41_c40,sentinel2_delhi,S2C_43RGM_20260920_0_L2A,,41,40,EPSG:32643,802360.00,3092520.00,804920.00,3095080.00,78.0855,27.9347,row_band_4fold,3,0,0,0,,,,
s2delhi_r41_c41,sentinel2_delhi,S2C_43RGM_20260920_0_L2A,,41,41,EPSG:32643,804920.00,3092520.00,807480.00,3095080.00,78.1115,27.9341,row_band_4fold,3,0,0,0,,,,
l9siberia_r01_c19,landsat9_siberia_fire,LC09_L2SP_158014_20260817_02_T1,LC09_L2SP_158014_20260817_02_T1,1,19,EPSG:32643,487845.00,7391535.00,491685.00,7395375.00,74.7685,66.6596,spatial_block_4fold,0,1,,,0,299.787,302.225,2.43832
l9siberia_r01_c20,landsat9_siberia_fire,LC09_L2SP_158014_20260817_02_T1,LC09_L2SP_158014_20260817_02_T1,1,20,EPSG:32643,491685.00,7391535.00,495525.00,7395375.00,74.8554,66.6597,spatial_block_4fold,3,1,,,0,299.966,301.771,1.80444
l9siberia_r02_c18,landsat9_siberia_fire,LC09_L2SP_158014_20260817_02_T1,LC09_L2SP_158014_20260817_02_T1,2,18,EPSG:32643,484005.00,7387695.00,487845.00,7391535.00,74.6821,66.625,spatial_block_4fold,0,1,,,0,299.343,300.823,1.4798
l9siberia_r02_c19,landsat9_siberia_fire,LC09_L2SP_158014_20260817_02_T1,LC09_L2SP_158014_20260817_02_T1,2,19,EPSG:32643,487845.00,7387695.00,491685.00,7391535.00,74.7688,66.6252,spatial_block_4fold,0,1,,,0,300.516,302.93,2.41406
l9siberia_r02_c20,landsat9_siberia_fire,LC09_L2SP_158014_20260817_02_T1,LC09_L2SP_158014_20260817_02_T1,2,20,EPSG:32643,491685.00,7387695.00,495525.00,7391535.00,74.8556,66.6253,spatial_block_4fold,3,1,,,0,301.551,303.76,2.20947
l9siberia_r02_c21,landsat9_siberia_fire,LC09_L2SP_158014_20260817_02_T1,LC09_L2SP_158014_20260817_02_T1,2,21,EPSG:32643,495525.00,7387695.00,499365.00,7391535.00,74.9423,66.6253,spatial_block_4fold,3,1,,,0,301.028,303.638,2.61005
l9siberia_r02_c22,landsat9_siberia_fire,LC09_L2SP_158014_20260817_02_T1,LC09_L2SP_158014_20260817_02_T1,2,22,EPSG:32643,499365.00,7387695.00,503205.00,7391535.00,75.029,66.6253,spatial_block_4fold,3,1,,,0,300.505,302.967,2.46204
l9siberia_r03_c18,landsat9_siberia_fire,LC09_L2SP_158014_20260817_02_T1,LC09_L2SP_158014_20260817_02_T1,3,18,EPSG:32643,484005.00,7383855.00,487845.00,7387695.00,74.6825,66.5906,spatial_block_4fold,0,1,,,0,298.619,300.828,2.20856
l9siberia_r03_c19,landsat9_siberia_fire,LC09_L2SP_158014_20260817_02_T1,LC09_L2SP_158014_20260817_02_T1,3,19,EPSG:32643,487845.00,7383855.00,491685.00,7387695.00,74.7691,66.5907,spatial_block_4fold,0,1,,,0,300.022,302.969,2.94727
l9siberia_r03_c20,landsat9_siberia_fire,LC09_L2SP_158014_20260817_02_T1,LC09_L2SP_158014_20260817_02_T1,3,20,EPSG:32643,491685.00,7383855.00,495525.00,7387695.00,74.8558,66.5908,spatial_block_4fold,3,1,,,0,302.05,304.373,2.32306
l9siberia_r03_c21,landsat9_siberia_fire,LC09_L2SP_158014_20260817_02_T1,LC09_L2SP_158014_20260817_02_T1,3,21,EPSG:32643,495525.00,7383855.00,499365.00,7387695.00,74.9424,66.5909,spatial_block_4fold,3,1,,,0,301.435,303.596,2.16147
l9siberia_r03_c22,landsat9_siberia_fire,LC09_L2SP_158014_20260817_02_T1,LC09_L2SP_158014_20260817_02_T1,3,22,EPSG:32643,499365.00,7383855.00,503205.00,7387695.00,75.029,66.5909,spatial_block_4fold,3,1,,,0,300.755,302.943,2.18802
l9siberia_r03_c23,landsat9_siberia_fire,LC09_L2SP_158014_20260817_02_T1,LC09_L2SP_158014_20260817_02_T1,3,23,EPSG:32643,503205.00,7383855.00,507045.00,7387695.00,75.1156,66.5908,spatial_block_4fold,3,1,,,0,300.806,303.128,2.32156
l9siberia_r03_c24,landsat9_siberia_fire,LC09_L2SP_158014_20260817_02_T1,LC09_L2SP_158014_20260817_02_T1,3,24,EPSG:32643,507045.00,7383855.00,510885.00,7387695.00,75.2022,66.5908,spatial_block_4fold,3,1,,,0,300.911,303.523,2.61234
l9siberia_r03_c25,landsat9_siberia_fire,LC09_L2SP_158014_20260817_02_T1,LC09_L2SP_158014_20260817_02_T1,3,25,EPSG:32643,510885.00,7383855.00,514725.00,7387695.00,75.2888,66.5906,spatial_block_4fold,3,1,,,0,301.112,303.582,2.4696
l9siberia_r04_c18,landsat9_siberia_fire,LC09_L2SP_158014_20260817_02_T1,LC09_L2SP_158014_20260817_02_T1,4,18,EPSG:32643,484005.00,7380015.00,487845.00,7383855.00,74.683,66.5561,spatial_block_4fold,0,1,,,0,300.093,302.166,2.07275
l9siberia_r04_c19,landsat9_siberia_fire,LC09_L2SP_158014_20260817_02_T1,LC09_L2SP_158014_20260817_02_T1,4,19,EPSG:32643,487845.00,7380015.00,491685.00,7383855.00,74.7695,66.5563,spatial_block_4fold,0,1,,,0,300.267,302.768,2.50046
l9siberia_r04_c20,landsat9_siberia_fire,LC09_L2SP_158014_20260817_02_T1,LC09_L2SP_158014_20260817_02_T1,4,20,EPSG:32643,491685.00,7380015.00,495525.00,7383855.00,74.856,66.5564,spatial_block_4fold,3,1,,,0,301.415,303.335,1.92026
l9siberia_r04_c21,landsat9_siberia_fire,LC09_L2SP_158014_20260817_02_T1,LC09_L2SP_158014_20260817_02_T1,4,21,EPSG:32643,495525.00,7380015.00,499365.00,7383855.00,74.9424,66.5564,spatial_block_4fold,3,1,,,0,301.512,303.721,2.2092
l9siberia_r04_c22,landsat9_siberia_fire,LC09_L2SP_158014_20260817_02_T1,LC09_L2SP_158014_20260817_02_T1,4,22,EPSG:32643,499365.00,7380015.00,503205.00,7383855.00,75.0289,66.5564,spatial_block_4fold,3,1,,,0,301.428,304.695,3.26675
l9siberia_r04_c23,landsat9_siberia_fire,LC09_L2SP_158014_20260817_02_T1,LC09_L2SP_158014_20260817_02_T1,4,23,EPSG:32643,503205.00,7380015.00,507045.00,7383855.00,75.1154,66.5564,spatial_block_4fold,3,1,,,0,300.732,302.504,1.77225
l9siberia_r04_c24,landsat9_siberia_fire,LC09_L2SP_158014_20260817_02_T1,LC09_L2SP_158014_20260817_02_T1,4,24,EPSG:32643,507045.00,7380015.00,510885.00,7383855.00,75.2019,66.5563,spatial_block_4fold,3,1,,,0,300.393,302.272,1.87866
l9siberia_r04_c25,landsat9_siberia_fire,LC09_L2SP_158014_20260817_02_T1,LC09_L2SP_158014_20260817_02_T1,4,25,EPSG:32643,510885.00,7380015.00,514725.00,7383855.00,75.2884,66.5562,spatial_block_4fold,3,1,,,0,300.416,302.201,1.78476
l9siberia_r04_c26,landsat9_siberia_fire,LC09_L2SP_158014_20260817_02_T1,LC09_L2SP_158014_20260817_02_T1,4,26,EPSG:32643,514725.00,7380015.00,518565.00,7383855.00,75.3749,66.556,spatial_block_4fold,3,1,,,0,300.935,302.175,1.23932
l9siberia_r04_c27,landsat9_siberia_fire,LC09_L2SP_158014_20260817_02_T1,LC09_L2SP_158014_20260817_02_T1,4,27,EPSG:32643,518565.00,7380015.00,522405.00,7383855.00,75.4614,66.5558,spatial_block_4fold,3,1,,,0,301.688,305.82,4.13269
l9siberia_r04_c28,landsat9_siberia_fire,LC09_L2SP_158014_20260817_02_T1,LC09_L2SP_158014_20260817_02_T1,4,28,EPSG:32643,522405.00,7380015.00,526245.00,7383855.00,75.5479,66.5555,spatial_block_4fold,3,1,,,0,304.551,306.804,2.25299
l9siberia_r05_c17,landsat9_siberia_fire,LC09_L2SP_158014_20260817_02_T1,LC09_L2SP_158014_20260817_02_T1,5,17,EPSG:32643,480165.00,7376175.00,484005.00,7380015.00,74.597,66.5215,spatial_block_4fold,0,1,,,0,300.295,303.874,3.57962
l9siberia_r05_c18,landsat9_siberia_fire,LC09_L2SP_158014_20260817_02_T1,LC09_L2SP_158014_20260817_02_T1,5,18,EPSG:32643,484005.00,7376175.00,487845.00,7380015.00,74.6834,66.5217,spatial_block_4fold,0,1,,,0,302.044,304.556,2.51224
l9siberia_r05_c19,landsat9_siberia_fire,LC09_L2SP_158014_20260817_02_T1,LC09_L2SP_158014_20260817_02_T1,5,19,EPSG:32643,487845.00,7376175.00,491685.00,7380015.00,74.7698,66.5218,spatial_block_4fold,0,1,,,1,303.038,306.347,3.30884
l9siberia_r05_c20,landsat9_siberia_fire,LC09_L2SP_158014_20260817_02_T1,LC09_L2SP_158014_20260817_02_T1,5,20,EPSG:32643,491685.00,7376175.00,495525.00,7380015.00,74.8562,66.5219,spatial_block_4fold,3,1,,,0,301.718,304.68,2.96179
l9siberia_r05_c21,landsat9_siberia_fire,LC09_L2SP_158014_20260817_02_T1,LC09_L2SP_158014_20260817_02_T1,5,21,EPSG:32643,495525.00,7376175.00,499365.00,7380015.00,74.9425,66.522,spatial_block_4fold,3,1,,,0,301.116,303.754,2.63751
l9siberia_r05_c22,landsat9_siberia_fire,LC09_L2SP_158014_20260817_02_T1,LC09_L2SP_158014_20260817_02_T1,5,22,EPSG:32643,499365.00,7376175.00,503205.00,7380015.00,75.0289,66.522,spatial_block_4fold,3,1,,,0,301.127,304.131,3.00378
l9siberia_r05_c23,landsat9_siberia_fire,LC09_L2SP_158014_20260817_02_T1,LC09_L2SP_158014_20260817_02_T1,5,23,EPSG:32643,503205.00,7376175.00,507045.00,7380015.00,75.1153,66.522,spatial_block_4fold,3,1,,,0,301.489,303.87,2.38171
l9siberia_r05_c24,landsat9_siberia_fire,LC09_L2SP_158014_20260817_02_T1,LC09_L2SP_158014_20260817_02_T1,5,24,EPSG:32643,507045.00,7376175.00,510885.00,7380015.00,75.2017,66.5219,spatial_block_4fold,3,1,,,0,300.691,302.466,1.77454
l9siberia_r05_c25,landsat9_siberia_fire,LC09_L2SP_158014_20260817_02_T1,LC09_L2SP_158014_20260817_02_T1,5,25,EPSG:32643,510885.00,7376175.00,514725.00,7380015.00,75.288,66.5217,spatial_block_4fold,3,1,,,0,300.734,302.48,1.74567
l9siberia_r05_c26,landsat9_siberia_fire,LC09_L2SP_158014_20260817_02_T1,LC09_L2SP_158014_20260817_02_T1,5,26,EPSG:32643,514725.00,7376175.00,518565.00,7380015.00,75.3744,66.5215,spatial_block_4fold,3,1,,,0,300.995,302.825,1.83008
l9siberia_r05_c27,landsat9_siberia_fire,LC09_L2SP_158014_20260817_02_T1,LC09_L2SP_158014_20260817_02_T1,5,27,EPSG:32643,518565.00,7376175.00,522405.00,7380015.00,75.4608,66.5213,spatial_block_4fold,3,1,,,0,301.497,302.964,1.46719
l9siberia_r05_c28,landsat9_siberia_fire,LC09_L2SP_158014_20260817_02_T1,LC09_L2SP_158014_20260817_02_T1,5,28,EPSG:32643,522405.00,7376175.00,526245.00,7380015.00,75.5471,66.521,spatial_block_4fold,3,1,,,0,301.871,305.175,3.3042
l9siberia_r05_c29,landsat9_siberia_fire,LC09_L2SP_158014_20260817_02_T1,LC09_L2SP_158014_20260817_02_T1,5,29,EPSG:32643,526245.00,7376175.00,530085.00,7380015.00,75.6335,66.5207,spatial_block_4fold,3,1,,,0,302.23,304.957,2.72632
l9siberia_r05_c30,landsat9_siberia_fire,LC09_L2SP_158014_20260817_02_T1,LC09_L2SP_158014_20260817_02_T1,5,30,EPSG:32643,530085.00,7376175.00,533925.00,7380015.00,75.7199,66.5203,spatial_block_4fold,0,1,,,0,299.444,303.627,4.18311
l9siberia_r06_c17,landsat9_siberia_fire,LC09_L2SP_158014_20260817_02_T1,LC09_L2SP_158014_20260817_02_T1,6,17,EPSG:32643,480165.00,7372335.00,484005.00,7376175.00,74.5976,66.487,spatial_block_4fold,0,1,,,0,300.066,305.242,5.1756
l9siberia_r06_c18,landsat9_siberia_fire,LC09_L2SP_158014_20260817_02_T1,LC09_L2SP_158014_20260817_02_T1,6,18,EPSG:32643,484005.00,7372335.00,487845.00,7376175.00,74.6838,66.4872,spatial_block_4fold,0,1,,,0,303.231,306.967,3.73593
l9siberia_r06_c19,landsat9_siberia_fire,LC09_L2SP_158014_20260817_02_T1,LC09_L2SP_158014_20260817_02_T1,6,19,EPSG:32643,487845.00,7372335.00,491685.00,7376175.00,74.7701,66.4874,spatial_block_4fold,0,1,,,0,303.242,305.14,1.89758
l9siberia_r06_c20,landsat9_siberia_fire,LC09_L2SP_158014_20260817_02_T1,LC09_L2SP_158014_20260817_02_T1,6,20,EPSG:32643,491685.00,7372335.00,495525.00,7376175.00,74.8564,66.4875,spatial_block_4fold,3,1,,,0,301.519,304.726,3.2066
l9siberia_r06_c21,landsat9_siberia_fire,LC09_L2SP_158014_20260817_02_T1,LC09_L2SP_158014_20260817_02_T1,6,21,EPSG:32643,495525.00,7372335.00,499365.00,7376175.00,74.9426,66.4875,spatial_block_4fold,3,1,,,0,299.487,301.972,2.48489
l9siberia_r06_c22,landsat9_siberia_fire,LC09_L2SP_158014_20260817_02_T1,LC09_L2SP_158014_20260817_02_T1,6,22,EPSG:32643,499365.00,7372335.00,503205.00,7376175.00,75.0289,66.4875,spatial_block_4fold,3,1,,,0,299.04,300.762,1.72214
l9siberia_r06_c23,landsat9_siberia_fire,LC09_L2SP_158014_20260817_02_T1,LC09_L2SP_158014_20260817_02_T1,6,23,EPSG:32643,503205.00,7372335.00,507045.00,7376175.00,75.1151,66.4875,spatial_block_4fold,3,1,,,0,300.494,303.117,2.62274
l9siberia_r06_c24,landsat9_siberia_fire,LC09_L2SP_158014_20260817_02_T1,LC09_L2SP_158014_20260817_02_T1,6,24,EPSG:32643,507045.00,7372335.00,510885.00,7376175.00,75.2014,66.4874,spatial_block_4fold,3,1,,,0,300.976,302.801,1.82523
l9siberia_r06_c25,landsat9_siberia_fire,LC09_L2SP_158014_20260817_02_T1,LC09_L2SP_158014_20260817_02_T1,6,25,EPSG:32643,510885.00,7372335.00,514725.00,7376175.00,75.2876,66.4873,spatial_block_4fold,3,1,,,0,300.803,302.743,1.93985
l9siberia_r06_c26,landsat9_siberia_fire,LC09_L2SP_158014_20260817_02_T1,LC09_L2SP_158014_20260817_02_T1,6,26,EPSG:32643,514725.00,7372335.00,518565.00,7376175.00,75.3739,66.4871,spatial_block_4fold,3,1,,,0,301.127,302.71,1.58282
l9siberia_r06_c27,landsat9_siberia_fire,LC09_L2SP_158014_20260817_02_T1,LC09_L2SP_158014_20260817_02_T1,6,27,EPSG:32643,518565.00,7372335.00,522405.00,7376175.00,75.4601,66.4869,spatial_block_4fold,3,1,,,0,301.075,302.58,1.50507
l9siberia_r06_c28,landsat9_siberia_fire,LC09_L2SP_158014_20260817_02_T1,LC09_L2SP_158014_20260817_02_T1,6,28,EPSG:32643,522405.00,7372335.00,526245.00,7376175.00,75.5464,66.4866,spatial_block_4fold,3,1,,,0,301.177,303.111,1.9346
l9siberia_r06_c29,landsat9_siberia_fire,LC09_L2SP_158014_20260817_02_T1,LC09_L2SP_158014_20260817_02_T1,6,29,EPSG:32643,526245.00,7372335.00,530085.00,7376175.00,75.6326,66.4863,spatial_block_4fold,3,1,,,0,301.37,303.254,1.88422
l9siberia_r06_c30,landsat9_siberia_fire,LC09_L2SP_158014_20260817_02_T1,LC09_L2SP_158014_20260817_02_T1,6,30,EPSG:32643,530085.00,7372335.00,533925.00,7376175.00,75.7189,66.4859,spatial_block_4fold,0,1,,,0,301.038,302.976,1.9386
l9siberia_r06_c31,landsat9_siberia_fire,LC09_L2SP_158014_20260817_02_T1,LC09_L2SP_158014_20260817_02_T1,6,31,EPSG:32643,533925.00,7372335.00,537765.00,7376175.00,75.8051,66.4855,spatial_block_4fold,0,1,,,0,301.84,304.208,2.36819
l9siberia_r06_c32,landsat9_siberia_fire,LC09_L2SP_158014_20260817_02_T1,LC09_L2SP_158014_20260817_02_T1,6,32,EPSG:32643,537765.00,7372335.00,541605.00,7376175.00,75.8914,66.485,spatial_block_4fold,0,1,,,0,305.286,308.621,3.33441
l9siberia_r06_c33,landsat9_siberia_fire,LC09_L2SP_158014_20260817_02_T1,LC09_L2SP_158014_20260817_02_T1,6,33,EPSG:32643,541605.00,7372335.00,545445.00,7376175.00,75.9776,66.4845,spatial_block_4fold,0,1,,,1,304.264,344.604,40.3393
l9siberia_r07_c16,landsat9_siberia_fire,LC09_L2SP_158014_20260817_02_T1,LC09_L2SP_158014_20260817_02_T1,7,16,EPSG:32643,476325.00,7368495.00,480165.00,7372335.00,74.512,66.4523,spatial_block_4fold,0,1,,,0,300.483,302.702,2.21924
l9siberia_r07_c17,landsat9_siberia_fire,LC09_L2SP_158014_20260817_02_T1,LC09_L2SP_158014_20260817_02_T1,7,17,EPSG:32643,480165.00,7368495.00,484005.00,7372335.00,74.5981,66.4526,spatial_block_4fold,0,1,,,0,300.365,302.054,1.68884
l9siberia_r07_c18,landsat9_siberia_fire,LC09_L2SP_158014_20260817_02_T1,LC09_L2SP_158014_20260817_02_T1,7,18,EPSG:32643,484005.00,7368495.00,487845.00,7372335.00,74.6843,66.4528,spatial_block_4fold,0,1,,,0,304.896,307.198,2.30167
l9siberia_r07_c19,landsat9_siberia_fire,LC09_L2SP_158014_20260817_02_T1,LC09_L2SP_158014_20260817_02_T1,7,19,EPSG:32643,487845.00,7368495.00,491685.00,7372335.00,74.7704,66.4529,spatial_block_4fold,0,1,,,0,303.89,306.535,2.64444
l9siberia_r07_c20,landsat9_siberia_fire,LC09_L2SP_158014_20260817_02_T1,LC09_L2SP_158014_20260817_02_T1,7,20,EPSG:32643,491685.00,7368495.00,495525.00,7372335.00,74.8565,66.453,spatial_block_4fold,3,1,,,0,300.248,305.291,5.04358
l9siberia_r07_c21,landsat9_siberia_fire,LC09_L2SP_158014_20260817_02_T1,LC09_L2SP_158014_20260817_02_T1,7,21,EPSG:32643,495525.00,7368495.00,499365.00,7372335.00,74.9427,66.4531,spatial_block_4fold,3,1,,,0,299.8,301.193,1.39227
l9siberia_r07_c22,landsat9_siberia_fire,LC09_L2SP_158014_20260817_02_T1,LC09_L2SP_158014_20260817_02_T1,7,22,EPSG:32643,499365.00,7368495.00,503205.00,7372335.00,75.0288,66.4531,spatial_block_4fold,3,1,,,0,298.661,300.762,2.10098
l9siberia_r07_c23,landsat9_siberia_fire,LC09_L2SP_158014_20260817_02_T1,LC09_L2SP_158014_20260817_02_T1,7,23,EPSG:32643,503205.00,7368495.00,507045.00,7372335.00,75.115,66.4531,spatial_block_4fold,3,1,,,0,299.255,301.543,2.28815
l9siberia_r07_c24,landsat9_siberia_fire,LC09_L2SP_158014_20260817_02_T1,LC09_L2SP_158014_20260817_02_T1,7,24,EPSG:32643,507045.00,7368495.00,510885.00,7372335.00,75.2011,66.453,spatial_block_4fold,3,1,,,0,300.851,302.889,2.0379
l9siberia_r07_c25,landsat9_siberia_fire,LC09_L2SP_158014_20260817_02_T1,LC09_L2SP_158014_20260817_02_T1,7,25,EPSG:32643,510885.00,7368495.00,514725.00,7372335.00,75.2872,66.4528,spatial_block_4fold,3,1,,,0,300.973,302.291,1.31787
l9siberia_r07_c26,landsat9_siberia_fire,LC09_L2SP_158014_20260817_02_T1,LC09_L2SP_158014_20260817_02_T1,7,26,EPSG:32643,514725.00,7368495.00,518565.00,7372335.00,75.3734,66.4527,spatial_block_4fold,3,1,,,0,301.612,303.373,1.76083
l9siberia_r07_c27,landsat9_siberia_fire,LC09_L2SP_158014_20260817_02_T1,LC09_L2SP_158014_20260817_02_T1,7,27,EPSG:32643,518565.00,7368495.00,522405.00,7372335.00,75.4595,66.4524,spatial_block_4fold,3,1,,,0,301.575,303.533,1.95764
l9siberia_r07_c28,landsat9_siberia_fire,LC09_L2SP_158014_20260817_02_T1,LC09_L2SP_158014_20260817_02_T1,7,28,EPSG:32643,522405.00,7368495.00,526245.00,7372335.00,75.5456,66.4521,spatial_block_4fold,3,1,,,0,300.752,303.18,2.42743
l9siberia_r07_c29,landsat9_siberia_fire,LC09_L2SP_158014_20260817_02_T1,LC09_L2SP_158014_20260817_02_T1,7,29,EPSG:32643,526245.00,7368495.00,530085.00,7372335.00,75.6318,66.4518,spatial_block_4fold,3,1,,,0,300.174,302.534,2.35974
l9siberia_r07_c30,landsat9_siberia_fire,LC09_L2SP_158014_20260817_02_T1,LC09_L2SP_158014_20260817_02_T1,7,30,EPSG:32643,530085.00,7368495.00,533925.00,7372335.00,75.7179,66.4514,spatial_block_4fold,0,1,,,0,301.256,303.591,2.3353
l9siberia_r07_c31,landsat9_siberia_fire,LC09_L2SP_158014_20260817_02_T1,LC09_L2SP_158014_20260817_02_T1,7,31,EPSG:32643,533925.00,7368495.00,537765.00,7372335.00,75.804,66.451,spatial_block_4fold,0,1,,,0,301.125,304.397,3.27274
l9siberia_r07_c32,landsat9_siberia_fire,LC09_L2SP_158014_20260817_02_T1,LC09_L2SP_158014_20260817_02_T1,7,32,EPSG:32643,537765.00,7368495.00,541605.00,7372335.00,75.8901,66.4506,spatial_block_4fold,0,1,,,0,302.015,307.409,5.39426
l9siberia_r07_c33,landsat9_siberia_fire,LC09_L2SP_158014_20260817_02_T1,LC09_L2SP_158014_20260817_02_T1,7,33,EPSG:32643,541605.00,7368495.00,545445.00,7372335.00,75.9763,66.45,spatial_block_4fold,0,1,,,1,302.197,341.93,39.7323
l9siberia_r07_c34,landsat9_siberia_fire,LC09_L2SP_158014_20260817_02_T1,LC09_L2SP_158014_20260817_02_T1,7,34,EPSG:32643,545445.00,7368495.00,549285.00,7372335.00,76.0624,66.4495,spatial_block_4fold,0,1,,,1,301.928,325.276,23.3482
l9siberia_r07_c35,landsat9_siberia_fire,LC09_L2SP_158014_20260817_02_T1,LC09_L2SP_158014_20260817_02_T1,7,35,EPSG:32643,549285.00,7368495.00,553125.00,7372335.00,76.1485,66.4489,spatial_block_4fold,0,1,,,1,301.041,317.27,16.2283
l9siberia_r07_c36,landsat9_siberia_fire,LC09_L2SP_158014_20260817_02_T1,LC09_L2SP_158014_20260817_02_T1,7,36,EPSG:32643,553125.00,7368495.00,556965.00,7372335.00,76.2346,66.4482,spatial_block_4fold,0,1,,,0,300.36,305.744,5.38318
l9siberia_r08_c16,landsat9_siberia_fire,LC09_L2SP_158014_20260817_02_T1,LC09_L2SP_158014_20260817_02_T1,8,16,EPSG:32643,476325.00,7364655.00,480165.00,7368495.00,74.5127,66.4179,spatial_block_4fold,0,1,,,0,300.872,302.849,1.97778
l9siberia_r08_c17,landsat9_siberia_fire,LC09_L2SP_158014_20260817_02_T1,LC09_L2SP_158014_20260817_02_T1,8,17,EPSG:32643,480165.00,7364655.00,484005.00,7368495.00,74.5987,66.4181,spatial_block_4fold,0,1,,,0,300.158,303.357,3.19916
l9siberia_r08_c18,landsat9_siberia_fire,LC09_L2SP_158014_20260817_02_T1,LC09_L2SP_158014_20260817_02_T1,8,18,EPSG:32643,484005.00,7364655.00,487845.00,7368495.00,74.6847,66.4183,spatial_block_4fold,0,1,,,0,298.994,306.786,7.79172
l9siberia_r08_c19,landsat9_siberia_fire,LC09_L2SP_158014_20260817_02_T1,LC09_L2SP_158014_20260817_02_T1,8,19,EPSG:32643,487845.00,7364655.00,491685.00,7368495.00,74.7707,66.4185,spatial_block_4fold,0,1,,,0,300.375,303.559,3.18372
l9siberia_r08_c20,landsat9_siberia_fire,LC09_L2SP_158014_20260817_02_T1,LC09_L2SP_158014_20260817_02_T1,8,20,EPSG:32643,491685.00,7364655.00,495525.00,7368495.00,74.8567,66.4186,spatial_block_4fold,3,1,,,0,299.604,301.743,2.13895
l9siberia_r08_c21,landsat9_siberia_fire,LC09_L2SP_158014_20260817_02_T1,LC09_L2SP_158014_20260817_02_T1,8,21,EPSG:32643,495525.00,7364655.00,499365.00,7368495.00,74.9428,66.4186,spatial_block_4fold,3,1,,,0,299.242,301.5,2.25723
l9siberia_r08_c22,landsat9_siberia_fire,LC09_L2SP_158014_20260817_02_T1,LC09_L2SP_158014_20260817_02_T1,8,22,EPSG:32643,499365.00,7364655.00,503205.00,7368495.00,75.0288,66.4186,spatial_block_4fold,3,1,,,0,299.86,302.48,2.61978
l9siberia_r08_c23,landsat9_siberia_fire,LC09_L2SP_158014_20260817_02_T1,LC09_L2SP_158014_20260817_02_T1,8,23,EPSG:32643,503205.00,7364655.00,507045.00,7368495.00,75.1148,66.4186,spatial_block_4fold,3,1,,,0,299.057,301.663,2.60608
l9siberia_r08_c24,landsat9_siberia_fire,LC09_L2SP_158014_20260817_02_T1,LC09_L2SP_158014_20260817_02_T1,8,24,EPSG:32643,507045.00,7364655.00,510885.00,7368495.00,75.2008,66.4185,spatial_block_4fold,3,1,,,0,298.345,300.602,2.25766
l9siberia_r08_c25,landsat9_siberia_fire,LC09_L2SP_158014_20260817_02_T1,LC09_L2SP_158014_20260817_02_T1,8,25,EPSG:32643,510885.00,7364655.00,514725.00,7368495.00,75.2868,66.4184,spatial_block_4fold,3,1,,,0,300.829,302.865,2.03604
l9siberia_r08_c26,landsat9_siberia_fire,LC09_L2SP_158014_20260817_02_T1,LC09_L2SP_158014_20260817_02_T1,8,26,EPSG:32643,514725.00,7364655.00,518565.00,7368495.00,75.3729,66.4182,spatial_block_4fold,3,1,,,0,301.851,303.526,1.67426
l9siberia_r08_c27,landsat9_siberia_fire,LC09_L2SP_158014_20260817_02_T1,LC09_L2SP_158014_20260817_02_T1,8,27,EPSG:32643,518565.00,7364655.00,522405.00,7368495.00,75.4589,66.418,spatial_block_4fold,3,1,,,0,300.416,303.69,3.27454
l9siberia_r08_c28,landsat9_siberia_fire,LC09_L2SP_158014_20260817_02_T1,LC09_L2SP_158014_20260817_02_T1,8,28,EPSG:32643,522405.00,7364655.00,526245.00,7368495.00,75.5449,66.4177,spatial_block_4fold,3,1,,,0,300.466,303.023,2.55679
l9siberia_r08_c29,landsat9_siberia_fire,LC09_L2SP_158014_20260817_02_T1,LC09_L2SP_158014_20260817_02_T1,8,29,EPSG:32643,526245.00,7364655.00,530085.00,7368495.00,75.6309,66.4174,spatial_block_4fold,3,1,,,0,300.199,302.439,2.24002
l9siberia_r08_c30,landsat9_siberia_fire,LC09_L2SP_158014_20260817_02_T1,LC09_L2SP_158014_20260817_02_T1,8,30,EPSG:32643,530085.00,7364655.00,533925.00,7368495.00,75.7169,66.417,spatial_block_4fold,0,1,,,0,300.32,303.812,3.49176
l9siberia_r08_c31,landsat9_siberia_fire,LC09_L2SP_158014_20260817_02_T1,LC09_L2SP_158014_20260817_02_T1,8,31,EPSG:32643,533925.00,7364655.00,537765.00,7368495.00,75.8029,66.4166,spatial_block_4fold,0,1,,,0,301.175,303.643,2.46799
l9siberia_r08_c32,landsat9_siberia_fire,LC09_L2SP_158014_20260817_02_T1,LC09_L2SP_158014_20260817_02_T1,8,32,EPSG:32643,537765.00,7364655.00,541605.00,7368495.00,75.8889,66.4161,spatial_block_4fold,0,1,,,0,300.935,302.788,1.85312
l9siberia_r08_c33,landsat9_siberia_fire,LC09_L2SP_158014_20260817_02_T1,LC09_L2SP_158014_20260817_02_T1,8,33,EPSG:32643,541605.00,7364655.00,545445.00,7368495.00,75.9749,66.4156,spatial_block_4fold,0,1,,,0,300.252,302.344,2.09274
l9siberia_r08_c34,landsat9_siberia_fire,LC09_L2SP_158014_20260817_02_T1,LC09_L2SP_158014_20260817_02_T1,8,34,EPSG:32643,545445.00,7364655.00,549285.00,7368495.00,76.0609,66.415,spatial_block_4fold,0,1,,,0,300.355,303.158,2.80301
l9siberia_r08_c35,landsat9_siberia_fire,LC09_L2SP_158014_20260817_02_T1,LC09_L2SP_158014_20260817_02_T1,8,35,EPSG:32643,549285.00,7364655.00,553125.00,7368495.00,76.1469,66.4144,spatial_block_4fold,0,1,,,0,301.001,303.04,2.03958
l9siberia_r08_c36,landsat9_siberia_fire,LC09_L2SP_158014_20260817_02_T1,LC09_L2SP_158014_20260817_02_T1,8,36,EPSG:32643,553125.00,7364655.00,556965.00,7368495.00,76.2329,66.4138,spatial_block_4fold,0,1,,,0,300.023,302.687,2.66364
l9siberia_r08_c37,landsat9_siberia_fire,LC09_L2SP_158014_20260817_02_T1,LC09_L2SP_158014_20260817_02_T1,8,37,EPSG:32643,556965.00,7364655.00,560805.00,7368495.00,76.3189,66.4131,spatial_block_4fold,0,1,,,0,299.163,303.408,4.24478
l9siberia_r08_c38,landsat9_siberia_fire,LC09_L2SP_158014_20260817_02_T1,LC09_L2SP_158014_20260817_02_T1,8,38,EPSG:32643,560805.00,7364655.00,564645.00,7368495.00,76.4048,66.4123,spatial_block_4fold,0,1,,,0,301.419,306.867,5.44882
l9siberia_r09_c16,landsat9_siberia_fire,LC09_L2SP_158014_20260817_02_T1,LC09_L2SP_158014_20260817_02_T1,9,16,EPSG:32643,476325.00,7360815.00,480165.00,7364655.00,74.5134,66.3834,spatial_block_4fold,0,1,,,0,300.093,304.648,4.55515
l9siberia_r09_c17,landsat9_siberia_fire,LC09_L2SP_158014_20260817_02_T1,LC09_L2SP_158014_20260817_02_T1,9,17,EPSG:32643,480165.00,7360815.00,484005.00,7364655.00,74.5992,66.3837,spatial_block_4fold,0,1,,,0,300.701,304.466,3.76514
l9siberia_r09_c18,landsat9_siberia_fire,LC09_L2SP_158014_20260817_02_T1,LC09_L2SP_158014_20260817_02_T1,9,18,EPSG:32643,484005.00,7360815.00,487845.00,7364655.00,74.6851,66.3839,spatial_block_4fold,0,1,,,0,300.762,304.342,3.57993
l9siberia_r09_c19,landsat9_siberia_fire,LC09_L2SP_158014_20260817_02_T1,LC09_L2SP_158014_20260817_02_T1,9,19,EPSG:32643,487845.00,7360815.00,491685.00,7364655.00,74.771,66.384,spatial_block_4fold,0,1,,,0,300.829,303.892,3.06314
l9siberia_r09_c20,landsat9_siberia_fire,LC09_L2SP_158014_20260817_02_T1,LC09_L2SP_158014_20260817_02_T1,9,20,EPSG:32643,491685.00,7360815.00,495525.00,7364655.00,74.8569,66.3841,spatial_block_4fold,3,1,,,0,300.497,304.161,3.66367
l9siberia_r09_c21,landsat9_siberia_fire,LC09_L2SP_158014_20260817_02_T1,LC09_L2SP_158014_20260817_02_T1,9,21,EPSG:32643,495525.00,7360815.00,499365.00,7364655.00,74.9428,66.3842,spatial_block_4fold,3,1,,,0,300.392,302.52,2.12823
l9siberia_r09_c22,landsat9_siberia_fire,LC09_L2SP_158014_20260817_02_T1,LC09_L2SP_158014_20260817_02_T1,9,22,EPSG:32643,499365.00,7360815.00,503205.00,7364655.00,75.0287,66.3842,spatial_block_4fold,3,1,,,0,299.537,302.693,3.15643
l9siberia_r09_c23,landsat9_siberia_fire,LC09_L2SP_158014_20260817_02_T1,LC09_L2SP_158014_20260817_02_T1,9,23,EPSG:32643,503205.00,7360815.00,507045.00,7364655.00,75.1146,66.3842,spatial_block_4fold,3,1,,,0,299.634,302.426,2.7919
l9siberia_r09_c24,landsat9_siberia_fire,LC09_L2SP_158014_20260817_02_T1,LC09_L2SP_158014_20260817_02_T1,9,24,EPSG:32643,507045.00,7360815.00,510885.00,7364655.00,75.2005,66.3841,spatial_block_4fold,3,1,,,1,298.455,349.109,50.6544
l9siberia_r09_c25,landsat9_siberia_fire,LC09_L2SP_158014_20260817_02_T1,LC09_L2SP_158014_20260817_02_T1,9,25,EPSG:32643,510885.00,7360815.00,514725.00,7364655.00,75.2864,66.3839,spatial_block_4fold,3,1,,,1,298.687,345.633,46.9468
l9siberia_r09_c26,landsat9_siberia_fire,LC09_L2SP_158014_20260817_02_T1,LC09_L2SP_158014_20260817_02_T1,9,26,EPSG:32643,514725.00,7360815.00,518565.00,7364655.00,75.3723,66.3838,spatial_block_4fold,3,1,,,1,300.134,316.176,16.0413
l9siberia_r09_c27,landsat9_siberia_fire,LC09_L2SP_158014_20260817_02_T1,LC09_L2SP_158014_20260817_02_T1,9,27,EPSG:32643,518565.00,7360815.00,522405.00,7364655.00,75.4582,66.3835,spatial_block_4fold,3,1,,,0,300.029,302.364,2.3353
l9siberia_r09_c28,landsat9_siberia_fire,LC09_L2SP_158014_20260817_02_T1,LC09_L2SP_158014_20260817_02_T1,9,28,EPSG:32643,522405.00,7360815.00,526245.00,7364655.00,75.5441,66.3832,spatial_block_4fold,3,1,,,0,300.574,302.924,2.34955
l9siberia_r09_c29,landsat9_siberia_fire,LC09_L2SP_158014_20260817_02_T1,LC09_L2SP_158014_20260817_02_T1,9,29,EPSG:32643,526245.00,7360815.00,530085.00,7364655.00,75.63,66.3829,spatial_block_4fold,3,1,,,0,299.659,303.267,3.60815
l9siberia_r09_c30,landsat9_siberia_fire,LC09_L2SP_158014_20260817_02_T1,LC09_L2SP_158014_20260817_02_T1,9,30,EPSG:32643,530085.00,7360815.00,533925.00,7364655.00,75.7159,66.3826,spatial_block_4fold,0,1,,,0,301.16,303.551,2.39029
l9siberia_r09_c31,landsat9_siberia_fire,LC09_L2SP_158014_20260817_02_T1,LC09_L2SP_158014_20260817_02_T1,9,31,EPSG:32643,533925.00,7360815.00,537765.00,7364655.00,75.8018,66.3821,spatial_block_4fold,0,1,,,0,301.897,304.678,2.78183
l9siberia_r09_c32,landsat9_siberia_fire,LC09_L2SP_158014_20260817_02_T1,LC09_L2SP_158014_20260817_02_T1,9,32,EPSG:32643,537765.00,7360815.00,541605.00,7364655.00,75.8877,66.3817,spatial_block_4fold,0,1,,,0,301.105,303.481,2.37604
l9siberia_r09_c33,landsat9_siberia_fire,LC09_L2SP_158014_20260817_02_T1,LC09_L2SP_158014_20260817_02_T1,9,33,EPSG:32643,541605.00,7360815.00,545445.00,7364655.00,75.9736,66.3812,spatial_block_4fold,0,1,,,0,299.777,302.689,2.91223
l9siberia_r09_c34,landsat9_siberia_fire,LC09_L2SP_158014_20260817_02_T1,LC09_L2SP_158014_20260817_02_T1,9,34,EPSG:32643,545445.00,7360815.00,549285.00,7364655.00,76.0594,66.3806,spatial_block_4fold,0,1,,,0,299.611,304.11,4.49878
l9siberia_r09_c35,landsat9_siberia_fire,LC09_L2SP_158014_20260817_02_T1,LC09_L2SP_158014_20260817_02_T1,9,35,EPSG:32643,549285.00,7360815.00,553125.00,7364655.00,76.1453,66.38,spatial_block_4fold,0,1,,,0,298.667,301.749,3.08231
l9siberia_r09_c36,landsat9_siberia_fire,LC09_L2SP_158014_20260817_02_T1,LC09_L2SP_158014_20260817_02_T1,9,36,EPSG:32643,553125.00,7360815.00,556965.00,7364655.00,76.2312,66.3793,spatial_block_4fold,0,1,,,0,298.581,302.844,4.26245
l9siberia_r09_c37,landsat9_siberia_fire,LC09_L2SP_158014_20260817_02_T1,LC09_L2SP_158014_20260817_02_T1,9,37,EPSG:32643,556965.00,7360815.00,560805.00,7364655.00,76.317,66.3786,spatial_block_4fold,0,1,,,0,300.181,306.712,6.53119
l9siberia_r09_c38,landsat9_siberia_fire,LC09_L2SP_158014_20260817_02_T1,LC09_L2SP_158014_20260817_02_T1,9,38,EPSG:32643,560805.00,7360815.00,564645.00,7364655.00,76.4029,66.3779,spatial_block_4fold,0,1,,,1,302.923,327.667,24.7445
l9siberia_r09_c39,landsat9_siberia_fire,LC09_L2SP_158014_20260817_02_T1,LC09_L2SP_158014_20260817_02_T1,9,39,EPSG:32643,564645.00,7360815.00,568485.00,7364655.00,76.4888,66.3771,spatial_block_4fold,0,1,,,1,304.564,336.387,31.8221
l9siberia_r09_c40,landsat9_siberia_fire,LC09_L2SP_158014_20260817_02_T1,LC09_L2SP_158014_20260817_02_T1,9,40,EPSG:32643,568485.00,7360815.00,572325.00,7364655.00,76.5746,66.3762,spatial_block_4fold,3,1,,,0,301.578,307.609,6.03085
l9siberia_r10_c15,landsat9_siberia_fire,LC09_L2SP_158014_20260817_02_T1,LC09_L2SP_158014_20260817_02_T1,10,15,EPSG:32643,472485.00,7356975.00,476325.00,7360815.00,74.4282,66.3487,spatial_block_4fold,1,1,,,0,299.694,305.725,6.03119
l9siberia_r10_c16,landsat9_siberia_fire,LC09_L2SP_158014_20260817_02_T1,LC09_L2SP_158014_20260817_02_T1,10,16,EPSG:32643,476325.00,7356975.00,480165.00,7360815.00,74.514,66.349,spatial_block_4fold,1,1,,,0,300.238,304.009,3.77017
l9siberia_r10_c17,landsat9_siberia_fire,LC09_L2SP_158014_20260817_02_T1,LC09_L2SP_158014_20260817_02_T1,10,17,EPSG:32643,480165.00,7356975.00,484005.00,7360815.00,74.5998,66.3492,spatial_block_4fold,1,1,,,0,299.836,302.058,2.2225
l9siberia_r10_c18,landsat9_siberia_fire,LC09_L2SP_158014_20260817_02_T1,LC09_L2SP_158014_20260817_02_T1,10,18,EPSG:32643,484005.00,7356975.00,487845.00,7360815.00,74.6856,66.3494,spatial_block_4fold,1,1,,,0,299.409,303.868,4.45877
l9siberia_r10_c19,landsat9_siberia_fire,LC09_L2SP_158014_20260817_02_T1,LC09_L2SP_158014_20260817_02_T1,10,19,EPSG:32643,487845.00,7356975.00,491685.00,7360815.00,74.7714,66.3496,spatial_block_4fold,1,1,,,0,300.563,304.194,3.63028
l9siberia_r10_c20,landsat9_siberia_fire,LC09_L2SP_158014_20260817_02_T1,LC09_L2SP_158014_20260817_02_T1,10,20,EPSG:32643,491685.00,7356975.00,495525.00,7360815.00,74.8571,66.3497,spatial_block_4fold,0,1,,,0,300.565,304.158,3.59274
l9siberia_r10_c21,landsat9_siberia_fire,LC09_L2SP_158014_20260817_02_T1,LC09_L2SP_158014_20260817_02_T1,10,21,EPSG:32643,495525.00,7356975.00,499365.00,7360815.00,74.9429,66.3497,spatial_block_4fold,0,1,,,0,300.893,302.772,1.87869
l9siberia_r10_c22,landsat9_siberia_fire,LC09_L2SP_158014_20260817_02_T1,LC09_L2SP_158014_20260817_02_T1,10,22,EPSG:32643,499365.00,7356975.00,503205.00,7360815.00,75.0287,66.3497,spatial_block_4fold,0,1,,,0,299.266,302.069,2.80328
l9siberia_r10_c23,landsat9_siberia_fire,LC09_L2SP_158014_20260817_02_T1,LC09_L2SP_158014_20260817_02_T1,10,23,EPSG:32643,503205.00,7356975.00,507045.00,7360815.00,75.1145,66.3497,spatial_block_4fold,0,1,,,1,296.504,313.579,17.0746
l9siberia_r10_c24,landsat9_siberia_fire,LC09_L2SP_158014_20260817_02_T1,LC09_L2SP_158014_20260817_02_T1,10,24,EPSG:32643,507045.00,7356975.00,510885.00,7360815.00,75.2003,66.3496,spatial_block_4fold,0,1,,,1,300.709,314.024,13.3152
l9siberia_r10_c25,landsat9_siberia_fire,LC09_L2SP_158014_20260817_02_T1,LC09_L2SP_158014_20260817_02_T1,10,25,EPSG:32643,510885.00,7356975.00,514725.00,7360815.00,75.2861,66.3495,spatial_block_4fold,0,1,,,1,300.016,321.843,21.8269
l9siberia_r10_c26,landsat9_siberia_fire,LC09_L2SP_158014_20260817_02_T1,LC09_L2SP_158014_20260817_02_T1,10,26,EPSG:32643,514725.00,7356975.00,518565.00,7360815.00,75.3718,66.3493,spatial_block_4fold,0,1,,,1,301.835,332.846,31.0111
l9siberia_r10_c27,landsat9_siberia_fire,LC09_L2SP_158014_20260817_02_T1,LC09_L2SP_158014_20260817_02_T1,10,27,EPSG:32643,518565.00,7356975.00,522405.00,7360815.00,75.4576,66.3491,spatial_block_4fold,0,1,,,0,300.901,305.195,4.29449
l9siberia_r10_c28,landsat9_siberia_fire,LC09_L2SP_158014_20260817_02_T1,LC09_L2SP_158014_20260817_02_T1,10,28,EPSG:32643,522405.00,7356975.00,526245.00,7360815.00,75.5434,66.3488,spatial_block_4fold,0,1,,,0,300.619,304.205,3.58563
l9siberia_r10_c29,landsat9_siberia_fire,LC09_L2SP_158014_20260817_02_T1,LC09_L2SP_158014_20260817_02_T1,10,29,EPSG:32643,526245.00,7356975.00,530085.00,7360815.00,75.6292,66.3485,spatial_block_4fold,0,1,,,0,299.569,302.442,2.87256
l9siberia_r10_c30,landsat9_siberia_fire,LC09_L2SP_158014_20260817_02_T1,LC09_L2SP_158014_20260817_02_T1,10,30,EPSG:32643,530085.00,7356975.00,533925.00,7360815.00,75.7149,66.3481,spatial_block_4fold,2,1,,,0,301.221,303.103,1.88181
l9siberia_r10_c31,landsat9_siberia_fire,LC09_L2SP_158014_20260817_02_T1,LC09_L2SP_158014_20260817_02_T1,10,31,EPSG:32643,533925.00,7356975.00,537765.00,7360815.00,75.8007,66.3477,spatial_block_4fold,2,1,,,0,300.773,303.219,2.44638
l9siberia_r10_c32,landsat9_siberia_fire,LC09_L2SP_158014_20260817_02_T1,LC09_L2SP_158014_20260817_02_T1,10,32,EPSG:32643,537765.00,7356975.00,541605.00,7360815.00,75.8865,66.3472,spatial_block_4fold,2,1,,,0,300.728,303.771,3.04251
l9siberia_r10_c33,landsat9_siberia_fire,LC09_L2SP_158014_20260817_02_T1,LC09_L2SP_158014_20260817_02_T1,10,33,EPSG:32643,541605.00,7356975.00,545445.00,7360815.00,75.9722,66.3467,spatial_block_4fold,2,1,,,0,300.51,303.086,2.57639
l9siberia_r10_c34,landsat9_siberia_fire,LC09_L2SP_158014_20260817_02_T1,LC09_L2SP_158014_20260817_02_T1,10,34,EPSG:32643,545445.00,7356975.00,549285.00,7360815.00,76.058,66.3462,spatial_block_4fold,2,1,,,0,299.719,304.003,4.28345
l9siberia_r10_c35,landsat9_siberia_fire,LC09_L2SP_158014_20260817_02_T1,LC09_L2SP_158014_20260817_02_T1,10,35,EPSG:32643,549285.00,7356975.00,553125.00,7360815.00,76.1437,66.3455,spatial_block_4fold,2,1,,,0,299.225,301.677,2.45212
l9siberia_r10_c36,landsat9_siberia_fire,LC09_L2SP_158014_20260817_02_T1,LC09_L2SP_158014_20260817_02_T1,10,36,EPSG:32643,553125.00,7356975.00,556965.00,7360815.00,76.2295,66.3449,spatial_block_4fold,2,1,,,0,299.97,302.159,2.18945
l9siberia_r10_c37,landsat9_siberia_fire,LC09_L2SP_158014_20260817_02_T1,LC09_L2SP_158014_20260817_02_T1,10,37,EPSG:32643,556965.00,7356975.00,560805.00,7360815.00,76.3152,66.3442,spatial_block_4fold,2,1,,,0,299.441,304.607,5.16614
l9siberia_r10_c38,landsat9_siberia_fire,LC09_L2SP_158014_20260817_02_T1,LC09_L2SP_158014_20260817_02_T1,10,38,EPSG:32643,560805.00,7356975.00,564645.00,7360815.00,76.401,66.3434,spatial_block_4fold,2,1,,,0,299.52,306.554,7.03391
l9siberia_r10_c39,landsat9_siberia_fire,LC09_L2SP_158014_20260817_02_T1,LC09_L2SP_158014_20260817_02_T1,10,39,EPSG:32643,564645.00,7356975.00,568485.00,7360815.00,76.4867,66.3427,spatial_block_4fold,2,1,,,0,299.607,302.763,3.15601
l9siberia_r11_c15,landsat9_siberia_fire,LC09_L2SP_158014_20260817_02_T1,LC09_L2SP_158014_20260817_02_T1,11,15,EPSG:32643,472485.00,7353135.00,476325.00,7356975.00,74.429,66.3143,spatial_block_4fold,1,1,,,0,299.597,303.624,4.0267
l9siberia_r11_c16,landsat9_siberia_fire,LC09_L2SP_158014_20260817_02_T1,LC09_L2SP_158014_20260817_02_T1,11,16,EPSG:32643,476325.00,7353135.00,480165.00,7356975.00,74.5147,66.3145,spatial_block_4fold,1,1,,,0,300.353,303.795,3.44241
l9siberia_r11_c17,landsat9_siberia_fire,LC09_L2SP_158014_20260817_02_T1,LC09_L2SP_158014_20260817_02_T1,11,17,EPSG:32643,480165.00,7353135.00,484005.00,7356975.00,74.6003,66.3148,spatial_block_4fold,1,1,,,0,299.26,302.161,2.90134
l9siberia_r11_c18,landsat9_siberia_fire,LC09_L2SP_158014_20260817_02_T1,LC09_L2SP_158014_20260817_02_T1,11,18,EPSG:32643,484005.00,7353135.00,487845.00,7356975.00,74.686,66.315,spatial_block_4fold,1,1,,,0,299.767,303.689,3.9223
l9siberia_r11_c19,landsat9_siberia_fire,LC09_L2SP_158014_20260817_02_T1,LC09_L2SP_158014_20260817_02_T1,11,19,EPSG:32643,487845.00,7353135.00,491685.00,7356975.00,74.7717,66.3151,spatial_block_4fold,1,1,,,0,300.921,305.292,4.37109
l9siberia_r11_c20,landsat9_siberia_fire,LC09_L2SP_158014_20260817_02_T1,LC09_L2SP_158014_20260817_02_T1,11,20,EPSG:32643,491685.00,7353135.00,495525.00,7356975.00,74.8573,66.3152,spatial_block_4fold,0,1,,,0,300.906,303.711,2.80536
l9siberia_r11_c21,landsat9_siberia_fire,LC09_L2SP_158014_20260817_02_T1,LC09_L2SP_158014_20260817_02_T1,11,21,EPSG:32643,495525.00,7353135.00,499365.00,7356975.00,74.943,66.3153,spatial_block_4fold,0,1,,,0,300.486,302.592,2.10611
l9siberia_r11_c22,landsat9_siberia_fire,LC09_L2SP_158014_20260817_02_T1,LC09_L2SP_158014_20260817_02_T1,11,22,EPSG:32643,499365.00,7353135.00,503205.00,7356975.00,75.0287,66.3153,spatial_block_4fold,0,1,,,0,299.464,301.956,2.49152
l9siberia_r11_c23,landsat9_siberia_fire,LC09_L2SP_158014_20260817_02_T1,LC09_L2SP_158014_20260817_02_T1,11,23,EPSG:32643,503205.00,7353135.00,507045.00,7356975.00,75.1143,66.3153,spatial_block_4fold,0,1,,,1,298.827,310.587,11.7605
l9siberia_r11_c24,landsat9_siberia_fire,LC09_L2SP_158014_20260817_02_T1,LC09_L2SP_158014_20260817_02_T1,11,24,EPSG:32643,507045.00,7353135.00,510885.00,7356975.00,75.2,66.3152,spatial_block_4fold,0,1,,,1,300.334,316.751,16.4171
l9siberia_r11_c25,landsat9_siberia_fire,LC09_L2SP_158014_20260817_02_T1,LC09_L2SP_158014_20260817_02_T1,11,25,EPSG:32643,510885.00,7353135.00,514725.00,7356975.00,75.2857,66.315,spatial_block_4fold,0,1,,,1,302.481,310.305,7.82391
l9siberia_r11_c26,landsat9_siberia_fire,LC09_L2SP_158014_20260817_02_T1,LC09_L2SP_158014_20260817_02_T1,11,26,EPSG:32643,514725.00,7353135.00,518565.00,7356975.00,75.3713,66.3149,spatial_block_4fold,0,1,,,1,306.279,317.369,11.0901
l9siberia_r11_c27,landsat9_siberia_fire,LC09_L2SP_158014_20260817_02_T1,LC09_L2SP_158014_20260817_02_T1,11,27,EPSG:32643,518565.00,7353135.00,522405.00,7356975.00,75.457,66.3146,spatial_block_4fold,0,1,,,0,300.724,303.486,2.76215
l9siberia_r11_c28,landsat9_siberia_fire,LC09_L2SP_158014_20260817_02_T1,LC09_L2SP_158014_20260817_02_T1,11,28,EPSG:32643,522405.00,7353135.00,526245.00,7356975.00,75.5426,66.3144,spatial_block_4fold,0,1,,,0,301.297,304.041,2.74423
l9siberia_r11_c29,landsat9_siberia_fire,LC09_L2SP_158014_20260817_02_T1,LC09_L2SP_158014_20260817_02_T1,11,29,EPSG:32643,526245.00,7353135.00,530085.00,7356975.00,75.6283,66.314,spatial_block_4fold,0,1,,,0,299.712,302.54,2.82828
l9siberia_r11_c30,landsat9_siberia_fire,LC09_L2SP_158014_20260817_02_T1,LC09_L2SP_158014_20260817_02_T1,11,30,EPSG:32643,530085.00,7353135.00,533925.00,7356975.00,75.714,66.3137,spatial_block_4fold,2,1,,,0,300.579,304.076,3.49695
l9siberia_r11_c31,landsat9_siberia_fire,LC09_L2SP_158014_20260817_02_T1,LC09_L2SP_158014_20260817_02_T1,11,31,EPSG:32643,533925.00,7353135.00,537765.00,7356975.00,75.7996,66.3132,spatial_block_4fold,2,1,,,0,301.142,303.572,2.43005
l9siberia_r11_c32,landsat9_siberia_fire,LC09_L2SP_158014_20260817_02_T1,LC09_L2SP_158014_20260817_02_T1,11,32,EPSG:32643,537765.00,7353135.00,541605.00,7356975.00,75.8853,66.3128,spatial_block_4fold,2,1,,,0,300.225,303.249,3.02478
l9siberia_r11_c33,landsat9_siberia_fire,LC09_L2SP_158014_20260817_02_T1,LC09_L2SP_158014_20260817_02_T1,11,33,EPSG:32643,541605.00,7353135.00,545445.00,7356975.00,75.9709,66.3123,spatial_block_4fold,2,1,,,0,299.32,303.143,3.82297
l9siberia_r11_c34,landsat9_siberia_fire,LC09_L2SP_158014_20260817_02_T1,LC09_L2SP_158014_20260817_02_T1,11,34,EPSG:32643,545445.00,7353135.00,549285.00,7356975.00,76.0565,66.3117,spatial_block_4fold,2,1,,,0,299.473,303.147,3.67371
l9siberia_r11_c35,landsat9_siberia_fire,LC09_L2SP_158014_20260817_02_T1,LC09_L2SP_158014_20260817_02_T1,11,35,EPSG:32643,549285.00,7353135.00,553125.00,7356975.00,76.1422,66.3111,spatial_block_4fold,2,1,,,0,298.435,301.519,3.08459
l9siberia_r11_c36,landsat9_siberia_fire,LC09_L2SP_158014_20260817_02_T1,LC09_L2SP_158014_20260817_02_T1,11,36,EPSG:32643,553125.00,7353135.00,556965.00,7356975.00,76.2278,66.3105,spatial_block_4fold,2,1,,,0,297.984,301.718,3.73404
l9siberia_r11_c37,landsat9_siberia_fire,LC09_L2SP_158014_20260817_02_T1,LC09_L2SP_158014_20260817_02_T1,11,37,EPSG:32643,556965.00,7353135.00,560805.00,7356975.00,76.3134,66.3098,spatial_block_4fold,2,1,,,0,298.131,301.101,2.97009
l9siberia_r11_c38,landsat9_siberia_fire,LC09_L2SP_158014_20260817_02_T1,LC09_L2SP_158014_20260817_02_T1,11,38,EPSG:32643,560805.00,7353135.00,564645.00,7356975.00,76.3991,66.309,spatial_block_4fold,2,1,,,1,297.883,311.914,14.0309
l9siberia_r12_c14,landsat9_siberia_fire,LC09_L2SP_158014_20260817_02_T1,LC09_L2SP_158014_20260817_02_T1,12,14,EPSG:32643,468645.00,7349295.00,472485.00,7353135.00,74.3443,66.2795,spatial_block_4fold,1,1,,,0,299.632,302.613,2.98114
l9siberia_r12_c15,landsat9_siberia_fire,LC09_L2SP_158014_20260817_02_T1,LC09_L2SP_158014_20260817_02_T1,12,15,EPSG:32643,472485.00,7349295.00,476325.00,7353135.00,74.4298,66.2798,spatial_block_4fold,1,1,,,0,300.522,303.032,2.51053
l9siberia_r12_c16,landsat9_siberia_fire,LC09_L2SP_158014_20260817_02_T1,LC09_L2SP_158014_20260817_02_T1,12,16,EPSG:32643,476325.00,7349295.00,480165.00,7353135.00,74.5153,66.2801,spatial_block_4fold,1,1,,,0,299.779,302.961,3.1821
l9siberia_r12_c17,landsat9_siberia_fire,LC09_L2SP_158014_20260817_02_T1,LC09_L2SP_158014_20260817_02_T1,12,17,EPSG:32643,480165.00,7349295.00,484005.00,7353135.00,74.6009,66.2803,spatial_block_4fold,1,1,,,0,299.945,302.439,2.49362
l9siberia_r12_c18,landsat9_siberia_fire,LC09_L2SP_158014_20260817_02_T1,LC09_L2SP_158014_20260817_02_T1,12,18,EPSG:32643,484005.00,7349295.00,487845.00,7353135.00,74.6864,66.2805,spatial_block_4fold,1,1,,,0,300.933,303.505,2.57159
l9siberia_r12_c19,landsat9_siberia_fire,LC09_L2SP_158014_20260817_02_T1,LC09_L2SP_158014_20260817_02_T1,12,19,EPSG:32643,487845.00,7349295.00,491685.00,7353135.00,74.772,66.2807,spatial_block_4fold,1,1,,,0,301.425,304.781,3.35638
l9siberia_r12_c20,landsat9_siberia_fire,LC09_L2SP_158014_20260817_02_T1,LC09_L2SP_158014_20260817_02_T1,12,20,EPSG:32643,491685.00,7349295.00,495525.00,7353135.00,74.8575,66.2808,spatial_block_4fold,0,1,,,0,301.026,305.321,4.29523
l9siberia_r12_c21,landsat9_siberia_fire,LC09_L2SP_158014_20260817_02_T1,LC09_L2SP_158014_20260817_02_T1,12,21,EPSG:32643,495525.00,7349295.00,499365.00,7353135.00,74.9431,66.2808,spatial_block_4fold,0,1,,,0,301.267,305.494,4.2265
l9siberia_r12_c22,landsat9_siberia_fire,LC09_L2SP_158014_20260817_02_T1,LC09_L2SP_158014_20260817_02_T1,12,22,EPSG:32643,499365.00,7349295.00,503205.00,7353135.00,75.0286,66.2808,spatial_block_4fold,0,1,,,0,299.698,302.833,3.1347
l9siberia_r12_c23,landsat9_siberia_fire,LC09_L2SP_158014_20260817_02_T1,LC09_L2SP_158014_20260817_02_T1,12,23,EPSG:32643,503205.00,7349295.00,507045.00,7353135.00,75.1142,66.2808,spatial_block_4fold,0,1,,,0,299.16,301.73,2.5701
l9siberia_r12_c24,landsat9_siberia_fire,LC09_L2SP_158014_20260817_02_T1,LC09_L2SP_158014_20260817_02_T1,12,24,EPSG:32643,507045.00,7349295.00,510885.00,7353135.00,75.1997,66.2807,spatial_block_4fold,0,1,,,1,298.954,301.57,2.61523
l9siberia_r12_c25,landsat9_siberia_fire,LC09_L2SP_158014_20260817_02_T1,LC09_L2SP_158014_20260817_02_T1,12,25,EPSG:32643,510885.00,7349295.00,514725.00,7353135.00,75.2853,66.2806,spatial_block_4fold,0,1,,,1,301.374,333.062,31.6879
l9siberia_r12_c27,landsat9_siberia_fire,LC09_L2SP_158014_20260817_02_T1,LC09_L2SP_158014_20260817_02_T1,12,27,EPSG:32643,518565.00,7349295.00,522405.00,7353135.00,75.4564,66.2802,spatial_block_4fold,0,1,,,0,300.133,304.214,4.08084
l9siberia_r12_c28,landsat9_siberia_fire,LC09_L2SP_158014_20260817_02_T1,LC09_L2SP_158014_20260817_02_T1,12,28,EPSG:32643,522405.00,7349295.00,526245.00,7353135.00,75.5419,66.2799,spatial_block_4fold,0,1,,,0,299.18,302.034,2.85333
l9siberia_r12_c29,landsat9_siberia_fire,LC09_L2SP_158014_20260817_02_T1,LC09_L2SP_158014_20260817_02_T1,12,29,EPSG:32643,526245.00,7349295.00,530085.00,7353135.00,75.6274,66.2796,spatial_block_4fold,0,1,,,0,298.983,301.35,2.36639
l9siberia_r12_c30,landsat9_siberia_fire,LC09_L2SP_158014_20260817_02_T1,LC09_L2SP_158014_20260817_02_T1,12,30,EPSG:32643,530085.00,7349295.00,533925.00,7353135.00,75.713,66.2792,spatial_block_4fold,2,1,,,0,298.555,302.763,4.20822
l9siberia_r12_c31,landsat9_siberia_fire,LC09_L2SP_158014_20260817_02_T1,LC09_L2SP_158014_20260817_02_T1,12,31,EPSG:32643,533925.00,7349295.00,537765.00,7353135.00,75.7985,66.2788,spatial_block_4fold,2,1,,,0,298.815,301.309,2.49435
l9siberia_r12_c32,landsat9_siberia_fire,LC09_L2SP_158014_20260817_02_T1,LC09_L2SP_158014_20260817_02_T1,12,32,EPSG:32643,537765.00,7349295.00,541605.00,7353135.00,75.884,66.2783,spatial_block_4fold,2,1,,,0,299.678,304.351,4.67328
l9siberia_r12_c33,landsat9_siberia_fire,LC09_L2SP_158014_20260817_02_T1,LC09_L2SP_158014_20260817_02_T1,12,33,EPSG:32643,541605.00,7349295.00,545445.00,7353135.00,75.9696,66.2778,spatial_block_4fold,2,1,,,0,299.59,302.883,3.29224
l9siberia_r12_c34,landsat9_siberia_fire,LC09_L2SP_158014_20260817_02_T1,LC09_L2SP_158014_20260817_02_T1,12,34,EPSG:32643,545445.00,7349295.00,549285.00,7353135.00,76.0551,66.2773,spatial_block_4fold,2,1,,,1,300.626,306.974,6.34772
l9siberia_r12_c35,landsat9_siberia_fire,LC09_L2SP_158014_20260817_02_T1,LC09_L2SP_158014_20260817_02_T1,12,35,EPSG:32643,549285.00,7349295.00,553125.00,7353135.00,76.1406,66.2767,spatial_block_4fold,2,1,,,0,299.446,304.109,4.66245
l9siberia_r12_c36,landsat9_siberia_fire,LC09_L2SP_158014_20260817_02_T1,LC09_L2SP_158014_20260817_02_T1,12,36,EPSG:32643,553125.00,7349295.00,556965.00,7353135.00,76.2261,66.276,spatial_block_4fold,2,1,,,0,299.575,304.213,4.63849
l9siberia_r12_c37,landsat9_siberia_fire,LC09_L2SP_158014_20260817_02_T1,LC09_L2SP_158014_20260817_02_T1,12,37,EPSG:32643,556965.00,7349295.00,560805.00,7353135.00,76.3116,66.2753,spatial_block_4fold,2,1,,,0,298.477,301.457,2.98016
l9siberia_r12_c38,landsat9_siberia_fire,LC09_L2SP_158014_20260817_02_T1,LC09_L2SP_158014_20260817_02_T1,12,38,EPSG:32643,560805.00,7349295.00,564645.00,7353135.00,76.3971,66.2746,spatial_block_4fold,2,1,,,1,299.799,314.753,14.9541
l9siberia_r13_c14,landsat9_siberia_fire,LC09_L2SP_158014_20260817_02_T1,LC09_L2SP_158014_20260817_02_T1,13,14,EPSG:32643,468645.00,7345455.00,472485.00,7349295.00,74.3452,66.245,spatial_block_4fold,1,1,,,0,298.394,302.807,4.41321
l9siberia_r13_c15,landsat9_siberia_fire,LC09_L2SP_158014_20260817_02_T1,LC09_L2SP_158014_20260817_02_T1,13,15,EPSG:32643,472485.00,7345455.00,476325.00,7349295.00,74.4306,66.2454,spatial_block_4fold,1,1,,,0,300.209,303.2,2.99084
l9siberia_r13_c16,landsat9_siberia_fire,LC09_L2SP_158014_20260817_02_T1,LC09_L2SP_158014_20260817_02_T1,13,16,EPSG:32643,476325.00,7345455.00,480165.00,7349295.00,74.516,66.2456,spatial_block_4fold,1,1,,,0,300.136,302.692,2.55588
l9siberia_r13_c17,landsat9_siberia_fire,LC09_L2SP_158014_20260817_02_T1,LC09_L2SP_158014_20260817_02_T1,13,17,EPSG:32643,480165.00,7345455.00,484005.00,7349295.00,74.6014,66.2459,spatial_block_4fold,1,1,,,0,299.263,303.029,3.7659
l9siberia_r13_c18,landsat9_siberia_fire,LC09_L2SP_158014_20260817_02_T1,LC09_L2SP_158014_20260817_02_T1,13,18,EPSG:32643,484005.00,7345455.00,487845.00,7349295.00,74.6869,66.2461,spatial_block_4fold,1,1,,,0,299.829,302.4,2.57028
l9siberia_r13_c19,landsat9_siberia_fire,LC09_L2SP_158014_20260817_02_T1,LC09_L2SP_158014_20260817_02_T1,13,19,EPSG:32643,487845.00,7345455.00,491685.00,7349295.00,74.7723,66.2462,spatial_block_4fold,1,1,,,0,300.267,303.765,3.49808
l9siberia_r13_c20,landsat9_siberia_fire,LC09_L2SP_158014_20260817_02_T1,LC09_L2SP_158014_20260817_02_T1,13,20,EPSG:32643,491685.00,7345455.00,495525.00,7349295.00,74.8577,66.2463,spatial_block_4fold,0,1,,,0,301.012,305.921,4.90955
l9siberia_r13_c21,landsat9_siberia_fire,LC09_L2SP_158014_20260817_02_T1,LC09_L2SP_158014_20260817_02_T1,13,21,EPSG:32643,495525.00,7345455.00,499365.00,7349295.00,74.9432,66.2464,spatial_block_4fold,0,1,,,0,301.873,305.856,3.98273
l9siberia_r13_c22,landsat9_siberia_fire,LC09_L2SP_158014_20260817_02_T1,LC09_L2SP_158014_20260817_02_T1,13,22,EPSG:32643,499365.00,7345455.00,503205.00,7349295.00,75.0286,66.2464,spatial_block_4fold,0,1,,,0,301.927,303.928,2.00159
l9siberia_r13_c23,landsat9_siberia_fire,LC09_L2SP_158014_20260817_02_T1,LC09_L2SP_158014_20260817_02_T1,13,23,EPSG:32643,503205.00,7345455.00,507045.00,7349295.00,75.114,66.2464,spatial_block_4fold,0,1,,,0,301.331,304.551,3.22086
l9siberia_r13_c24,landsat9_siberia_fire,LC09_L2SP_158014_20260817_02_T1,LC09_L2SP_158014_20260817_02_T1,13,24,EPSG:32643,507045.00,7345455.00,510885.00,7349295.00,75.1995,66.2463,spatial_block_4fold,0,1,,,0,298.781,302.403,3.6217
l9siberia_r13_c25,landsat9_siberia_fire,LC09_L2SP_158014_20260817_02_T1,LC09_L2SP_158014_20260817_02_T1,13,25,EPSG:32643,510885.00,7345455.00,514725.00,7349295.00,75.2849,66.2461,spatial_block_4fold,0,1,,,1,299.627,319.539,19.9116
l9siberia_r13_c26,landsat9_siberia_fire,LC09_L2SP_158014_20260817_02_T1,LC09_L2SP_158014_20260817_02_T1,13,26,EPSG:32643,514725.00,7345455.00,518565.00,7349295.00,75.3703,66.246,spatial_block_4fold,0,1,,,0,300.379,303.36,2.98141
l9siberia_r13_c27,landsat9_siberia_fire,LC09_L2SP_158014_20260817_02_T1,LC09_L2SP_158014_20260817_02_T1,13,27,EPSG:32643,518565.00,7345455.00,522405.00,7349295.00,75.4557,66.2457,spatial_block_4fold,0,1,,,0,299.994,303.698,3.70395
l9siberia_r13_c28,landsat9_siberia_fire,LC09_L2SP_158014_20260817_02_T1,LC09_L2SP_158014_20260817_02_T1,13,28,EPSG:32643,522405.00,7345455.00,526245.00,7349295.00,75.5412,66.2455,spatial_block_4fold,0,1,,,0,300.1,303.373,3.27295
l9siberia_r13_c29,landsat9_siberia_fire,LC09_L2SP_158014_20260817_02_T1,LC09_L2SP_158014_20260817_02_T1,13,29,EPSG:32643,526245.00,7345455.00,530085.00,7349295.00,75.6266,66.2451,spatial_block_4fold,0,1,,,0,298.288,301.985,3.69733
l9siberia_r13_c30,landsat9_siberia_fire,LC09_L2SP_158014_20260817_02_T1,LC09_L2SP_158014_20260817_02_T1,13,30,EPSG:32643,530085.00,7345455.00,533925.00,7349295.00,75.712,66.2448,spatial_block_4fold,2,1,,,0,298.609,301.855,3.24603
l9siberia_r13_c31,landsat9_siberia_fire,LC09_L2SP_158014_20260817_02_T1,LC09_L2SP_158014_20260817_02_T1,13,31,EPSG:32643,533925.00,7345455.00,537765.00,7349295.00,75.7974,66.2444,spatial_block_4fold,2,1,,,0,298.848,301.888,3.04016
l9siberia_r13_c32,landsat9_siberia_fire,LC09_L2SP_158014_20260817_02_T1,LC09_L2SP_158014_20260817_02_T1,13,32,EPSG:32643,537765.00,7345455.00,541605.00,7349295.00,75.8828,66.2439,spatial_block_4fold,2,1,,,0,299.116,302.492,3.37616
l9siberia_r13_c33,landsat9_siberia_fire,LC09_L2SP_158014_20260817_02_T1,LC09_L2SP_158014_20260817_02_T1,13,33,EPSG:32643,541605.00,7345455.00,545445.00,7349295.00,75.9683,66.2434,spatial_block_4fold,2,1,,,0,300.527,304.431,3.90384
l9siberia_r13_c34,landsat9_siberia_fire,LC09_L2SP_158014_20260817_02_T1,LC09_L2SP_158014_20260817_02_T1,13,34,EPSG:32643,545445.00,7345455.00,549285.00,7349295.00,76.0537,66.2428,spatial_block_4fold,2,1,,,0,300.259,305.91,5.65063
l9siberia_r13_c35,landsat9_siberia_fire,LC09_L2SP_158014_20260817_02_T1,LC09_L2SP_158014_20260817_02_T1,13,35,EPSG:32643,549285.00,7345455.00,553125.00,7349295.00,76.1391,66.2422,spatial_block_4fold,2,1,,,0,301.012,305.704,4.69177
l9siberia_r13_c36,landsat9_siberia_fire,LC09_L2SP_158014_20260817_02_T1,LC09_L2SP_158014_20260817_02_T1,13,36,EPSG:32643,553125.00,7345455.00,556965.00,7349295.00,76.2245,66.2416,spatial_block_4fold,2,1,,,0,300.252,305.749,5.49655
l9siberia_r13_c37,landsat9_siberia_fire,LC09_L2SP_158014_20260817_02_T1,LC09_L2SP_158014_20260817_02_T1,13,37,EPSG:32643,556965.00,7345455.00,560805.00,7349295.00,76.3099,66.2409,spatial_block_4fold,2,1,,,0,300.142,305.362,5.2204
l9siberia_r14_c14,landsat9_siberia_fire,LC09_L2SP_158014_20260817_02_T1,LC09_L2SP_158014_20260817_02_T1,14,14,EPSG:32643,468645.00,7341615.00,472485.00,7345455.00,74.3461,66.2106,spatial_block_4fold,1,1,,,0,297.525,300.174,2.64865
l9siberia_r14_c15,landsat9_siberia_fire,LC09_L2SP_158014_20260817_02_T1,LC09_L2SP_158014_20260817_02_T1,14,15,EPSG:32643,472485.00,7341615.00,476325.00,7345455.00,74.4314,66.2109,spatial_block_4fold,1,1,,,0,299.656,301.969,2.3125
l9siberia_r14_c16,landsat9_siberia_fire,LC09_L2SP_158014_20260817_02_T1,LC09_L2SP_158014_20260817_02_T1,14,16,EPSG:32643,476325.00,7341615.00,480165.00,7345455.00,74.5167,66.2112,spatial_block_4fold,1,1,,,0,299.275,301.18,1.90494
l9siberia_r14_c17,landsat9_siberia_fire,LC09_L2SP_158014_20260817_02_T1,LC09_L2SP_158014_20260817_02_T1,14,17,EPSG:32643,480165.00,7341615.00,484005.00,7345455.00,74.602,66.2114,spatial_block_4fold,1,1,,,0,298.776,300.908,2.13168
l9siberia_r14_c18,landsat9_siberia_fire,LC09_L2SP_158014_20260817_02_T1,LC09_L2SP_158014_20260817_02_T1,14,18,EPSG:32643,484005.00,7341615.00,487845.00,7345455.00,74.6873,66.2116,spatial_block_4fold,1,1,,,0,298.47,300.449,1.97833
l9siberia_r14_c19,landsat9_siberia_fire,LC09_L2SP_158014_20260817_02_T1,LC09_L2SP_158014_20260817_02_T1,14,19,EPSG:32643,487845.00,7341615.00,491685.00,7345455.00,74.7726,66.2118,spatial_block_4fold,1,1,,,0,298.233,300.647,2.41367
l9siberia_r14_c20,landsat9_siberia_fire,LC09_L2SP_158014_20260817_02_T1,LC09_L2SP_158014_20260817_02_T1,14,20,EPSG:32643,491685.00,7341615.00,495525.00,7345455.00,74.8579,66.2119,spatial_block_4fold,0,1,,,0,299.051,303.02,3.96878
l9siberia_r14_c21,landsat9_siberia_fire,LC09_L2SP_158014_20260817_02_T1,LC09_L2SP_158014_20260817_02_T1,14,21,EPSG:32643,495525.00,7341615.00,499365.00,7345455.00,74.9432,66.2119,spatial_block_4fold,0,1,,,0,300.362,302.956,2.59348
l9siberia_r14_c22,landsat9_siberia_fire,LC09_L2SP_158014_20260817_02_T1,LC09_L2SP_158014_20260817_02_T1,14,22,EPSG:32643,499365.00,7341615.00,503205.00,7345455.00,75.0285,66.2119,spatial_block_4fold,0,1,,,0,301.423,303.75,2.32794
l9siberia_r14_c23,landsat9_siberia_fire,LC09_L2SP_158014_20260817_02_T1,LC09_L2SP_158014_20260817_02_T1,14,23,EPSG:32643,503205.00,7341615.00,507045.00,7345455.00,75.1139,66.2119,spatial_block_4fold,0,1,,,0,299.523,303.376,3.85321
l9siberia_r14_c24,landsat9_siberia_fire,LC09_L2SP_158014_20260817_02_T1,LC09_L2SP_158014_20260817_02_T1,14,24,EPSG:32643,507045.00,7341615.00,510885.00,7345455.00,75.1992,66.2118,spatial_block_4fold,0,1,,,0,299.044,301.131,2.08655
l9siberia_r14_c25,landsat9_siberia_fire,LC09_L2SP_158014_20260817_02_T1,LC09_L2SP_158014_20260817_02_T1,14,25,EPSG:32643,510885.00,7341615.00,514725.00,7345455.00,75.2845,66.2117,spatial_block_4fold,0,1,,,0,299.194,302.552,3.35785
l9siberia_r14_c26,landsat9_siberia_fire,LC09_L2SP_158014_20260817_02_T1,LC09_L2SP_158014_20260817_02_T1,14,26,EPSG:32643,514725.00,7341615.00,518565.00,7345455.00,75.3698,66.2115,spatial_block_4fold,0,1,,,0,300.292,302.837,2.54541
l9siberia_r14_c27,landsat9_siberia_fire,LC09_L2SP_158014_20260817_02_T1,LC09_L2SP_158014_20260817_02_T1,14,27,EPSG:32643,518565.00,7341615.00,522405.00,7345455.00,75.4551,66.2113,spatial_block_4fold,0,1,,,0,300.786,304.022,3.23621
l9siberia_r14_c28,landsat9_siberia_fire,LC09_L2SP_158014_20260817_02_T1,LC09_L2SP_158014_20260817_02_T1,14,28,EPSG:32643,522405.00,7341615.00,526245.00,7345455.00,75.5404,66.211,spatial_block_4fold,0,1,,,0,300.295,303.752,3.45703
l9siberia_r14_c29,landsat9_siberia_fire,LC09_L2SP_158014_20260817_02_T1,LC09_L2SP_158014_20260817_02_T1,14,29,EPSG:32643,526245.00,7341615.00,530085.00,7345455.00,75.6257,66.2107,spatial_block_4fold,0,1,,,0,300.426,303.422,2.99649
l9siberia_r14_c30,landsat9_siberia_fire,LC09_L2SP_158014_20260817_02_T1,LC09_L2SP_158014_20260817_02_T1,14,30,EPSG:32643,530085.00,7341615.00,533925.00,7345455.00,75.711,66.2103,spatial_block_4fold,2,1,,,0,299.391,302.904,3.51331
l9siberia_r14_c31,landsat9_siberia_fire,LC09_L2SP_158014_20260817_02_T1,LC09_L2SP_158014_20260817_02_T1,14,31,EPSG:32643,533925.00,7341615.00,537765.00,7345455.00,75.7963,66.2099,spatial_block_4fold,2,1,,,0,298.779,303.536,4.75769
l9siberia_r14_c32,landsat9_siberia_fire,LC09_L2SP_158014_20260817_02_T1,LC09_L2SP_158014_20260817_02_T1,14,32,EPSG:32643,537765.00,7341615.00,541605.00,7345455.00,75.8816,66.2094,spatial_block_4fold,2,1,,,0,298.922,303.688,4.76587
l9siberia_r14_c33,landsat9_siberia_fire,LC09_L2SP_158014_20260817_02_T1,LC09_L2SP_158014_20260817_02_T1,14,33,EPSG:32643,541605.00,7341615.00,545445.00,7345455.00,75.9669,66.2089,spatial_block_4fold,2,1,,,0,300.006,302.597,2.59174
l9siberia_r14_c34,landsat9_siberia_fire,LC09_L2SP_158014_20260817_02_T1,LC09_L2SP_158014_20260817_02_T1,14,34,EPSG:32643,545445.00,7341615.00,549285.00,7345455.00,76.0522,66.2084,spatial_block_4fold,2,1,,,0,299.127,304.094,4.96664
l9siberia_r14_c35,landsat9_siberia_fire,LC09_L2SP_158014_20260817_02_T1,LC09_L2SP_158014_20260817_02_T1,14,35,EPSG:32643,549285.00,7341615.00,553125.00,7345455.00,76.1375,66.2078,spatial_block_4fold,2,1,,,0,300.338,306.38,6.04132
l9siberia_r14_c36,landsat9_siberia_fire,LC09_L2SP_158014_20260817_02_T1,LC09_L2SP_158014_20260817_02_T1,14,36,EPSG:32643,553125.00,7341615.00,556965.00,7345455.00,76.2228,66.2071,spatial_block_4fold,2,1,,,0,299.913,304.975,5.06186
l9siberia_r14_c49,landsat9_siberia_fire,LC09_L2SP_158014_20260817_02_T1,LC09_L2SP_158014_20260817_02_T1,14,49,EPSG:32643,603045.00,7341615.00,606885.00,7345455.00,77.3309,66.1944,spatial_block_4fold,3,1,,,0,300.929,303.032,2.1026
l9siberia_r14_c50,landsat9_siberia_fire,LC09_L2SP_158014_20260817_02_T1,LC09_L2SP_158014_20260817_02_T1,14,50,EPSG:32643,606885.00,7341615.00,610725.00,7345455.00,77.4161,66.1931,spatial_block_4fold,3,1,,,0,300.349,303.371,3.02222
l9siberia_r15_c13,landsat9_siberia_fire,LC09_L2SP_158014_20260817_02_T1,LC09_L2SP_158014_20260817_02_T1,15,13,EPSG:32643,464805.00,7337775.00,468645.00,7341615.00,74.2618,66.1757,spatial_block_4fold,1,1,,,0,297.937,300.085,2.14795
l9siberia_r15_c14,landsat9_siberia_fire,LC09_L2SP_158014_20260817_02_T1,LC09_L2SP_158014_20260817_02_T1,15,14,EPSG:32643,468645.00,7337775.00,472485.00,7341615.00,74.3469,66.1761,spatial_block_4fold,1,1,,,0,297.565,300.573,3.008
l9siberia_r15_c15,landsat9_siberia_fire,LC09_L2SP_158014_20260817_02_T1,LC09_L2SP_158014_20260817_02_T1,15,15,EPSG:32643,472485.00,7337775.00,476325.00,7341615.00,74.4321,66.1765,spatial_block_4fold,1,1,,,0,298.994,301.715,2.72037
l9siberia_r15_c16,landsat9_siberia_fire,LC09_L2SP_158014_20260817_02_T1,LC09_L2SP_158014_20260817_02_T1,15,16,EPSG:32643,476325.00,7337775.00,480165.00,7341615.00,74.5173,66.1767,spatial_block_4fold,1,1,,,0,299.446,301.904,2.45786
l9siberia_r15_c17,landsat9_siberia_fire,LC09_L2SP_158014_20260817_02_T1,LC09_L2SP_158014_20260817_02_T1,15,17,EPSG:32643,480165.00,7337775.00,484005.00,7341615.00,74.6025,66.177,spatial_block_4fold,1,1,,,0,298.594,300.476,1.88226
l9siberia_r15_c18,landsat9_siberia_fire,LC09_L2SP_158014_20260817_02_T1,LC09_L2SP_158014_20260817_02_T1,15,18,EPSG:32643,484005.00,7337775.00,487845.00,7341615.00,74.6877,66.1772,spatial_block_4fold,1,1,,,0,298.291,300.836,2.54538
l9siberia_r15_c19,landsat9_siberia_fire,LC09_L2SP_158014_20260817_02_T1,LC09_L2SP_158014_20260817_02_T1,15,19,EPSG:32643,487845.00,7337775.00,491685.00,7341615.00,74.7729,66.1773,spatial_block_4fold,1,1,,,0,298.343,300.808,2.46588
l9siberia_r15_c20,landsat9_siberia_fire,LC09_L2SP_158014_20260817_02_T1,LC09_L2SP_158014_20260817_02_T1,15,20,EPSG:32643,491685.00,7337775.00,495525.00,7341615.00,74.8581,66.1774,spatial_block_4fold,0,1,,,0,298.986,301.768,2.78183
l9siberia_r15_c21,landsat9_siberia_fire,LC09_L2SP_158014_20260817_02_T1,LC09_L2SP_158014_20260817_02_T1,15,21,EPSG:32643,495525.00,7337775.00,499365.00,7341615.00,74.9433,66.1775,spatial_block_4fold,0,1,,,0,298.934,302.242,3.30798
l9siberia_r15_c22,landsat9_siberia_fire,LC09_L2SP_158014_20260817_02_T1,LC09_L2SP_158014_20260817_02_T1,15,22,EPSG:32643,499365.00,7337775.00,503205.00,7341615.00,75.0285,66.1775,spatial_block_4fold,0,1,,,0,299.476,302.773,3.29755
l9siberia_r15_c23,landsat9_siberia_fire,LC09_L2SP_158014_20260817_02_T1,LC09_L2SP_158014_20260817_02_T1,15,23,EPSG:32643,503205.00,7337775.00,507045.00,7341615.00,75.1137,66.1775,spatial_block_4fold,0,1,,,0,299.493,301.616,2.12317
l9siberia_r15_c24,landsat9_siberia_fire,LC09_L2SP_158014_20260817_02_T1,LC09_L2SP_158014_20260817_02_T1,15,24,EPSG:32643,507045.00,7337775.00,510885.00,7341615.00,75.1989,66.1774,spatial_block_4fold,0,1,,,0,298.545,301.161,2.6156
l9siberia_r15_c25,landsat9_siberia_fire,LC09_L2SP_158014_20260817_02_T1,LC09_L2SP_158014_20260817_02_T1,15,25,EPSG:32643,510885.00,7337775.00,514725.00,7341615.00,75.2841,66.1772,spatial_block_4fold,0,1,,,0,298.534,302.032,3.49802
l9siberia_r15_c26,landsat9_siberia_fire,LC09_L2SP_158014_20260817_02_T1,LC09_L2SP_158014_20260817_02_T1,15,26,EPSG:32643,514725.00,7337775.00,518565.00,7341615.00,75.3693,66.1771,spatial_block_4fold,0,1,,,0,299.832,303.255,3.42368
l9siberia_r15_c27,landsat9_siberia_fire,LC09_L2SP_158014_20260817_02_T1,LC09_L2SP_158014_20260817_02_T1,15,27,EPSG:32643,518565.00,7337775.00,522405.00,7341615.00,75.4545,66.1768,spatial_block_4fold,0,1,,,0,300.765,303.169,2.40356
l9siberia_r15_c28,landsat9_siberia_fire,LC09_L2SP_158014_20260817_02_T1,LC09_L2SP_158014_20260817_02_T1,15,28,EPSG:32643,522405.00,7337775.00,526245.00,7341615.00,75.5397,66.1766,spatial_block_4fold,0,1,,,0,300.905,304.078,3.17337
l9siberia_r15_c29,landsat9_siberia_fire,LC09_L2SP_158014_20260817_02_T1,LC09_L2SP_158014_20260817_02_T1,15,29,EPSG:32643,526245.00,7337775.00,530085.00,7341615.00,75.6249,66.1762,spatial_block_4fold,0,1,,,0,300.57,304.449,3.87927
l9siberia_r15_c30,landsat9_siberia_fire,LC09_L2SP_158014_20260817_02_T1,LC09_L2SP_158014_20260817_02_T1,15,30,EPSG:32643,530085.00,7337775.00,533925.00,7341615.00,75.7101,66.1759,spatial_block_4fold,2,1,,,0,299.563,304.784,5.22144
l9siberia_r15_c31,landsat9_siberia_fire,LC09_L2SP_158014_20260817_02_T1,LC09_L2SP_158014_20260817_02_T1,15,31,EPSG:32643,533925.00,7337775.00,537765.00,7341615.00,75.7953,66.1755,spatial_block_4fold,2,1,,,0,298.82,303.595,4.77484
l9siberia_r15_c32,landsat9_siberia_fire,LC09_L2SP_158014_20260817_02_T1,LC09_L2SP_158014_20260817_02_T1,15,32,EPSG:32643,537765.00,7337775.00,541605.00,7341615.00,75.8804,66.175,spatial_block_4fold,2,1,,,0,296.646,301.64,4.99368
l9siberia_r15_c34,landsat9_siberia_fire,LC09_L2SP_158014_20260817_02_T1,LC09_L2SP_158014_20260817_02_T1,15,34,EPSG:32643,545445.00,7337775.00,549285.00,7341615.00,76.0508,66.1739,spatial_block_4fold,2,1,,,0,299.534,303.565,4.03076
l9siberia_r15_c35,landsat9_siberia_fire,LC09_L2SP_158014_20260817_02_T1,LC09_L2SP_158014_20260817_02_T1,15,35,EPSG:32643,549285.00,7337775.00,553125.00,7341615.00,76.136,66.1733,spatial_block_4fold,2,1,,,0,299.74,304.692,4.95151
l9siberia_r15_c55,landsat9_siberia_fire,LC09_L2SP_158014_20260817_02_T1,LC09_L2SP_158014_20260817_02_T1,15,55,EPSG:32643,626085.00,7337775.00,629925.00,7341615.00,77.8379,66.1515,spatial_block_4fold,3,1,,,0,301.1,304.376,3.27628
l9siberia_r15_c56,landsat9_siberia_fire,LC09_L2SP_158014_20260817_02_T1,LC09_L2SP_158014_20260817_02_T1,15,56,EPSG:32643,629925.00,7337775.00,633765.00,7341615.00,77.9229,66.1499,spatial_block_4fold,3,1,,,0,299.586,304.264,4.67798
l9siberia_r16_c13,landsat9_siberia_fire,LC09_L2SP_158014_20260817_02_T1,LC09_L2SP_158014_20260817_02_T1,16,13,EPSG:32643,464805.00,7333935.00,468645.00,7337775.00,74.2628,66.1413,spatial_block_4fold,1,1,,,0,297.848,299.776,1.92801
l9siberia_r16_c14,landsat9_siberia_fire,LC09_L2SP_158014_20260817_02_T1,LC09_L2SP_158014_20260817_02_T1,16,14,EPSG:32643,468645.00,7333935.00,472485.00,7337775.00,74.3478,66.1417,spatial_block_4fold,1,1,,,0,298.598,300.783,2.18497
l9siberia_r16_c15,landsat9_siberia_fire,LC09_L2SP_158014_20260817_02_T1,LC09_L2SP_158014_20260817_02_T1,16,15,EPSG:32643,472485.00,7333935.00,476325.00,7337775.00,74.4329,66.142,spatial_block_4fold,1,1,,,0,298.565,299.99,1.42551
l9siberia_r16_c16,landsat9_siberia_fire,LC09_L2SP_158014_20260817_02_T1,LC09_L2SP_158014_20260817_02_T1,16,16,EPSG:32643,476325.00,7333935.00,480165.00,7337775.00,74.518,66.1423,spatial_block_4fold,1,1,,,0,297.493,300.002,2.5087
l9siberia_r16_c17,landsat9_siberia_fire,LC09_L2SP_158014_20260817_02_T1,LC09_L2SP_158014_20260817_02_T1,16,17,EPSG:32643,480165.00,7333935.00,484005.00,7337775.00,74.6031,66.1425,spatial_block_4fold,1,1,,,0,297.901,300.602,2.70102
l9siberia_r16_c18,landsat9_siberia_fire,LC09_L2SP_158014_20260817_02_T1,LC09_L2SP_158014_20260817_02_T1,16,18,EPSG:32643,484005.00,7333935.00,487845.00,7337775.00,74.6881,66.1427,spatial_block_4fold,1,1,,,0,298.249,300.297,2.04874
l9siberia_r16_c19,landsat9_siberia_fire,LC09_L2SP_158014_20260817_02_T1,LC09_L2SP_158014_20260817_02_T1,16,19,EPSG:32643,487845.00,7333935.00,491685.00,7337775.00,74.7732,66.1429,spatial_block_4fold,1,1,,,0,298.217,299.951,1.73407
l9siberia_r16_c20,landsat9_siberia_fire,LC09_L2SP_158014_20260817_02_T1,LC09_L2SP_158014_20260817_02_T1,16,20,EPSG:32643,491685.00,7333935.00,495525.00,7337775.00,74.8583,66.143,spatial_block_4fold,0,1,,,0,297.788,300.614,2.82562
l9siberia_r16_c21,landsat9_siberia_fire,LC09_L2SP_158014_20260817_02_T1,LC09_L2SP_158014_20260817_02_T1,16,21,EPSG:32643,495525.00,7333935.00,499365.00,7337775.00,74.9434,66.143,spatial_block_4fold,0,1,,,0,298.267,301.489,3.22198
l9siberia_r16_c22,landsat9_siberia_fire,LC09_L2SP_158014_20260817_02_T1,LC09_L2SP_158014_20260817_02_T1,16,22,EPSG:32643,499365.00,7333935.00,503205.00,7337775.00,75.0285,66.143,spatial_block_4fold,0,1,,,0,298.23,303.433,5.20245
l9siberia_r16_c23,landsat9_siberia_fire,LC09_L2SP_158014_20260817_02_T1,LC09_L2SP_158014_20260817_02_T1,16,23,EPSG:32643,503205.00,7333935.00,507045.00,7337775.00,75.1136,66.143,spatial_block_4fold,0,1,,,0,299.063,302.183,3.12048
l9siberia_r16_c24,landsat9_siberia_fire,LC09_L2SP_158014_20260817_02_T1,LC09_L2SP_158014_20260817_02_T1,16,24,EPSG:32643,507045.00,7333935.00,510885.00,7337775.00,75.1986,66.1429,spatial_block_4fold,0,1,,,0,298.61,303.625,5.01572
l9siberia_r16_c25,landsat9_siberia_fire,LC09_L2SP_158014_20260817_02_T1,LC09_L2SP_158014_20260817_02_T1,16,25,EPSG:32643,510885.00,7333935.00,514725.00,7337775.00,75.2837,66.1428,spatial_block_4fold,0,1,,,0,298.481,302.668,4.18695
l9siberia_r16_c26,landsat9_siberia_fire,LC09_L2SP_158014_20260817_02_T1,LC09_L2SP_158014_20260817_02_T1,16,26,EPSG:32643,514725.00,7333935.00,518565.00,7337775.00,75.3688,66.1426,spatial_block_4fold,0,1,,,0,298.52,301.17,2.65042
l9siberia_r16_c27,landsat9_siberia_fire,LC09_L2SP_158014_20260817_02_T1,LC09_L2SP_158014_20260817_02_T1,16,27,EPSG:32643,518565.00,7333935.00,522405.00,7337775.00,75.4539,66.1424,spatial_block_4fold,0,1,,,0,298.521,301.474,2.95312
l9siberia_r16_c28,landsat9_siberia_fire,LC09_L2SP_158014_20260817_02_T1,LC09_L2SP_158014_20260817_02_T1,16,28,EPSG:32643,522405.00,7333935.00,526245.00,7337775.00,75.539,66.1421,spatial_block_4fold,0,1,,,0,297.877,300.795,2.91803
l9siberia_r16_c29,landsat9_siberia_fire,LC09_L2SP_158014_20260817_02_T1,LC09_L2SP_158014_20260817_02_T1,16,29,EPSG:32643,526245.00,7333935.00,530085.00,7337775.00,75.624,66.1418,spatial_block_4fold,0,1,,,1,299.433,305.307,5.87347
l9siberia_r16_c30,landsat9_siberia_fire,LC09_L2SP_158014_20260817_02_T1,LC09_L2SP_158014_20260817_02_T1,16,30,EPSG:32643,530085.00,7333935.00,533925.00,7337775.00,75.7091,66.1414,spatial_block_4fold,2,1,,,0,299.088,307.273,8.18475
l9siberia_r16_c31,landsat9_siberia_fire,LC09_L2SP_158014_20260817_02_T1,LC09_L2SP_158014_20260817_02_T1,16,31,EPSG:32643,533925.00,7333935.00,537765.00,7337775.00,75.7942,66.141,spatial_block_4fold,2,1,,,0,298.272,300.012,1.7392
l9siberia_r16_c34,landsat9_siberia_fire,LC09_L2SP_158014_20260817_02_T1,LC09_L2SP_158014_20260817_02_T1,16,34,EPSG:32643,545445.00,7333935.00,549285.00,7337775.00,76.0494,66.1395,spatial_block_4fold,2,1,,,0,298.752,302.552,3.79971
l9siberia_r16_c38,landsat9_siberia_fire,LC09_L2SP_158014_20260817_02_T1,LC09_L2SP_158014_20260817_02_T1,16,38,EPSG:32643,560805.00,7333935.00,564645.00,7337775.00,76.3896,66.1368,spatial_block_4fold,2,1,,,0,301.147,304.495,3.34827
l9siberia_r16_c39,landsat9_siberia_fire,LC09_L2SP_158014_20260817_02_T1,LC09_L2SP_158014_20260817_02_T1,16,39,EPSG:32643,564645.00,7333935.00,568485.00,7337775.00,76.4746,66.136,spatial_block_4fold,2,1,,,0,301.839,304.921,3.08258
l9siberia_r16_c48,landsat9_siberia_fire,LC09_L2SP_158014_20260817_02_T1,LC09_L2SP_158014_20260817_02_T1,16,48,EPSG:32643,599205.00,7333935.00,603045.00,7337775.00,77.2396,66.1268,spatial_block_4fold,3,1,,,0,299.476,302.622,3.14551
l9siberia_r16_c56,landsat9_siberia_fire,LC09_L2SP_158014_20260817_02_T1,LC09_L2SP_158014_20260817_02_T1,16,56,EPSG:32643,629925.00,7333935.00,633765.00,7337775.00,77.919,66.1155,spatial_block_4fold,3,1,,,0,300.02,304.131,4.11108
l9siberia_r16_c57,landsat9_siberia_fire,LC09_L2SP_158014_20260817_02_T1,LC09_L2SP_158014_20260817_02_T1,16,57,EPSG:32643,633765.00,7333935.00,637605.00,7337775.00,78.0039,66.1139,spatial_block_4fold,3,1,,,0,299.337,303.335,3.99799
l9siberia_r16_c58,landsat9_siberia_fire,LC09_L2SP_158014_20260817_02_T1,LC09_L2SP_158014_20260817_02_T1,16,58,EPSG:32643,637605.00,7333935.00,641445.00,7337775.00,78.0887,66.1122,spatial_block_4fold,3,1,,,0,298.62,302.421,3.80057
l9siberia_r16_c59,landsat9_siberia_fire,LC09_L2SP_158014_20260817_02_T1,LC09_L2SP_158014_20260817_02_T1,16,59,EPSG:32643,641445.00,7333935.00,645285.00,7337775.00,78.1736,66.1105,spatial_block_4fold,3,1,,,0,296.071,302.681,6.60986
l9siberia_r16_c60,landsat9_siberia_fire,LC09_L2SP_158014_20260817_02_T1,LC09_L2SP_158014_20260817_02_T1,16,60,EPSG:32643,645285.00,7333935.00,649125.00,7337775.00,78.2584,66.1087,spatial_block_4fold,3,1,,,0,297.438,304.485,7.0473
l9siberia_r17_c13,landsat9_siberia_fire,LC09_L2SP_158014_20260817_02_T1,LC09_L2SP_158014_20260817_02_T1,17,13,EPSG:32643,464805.00,7330095.00,468645.00,7333935.00,74.2638,66.1068,spatial_block_4fold,1,1,,,0,298.338,300.848,2.50986
l9siberia_r17_c14,landsat9_siberia_fire,LC09_L2SP_158014_20260817_02_T1,LC09_L2SP_158014_20260817_02_T1,17,14,EPSG:32643,468645.00,7330095.00,472485.00,7333935.00,74.3487,66.1072,spatial_block_4fold,1,1,,,0,299.252,301.446,2.19376
l9siberia_r17_c15,landsat9_siberia_fire,LC09_L2SP_158014_20260817_02_T1,LC09_L2SP_158014_20260817_02_T1,17,15,EPSG:32643,472485.00,7330095.00,476325.00,7333935.00,74.4337,66.1076,spatial_block_4fold,1,1,,,0,297.991,300.481,2.49008
l9siberia_r17_c16,landsat9_siberia_fire,LC09_L2SP_158014_20260817_02_T1,LC09_L2SP_158014_20260817_02_T1,17,16,EPSG:32643,476325.00,7330095.00,480165.00,7333935.00,74.5186,66.1079,spatial_block_4fold,1,1,,,0,295.961,298.651,2.69016
l9siberia_r17_c17,landsat9_siberia_fire,LC09_L2SP_158014_20260817_02_T1,LC09_L2SP_158014_20260817_02_T1,17,17,EPSG:32643,480165.00,7330095.00,484005.00,7333935.00,74.6036,66.1081,spatial_block_4fold,1,1,,,0,296.67,298.802,2.1315
l9siberia_r17_c18,landsat9_siberia_fire,LC09_L2SP_158014_20260817_02_T1,LC09_L2SP_158014_20260817_02_T1,17,18,EPSG:32643,484005.00,7330095.00,487845.00,7333935.00,74.6886,66.1083,spatial_block_4fold,1,1,,,0,297.169,299.227,2.05722
l9siberia_r17_c19,landsat9_siberia_fire,LC09_L2SP_158014_20260817_02_T1,LC09_L2SP_158014_20260817_02_T1,17,19,EPSG:32643,487845.00,7330095.00,491685.00,7333935.00,74.7735,66.1084,spatial_block_4fold,1,1,,,0,297.843,299.833,1.98981
l9siberia_r17_c20,landsat9_siberia_fire,LC09_L2SP_158014_20260817_02_T1,LC09_L2SP_158014_20260817_02_T1,17,20,EPSG:32643,491685.00,7330095.00,495525.00,7333935.00,74.8585,66.1085,spatial_block_4fold,0,1,,,0,297.44,299.518,2.07785
l9siberia_r17_c21,landsat9_siberia_fire,LC09_L2SP_158014_20260817_02_T1,LC09_L2SP_158014_20260817_02_T1,17,21,EPSG:32643,495525.00,7330095.00,499365.00,7333935.00,74.9435,66.1086,spatial_block_4fold,0,1,,,0,297.498,299.654,2.1561
l9siberia_r17_c22,landsat9_siberia_fire,LC09_L2SP_158014_20260817_02_T1,LC09_L2SP_158014_20260817_02_T1,17,22,EPSG:32643,499365.00,7330095.00,503205.00,7333935.00,75.0284,66.1086,spatial_block_4fold,0,1,,,0,297.395,302.274,4.87891
l9siberia_r17_c23,landsat9_siberia_fire,LC09_L2SP_158014_20260817_02_T1,LC09_L2SP_158014_20260817_02_T1,17,23,EPSG:32643,503205.00,7330095.00,507045.00,7333935.00,75.1134,66.1086,spatial_block_4fold,0,1,,,0,298.649,303.297,4.64771
l9siberia_r17_c24,landsat9_siberia_fire,LC09_L2SP_158014_20260817_02_T1,LC09_L2SP_158014_20260817_02_T1,17,24,EPSG:32643,507045.00,7330095.00,510885.00,7333935.00,75.1984,66.1085,spatial_block_4fold,0,1,,,0,299.434,302.144,2.71002
l9siberia_r17_c25,landsat9_siberia_fire,LC09_L2SP_158014_20260817_02_T1,LC09_L2SP_158014_20260817_02_T1,17,25,EPSG:32643,510885.00,7330095.00,514725.00,7333935.00,75.2833,66.1083,spatial_block_4fold,0,1,,,0,299.552,302.96,3.40808
l9siberia_r17_c26,landsat9_siberia_fire,LC09_L2SP_158014_20260817_02_T1,LC09_L2SP_158014_20260817_02_T1,17,26,EPSG:32643,514725.00,7330095.00,518565.00,7333935.00,75.3683,66.1082,spatial_block_4fold,0,1,,,0,299.725,301.918,2.1933
l9siberia_r17_c27,landsat9_siberia_fire,LC09_L2SP_158014_20260817_02_T1,LC09_L2SP_158014_20260817_02_T1,17,27,EPSG:32643,518565.00,7330095.00,522405.00,7333935.00,75.4533,66.1079,spatial_block_4fold,0,1,,,0,298.336,301.633,3.29691
l9siberia_r17_c28,landsat9_siberia_fire,LC09_L2SP_158014_20260817_02_T1,LC09_L2SP_158014_20260817_02_T1,17,28,EPSG:32643,522405.00,7330095.00,526245.00,7333935.00,75.5382,66.1077,spatial_block_4fold,0,1,,,0,297.768,301.077,3.30933
l9siberia_r17_c29,landsat9_siberia_fire,LC09_L2SP_158014_20260817_02_T1,LC09_L2SP_158014_20260817_02_T1,17,29,EPSG:32643,526245.00,7330095.00,530085.00,7333935.00,75.6232,66.1073,spatial_block_4fold,0,1,,,0,297.606,300.842,3.23605
l9siberia_r17_c30,landsat9_siberia_fire,LC09_L2SP_158014_20260817_02_T1,LC09_L2SP_158014_20260817_02_T1,17,30,EPSG:32643,530085.00,7330095.00,533925.00,7333935.00,75.7081,66.107,spatial_block_4fold,2,1,,,0,297.945,300.856,2.91113
l9siberia_r17_c31,landsat9_siberia_fire,LC09_L2SP_158014_20260817_02_T1,LC09_L2SP_158014_20260817_02_T1,17,31,EPSG:32643,533925.00,7330095.00,537765.00,7333935.00,75.7931,66.1066,spatial_block_4fold,2,1,,,0,298.602,301.049,2.44757
l9siberia_r17_c33,landsat9_siberia_fire,LC09_L2SP_158014_20260817_02_T1,LC09_L2SP_158014_20260817_02_T1,17,33,EPSG:32643,541605.00,7330095.00,545445.00,7333935.00,75.963,66.1056,spatial_block_4fold,2,1,,,0,298.426,302.478,4.05151
l9siberia_r17_c38,landsat9_siberia_fire,LC09_L2SP_158014_20260817_02_T1,LC09_L2SP_158014_20260817_02_T1,17,38,EPSG:32643,560805.00,7330095.00,564645.00,7333935.00,76.3877,66.1024,spatial_block_4fold,2,1,,,0,299.945,304.384,4.43863
l9siberia_r17_c57,landsat9_siberia_fire,LC09_L2SP_158014_20260817_02_T1,LC09_L2SP_158014_20260817_02_T1,17,57,EPSG:32643,633765.00,7330095.00,637605.00,7333935.00,77.9998,66.0795,spatial_block_4fold,3,1,,,0,298.992,304.004,5.01221
l9siberia_r17_c58,landsat9_siberia_fire,LC09_L2SP_158014_20260817_02_T1,LC09_L2SP_158014_20260817_02_T1,17,58,EPSG:32643,637605.00,7330095.00,641445.00,7333935.00,78.0845,66.0778,spatial_block_4fold,3,1,,,0,298.363,303.862,5.49878
l9siberia_r17_c59,landsat9_siberia_fire,LC09_L2SP_158014_20260817_02_T1,LC09_L2SP_158014_20260817_02_T1,17,59,EPSG:32643,641445.00,7330095.00,645285.00,7333935.00,78.1693,66.0761,spatial_block_4fold,3,1,,,0,296.942,303.186,6.2442
l9siberia_r17_c60,landsat9_siberia_fire,LC09_L2SP_158014_20260817_02_T1,LC09_L2SP_158014_20260817_02_T1,17,60,EPSG:32643,645285.00,7330095.00,649125.00,7333935.00,78.254,66.0743,spatial_block_4fold,3,1,,,0,297.285,303.317,6.03156
l9siberia_r17_c61,landsat9_siberia_fire,LC09_L2SP_158014_20260817_02_T1,LC09_L2SP_158014_20260817_02_T1,17,61,EPSG:32643,649125.00,7330095.00,652965.00,7333935.00,78.3387,66.0725,spatial_block_4fold,3,1,,,0,301.754,310.715,8.96091
l9siberia_r17_c62,landsat9_siberia_fire,LC09_L2SP_158014_20260817_02_T1,LC09_L2SP_158014_20260817_02_T1,17,62,EPSG:32643,652965.00,7330095.00,656805.00,7333935.00,78.4234,66.0706,spatial_block_4fold,3,1,,,0,300.952,311.061,10.1093
l9siberia_r18_c12,landsat9_siberia_fire,LC09_L2SP_158014_20260817_02_T1,LC09_L2SP_158014_20260817_02_T1,18,12,EPSG:32643,460965.00,7326255.00,464805.00,7330095.00,74.1799,66.072,spatial_block_4fold,1,1,,,0,299.287,301.005,1.71796
l9siberia_r18_c13,landsat9_siberia_fire,LC09_L2SP_158014_20260817_02_T1,LC09_L2SP_158014_20260817_02_T1,18,13,EPSG:32643,464805.00,7326255.00,468645.00,7330095.00,74.2648,66.0724,spatial_block_4fold,1,1,,,0,298.798,301.014,2.21579
l9siberia_r18_c14,landsat9_siberia_fire,LC09_L2SP_158014_20260817_02_T1,LC09_L2SP_158014_20260817_02_T1,18,14,EPSG:32643,468645.00,7326255.00,472485.00,7330095.00,74.3496,66.0728,spatial_block_4fold,1,1,,,0,298.387,300.976,2.58865
l9siberia_r18_c15,landsat9_siberia_fire,LC09_L2SP_158014_20260817_02_T1,LC09_L2SP_158014_20260817_02_T1,18,15,EPSG:32643,472485.00,7326255.00,476325.00,7330095.00,74.4344,66.0731,spatial_block_4fold,1,1,,,0,297.262,299.871,2.60886
l9siberia_r18_c16,landsat9_siberia_fire,LC09_L2SP_158014_20260817_02_T1,LC09_L2SP_158014_20260817_02_T1,18,16,EPSG:32643,476325.00,7326255.00,480165.00,7330095.00,74.5193,66.0734,spatial_block_4fold,1,1,,,0,296.16,298.172,2.01169
l9siberia_r18_c17,landsat9_siberia_fire,LC09_L2SP_158014_20260817_02_T1,LC09_L2SP_158014_20260817_02_T1,18,17,EPSG:32643,480165.00,7326255.00,484005.00,7330095.00,74.6041,66.0736,spatial_block_4fold,1,1,,,0,296.678,298.858,2.17987
l9siberia_r18_c18,landsat9_siberia_fire,LC09_L2SP_158014_20260817_02_T1,LC09_L2SP_158014_20260817_02_T1,18,18,EPSG:32643,484005.00,7326255.00,487845.00,7330095.00,74.689,66.0738,spatial_block_4fold,1,1,,,0,296.277,297.865,1.58813
l9siberia_r18_c19,landsat9_siberia_fire,LC09_L2SP_158014_20260817_02_T1,LC09_L2SP_158014_20260817_02_T1,18,19,EPSG:32643,487845.00,7326255.00,491685.00,7330095.00,74.7738,66.074,spatial_block_4fold,1,1,,,0,297.285,299.12,1.83517
l9siberia_r18_c20,landsat9_siberia_fire,LC09_L2SP_158014_20260817_02_T1,LC09_L2SP_158014_20260817_02_T1,18,20,EPSG:32643,491685.00,7326255.00,495525.00,7330095.00,74.8587,66.0741,spatial_block_4fold,0,1,,,0,298.547,300.372,1.82532
l9siberia_r18_c21,landsat9_siberia_fire,LC09_L2SP_158014_20260817_02_T1,LC09_L2SP_158014_20260817_02_T1,18,21,EPSG:32643,495525.00,7326255.00,499365.00,7330095.00,74.9435,66.0741,spatial_block_4fold,0,1,,,0,297.85,301.58,3.72949
l9siberia_r18_c22,landsat9_siberia_fire,LC09_L2SP_158014_20260817_02_T1,LC09_L2SP_158014_20260817_02_T1,18,22,EPSG:32643,499365.00,7326255.00,503205.00,7330095.00,75.0284,66.0741,spatial_block_4fold,0,1,,,0,298.403,302.483,4.07993
l9siberia_r18_c23,landsat9_siberia_fire,LC09_L2SP_158014_20260817_02_T1,LC09_L2SP_158014_20260817_02_T1,18,23,EPSG:32643,503205.00,7326255.00,507045.00,7330095.00,75.1132,66.0741,spatial_block_4fold,0,1,,,0,298.667,302.045,3.37796
l9siberia_r18_c24,landsat9_siberia_fire,LC09_L2SP_158014_20260817_02_T1,LC09_L2SP_158014_20260817_02_T1,18,24,EPSG:32643,507045.00,7326255.00,510885.00,7330095.00,75.1981,66.074,spatial_block_4fold,0,1,,,0,298.955,302.205,3.24969
l9siberia_r18_c25,landsat9_siberia_fire,LC09_L2SP_158014_20260817_02_T1,LC09_L2SP_158014_20260817_02_T1,18,25,EPSG:32643,510885.00,7326255.00,514725.00,7330095.00,75.283,66.0739,spatial_block_4fold,0,1,,,0,299.272,301.707,2.43506
l9siberia_r18_c26,landsat9_siberia_fire,LC09_L2SP_158014_20260817_02_T1,LC09_L2SP_158014_20260817_02_T1,18,26,EPSG:32643,514725.00,7326255.00,518565.00,7330095.00,75.3678,66.0737,spatial_block_4fold,0,1,,,0,299.576,302.247,2.67068
l9siberia_r18_c27,landsat9_siberia_fire,LC09_L2SP_158014_20260817_02_T1,LC09_L2SP_158014_20260817_02_T1,18,27,EPSG:32643,518565.00,7326255.00,522405.00,7330095.00,75.4527,66.0735,spatial_block_4fold,0,1,,,0,299.79,302.008,2.21747
l9siberia_r18_c56,landsat9_siberia_fire,LC09_L2SP_158014_20260817_02_T1,LC09_L2SP_158014_20260817_02_T1,18,56,EPSG:32643,629925.00,7326255.00,633765.00,7330095.00,77.9111,66.0467,spatial_block_4fold,3,1,,,0,301.87,307.374,5.504
l9siberia_r18_c57,landsat9_siberia_fire,LC09_L2SP_158014_20260817_02_T1,LC09_L2SP_158014_20260817_02_T1,18,57,EPSG:32643,633765.00,7326255.00,637605.00,7330095.00,77.9957,66.0451,spatial_block_4fold,3,1,,,0,302.267,305.649,3.38232
l9siberia_r18_c58,landsat9_siberia_fire,LC09_L2SP_158014_20260817_02_T1,LC09_L2SP_158014_20260817_02_T1,18,58,EPSG:32643,637605.00,7326255.00,641445.00,7330095.00,78.0804,66.0434,spatial_block_4fold,3,1,,,0,302.114,305.55,3.43597
l9siberia_r18_c59,landsat9_siberia_fire,LC09_L2SP_158014_20260817_02_T1,LC09_L2SP_158014_20260817_02_T1,18,59,EPSG:32643,641445.00,7326255.00,645285.00,7330095.00,78.165,66.0417,spatial_block_4fold,3,1,,,0,297.452,303.408,5.95596
l9siberia_r18_c60,landsat9_siberia_fire,LC09_L2SP_158014_20260817_02_T1,LC09_L2SP_158014_20260817_02_T1,18,60,EPSG:32643,645285.00,7326255.00,649125.00,7330095.00,78.2496,66.0399,spatial_block_4fold,3,1,,,0,296.134,303.327,7.19342
l9siberia_r18_c61,landsat9_siberia_fire,LC09_L2SP_158014_20260817_02_T1,LC09_L2SP_158014_20260817_02_T1,18,61,EPSG:32643,649125.00,7326255.00,652965.00,7330095.00,78.3342,66.0381,spatial_block_4fold,3,1,,,0,296.976,307.224,10.2482
l9siberia_r18_c62,landsat9_siberia_fire,LC09_L2SP_158014_20260817_02_T1,LC09_L2SP_158014_20260817_02_T1,18,62,EPSG:32643,652965.00,7326255.00,656805.00,7330095.00,78.4188,66.0363,spatial_block_4fold,3,1,,,0,301.816,309.923,8.10724
l9siberia_r18_c63,landsat9_siberia_fire,LC09_L2SP_158014_20260817_02_T1,LC09_L2SP_158014_20260817_02_T1,18,63,EPSG:32643,656805.00,7326255.00,660645.00,7330095.00,78.5034,66.0344,spatial_block_4fold,3,1,,,0,301.075,307.079,6.00452
l9siberia_r19_c12,landsat9_siberia_fire,LC09_L2SP_158014_20260817_02_T1,LC09_L2SP_158014_20260817_02_T1,19,12,EPSG:32643,460965.00,7322415.00,464805.00,7326255.00,74.181,66.0375,spatial_block_4fold,1,1,,,0,298.735,301.4,2.66446
l9siberia_r19_c13,landsat9_siberia_fire,LC09_L2SP_158014_20260817_02_T1,LC09_L2SP_158014_20260817_02_T1,19,13,EPSG:32643,464805.00,7322415.00,468645.00,7326255.00,74.2657,66.038,spatial_block_4fold,1,1,,,0,298.407,300.932,2.52484
l9siberia_r19_c14,landsat9_siberia_fire,LC09_L2SP_158014_20260817_02_T1,LC09_L2SP_158014_20260817_02_T1,19,14,EPSG:32643,468645.00,7322415.00,472485.00,7326255.00,74.3505,66.0383,spatial_block_4fold,1,1,,,0,297.258,299.707,2.44907
l9siberia_r19_c15,landsat9_siberia_fire,LC09_L2SP_158014_20260817_02_T1,LC09_L2SP_158014_20260817_02_T1,19,15,EPSG:32643,472485.00,7322415.00,476325.00,7326255.00,74.4352,66.0387,spatial_block_4fold,1,1,,,0,296.376,298.745,2.36938
l9siberia_r19_c16,landsat9_siberia_fire,LC09_L2SP_158014_20260817_02_T1,LC09_L2SP_158014_20260817_02_T1,19,16,EPSG:32643,476325.00,7322415.00,480165.00,7326255.00,74.5199,66.039,spatial_block_4fold,1,1,,,0,296.876,298.888,2.01157
l9siberia_r19_c17,landsat9_siberia_fire,LC09_L2SP_158014_20260817_02_T1,LC09_L2SP_158014_20260817_02_T1,19,17,EPSG:32643,480165.00,7322415.00,484005.00,7326255.00,74.6047,66.0392,spatial_block_4fold,1,1,,,0,297.427,298.934,1.50748
l9siberia_r19_c18,landsat9_siberia_fire,LC09_L2SP_158014_20260817_02_T1,LC09_L2SP_158014_20260817_02_T1,19,18,EPSG:32643,484005.00,7322415.00,487845.00,7326255.00,74.6894,66.0394,spatial_block_4fold,1,1,,,1,297.868,328.208,30.3401
l9siberia_r19_c19,landsat9_siberia_fire,LC09_L2SP_158014_20260817_02_T1,LC09_L2SP_158014_20260817_02_T1,19,19,EPSG:32643,487845.00,7322415.00,491685.00,7326255.00,74.7741,66.0395,spatial_block_4fold,1,1,,,1,298.983,326.44,27.457
l9siberia_r19_c20,landsat9_siberia_fire,LC09_L2SP_158014_20260817_02_T1,LC09_L2SP_158014_20260817_02_T1,19,20,EPSG:32643,491685.00,7322415.00,495525.00,7326255.00,74.8589,66.0396,spatial_block_4fold,0,1,,,0,298.392,301.491,3.09827
l9siberia_r19_c21,landsat9_siberia_fire,LC09_L2SP_158014_20260817_02_T1,LC09_L2SP_158014_20260817_02_T1,19,21,EPSG:32643,495525.00,7322415.00,499365.00,7326255.00,74.9436,66.0397,spatial_block_4fold,0,1,,,0,297.614,300.34,2.72595
l9siberia_r19_c22,landsat9_siberia_fire,LC09_L2SP_158014_20260817_02_T1,LC09_L2SP_158014_20260817_02_T1,19,22,EPSG:32643,499365.00,7322415.00,503205.00,7326255.00,75.0284,66.0397,spatial_block_4fold,0,1,,,0,297.852,300.564,2.7117
l9siberia_r19_c23,landsat9_siberia_fire,LC09_L2SP_158014_20260817_02_T1,LC09_L2SP_158014_20260817_02_T1,19,23,EPSG:32643,503205.00,7322415.00,507045.00,7326255.00,75.1131,66.0397,spatial_block_4fold,0,1,,,0,298.795,301.116,2.32108
l9siberia_r19_c24,landsat9_siberia_fire,LC09_L2SP_158014_20260817_02_T1,LC09_L2SP_158014_20260817_02_T1,19,24,EPSG:32643,507045.00,7322415.00,510885.00,7326255.00,75.1978,66.0396,spatial_block_4fold,0,1,,,0,298.072,300.436,2.3645
l9siberia_r19_c25,landsat9_siberia_fire,LC09_L2SP_158014_20260817_02_T1,LC09_L2SP_158014_20260817_02_T1,19,25,EPSG:32643,510885.00,7322415.00,514725.00,7326255.00,75.2826,66.0394,spatial_block_4fold,0,1,,,0,298.714,302.793,4.07916
l9siberia_r19_c26,landsat9_siberia_fire,LC09_L2SP_158014_20260817_02_T1,LC09_L2SP_158014_20260817_02_T1,19,26,EPSG:32643,514725.00,7322415.00,518565.00,7326255.00,75.3673,66.0393,spatial_block_4fold,0,1,,,0,298.842,301.951,3.10959
l9siberia_r19_c34,landsat9_siberia_fire,LC09_L2SP_158014_20260817_02_T1,LC09_L2SP_158014_20260817_02_T1,19,34,EPSG:32643,545445.00,7322415.00,549285.00,7326255.00,76.0451,66.0362,spatial_block_4fold,2,1,,,0,300.273,304.351,4.07837
l9siberia_r19_c35,landsat9_siberia_fire,LC09_L2SP_158014_20260817_02_T1,LC09_L2SP_158014_20260817_02_T1,19,35,EPSG:32643,549285.00,7322415.00,553125.00,7326255.00,76.1298,66.0356,spatial_block_4fold,2,1,,,0,300.673,305.611,4.93796
l9siberia_r19_c36,landsat9_siberia_fire,LC09_L2SP_158014_20260817_02_T1,LC09_L2SP_158014_20260817_02_T1,19,36,EPSG:32643,553125.00,7322415.00,556965.00,7326255.00,76.2145,66.0349,spatial_block_4fold,2,1,,,0,300.312,305.385,5.07358
l9siberia_r19_c37,landsat9_siberia_fire,LC09_L2SP_158014_20260817_02_T1,LC09_L2SP_158014_20260817_02_T1,19,37,EPSG:32643,556965.00,7322415.00,560805.00,7326255.00,76.2992,66.0342,spatial_block_4fold,2,1,,,0,298.975,302.685,3.7095
l9siberia_r19_c54,landsat9_siberia_fire,LC09_L2SP_158014_20260817_02_T1,LC09_L2SP_158014_20260817_02_T1,19,54,EPSG:32643,622245.00,7322415.00,626085.00,7326255.00,77.7381,66.0154,spatial_block_4fold,3,1,,,0,301.332,304.503,3.17075
l9siberia_r19_c55,landsat9_siberia_fire,LC09_L2SP_158014_20260817_02_T1,LC09_L2SP_158014_20260817_02_T1,19,55,EPSG:32643,626085.00,7322415.00,629925.00,7326255.00,77.8226,66.0138,spatial_block_4fold,3,1,,,0,302.65,305.198,2.54837
l9siberia_r19_c56,landsat9_siberia_fire,LC09_L2SP_158014_20260817_02_T1,LC09_L2SP_158014_20260817_02_T1,19,56,EPSG:32643,629925.00,7322415.00,633765.00,7326255.00,77.9072,66.0123,spatial_block_4fold,3,1,,,0,302.595,306.623,4.0278
l9siberia_r19_c57,landsat9_siberia_fire,LC09_L2SP_158014_20260817_02_T1,LC09_L2SP_158014_20260817_02_T1,19,57,EPSG:32643,633765.00,7322415.00,637605.00,7326255.00,77.9917,66.0107,spatial_block_4fold,3,1,,,0,301.284,304.659,3.37494
l9siberia_r19_c58,landsat9_siberia_fire,LC09_L2SP_158014_20260817_02_T1,LC09_L2SP_158014_20260817_02_T1,19,58,EPSG:32643,637605.00,7322415.00,641445.00,7326255.00,78.0762,66.009,spatial_block_4fold,3,1,,,0,302.049,305.824,3.77502
l9siberia_r19_c59,landsat9_siberia_fire,LC09_L2SP_158014_20260817_02_T1,LC09_L2SP_158014_20260817_02_T1,19,59,EPSG:32643,641445.00,7322415.00,645285.00,7326255.00,78.1607,66.0073,spatial_block_4fold,3,1,,,0,298.531,304.874,6.34286
l9siberia_r19_c60,landsat9_siberia_fire,LC09_L2SP_158014_20260817_02_T1,LC09_L2SP_158014_20260817_02_T1,19,60,EPSG:32643,645285.00,7322415.00,649125.00,7326255.00,78.2452,66.0055,spatial_block_4fold,3,1,,,0,297.311,300.582,3.27084
l9siberia_r19_c61,landsat9_siberia_fire,LC09_L2SP_158014_20260817_02_T1,LC09_L2SP_158014_20260817_02_T1,19,61,EPSG:32643,649125.00,7322415.00,652965.00,7326255.00,78.3297,66.0037,spatial_block_4fold,3,1,,,0,296.8,303.125,6.3255
l9siberia_r19_c62,landsat9_siberia_fire,LC09_L2SP_158014_20260817_02_T1,LC09_L2SP_158014_20260817_02_T1,19,62,EPSG:32643,652965.00,7322415.00,656805.00,7326255.00,78.4142,66.0019,spatial_block_4fold,3,1,,,0,298.412,307.927,9.51477
l9siberia_r20_c11,landsat9_siberia_fire,LC09_L2SP_158014_20260817_02_T1,LC09_L2SP_158014_20260817_02_T1,20,11,EPSG:32643,457125.00,7318575.00,460965.00,7322415.00,74.0975,66.0026,spatial_block_4fold,3,1,,,0,298.069,300.304,2.23523
l9siberia_r20_c12,landsat9_siberia_fire,LC09_L2SP_158014_20260817_02_T1,LC09_L2SP_158014_20260817_02_T1,20,12,EPSG:32643,460965.00,7318575.00,464805.00,7322415.00,74.1821,66.0031,spatial_block_4fold,3,1,,,0,298.501,300.152,1.65164
l9siberia_r20_c13,landsat9_siberia_fire,LC09_L2SP_158014_20260817_02_T1,LC09_L2SP_158014_20260817_02_T1,20,13,EPSG:32643,464805.00,7318575.00,468645.00,7322415.00,74.2667,66.0035,spatial_block_4fold,3,1,,,0,297.929,301.046,3.11676
l9siberia_r20_c14,landsat9_siberia_fire,LC09_L2SP_158014_20260817_02_T1,LC09_L2SP_158014_20260817_02_T1,20,14,EPSG:32643,468645.00,7318575.00,472485.00,7322415.00,74.3514,66.0039,spatial_block_4fold,3,1,,,0,297.003,299.227,2.22357
l9siberia_r20_c15,landsat9_siberia_fire,LC09_L2SP_158014_20260817_02_T1,LC09_L2SP_158014_20260817_02_T1,20,15,EPSG:32643,472485.00,7318575.00,476325.00,7322415.00,74.436,66.0042,spatial_block_4fold,3,1,,,0,297.846,303.497,5.65137
l9siberia_r20_c16,landsat9_siberia_fire,LC09_L2SP_158014_20260817_02_T1,LC09_L2SP_158014_20260817_02_T1,20,16,EPSG:32643,476325.00,7318575.00,480165.00,7322415.00,74.5206,66.0045,spatial_block_4fold,3,1,,,0,298.677,300.975,2.29819
l9siberia_r20_c17,landsat9_siberia_fire,LC09_L2SP_158014_20260817_02_T1,LC09_L2SP_158014_20260817_02_T1,20,17,EPSG:32643,480165.00,7318575.00,484005.00,7322415.00,74.6052,66.0047,spatial_block_4fold,3,1,,,0,298.121,300.498,2.37711
l9siberia_r20_c18,landsat9_siberia_fire,LC09_L2SP_158014_20260817_02_T1,LC09_L2SP_158014_20260817_02_T1,20,18,EPSG:32643,484005.00,7318575.00,487845.00,7322415.00,74.6898,66.0049,spatial_block_4fold,3,1,,,1,298.967,322.382,23.4153
l9siberia_r20_c19,landsat9_siberia_fire,LC09_L2SP_158014_20260817_02_T1,LC09_L2SP_158014_20260817_02_T1,20,19,EPSG:32643,487845.00,7318575.00,491685.00,7322415.00,74.7744,66.0051,spatial_block_4fold,3,1,,,1,300.6,304.979,4.37915
l9siberia_r20_c20,landsat9_siberia_fire,LC09_L2SP_158014_20260817_02_T1,LC09_L2SP_158014_20260817_02_T1,20,20,EPSG:32643,491685.00,7318575.00,495525.00,7322415.00,74.8591,66.0052,spatial_block_4fold,3,1,,,0,299.928,304.447,4.51859
l9siberia_r20_c21,landsat9_siberia_fire,LC09_L2SP_158014_20260817_02_T1,LC09_L2SP_158014_20260817_02_T1,20,21,EPSG:32643,495525.00,7318575.00,499365.00,7322415.00,74.9437,66.0052,spatial_block_4fold,3,1,,,0,298.351,303.757,5.40576
l9siberia_r20_c22,landsat9_siberia_fire,LC09_L2SP_158014_20260817_02_T1,LC09_L2SP_158014_20260817_02_T1,20,22,EPSG:32643,499365.00,7318575.00,503205.00,7322415.00,75.0283,66.0052,spatial_block_4fold,3,1,,,0,297.121,301.445,4.32358
l9siberia_r20_c23,landsat9_siberia_fire,LC09_L2SP_158014_20260817_02_T1,LC09_L2SP_158014_20260817_02_T1,20,23,EPSG:32643,503205.00,7318575.00,507045.00,7322415.00,75.1129,66.0052,spatial_block_4fold,3,1,,,0,299.273,301.658,2.38501
l9siberia_r20_c24,landsat9_siberia_fire,LC09_L2SP_158014_20260817_02_T1,LC09_L2SP_158014_20260817_02_T1,20,24,EPSG:32643,507045.00,7318575.00,510885.00,7322415.00,75.1976,66.0051,spatial_block_4fold,3,1,,,0,298.339,301.482,3.14276
l9siberia_r20_c25,landsat9_siberia_fire,LC09_L2SP_158014_20260817_02_T1,LC09_L2SP_158014_20260817_02_T1,20,25,EPSG:32643,510885.00,7318575.00,514725.00,7322415.00,75.2822,66.005,spatial_block_4fold,3,1,,,0,298.269,300.548,2.27945
l9siberia_r20_c26,landsat9_siberia_fire,LC09_L2SP_158014_20260817_02_T1,LC09_L2SP_158014_20260817_02_T1,20,26,EPSG:32643,514725.00,7318575.00,518565.00,7322415.00,75.3668,66.0048,spatial_block_4fold,3,1,,,0,298.439,300.579,2.13998
l9siberia_r20_c37,landsat9_siberia_fire,LC09_L2SP_158014_20260817_02_T1,LC09_L2SP_158014_20260817_02_T1,20,37,EPSG:32643,556965.00,7318575.00,560805.00,7322415.00,76.2975,65.9998,spatial_block_4fold,2,1,,,0,298.895,304.678,5.78284
l9siberia_r20_c38,landsat9_siberia_fire,LC09_L2SP_158014_20260817_02_T1,LC09_L2SP_158014_20260817_02_T1,20,38,EPSG:32643,560805.00,7318575.00,564645.00,7322415.00,76.3821,65.999,spatial_block_4fold,2,1,,,0,298.736,302.303,3.56616
l9siberia_r20_c54,landsat9_siberia_fire,LC09_L2SP_158014_20260817_02_T1,LC09_L2SP_158014_20260817_02_T1,20,54,EPSG:32643,622245.00,7318575.00,626085.00,7322415.00,77.7344,65.981,spatial_block_4fold,3,1,,,0,301.485,304.484,2.99988
l9siberia_r20_c55,landsat9_siberia_fire,LC09_L2SP_158014_20260817_02_T1,LC09_L2SP_158014_20260817_02_T1,20,55,EPSG:32643,626085.00,7318575.00,629925.00,7322415.00,77.8188,65.9794,spatial_block_4fold,3,1,,,0,300.904,304.107,3.20248
l9siberia_r20_c56,landsat9_siberia_fire,LC09_L2SP_158014_20260817_02_T1,LC09_L2SP_158014_20260817_02_T1,20,56,EPSG:32643,629925.00,7318575.00,633765.00,7322415.00,77.9032,65.9779,spatial_block_4fold,3,1,,,0,301.665,303.903,2.23871
l9siberia_r20_c57,landsat9_siberia_fire,LC09_L2SP_158014_20260817_02_T1,LC09_L2SP_158014_20260817_02_T1,20,57,EPSG:32643,633765.00,7318575.00,637605.00,7322415.00,77.9877,65.9763,spatial_block_4fold,3,1,,,0,301.245,303.945,2.69995
l9siberia_r20_c58,landsat9_siberia_fire,LC09_L2SP_158014_20260817_02_T1,LC09_L2SP_158014_20260817_02_T1,20,58,EPSG:32643,637605.00,7318575.00,641445.00,7322415.00,78.0721,65.9746,spatial_block_4fold,3,1,,,0,301.817,307.376,5.55927
l9siberia_r20_c59,landsat9_siberia_fire,LC09_L2SP_158014_20260817_02_T1,LC09_L2SP_158014_20260817_02_T1,20,59,EPSG:32643,641445.00,7318575.00,645285.00,7322415.00,78.1565,65.9729,spatial_block_4fold,3,1,,,0,301.659,307.155,5.49612
l9siberia_r20_c60,landsat9_siberia_fire,LC09_L2SP_158014_20260817_02_T1,LC09_L2SP_158014_20260817_02_T1,20,60,EPSG:32643,645285.00,7318575.00,649125.00,7322415.00,78.2409,65.9711,spatial_block_4fold,3,1,,,0,296.859,303.614,6.75528
l9siberia_r20_c61,landsat9_siberia_fire,LC09_L2SP_158014_20260817_02_T1,LC09_L2SP_158014_20260817_02_T1,20,61,EPSG:32643,649125.00,7318575.00,652965.00,7322415.00,78.3252,65.9693,spatial_block_4fold,3,1,,,1,298.234,304.604,6.37021
l9siberia_r20_c62,landsat9_siberia_fire,LC09_L2SP_158014_20260817_02_T1,LC09_L2SP_158014_20260817_02_T1,20,62,EPSG:32643,652965.00,7318575.00,656805.00,7322415.00,78.4096,65.9675,spatial_block_4fold,3,1,,,1,300.544,306.012,5.4682
l9siberia_r21_c11,landsat9_siberia_fire,LC09_L2SP_158014_20260817_02_T1,LC09_L2SP_158014_20260817_02_T1,21,11,EPSG:32643,457125.00,7314735.00,460965.00,7318575.00,74.0987,65.9682,spatial_block_4fold,3,1,,,0,299.167,300.638,1.4707
l9siberia_r21_c12,landsat9_siberia_fire,LC09_L2SP_158014_20260817_02_T1,LC09_L2SP_158014_20260817_02_T1,21,12,EPSG:32643,460965.00,7314735.00,464805.00,7318575.00,74.1832,65.9686,spatial_block_4fold,3,1,,,0,299.264,301.556,2.29202
l9siberia_r21_c13,landsat9_siberia_fire,LC09_L2SP_158014_20260817_02_T1,LC09_L2SP_158014_20260817_02_T1,21,13,EPSG:32643,464805.00,7314735.00,468645.00,7318575.00,74.2677,65.9691,spatial_block_4fold,3,1,,,0,298.933,301.617,2.68469
l9siberia_r21_c14,landsat9_siberia_fire,LC09_L2SP_158014_20260817_02_T1,LC09_L2SP_158014_20260817_02_T1,21,14,EPSG:32643,468645.00,7314735.00,472485.00,7318575.00,74.3522,65.9694,spatial_block_4fold,3,1,,,0,299.125,301.353,2.22733
l9siberia_r21_c15,landsat9_siberia_fire,LC09_L2SP_158014_20260817_02_T1,LC09_L2SP_158014_20260817_02_T1,21,15,EPSG:32643,472485.00,7314735.00,476325.00,7318575.00,74.4367,65.9698,spatial_block_4fold,3,1,,,0,299.541,304.667,5.12564
l9siberia_r21_c16,landsat9_siberia_fire,LC09_L2SP_158014_20260817_02_T1,LC09_L2SP_158014_20260817_02_T1,21,16,EPSG:32643,476325.00,7314735.00,480165.00,7318575.00,74.5212,65.9701,spatial_block_4fold,3,1,,,0,299.976,306.172,6.19653
l9siberia_r21_c17,landsat9_siberia_fire,LC09_L2SP_158014_20260817_02_T1,LC09_L2SP_158014_20260817_02_T1,21,17,EPSG:32643,480165.00,7314735.00,484005.00,7318575.00,74.6057,65.9703,spatial_block_4fold,3,1,,,0,298.229,301.958,3.72845
l9siberia_r21_c18,landsat9_siberia_fire,LC09_L2SP_158014_20260817_02_T1,LC09_L2SP_158014_20260817_02_T1,21,18,EPSG:32643,484005.00,7314735.00,487845.00,7318575.00,74.6902,65.9705,spatial_block_4fold,3,1,,,0,298.681,301.669,2.98785
l9siberia_r21_c19,landsat9_siberia_fire,LC09_L2SP_158014_20260817_02_T1,LC09_L2SP_158014_20260817_02_T1,21,19,EPSG:32643,487845.00,7314735.00,491685.00,7318575.00,74.7748,65.9706,spatial_block_4fold,3,1,,,0,300.363,302.786,2.42303
l9siberia_r21_c20,landsat9_siberia_fire,LC09_L2SP_158014_20260817_02_T1,LC09_L2SP_158014_20260817_02_T1,21,20,EPSG:32643,491685.00,7314735.00,495525.00,7318575.00,74.8593,65.9707,spatial_block_4fold,3,1,,,0,300.731,303.898,3.16626
l9siberia_r21_c21,landsat9_siberia_fire,LC09_L2SP_158014_20260817_02_T1,LC09_L2SP_158014_20260817_02_T1,21,21,EPSG:32643,495525.00,7314735.00,499365.00,7318575.00,74.9438,65.9708,spatial_block_4fold,3,1,,,0,299.836,305.904,6.06897
l9siberia_r21_c22,landsat9_siberia_fire,LC09_L2SP_158014_20260817_02_T1,LC09_L2SP_158014_20260817_02_T1,21,22,EPSG:32643,499365.00,7314735.00,503205.00,7318575.00,75.0283,65.9708,spatial_block_4fold,3,1,,,0,299.16,301.965,2.80508
l9siberia_r21_c23,landsat9_siberia_fire,LC09_L2SP_158014_20260817_02_T1,LC09_L2SP_158014_20260817_02_T1,21,23,EPSG:32643,503205.00,7314735.00,507045.00,7318575.00,75.1128,65.9708,spatial_block_4fold,3,1,,,0,299.633,302.042,2.40891
l9siberia_r21_c24,landsat9_siberia_fire,LC09_L2SP_158014_20260817_02_T1,LC09_L2SP_158014_20260817_02_T1,21,24,EPSG:32643,507045.00,7314735.00,510885.00,7318575.00,75.1973,65.9707,spatial_block_4fold,3,1,,,0,299.391,302.195,2.80411
l9siberia_r21_c25,landsat9_siberia_fire,LC09_L2SP_158014_20260817_02_T1,LC09_L2SP_158014_20260817_02_T1,21,25,EPSG:32643,510885.00,7314735.00,514725.00,7318575.00,75.2818,65.9705,spatial_block_4fold,3,1,,,0,298.8,301.957,3.15689
l9siberia_r21_c26,landsat9_siberia_fire,LC09_L2SP_158014_20260817_02_T1,LC09_L2SP_158014_20260817_02_T1,21,26,EPSG:32643,514725.00,7314735.00,518565.00,7318575.00,75.3663,65.9704,spatial_block_4fold,3,1,,,0,297.731,299.776,2.04492
l9siberia_r21_c37,landsat9_siberia_fire,LC09_L2SP_158014_20260817_02_T1,LC09_L2SP_158014_20260817_02_T1,21,37,EPSG:32643,556965.00,7314735.00,560805.00,7318575.00,76.2957,65.9653,spatial_block_4fold,2,1,,,0,299.559,302.958,3.39957
l9siberia_r21_c38,landsat9_siberia_fire,LC09_L2SP_158014_20260817_02_T1,LC09_L2SP_158014_20260817_02_T1,21,38,EPSG:32643,560805.00,7314735.00,564645.00,7318575.00,76.3802,65.9646,spatial_block_4fold,2,1,,,1,299.412,317.217,17.8055
l9siberia_r21_c53,landsat9_siberia_fire,LC09_L2SP_158014_20260817_02_T1,LC09_L2SP_158014_20260817_02_T1,21,53,EPSG:32643,618405.00,7314735.00,622245.00,7318575.00,77.6464,65.948,spatial_block_4fold,3,1,,,0,300.014,304.628,4.61487
l9siberia_r21_c54,landsat9_siberia_fire,LC09_L2SP_158014_20260817_02_T1,LC09_L2SP_158014_20260817_02_T1,21,54,EPSG:32643,622245.00,7314735.00,626085.00,7318575.00,77.7307,65.9466,spatial_block_4fold,3,1,,,0,299.45,303.573,4.12292
l9siberia_r21_c55,landsat9_siberia_fire,LC09_L2SP_158014_20260817_02_T1,LC09_L2SP_158014_20260817_02_T1,21,55,EPSG:32643,626085.00,7314735.00,629925.00,7318575.00,77.815,65.945,spatial_block_4fold,3,1,,,0,298.389,304.008,5.61877
l9siberia_r21_c56,landsat9_siberia_fire,LC09_L2SP_158014_20260817_02_T1,LC09_L2SP_158014_20260817_02_T1,21,56,EPSG:32643,629925.00,7314735.00,633765.00,7318575.00,77.8993,65.9435,spatial_block_4fold,3,1,,,0,301.602,304.375,2.7735
l9siberia_r21_c57,landsat9_siberia_fire,LC09_L2SP_158014_20260817_02_T1,LC09_L2SP_158014_20260817_02_T1,21,57,EPSG:32643,633765.00,7314735.00,637605.00,7318575.00,77.9837,65.9418,spatial_block_4fold,3,1,,,0,300.614,304.859,4.24573
l9siberia_r21_c58,landsat9_siberia_fire,LC09_L2SP_158014_20260817_02_T1,LC09_L2SP_158014_20260817_02_T1,21,58,EPSG:32643,637605.00,7314735.00,641445.00,7318575.00,78.0679,65.9402,spatial_block_4fold,3,1,,,0,302.19,306.532,4.34222
l9siberia_r21_c60,landsat9_siberia_fire,LC09_L2SP_158014_20260817_02_T1,LC09_L2SP_158014_20260817_02_T1,21,60,EPSG:32643,645285.00,7314735.00,649125.00,7318575.00,78.2365,65.9367,spatial_block_4fold,3,1,,,0,297.625,302.751,5.12604
l9siberia_r21_c61,landsat9_siberia_fire,LC09_L2SP_158014_20260817_02_T1,LC09_L2SP_158014_20260817_02_T1,21,61,EPSG:32643,649125.00,7314735.00,652965.00,7318575.00,78.3208,65.9349,spatial_block_4fold,3,1,,,0,297.044,304.061,7.01733
l9siberia_r21_c62,landsat9_siberia_fire,LC09_L2SP_158014_20260817_02_T1,LC09_L2SP_158014_20260817_02_T1,21,62,EPSG:32643,652965.00,7314735.00,656805.00,7318575.00,78.405,65.9331,spatial_block_4fold,3,1,,,0,297.799,303.599,5.79944
l9siberia_r22_c11,landsat9_siberia_fire,LC09_L2SP_158014_20260817_02_T1,LC09_L2SP_158014_20260817_02_T1,22,11,EPSG:32643,457125.00,7310895.00,460965.00,7314735.00,74.1,65.9337,spatial_block_4fold,3,1,,,0,299.508,302.214,2.70621
l9siberia_r22_c12,landsat9_siberia_fire,LC09_L2SP_158014_20260817_02_T1,LC09_L2SP_158014_20260817_02_T1,22,12,EPSG:32643,460965.00,7310895.00,464805.00,7314735.00,74.1843,65.9342,spatial_block_4fold,3,1,,,0,299.254,302.498,3.24393
l9siberia_r22_c13,landsat9_siberia_fire,LC09_L2SP_158014_20260817_02_T1,LC09_L2SP_158014_20260817_02_T1,22,13,EPSG:32643,464805.00,7310895.00,468645.00,7314735.00,74.2687,65.9346,spatial_block_4fold,3,1,,,0,299.196,303.209,4.01306
l9siberia_r22_c14,landsat9_siberia_fire,LC09_L2SP_158014_20260817_02_T1,LC09_L2SP_158014_20260817_02_T1,22,14,EPSG:32643,468645.00,7310895.00,472485.00,7314735.00,74.3531,65.935,spatial_block_4fold,3,1,,,0,300.054,304.207,4.15277
l9siberia_r22_c15,landsat9_siberia_fire,LC09_L2SP_158014_20260817_02_T1,LC09_L2SP_158014_20260817_02_T1,22,15,EPSG:32643,472485.00,7310895.00,476325.00,7314735.00,74.4375,65.9353,spatial_block_4fold,3,1,,,0,300.693,304.685,3.99118
l9siberia_r22_c16,landsat9_siberia_fire,LC09_L2SP_158014_20260817_02_T1,LC09_L2SP_158014_20260817_02_T1,22,16,EPSG:32643,476325.00,7310895.00,480165.00,7314735.00,74.5219,65.9356,spatial_block_4fold,3,1,,,0,300.47,302.643,2.1731
l9siberia_r22_c17,landsat9_siberia_fire,LC09_L2SP_158014_20260817_02_T1,LC09_L2SP_158014_20260817_02_T1,22,17,EPSG:32643,480165.00,7310895.00,484005.00,7314735.00,74.6063,65.9358,spatial_block_4fold,3,1,,,0,298.542,303.293,4.7507
l9siberia_r22_c18,landsat9_siberia_fire,LC09_L2SP_158014_20260817_02_T1,LC09_L2SP_158014_20260817_02_T1,22,18,EPSG:32643,484005.00,7310895.00,487845.00,7314735.00,74.6907,65.936,spatial_block_4fold,3,1,,,0,299.516,301.852,2.33597
l9siberia_r22_c19,landsat9_siberia_fire,LC09_L2SP_158014_20260817_02_T1,LC09_L2SP_158014_20260817_02_T1,22,19,EPSG:32643,487845.00,7310895.00,491685.00,7314735.00,74.7751,65.9362,spatial_block_4fold,3,1,,,0,299.363,301.622,2.25912
l9siberia_r22_c20,landsat9_siberia_fire,LC09_L2SP_158014_20260817_02_T1,LC09_L2SP_158014_20260817_02_T1,22,20,EPSG:32643,491685.00,7310895.00,495525.00,7314735.00,74.8594,65.9363,spatial_block_4fold,3,1,,,0,299.492,301.817,2.32556
l9siberia_r22_c21,landsat9_siberia_fire,LC09_L2SP_158014_20260817_02_T1,LC09_L2SP_158014_20260817_02_T1,22,21,EPSG:32643,495525.00,7310895.00,499365.00,7314735.00,74.9438,65.9363,spatial_block_4fold,3,1,,,0,298.413,301.398,2.98456
l9siberia_r22_c22,landsat9_siberia_fire,LC09_L2SP_158014_20260817_02_T1,LC09_L2SP_158014_20260817_02_T1,22,22,EPSG:32643,499365.00,7310895.00,503205.00,7314735.00,75.0282,65.9363,spatial_block_4fold,3,1,,,0,298.151,300.97,2.8183
l9siberia_r22_c24,landsat9_siberia_fire,LC09_L2SP_158014_20260817_02_T1,LC09_L2SP_158014_20260817_02_T1,22,24,EPSG:32643,507045.00,7310895.00,510885.00,7314735.00,75.197,65.9362,spatial_block_4fold,3,1,,,0,299.719,302.703,2.98401
l9siberia_r22_c25,landsat9_siberia_fire,LC09_L2SP_158014_20260817_02_T1,LC09_L2SP_158014_20260817_02_T1,22,25,EPSG:32643,510885.00,7310895.00,514725.00,7314735.00,75.2814,65.9361,spatial_block_4fold,3,1,,,0,298.433,301.659,3.22568
l9siberia_r22_c36,landsat9_siberia_fire,LC09_L2SP_158014_20260817_02_T1,LC09_L2SP_158014_20260817_02_T1,22,36,EPSG:32643,553125.00,7310895.00,556965.00,7314735.00,76.2096,65.9316,spatial_block_4fold,2,1,,,0,300.643,304.13,3.48679
l9siberia_r22_c37,landsat9_siberia_fire,LC09_L2SP_158014_20260817_02_T1,LC09_L2SP_158014_20260817_02_T1,22,37,EPSG:32643,556965.00,7310895.00,560805.00,7314735.00,76.294,65.9309,spatial_block_4fold,2,1,,,0,301.294,305.503,4.20856
l9siberia_r22_c38,landsat9_siberia_fire,LC09_L2SP_158014_20260817_02_T1,LC09_L2SP_158014_20260817_02_T1,22,38,EPSG:32643,560805.00,7310895.00,564645.00,7314735.00,76.3783,65.9302,spatial_block_4fold,2,1,,,0,300.875,305.063,4.1886
l9siberia_r22_c39,landsat9_siberia_fire,LC09_L2SP_158014_20260817_02_T1,LC09_L2SP_158014_20260817_02_T1,22,39,EPSG:32643,564645.00,7310895.00,568485.00,7314735.00,76.4627,65.9294,spatial_block_4fold,2,1,,,0,300.98,306.717,5.73682
l9siberia_r22_c40,landsat9_siberia_fire,LC09_L2SP_158014_20260817_02_T1,LC09_L2SP_158014_20260817_02_T1,22,40,EPSG:32643,568485.00,7310895.00,572325.00,7314735.00,76.547,65.9286,spatial_block_4fold,2,1,,,1,299.737,323.745,24.0079
l9siberia_r22_c52,landsat9_siberia_fire,LC09_L2SP_158014_20260817_02_T1,LC09_L2SP_158014_20260817_02_T1,22,52,EPSG:32643,614565.00,7310895.00,618405.00,7314735.00,77.5586,65.915,spatial_block_4fold,3,1,,,0,299.526,302.421,2.8956
l9siberia_r22_c53,landsat9_siberia_fire,LC09_L2SP_158014_20260817_02_T1,LC09_L2SP_158014_20260817_02_T1,22,53,EPSG:32643,618405.00,7310895.00,622245.00,7314735.00,77.6428,65.9136,spatial_block_4fold,3,1,,,0,299.736,303.133,3.39661
l9siberia_r22_c54,landsat9_siberia_fire,LC09_L2SP_158014_20260817_02_T1,LC09_L2SP_158014_20260817_02_T1,22,54,EPSG:32643,622245.00,7310895.00,626085.00,7314735.00,77.727,65.9121,spatial_block_4fold,3,1,,,0,299.311,303.468,4.15689
l9siberia_r22_c55,landsat9_siberia_fire,LC09_L2SP_158014_20260817_02_T1,LC09_L2SP_158014_20260817_02_T1,22,55,EPSG:32643,626085.00,7310895.00,629925.00,7314735.00,77.8112,65.9106,spatial_block_4fold,3,1,,,0,297.588,302.934,5.34555
l9siberia_r22_c56,landsat9_siberia_fire,LC09_L2SP_158014_20260817_02_T1,LC09_L2SP_158014_20260817_02_T1,22,56,EPSG:32643,629925.00,7310895.00,633765.00,7314735.00,77.8955,65.9091,spatial_block_4fold,3,1,,,0,300.501,303.213,2.71252
l9siberia_r22_c57,landsat9_siberia_fire,LC09_L2SP_158014_20260817_02_T1,LC09_L2SP_158014_20260817_02_T1,22,57,EPSG:32643,633765.00,7310895.00,637605.00,7314735.00,77.9796,65.9074,spatial_block_4fold,3,1,,,0,300.941,304.143,3.20139
l9siberia_r22_c58,landsat9_siberia_fire,LC09_L2SP_158014_20260817_02_T1,LC09_L2SP_158014_20260817_02_T1,22,58,EPSG:32643,637605.00,7310895.00,641445.00,7314735.00,78.0638,65.9058,spatial_block_4fold,3,1,,,0,301.781,305.456,3.67453
l9siberia_r22_c60,landsat9_siberia_fire,LC09_L2SP_158014_20260817_02_T1,LC09_L2SP_158014_20260817_02_T1,22,60,EPSG:32643,645285.00,7310895.00,649125.00,7314735.00,78.2322,65.9023,spatial_block_4fold,3,1,,,1,298.249,305.242,6.99359
l9siberia_r22_c61,landsat9_siberia_fire,LC09_L2SP_158014_20260817_02_T1,LC09_L2SP_158014_20260817_02_T1,22,61,EPSG:32643,649125.00,7310895.00,652965.00,7314735.00,78.3163,65.9005,spatial_block_4fold,3,1,,,0,297.592,299.93,2.33789
l9siberia_r23_c10,landsat9_siberia_fire,LC09_L2SP_158014_20260817_02_T1,LC09_L2SP_158014_20260817_02_T1,23,10,EPSG:32643,453285.00,7307055.00,457125.00,7310895.00,74.0169,65.8987,spatial_block_4fold,3,1,,,0,298.696,301.824,3.12796
l9siberia_r23_c11,landsat9_siberia_fire,LC09_L2SP_158014_20260817_02_T1,LC09_L2SP_158014_20260817_02_T1,23,11,EPSG:32643,457125.00,7307055.00,460965.00,7310895.00,74.1012,65.8993,spatial_block_4fold,3,1,,,0,299.745,304.839,5.09467
l9siberia_r23_c12,landsat9_siberia_fire,LC09_L2SP_158014_20260817_02_T1,LC09_L2SP_158014_20260817_02_T1,23,12,EPSG:32643,460965.00,7307055.00,464805.00,7310895.00,74.1854,65.8997,spatial_block_4fold,3,1,,,0,299.415,303.722,4.30707
l9siberia_r23_c13,landsat9_siberia_fire,LC09_L2SP_158014_20260817_02_T1,LC09_L2SP_158014_20260817_02_T1,23,13,EPSG:32643,464805.00,7307055.00,468645.00,7310895.00,74.2697,65.9002,spatial_block_4fold,3,1,,,0,299.352,301.349,1.99689
l9siberia_r23_c14,landsat9_siberia_fire,LC09_L2SP_158014_20260817_02_T1,LC09_L2SP_158014_20260817_02_T1,23,14,EPSG:32643,468645.00,7307055.00,472485.00,7310895.00,74.354,65.9005,spatial_block_4fold,3,1,,,0,299.857,303.247,3.39075
l9siberia_r23_c15,landsat9_siberia_fire,LC09_L2SP_158014_20260817_02_T1,LC09_L2SP_158014_20260817_02_T1,23,15,EPSG:32643,472485.00,7307055.00,476325.00,7310895.00,74.4382,65.9009,spatial_block_4fold,3,1,,,0,300.726,303.378,2.65253
l9siberia_r23_c16,landsat9_siberia_fire,LC09_L2SP_158014_20260817_02_T1,LC09_L2SP_158014_20260817_02_T1,23,16,EPSG:32643,476325.00,7307055.00,480165.00,7310895.00,74.5225,65.9012,spatial_block_4fold,3,1,,,0,301.179,305.831,4.65225
l9siberia_r23_c17,landsat9_siberia_fire,LC09_L2SP_158014_20260817_02_T1,LC09_L2SP_158014_20260817_02_T1,23,17,EPSG:32643,480165.00,7307055.00,484005.00,7310895.00,74.6068,65.9014,spatial_block_4fold,3,1,,,0,299.34,303.238,3.89828
l9siberia_r23_c18,landsat9_siberia_fire,LC09_L2SP_158014_20260817_02_T1,LC09_L2SP_158014_20260817_02_T1,23,18,EPSG:32643,484005.00,7307055.00,487845.00,7310895.00,74.6911,65.9016,spatial_block_4fold,3,1,,,0,299.625,301.685,2.06015
l9siberia_r23_c19,landsat9_siberia_fire,LC09_L2SP_158014_20260817_02_T1,LC09_L2SP_158014_20260817_02_T1,23,19,EPSG:32643,487845.00,7307055.00,491685.00,7310895.00,74.7754,65.9017,spatial_block_4fold,3,1,,,0,299.098,301.618,2.52023
l9siberia_r23_c20,landsat9_siberia_fire,LC09_L2SP_158014_20260817_02_T1,LC09_L2SP_158014_20260817_02_T1,23,20,EPSG:32643,491685.00,7307055.00,495525.00,7310895.00,74.8596,65.9018,spatial_block_4fold,3,1,,,0,298.977,301.304,2.3269
l9siberia_r23_c21,landsat9_siberia_fire,LC09_L2SP_158014_20260817_02_T1,LC09_L2SP_158014_20260817_02_T1,23,21,EPSG:32643,495525.00,7307055.00,499365.00,7310895.00,74.9439,65.9019,spatial_block_4fold,3,1,,,0,297.319,300.596,3.27618
l9siberia_r23_c22,landsat9_siberia_fire,LC09_L2SP_158014_20260817_02_T1,LC09_L2SP_158014_20260817_02_T1,23,22,EPSG:32643,499365.00,7307055.00,503205.00,7310895.00,75.0282,65.9019,spatial_block_4fold,3,1,,,0,297.71,299.693,1.98315
l9siberia_r23_c24,landsat9_siberia_fire,LC09_L2SP_158014_20260817_02_T1,LC09_L2SP_158014_20260817_02_T1,23,24,EPSG:32643,507045.00,7307055.00,510885.00,7310895.00,75.1968,65.9018,spatial_block_4fold,3,1,,,0,297.412,300.444,3.03235
l9siberia_r23_c25,landsat9_siberia_fire,LC09_L2SP_158014_20260817_02_T1,LC09_L2SP_158014_20260817_02_T1,23,25,EPSG:32643,510885.00,7307055.00,514725.00,7310895.00,75.2811,65.9016,spatial_block_4fold,3,1,,,0,297.879,300.019,2.13934
l9siberia_r23_c37,landsat9_siberia_fire,LC09_L2SP_158014_20260817_02_T1,LC09_L2SP_158014_20260817_02_T1,23,37,EPSG:32643,556965.00,7307055.00,560805.00,7310895.00,76.2922,65.8965,spatial_block_4fold,2,1,,,0,301.717,306.97,5.25253
l9siberia_r23_c38,landsat9_siberia_fire,LC09_L2SP_158014_20260817_02_T1,LC09_L2SP_158014_20260817_02_T1,23,38,EPSG:32643,560805.00,7307055.00,564645.00,7310895.00,76.3765,65.8957,spatial_block_4fold,2,1,,,0,299.989,304.235,4.24597
l9siberia_r23_c39,landsat9_siberia_fire,LC09_L2SP_158014_20260817_02_T1,LC09_L2SP_158014_20260817_02_T1,23,39,EPSG:32643,564645.00,7307055.00,568485.00,7310895.00,76.4607,65.8949,spatial_block_4fold,2,1,,,0,300.637,305.185,4.54742
l9siberia_r23_c40,landsat9_siberia_fire,LC09_L2SP_158014_20260817_02_T1,LC09_L2SP_158014_20260817_02_T1,23,40,EPSG:32643,568485.00,7307055.00,572325.00,7310895.00,76.545,65.8941,spatial_block_4fold,2,1,,,1,300.749,356.903,56.1541
l9siberia_r23_c41,landsat9_siberia_fire,LC09_L2SP_158014_20260817_02_T1,LC09_L2SP_158014_20260817_02_T1,23,41,EPSG:32643,572325.00,7307055.00,576165.00,7310895.00,76.6292,65.8932,spatial_block_4fold,2,1,,,1,304.044,316.313,12.2689
l9siberia_r23_c42,landsat9_siberia_fire,LC09_L2SP_158014_20260817_02_T1,LC09_L2SP_158014_20260817_02_T1,23,42,EPSG:32643,576165.00,7307055.00,580005.00,7310895.00,76.7134,65.8923,spatial_block_4fold,2,1,,,1,301.118,328.682,27.5638
l9siberia_r23_c43,landsat9_siberia_fire,LC09_L2SP_158014_20260817_02_T1,LC09_L2SP_158014_20260817_02_T1,23,43,EPSG:32643,580005.00,7307055.00,583845.00,7310895.00,76.7976,65.8914,spatial_block_4fold,2,1,,,1,301.404,311.96,10.556
l9siberia_r23_c52,landsat9_siberia_fire,LC09_L2SP_158014_20260817_02_T1,LC09_L2SP_158014_20260817_02_T1,23,52,EPSG:32643,614565.00,7307055.00,618405.00,7310895.00,77.5551,65.8806,spatial_block_4fold,3,1,,,0,297.436,302.251,4.81543
l9siberia_r23_c53,landsat9_siberia_fire,LC09_L2SP_158014_20260817_02_T1,LC09_L2SP_158014_20260817_02_T1,23,53,EPSG:32643,618405.00,7307055.00,622245.00,7310895.00,77.6393,65.8792,spatial_block_4fold,3,1,,,0,298.028,302.63,4.60159
l9siberia_r23_c54,landsat9_siberia_fire,LC09_L2SP_158014_20260817_02_T1,LC09_L2SP_158014_20260817_02_T1,23,54,EPSG:32643,622245.00,7307055.00,626085.00,7310895.00,77.7234,65.8777,spatial_block_4fold,3,1,,,0,299.388,303.227,3.8389
l9siberia_r23_c55,landsat9_siberia_fire,LC09_L2SP_158014_20260817_02_T1,LC09_L2SP_158014_20260817_02_T1,23,55,EPSG:32643,626085.00,7307055.00,629925.00,7310895.00,77.8075,65.8762,spatial_block_4fold,3,1,,,0,301.075,304.005,2.92935
l9siberia_r23_c56,landsat9_siberia_fire,LC09_L2SP_158014_20260817_02_T1,LC09_L2SP_158014_20260817_02_T1,23,56,EPSG:32643,629925.00,7307055.00,633765.00,7310895.00,77.8916,65.8746,spatial_block_4fold,3,1,,,0,301.152,304.087,2.93454
l9siberia_r23_c57,landsat9_siberia_fire,LC09_L2SP_158014_20260817_02_T1,LC09_L2SP_158014_20260817_02_T1,23,57,EPSG:32643,633765.00,7307055.00,637605.00,7310895.00,77.9756,65.873,spatial_block_4fold,3,1,,,0,301.334,304.654,3.32025
l9siberia_r23_c58,landsat9_siberia_fire,LC09_L2SP_158014_20260817_02_T1,LC09_L2SP_158014_20260817_02_T1,23,58,EPSG:32643,637605.00,7307055.00,641445.00,7310895.00,78.0597,65.8714,spatial_block_4fold,3,1,,,0,300.174,303.868,3.69403
l9siberia_r23_c59,landsat9_siberia_fire,LC09_L2SP_158014_20260817_02_T1,LC09_L2SP_158014_20260817_02_T1,23,59,EPSG:32643,641445.00,7307055.00,645285.00,7310895.00,78.1438,65.8697,spatial_block_4fold,3,1,,,0,301.585,307.07,5.48529
l9siberia_r23_c60,landsat9_siberia_fire,LC09_L2SP_158014_20260817_02_T1,LC09_L2SP_158014_20260817_02_T1,23,60,EPSG:32643,645285.00,7307055.00,649125.00,7310895.00,78.2278,65.8679,spatial_block_4fold,3,1,,,0,298.219,308.694,10.4758
l9siberia_r23_c61,landsat9_siberia_fire,LC09_L2SP_158014_20260817_02_T1,LC09_L2SP_158014_20260817_02_T1,23,61,EPSG:32643,649125.00,7307055.00,652965.00,7310895.00,78.3119,65.8661,spatial_block_4fold,3,1,,,0,298.111,303.175,5.06366
l9siberia_r24_c10,landsat9_siberia_fire,LC09_L2SP_158014_20260817_02_T1,LC09_L2SP_158014_20260817_02_T1,24,10,EPSG:32643,453285.00,7303215.00,457125.00,7307055.00,74.0182,65.8643,spatial_block_4fold,3,1,,,0,298.982,302.155,3.1734
l9siberia_r24_c11,landsat9_siberia_fire,LC09_L2SP_158014_20260817_02_T1,LC09_L2SP_158014_20260817_02_T1,24,11,EPSG:32643,457125.00,7303215.00,460965.00,7307055.00,74.1024,65.8648,spatial_block_4fold,3,1,,,0,299.325,300.972,1.64767
l9siberia_r24_c12,landsat9_siberia_fire,LC09_L2SP_158014_20260817_02_T1,LC09_L2SP_158014_20260817_02_T1,24,12,EPSG:32643,460965.00,7303215.00,464805.00,7307055.00,74.1865,65.8653,spatial_block_4fold,3,1,,,0,299.161,304.253,5.09238
l9siberia_r24_c13,landsat9_siberia_fire,LC09_L2SP_158014_20260817_02_T1,LC09_L2SP_158014_20260817_02_T1,24,13,EPSG:32643,464805.00,7303215.00,468645.00,7307055.00,74.2707,65.8657,spatial_block_4fold,3,1,,,0,299.6,301.357,1.75702
l9siberia_r24_c14,landsat9_siberia_fire,LC09_L2SP_158014_20260817_02_T1,LC09_L2SP_158014_20260817_02_T1,24,14,EPSG:32643,468645.00,7303215.00,472485.00,7307055.00,74.3548,65.8661,spatial_block_4fold,3,1,,,0,299.92,302.445,2.52509
l9siberia_r24_c15,landsat9_siberia_fire,LC09_L2SP_158014_20260817_02_T1,LC09_L2SP_158014_20260817_02_T1,24,15,EPSG:32643,472485.00,7303215.00,476325.00,7307055.00,74.439,65.8664,spatial_block_4fold,3,1,,,0,300.97,306.018,5.04755
l9siberia_r24_c16,landsat9_siberia_fire,LC09_L2SP_158014_20260817_02_T1,LC09_L2SP_158014_20260817_02_T1,24,16,EPSG:32643,476325.00,7303215.00,480165.00,7307055.00,74.5232,65.8667,spatial_block_4fold,3,1,,,0,299.28,304.333,5.0528
l9siberia_r24_c17,landsat9_siberia_fire,LC09_L2SP_158014_20260817_02_T1,LC09_L2SP_158014_20260817_02_T1,24,17,EPSG:32643,480165.00,7303215.00,484005.00,7307055.00,74.6073,65.8669,spatial_block_4fold,3,1,,,0,299.434,302.882,3.44855
l9siberia_r24_c19,landsat9_siberia_fire,LC09_L2SP_158014_20260817_02_T1,LC09_L2SP_158014_20260817_02_T1,24,19,EPSG:32643,487845.00,7303215.00,491685.00,7307055.00,74.7757,65.8673,spatial_block_4fold,3,1,,,0,299.899,306.079,6.18036
l9siberia_r24_c20,landsat9_siberia_fire,LC09_L2SP_158014_20260817_02_T1,LC09_L2SP_158014_20260817_02_T1,24,20,EPSG:32643,491685.00,7303215.00,495525.00,7307055.00,74.8598,65.8674,spatial_block_4fold,3,1,,,0,299.631,303.331,3.70001
l9siberia_r24_c21,landsat9_siberia_fire,LC09_L2SP_158014_20260817_02_T1,LC09_L2SP_158014_20260817_02_T1,24,21,EPSG:32643,495525.00,7303215.00,499365.00,7307055.00,74.944,65.8674,spatial_block_4fold,3,1,,,0,297.643,300.281,2.63721
l9siberia_r24_c22,landsat9_siberia_fire,LC09_L2SP_158014_20260817_02_T1,LC09_L2SP_158014_20260817_02_T1,24,22,EPSG:32643,499365.00,7303215.00,503205.00,7307055.00,75.0282,65.8674,spatial_block_4fold,3,1,,,0,297.337,299.717,2.38058
l9siberia_r24_c23,landsat9_siberia_fire,LC09_L2SP_158014_20260817_02_T1,LC09_L2SP_158014_20260817_02_T1,24,23,EPSG:32643,503205.00,7303215.00,507045.00,7307055.00,75.1123,65.8674,spatial_block_4fold,3,1,,,0,297.418,299.256,1.8385
l9siberia_r24_c24,landsat9_siberia_fire,LC09_L2SP_158014_20260817_02_T1,LC09_L2SP_158014_20260817_02_T1,24,24,EPSG:32643,507045.00,7303215.00,510885.00,7307055.00,75.1965,65.8673,spatial_block_4fold,3,1,,,0,296.532,299.311,2.77911
l9siberia_r24_c25,landsat9_siberia_fire,LC09_L2SP_158014_20260817_02_T1,LC09_L2SP_158014_20260817_02_T1,24,25,EPSG:32643,510885.00,7303215.00,514725.00,7307055.00,75.2807,65.8672,spatial_block_4fold,3,1,,,0,296.522,298.662,2.13956
l9siberia_r24_c35,landsat9_siberia_fire,LC09_L2SP_158014_20260817_02_T1,LC09_L2SP_158014_20260817_02_T1,24,35,EPSG:32643,549285.00,7303215.00,553125.00,7307055.00,76.1222,65.8633,spatial_block_4fold,2,1,,,0,299.312,303.413,4.10144
l9siberia_r24_c36,landsat9_siberia_fire,LC09_L2SP_158014_20260817_02_T1,LC09_L2SP_158014_20260817_02_T1,24,36,EPSG:32643,553125.00,7303215.00,556965.00,7307055.00,76.2064,65.8627,spatial_block_4fold,2,1,,,0,297.601,305.058,7.45663
l9siberia_r24_c37,landsat9_siberia_fire,LC09_L2SP_158014_20260817_02_T1,LC09_L2SP_158014_20260817_02_T1,24,37,EPSG:32643,556965.00,7303215.00,560805.00,7307055.00,76.2905,65.862,spatial_block_4fold,2,1,,,0,299.641,302.454,2.8139
l9siberia_r24_c38,landsat9_siberia_fire,LC09_L2SP_158014_20260817_02_T1,LC09_L2SP_158014_20260817_02_T1,24,38,EPSG:32643,560805.00,7303215.00,564645.00,7307055.00,76.3746,65.8613,spatial_block_4fold,2,1,,,0,299.364,302.554,3.19003
l9siberia_r24_c39,landsat9_siberia_fire,LC09_L2SP_158014_20260817_02_T1,LC09_L2SP_158014_20260817_02_T1,24,39,EPSG:32643,564645.00,7303215.00,568485.00,7307055.00,76.4588,65.8605,spatial_block_4fold,2,1,,,0,301.186,303.119,1.93301
l9siberia_r24_c40,landsat9_siberia_fire,LC09_L2SP_158014_20260817_02_T1,LC09_L2SP_158014_20260817_02_T1,24,40,EPSG:32643,568485.00,7303215.00,572325.00,7307055.00,76.5429,65.8597,spatial_block_4fold,2,1,,,1,301.446,309.491,8.0455
l9siberia_r24_c41,landsat9_siberia_fire,LC09_L2SP_158014_20260817_02_T1,LC09_L2SP_158014_20260817_02_T1,24,41,EPSG:32643,572325.00,7303215.00,576165.00,7307055.00,76.627,65.8588,spatial_block_4fold,2,1,,,1,301.567,330.882,29.3148
l9siberia_r24_c42,landsat9_siberia_fire,LC09_L2SP_158014_20260817_02_T1,LC09_L2SP_158014_20260817_02_T1,24,42,EPSG:32643,576165.00,7303215.00,580005.00,7307055.00,76.7111,65.8579,spatial_block_4fold,2,1,,,1,303.143,309.633,6.49036
l9siberia_r24_c43,landsat9_siberia_fire,LC09_L2SP_158014_20260817_02_T1,LC09_L2SP_158014_20260817_02_T1,24,43,EPSG:32643,580005.00,7303215.00,583845.00,7307055.00,76.7952,65.8569,spatial_block_4fold,2,1,,,1,301.614,314.518,12.9047
l9siberia_r24_c44,landsat9_siberia_fire,LC09_L2SP_158014_20260817_02_T1,LC09_L2SP_158014_20260817_02_T1,24,44,EPSG:32643,583845.00,7303215.00,587685.00,7307055.00,76.8793,65.8559,spatial_block_4fold,2,1,,,0,300.981,303.805,2.82407
l9siberia_r24_c45,landsat9_siberia_fire,LC09_L2SP_158014_20260817_02_T1,LC09_L2SP_158014_20260817_02_T1,24,45,EPSG:32643,587685.00,7303215.00,591525.00,7307055.00,76.9634,65.8549,spatial_block_4fold,2,1,,,1,299.863,307.663,7.80042
l9siberia_r24_c47,landsat9_siberia_fire,LC09_L2SP_158014_20260817_02_T1,LC09_L2SP_158014_20260817_02_T1,24,47,EPSG:32643,595365.00,7303215.00,599205.00,7307055.00,77.1315,65.8526,spatial_block_4fold,2,1,,,0,300.986,303.889,2.90289
l9siberia_r24_c50,landsat9_siberia_fire,LC09_L2SP_158014_20260817_02_T1,LC09_L2SP_158014_20260817_02_T1,24,50,EPSG:32643,606885.00,7303215.00,610725.00,7307055.00,77.3837,65.8489,spatial_block_4fold,3,1,,,0,299.347,301.917,2.56961
l9siberia_r24_c51,landsat9_siberia_fire,LC09_L2SP_158014_20260817_02_T1,LC09_L2SP_158014_20260817_02_T1,24,51,EPSG:32643,610725.00,7303215.00,614565.00,7307055.00,77.4677,65.8476,spatial_block_4fold,3,1,,,0,299.698,301.95,2.25159
l9siberia_r24_c52,landsat9_siberia_fire,LC09_L2SP_158014_20260817_02_T1,LC09_L2SP_158014_20260817_02_T1,24,52,EPSG:32643,614565.00,7303215.00,618405.00,7307055.00,77.5517,65.8462,spatial_block_4fold,3,1,,,0,297.14,302.449,5.30902
l9siberia_r24_c53,landsat9_siberia_fire,LC09_L2SP_158014_20260817_02_T1,LC09_L2SP_158014_20260817_02_T1,24,53,EPSG:32643,618405.00,7303215.00,622245.00,7307055.00,77.6357,65.8448,spatial_block_4fold,3,1,,,0,298.931,302.954,4.0238
l9siberia_r24_c54,landsat9_siberia_fire,LC09_L2SP_158014_20260817_02_T1,LC09_L2SP_158014_20260817_02_T1,24,54,EPSG:32643,622245.00,7303215.00,626085.00,7307055.00,77.7197,65.8433,spatial_block_4fold,3,1,,,0,300.001,302.925,2.92398
l9siberia_r24_c55,landsat9_siberia_fire,LC09_L2SP_158014_20260817_02_T1,LC09_L2SP_158014_20260817_02_T1,24,55,EPSG:32643,626085.00,7303215.00,629925.00,7307055.00,77.8037,65.8418,spatial_block_4fold,3,1,,,0,301.317,304.457,3.1402
l9siberia_r24_c56,landsat9_siberia_fire,LC09_L2SP_158014_20260817_02_T1,LC09_L2SP_158014_20260817_02_T1,24,56,EPSG:32643,629925.00,7303215.00,633765.00,7307055.00,77.8877,65.8402,spatial_block_4fold,3,1,,,0,300.626,305.044,4.41772
l9siberia_r24_c57,landsat9_siberia_fire,LC09_L2SP_158014_20260817_02_T1,LC09_L2SP_158014_20260817_02_T1,24,57,EPSG:32643,633765.00,7303215.00,637605.00,7307055.00,77.9717,65.8386,spatial_block_4fold,3,1,,,0,301.212,303.503,2.29117
l9siberia_r24_c58,landsat9_siberia_fire,LC09_L2SP_158014_20260817_02_T1,LC09_L2SP_158014_20260817_02_T1,24,58,EPSG:32643,637605.00,7303215.00,641445.00,7307055.00,78.0556,65.837,spatial_block_4fold,3,1,,,0,301.17,304.625,3.45432
l9siberia_r24_c59,landsat9_siberia_fire,LC09_L2SP_158014_20260817_02_T1,LC09_L2SP_158014_20260817_02_T1,24,59,EPSG:32643,641445.00,7303215.00,645285.00,7307055.00,78.1396,65.8353,spatial_block_4fold,3,1,,,0,302.152,306.22,4.06812
l9siberia_r24_c60,landsat9_siberia_fire,LC09_L2SP_158014_20260817_02_T1,LC09_L2SP_158014_20260817_02_T1,24,60,EPSG:32643,645285.00,7303215.00,649125.00,7307055.00,78.2235,65.8335,spatial_block_4fold,3,1,,,0,298.409,304.528,6.11884
l9siberia_r25_c10,landsat9_siberia_fire,LC09_L2SP_158014_20260817_02_T1,LC09_L2SP_158014_20260817_02_T1,25,10,EPSG:32643,453285.00,7299375.00,457125.00,7303215.00,74.0195,65.8299,spatial_block_4fold,3,1,,,0,298.783,300.253,1.47003
l9siberia_r25_c11,landsat9_siberia_fire,LC09_L2SP_158014_20260817_02_T1,LC09_L2SP_158014_20260817_02_T1,25,11,EPSG:32643,457125.00,7299375.00,460965.00,7303215.00,74.1036,65.8304,spatial_block_4fold,3,1,,,0,298.962,300.477,1.51489
l9siberia_r25_c12,landsat9_siberia_fire,LC09_L2SP_158014_20260817_02_T1,LC09_L2SP_158014_20260817_02_T1,25,12,EPSG:32643,460965.00,7299375.00,464805.00,7303215.00,74.1876,65.8308,spatial_block_4fold,3,1,,,0,298.874,300.755,1.88046
l9siberia_r25_c13,landsat9_siberia_fire,LC09_L2SP_158014_20260817_02_T1,LC09_L2SP_158014_20260817_02_T1,25,13,EPSG:32643,464805.00,7299375.00,468645.00,7303215.00,74.2716,65.8313,spatial_block_4fold,3,1,,,0,299.301,302.024,2.72351
l9siberia_r25_c14,landsat9_siberia_fire,LC09_L2SP_158014_20260817_02_T1,LC09_L2SP_158014_20260817_02_T1,25,14,EPSG:32643,468645.00,7299375.00,472485.00,7303215.00,74.3557,65.8316,spatial_block_4fold,3,1,,,0,299.01,302.895,3.88513
l9siberia_r25_c15,landsat9_siberia_fire,LC09_L2SP_158014_20260817_02_T1,LC09_L2SP_158014_20260817_02_T1,25,15,EPSG:32643,472485.00,7299375.00,476325.00,7303215.00,74.4397,65.832,spatial_block_4fold,3,1,,,0,298.437,304.047,5.60995
l9siberia_r25_c16,landsat9_siberia_fire,LC09_L2SP_158014_20260817_02_T1,LC09_L2SP_158014_20260817_02_T1,25,16,EPSG:32643,476325.00,7299375.00,480165.00,7303215.00,74.5238,65.8323,spatial_block_4fold,3,1,,,0,299.696,303.139,3.4425
l9siberia_r25_c17,landsat9_siberia_fire,LC09_L2SP_158014_20260817_02_T1,LC09_L2SP_158014_20260817_02_T1,25,17,EPSG:32643,480165.00,7299375.00,484005.00,7303215.00,74.6078,65.8325,spatial_block_4fold,3,1,,,0,299.695,301.813,2.11826
l9siberia_r25_c18,landsat9_siberia_fire,LC09_L2SP_158014_20260817_02_T1,LC09_L2SP_158014_20260817_02_T1,25,18,EPSG:32643,484005.00,7299375.00,487845.00,7303215.00,74.6919,65.8327,spatial_block_4fold,3,1,,,0,300.209,303.019,2.80997
l9siberia_r25_c19,landsat9_siberia_fire,LC09_L2SP_158014_20260817_02_T1,LC09_L2SP_158014_20260817_02_T1,25,19,EPSG:32643,487845.00,7299375.00,491685.00,7303215.00,74.776,65.8328,spatial_block_4fold,3,1,,,0,300.654,306.599,5.94495
l9siberia_r25_c20,landsat9_siberia_fire,LC09_L2SP_158014_20260817_02_T1,LC09_L2SP_158014_20260817_02_T1,25,20,EPSG:32643,491685.00,7299375.00,495525.00,7303215.00,74.86,65.8329,spatial_block_4fold,3,1,,,0,300.024,304.72,4.69577
l9siberia_r25_c21,landsat9_siberia_fire,LC09_L2SP_158014_20260817_02_T1,LC09_L2SP_158014_20260817_02_T1,25,21,EPSG:32643,495525.00,7299375.00,499365.00,7303215.00,74.9441,65.833,spatial_block_4fold,3,1,,,0,299.177,302.617,3.44012
l9siberia_r25_c22,landsat9_siberia_fire,LC09_L2SP_158014_20260817_02_T1,LC09_L2SP_158014_20260817_02_T1,25,22,EPSG:32643,499365.00,7299375.00,503205.00,7303215.00,75.0281,65.833,spatial_block_4fold,3,1,,,0,296.896,300.247,3.35068
l9siberia_r25_c23,landsat9_siberia_fire,LC09_L2SP_158014_20260817_02_T1,LC09_L2SP_158014_20260817_02_T1,25,23,EPSG:32643,503205.00,7299375.00,507045.00,7303215.00,75.1122,65.833,spatial_block_4fold,3,1,,,0,296.553,299.369,2.81598
l9siberia_r25_c24,landsat9_siberia_fire,LC09_L2SP_158014_20260817_02_T1,LC09_L2SP_158014_20260817_02_T1,25,24,EPSG:32643,507045.00,7299375.00,510885.00,7303215.00,75.1962,65.8329,spatial_block_4fold,3,1,,,0,295.663,297.316,1.65298
l9siberia_r25_c35,landsat9_siberia_fire,LC09_L2SP_158014_20260817_02_T1,LC09_L2SP_158014_20260817_02_T1,25,35,EPSG:32643,549285.00,7299375.00,553125.00,7303215.00,76.1207,65.8289,spatial_block_4fold,2,1,,,0,298.348,300.877,2.52835
l9siberia_r25_c36,landsat9_siberia_fire,LC09_L2SP_158014_20260817_02_T1,LC09_L2SP_158014_20260817_02_T1,25,36,EPSG:32643,553125.00,7299375.00,556965.00,7303215.00,76.2048,65.8283,spatial_block_4fold,2,1,,,0,298.3,300.889,2.58899
l9siberia_r25_c37,landsat9_siberia_fire,LC09_L2SP_158014_20260817_02_T1,LC09_L2SP_158014_20260817_02_T1,25,37,EPSG:32643,556965.00,7299375.00,560805.00,7303215.00,76.2888,65.8276,spatial_block_4fold,2,1,,,0,297.83,302.986,5.15598
l9siberia_r25_c38,landsat9_siberia_fire,LC09_L2SP_158014_20260817_02_T1,LC09_L2SP_158014_20260817_02_T1,25,38,EPSG:32643,560805.00,7299375.00,564645.00,7303215.00,76.3728,65.8268,spatial_block_4fold,2,1,,,0,301.639,304.181,2.54205
l9siberia_r25_c39,landsat9_siberia_fire,LC09_L2SP_158014_20260817_02_T1,LC09_L2SP_158014_20260817_02_T1,25,39,EPSG:32643,564645.00,7299375.00,568485.00,7303215.00,76.4568,65.8261,spatial_block_4fold,2,1,,,0,302.635,305.538,2.90228
l9siberia_r25_c40,landsat9_siberia_fire,LC09_L2SP_158014_20260817_02_T1,LC09_L2SP_158014_20260817_02_T1,25,40,EPSG:32643,568485.00,7299375.00,572325.00,7303215.00,76.5408,65.8252,spatial_block_4fold,2,1,,,0,301.562,304.666,3.10403
l9siberia_r25_c41,landsat9_siberia_fire,LC09_L2SP_158014_20260817_02_T1,LC09_L2SP_158014_20260817_02_T1,25,41,EPSG:32643,572325.00,7299375.00,576165.00,7303215.00,76.6248,65.8244,spatial_block_4fold,2,1,,,0,300.839,303.286,2.44644
l9siberia_r25_c42,landsat9_siberia_fire,LC09_L2SP_158014_20260817_02_T1,LC09_L2SP_158014_20260817_02_T1,25,42,EPSG:32643,576165.00,7299375.00,580005.00,7303215.00,76.7088,65.8235,spatial_block_4fold,2,1,,,0,300.69,307.591,6.90021
l9siberia_r25_c43,landsat9_siberia_fire,LC09_L2SP_158014_20260817_02_T1,LC09_L2SP_158014_20260817_02_T1,25,43,EPSG:32643,580005.00,7299375.00,583845.00,7303215.00,76.7928,65.8225,spatial_block_4fold,2,1,,,0,299.567,303.42,3.85382
l9siberia_r25_c44,landsat9_siberia_fire,LC09_L2SP_158014_20260817_02_T1,LC09_L2SP_158014_20260817_02_T1,25,44,EPSG:32643,583845.00,7299375.00,587685.00,7303215.00,76.8768,65.8215,spatial_block_4fold,2,1,,,1,300.197,306.365,6.16739
l9siberia_r25_c45,landsat9_siberia_fire,LC09_L2SP_158014_20260817_02_T1,LC09_L2SP_158014_20260817_02_T1,25,45,EPSG:32643,587685.00,7299375.00,591525.00,7303215.00,76.9607,65.8204,spatial_block_4fold,2,1,,,0,300.708,304.308,3.60016
l9siberia_r25_c46,landsat9_siberia_fire,LC09_L2SP_158014_20260817_02_T1,LC09_L2SP_158014_20260817_02_T1,25,46,EPSG:32643,591525.00,7299375.00,595365.00,7303215.00,77.0447,65.8193,spatial_block_4fold,2,1,,,0,301.56,305.039,3.47943
l9siberia_r25_c47,landsat9_siberia_fire,LC09_L2SP_158014_20260817_02_T1,LC09_L2SP_158014_20260817_02_T1,25,47,EPSG:32643,595365.00,7299375.00,599205.00,7303215.00,77.1287,65.8182,spatial_block_4fold,2,1,,,0,301.463,304.56,3.09756
l9siberia_r25_c48,landsat9_siberia_fire,LC09_L2SP_158014_20260817_02_T1,LC09_L2SP_158014_20260817_02_T1,25,48,EPSG:32643,599205.00,7299375.00,603045.00,7303215.00,77.2126,65.817,spatial_block_4fold,2,1,,,1,300.866,309.622,8.75558
l9siberia_r25_c49,landsat9_siberia_fire,LC09_L2SP_158014_20260817_02_T1,LC09_L2SP_158014_20260817_02_T1,25,49,EPSG:32643,603045.00,7299375.00,606885.00,7303215.00,77.2965,65.8158,spatial_block_4fold,2,1,,,0,300.327,306.257,5.92947
l9siberia_r25_c50,landsat9_siberia_fire,LC09_L2SP_158014_20260817_02_T1,LC09_L2SP_158014_20260817_02_T1,25,50,EPSG:32643,606885.00,7299375.00,610725.00,7303215.00,77.3805,65.8145,spatial_block_4fold,3,1,,,0,301.139,307.538,6.39893
l9siberia_r25_c51,landsat9_siberia_fire,LC09_L2SP_158014_20260817_02_T1,LC09_L2SP_158014_20260817_02_T1,25,51,EPSG:32643,610725.00,7299375.00,614565.00,7303215.00,77.4644,65.8132,spatial_block_4fold,3,1,,,0,301.035,303.803,2.76813
l9siberia_r25_c52,landsat9_siberia_fire,LC09_L2SP_158014_20260817_02_T1,LC09_L2SP_158014_20260817_02_T1,25,52,EPSG:32643,614565.00,7299375.00,618405.00,7303215.00,77.5483,65.8118,spatial_block_4fold,3,1,,,0,301.348,303.166,1.81726
l9siberia_r25_c53,landsat9_siberia_fire,LC09_L2SP_158014_20260817_02_T1,LC09_L2SP_158014_20260817_02_T1,25,53,EPSG:32643,618405.00,7299375.00,622245.00,7303215.00,77.6322,65.8104,spatial_block_4fold,3,1,,,0,298.841,303.425,4.58435
l9siberia_r25_c54,landsat9_siberia_fire,LC09_L2SP_158014_20260817_02_T1,LC09_L2SP_158014_20260817_02_T1,25,54,EPSG:32643,622245.00,7299375.00,626085.00,7303215.00,77.7161,65.8089,spatial_block_4fold,3,1,,,0,300.654,303.231,2.57709
l9siberia_r25_c55,landsat9_siberia_fire,LC09_L2SP_158014_20260817_02_T1,LC09_L2SP_158014_20260817_02_T1,25,55,EPSG:32643,626085.00,7299375.00,629925.00,7303215.00,77.8,65.8074,spatial_block_4fold,3,1,,,0,301.188,304.129,2.94028
l9siberia_r25_c56,landsat9_siberia_fire,LC09_L2SP_158014_20260817_02_T1,LC09_L2SP_158014_20260817_02_T1,25,56,EPSG:32643,629925.00,7299375.00,633765.00,7303215.00,77.8838,65.8058,spatial_block_4fold,3,1,,,0,301.263,304.146,2.88327
l9siberia_r25_c57,landsat9_siberia_fire,LC09_L2SP_158014_20260817_02_T1,LC09_L2SP_158014_20260817_02_T1,25,57,EPSG:32643,633765.00,7299375.00,637605.00,7303215.00,77.9677,65.8042,spatial_block_4fold,3,1,,,0,301.69,304.059,2.36877
l9siberia_r25_c58,landsat9_siberia_fire,LC09_L2SP_158014_20260817_02_T1,LC09_L2SP_158014_20260817_02_T1,25,58,EPSG:32643,637605.00,7299375.00,641445.00,7303215.00,78.0515,65.8026,spatial_block_4fold,3,1,,,0,301.649,305.961,4.31186
l9siberia_r25_c59,landsat9_siberia_fire,LC09_L2SP_158014_20260817_02_T1,LC09_L2SP_158014_20260817_02_T1,25,59,EPSG:32643,641445.00,7299375.00,645285.00,7303215.00,78.1354,65.8009,spatial_block_4fold,3,1,,,0,301.581,304.987,3.40607
l9siberia_r25_c60,landsat9_siberia_fire,LC09_L2SP_158014_20260817_02_T1,LC09_L2SP_158014_20260817_02_T1,25,60,EPSG:32643,645285.00,7299375.00,649125.00,7303215.00,78.2192,65.7991,spatial_block_4fold,3,1,,,0,299.159,304.424,5.2655
l9siberia_r26_c09,landsat9_siberia_fire,LC09_L2SP_158014_20260817_02_T1,LC09_L2SP_158014_20260817_02_T1,26,9,EPSG:32643,449445.00,7295535.00,453285.00,7299375.00,73.9369,65.7948,spatial_block_4fold,3,1,,,0,298.463,300.608,2.14499
l9siberia_r26_c10,landsat9_siberia_fire,LC09_L2SP_158014_20260817_02_T1,LC09_L2SP_158014_20260817_02_T1,26,10,EPSG:32643,453285.00,7295535.00,457125.00,7299375.00,74.0208,65.7954,spatial_block_4fold,3,1,,,0,298.368,300.842,2.47348
l9siberia_r26_c11,landsat9_siberia_fire,LC09_L2SP_158014_20260817_02_T1,LC09_L2SP_158014_20260817_02_T1,26,11,EPSG:32643,457125.00,7295535.00,460965.00,7299375.00,74.1048,65.7959,spatial_block_4fold,3,1,,,0,298.642,300.191,1.5488
l9siberia_r26_c12,landsat9_siberia_fire,LC09_L2SP_158014_20260817_02_T1,LC09_L2SP_158014_20260817_02_T1,26,12,EPSG:32643,460965.00,7295535.00,464805.00,7299375.00,74.1887,65.7964,spatial_block_4fold,3,1,,,0,298.39,300.595,2.20511
l9siberia_r26_c13,landsat9_siberia_fire,LC09_L2SP_158014_20260817_02_T1,LC09_L2SP_158014_20260817_02_T1,26,13,EPSG:32643,464805.00,7295535.00,468645.00,7299375.00,74.2726,65.7968,spatial_block_4fold,3,1,,,0,297.882,302.097,4.21561
l9siberia_r26_c14,landsat9_siberia_fire,LC09_L2SP_158014_20260817_02_T1,LC09_L2SP_158014_20260817_02_T1,26,14,EPSG:32643,468645.00,7295535.00,472485.00,7299375.00,74.3566,65.7972,spatial_block_4fold,3,1,,,0,299.826,303.073,3.24692
l9siberia_r26_c15,landsat9_siberia_fire,LC09_L2SP_158014_20260817_02_T1,LC09_L2SP_158014_20260817_02_T1,26,15,EPSG:32643,472485.00,7295535.00,476325.00,7299375.00,74.4405,65.7975,spatial_block_4fold,3,1,,,0,300.478,303.089,2.61111
l9siberia_r26_c16,landsat9_siberia_fire,LC09_L2SP_158014_20260817_02_T1,LC09_L2SP_158014_20260817_02_T1,26,16,EPSG:32643,476325.00,7295535.00,480165.00,7299375.00,74.5244,65.7978,spatial_block_4fold,3,1,,,0,299.829,303.939,4.10999
l9siberia_r26_c17,landsat9_siberia_fire,LC09_L2SP_158014_20260817_02_T1,LC09_L2SP_158014_20260817_02_T1,26,17,EPSG:32643,480165.00,7295535.00,484005.00,7299375.00,74.6084,65.798,spatial_block_4fold,3,1,,,0,299.294,301.982,2.68814
l9siberia_r26_c18,landsat9_siberia_fire,LC09_L2SP_158014_20260817_02_T1,LC09_L2SP_158014_20260817_02_T1,26,18,EPSG:32643,484005.00,7295535.00,487845.00,7299375.00,74.6923,65.7982,spatial_block_4fold,3,1,,,0,299.298,302.075,2.7775
l9siberia_r26_c19,landsat9_siberia_fire,LC09_L2SP_158014_20260817_02_T1,LC09_L2SP_158014_20260817_02_T1,26,19,EPSG:32643,487845.00,7295535.00,491685.00,7299375.00,74.7763,65.7984,spatial_block_4fold,3,1,,,0,299.173,303.739,4.56653
l9siberia_r26_c20,landsat9_siberia_fire,LC09_L2SP_158014_20260817_02_T1,LC09_L2SP_158014_20260817_02_T1,26,20,EPSG:32643,491685.00,7295535.00,495525.00,7299375.00,74.8602,65.7985,spatial_block_4fold,3,1,,,0,301.322,305.82,4.49734
l9siberia_r26_c21,landsat9_siberia_fire,LC09_L2SP_158014_20260817_02_T1,LC09_L2SP_158014_20260817_02_T1,26,21,EPSG:32643,495525.00,7295535.00,499365.00,7299375.00,74.9441,65.7985,spatial_block_4fold,3,1,,,0,300.528,303.94,3.41229
l9siberia_r26_c22,landsat9_siberia_fire,LC09_L2SP_158014_20260817_02_T1,LC09_L2SP_158014_20260817_02_T1,26,22,EPSG:32643,499365.00,7295535.00,503205.00,7299375.00,75.0281,65.7985,spatial_block_4fold,3,1,,,0,299.493,302.977,3.48428
l9siberia_r26_c23,landsat9_siberia_fire,LC09_L2SP_158014_20260817_02_T1,LC09_L2SP_158014_20260817_02_T1,26,23,EPSG:32643,503205.00,7295535.00,507045.00,7299375.00,75.112,65.7985,spatial_block_4fold,3,1,,,0,296.962,301.542,4.57999
l9siberia_r26_c24,landsat9_siberia_fire,LC09_L2SP_158014_20260817_02_T1,LC09_L2SP_158014_20260817_02_T1,26,24,EPSG:32643,507045.00,7295535.00,510885.00,7299375.00,75.196,65.7984,spatial_block_4fold,3,1,,,0,296.454,303.115,6.66174
l9siberia_r26_c26,landsat9_siberia_fire,LC09_L2SP_158014_20260817_02_T1,LC09_L2SP_158014_20260817_02_T1,26,26,EPSG:32643,514725.00,7295535.00,518565.00,7299375.00,75.3639,65.7981,spatial_block_4fold,3,1,,,0,296.423,299.19,2.76709
l9siberia_r26_c35,landsat9_siberia_fire,LC09_L2SP_158014_20260817_02_T1,LC09_L2SP_158014_20260817_02_T1,26,35,EPSG:32643,549285.00,7295535.00,553125.00,7299375.00,76.1192,65.7944,spatial_block_4fold,2,1,,,0,298.252,300.562,2.31015
l9siberia_r26_c36,landsat9_siberia_fire,LC09_L2SP_158014_20260817_02_T1,LC09_L2SP_158014_20260817_02_T1,26,36,EPSG:32643,553125.00,7295535.00,556965.00,7299375.00,76.2032,65.7938,spatial_block_4fold,2,1,,,0,297.772,300.435,2.66272
l9siberia_r26_c37,landsat9_siberia_fire,LC09_L2SP_158014_20260817_02_T1,LC09_L2SP_158014_20260817_02_T1,26,37,EPSG:32643,556965.00,7295535.00,560805.00,7299375.00,76.2871,65.7931,spatial_block_4fold,2,1,,,0,297.031,298.847,1.81604
l9siberia_r26_c38,landsat9_siberia_fire,LC09_L2SP_158014_20260817_02_T1,LC09_L2SP_158014_20260817_02_T1,26,38,EPSG:32643,560805.00,7295535.00,564645.00,7299375.00,76.371,65.7924,spatial_block_4fold,2,1,,,0,297.683,303.842,6.15909
l9siberia_r26_c39,landsat9_siberia_fire,LC09_L2SP_158014_20260817_02_T1,LC09_L2SP_158014_20260817_02_T1,26,39,EPSG:32643,564645.00,7295535.00,568485.00,7299375.00,76.4549,65.7916,spatial_block_4fold,2,1,,,0,300.072,305.472,5.40012
l9siberia_r26_c40,landsat9_siberia_fire,LC09_L2SP_158014_20260817_02_T1,LC09_L2SP_158014_20260817_02_T1,26,40,EPSG:32643,568485.00,7295535.00,572325.00,7299375.00,76.5388,65.7908,spatial_block_4fold,2,1,,,0,300.973,305.695,4.72238
l9siberia_r26_c41,landsat9_siberia_fire,LC09_L2SP_158014_20260817_02_T1,LC09_L2SP_158014_20260817_02_T1,26,41,EPSG:32643,572325.00,7295535.00,576165.00,7299375.00,76.6226,65.7899,spatial_block_4fold,2,1,,,0,300.733,306.915,6.18176
l9siberia_r26_c42,landsat9_siberia_fire,LC09_L2SP_158014_20260817_02_T1,LC09_L2SP_158014_20260817_02_T1,26,42,EPSG:32643,576165.00,7295535.00,580005.00,7299375.00,76.7065,65.789,spatial_block_4fold,2,1,,,0,300.64,307.939,7.29828
l9siberia_r26_c43,landsat9_siberia_fire,LC09_L2SP_158014_20260817_02_T1,LC09_L2SP_158014_20260817_02_T1,26,43,EPSG:32643,580005.00,7295535.00,583845.00,7299375.00,76.7904,65.7881,spatial_block_4fold,2,1,,,0,300.672,303.256,2.58374
l9siberia_r26_c44,landsat9_siberia_fire,LC09_L2SP_158014_20260817_02_T1,LC09_L2SP_158014_20260817_02_T1,26,44,EPSG:32643,583845.00,7295535.00,587685.00,7299375.00,76.8743,65.7871,spatial_block_4fold,2,1,,,0,301.422,303.868,2.44574
l9siberia_r26_c45,landsat9_siberia_fire,LC09_L2SP_158014_20260817_02_T1,LC09_L2SP_158014_20260817_02_T1,26,45,EPSG:32643,587685.00,7295535.00,591525.00,7299375.00,76.9581,65.786,spatial_block_4fold,2,1,,,0,300.554,304.36,3.80554
l9siberia_r26_c46,landsat9_siberia_fire,LC09_L2SP_158014_20260817_02_T1,LC09_L2SP_158014_20260817_02_T1,26,46,EPSG:32643,591525.00,7295535.00,595365.00,7299375.00,77.042,65.7849,spatial_block_4fold,2,1,,,0,300.986,304.355,3.36823
l9siberia_r26_c50,landsat9_siberia_fire,LC09_L2SP_158014_20260817_02_T1,LC09_L2SP_158014_20260817_02_T1,26,50,EPSG:32643,606885.00,7295535.00,610725.00,7299375.00,77.3773,65.7801,spatial_block_4fold,3,1,,,0,301.7,309.352,7.65179
l9siberia_r26_c51,landsat9_siberia_fire,LC09_L2SP_158014_20260817_02_T1,LC09_L2SP_158014_20260817_02_T1,26,51,EPSG:32643,610725.00,7295535.00,614565.00,7299375.00,77.4611,65.7787,spatial_block_4fold,3,1,,,0,301.154,308.648,7.49393
l9siberia_r26_c52,landsat9_siberia_fire,LC09_L2SP_158014_20260817_02_T1,LC09_L2SP_158014_20260817_02_T1,26,52,EPSG:32643,614565.00,7295535.00,618405.00,7299375.00,77.5449,65.7774,spatial_block_4fold,3,1,,,0,301.223,303.746,2.52328
l9siberia_r26_c53,landsat9_siberia_fire,LC09_L2SP_158014_20260817_02_T1,LC09_L2SP_158014_20260817_02_T1,26,53,EPSG:32643,618405.00,7295535.00,622245.00,7299375.00,77.6287,65.776,spatial_block_4fold,3,1,,,0,300.938,303.717,2.77911
l9siberia_r26_c54,landsat9_siberia_fire,LC09_L2SP_158014_20260817_02_T1,LC09_L2SP_158014_20260817_02_T1,26,54,EPSG:32643,622245.00,7295535.00,626085.00,7299375.00,77.7125,65.7745,spatial_block_4fold,3,1,,,0,299.824,303.335,3.51093
l9siberia_r26_c55,landsat9_siberia_fire,LC09_L2SP_158014_20260817_02_T1,LC09_L2SP_158014_20260817_02_T1,26,55,EPSG:32643,626085.00,7295535.00,629925.00,7299375.00,77.7962,65.773,spatial_block_4fold,3,1,,,0,301.407,303.934,2.52728
l9siberia_r26_c56,landsat9_siberia_fire,LC09_L2SP_158014_20260817_02_T1,LC09_L2SP_158014_20260817_02_T1,26,56,EPSG:32643,629925.00,7295535.00,633765.00,7299375.00,77.88,65.7714,spatial_block_4fold,3,1,,,0,300.933,302.94,2.00681
l9siberia_r26_c57,landsat9_siberia_fire,LC09_L2SP_158014_20260817_02_T1,LC09_L2SP_158014_20260817_02_T1,26,57,EPSG:32643,633765.00,7295535.00,637605.00,7299375.00,77.9637,65.7698,spatial_block_4fold,3,1,,,0,301.346,304.703,3.35693
l9siberia_r26_c58,landsat9_siberia_fire,LC09_L2SP_158014_20260817_02_T1,LC09_L2SP_158014_20260817_02_T1,26,58,EPSG:32643,637605.00,7295535.00,641445.00,7299375.00,78.0475,65.7682,spatial_block_4fold,3,1,,,0,301.628,304.332,2.70331
l9siberia_r26_c59,landsat9_siberia_fire,LC09_L2SP_158014_20260817_02_T1,LC09_L2SP_158014_20260817_02_T1,26,59,EPSG:32643,641445.00,7295535.00,645285.00,7299375.00,78.1312,65.7665,spatial_block_4fold,3,1,,,0,301.803,308.557,6.75354
l9siberia_r26_c60,landsat9_siberia_fire,LC09_L2SP_158014_20260817_02_T1,LC09_L2SP_158014_20260817_02_T1,26,60,EPSG:32643,645285.00,7295535.00,649125.00,7299375.00,78.2149,65.7647,spatial_block_4fold,3,1,,,0,298.666,304.702,6.03629
l9siberia_r27_c09,landsat9_siberia_fire,LC09_L2SP_158014_20260817_02_T1,LC09_L2SP_158014_20260817_02_T1,27,9,EPSG:32643,449445.00,7291695.00,453285.00,7295535.00,73.9383,65.7604,spatial_block_4fold,3,1,,,0,298.649,301.382,2.73291
l9siberia_r27_c10,landsat9_siberia_fire,LC09_L2SP_158014_20260817_02_T1,LC09_L2SP_158014_20260817_02_T1,27,10,EPSG:32643,453285.00,7291695.00,457125.00,7295535.00,74.0221,65.761,spatial_block_4fold,3,1,,,0,299.294,303.828,4.53455
l9siberia_r27_c11,landsat9_siberia_fire,LC09_L2SP_158014_20260817_02_T1,LC09_L2SP_158014_20260817_02_T1,27,11,EPSG:32643,457125.00,7291695.00,460965.00,7295535.00,74.106,65.7615,spatial_block_4fold,3,1,,,0,299.614,302.297,2.68292
l9siberia_r27_c12,landsat9_siberia_fire,LC09_L2SP_158014_20260817_02_T1,LC09_L2SP_158014_20260817_02_T1,27,12,EPSG:32643,460965.00,7291695.00,464805.00,7295535.00,74.1898,65.7619,spatial_block_4fold,3,1,,,0,297.975,302.046,4.07111
l9siberia_r27_c13,landsat9_siberia_fire,LC09_L2SP_158014_20260817_02_T1,LC09_L2SP_158014_20260817_02_T1,27,13,EPSG:32643,464805.00,7291695.00,468645.00,7295535.00,74.2736,65.7624,spatial_block_4fold,3,1,,,0,296.267,301.373,5.10574
l9siberia_r27_c14,landsat9_siberia_fire,LC09_L2SP_158014_20260817_02_T1,LC09_L2SP_158014_20260817_02_T1,27,14,EPSG:32643,468645.00,7291695.00,472485.00,7295535.00,74.3574,65.7627,spatial_block_4fold,3,1,,,1,300.004,305.711,5.70709
l9siberia_r27_c15,landsat9_siberia_fire,LC09_L2SP_158014_20260817_02_T1,LC09_L2SP_158014_20260817_02_T1,27,15,EPSG:32643,472485.00,7291695.00,476325.00,7295535.00,74.4412,65.7631,spatial_block_4fold,3,1,,,1,302.21,309.035,6.82443
l9siberia_r27_c16,landsat9_siberia_fire,LC09_L2SP_158014_20260817_02_T1,LC09_L2SP_158014_20260817_02_T1,27,16,EPSG:32643,476325.00,7291695.00,480165.00,7295535.00,74.5251,65.7634,spatial_block_4fold,3,1,,,0,300.328,302.231,1.90265
l9siberia_r27_c17,landsat9_siberia_fire,LC09_L2SP_158014_20260817_02_T1,LC09_L2SP_158014_20260817_02_T1,27,17,EPSG:32643,480165.00,7291695.00,484005.00,7295535.00,74.6089,65.7636,spatial_block_4fold,3,1,,,0,299.544,302.538,2.99414
l9siberia_r27_c18,landsat9_siberia_fire,LC09_L2SP_158014_20260817_02_T1,LC09_L2SP_158014_20260817_02_T1,27,18,EPSG:32643,484005.00,7291695.00,487845.00,7295535.00,74.6927,65.7638,spatial_block_4fold,3,1,,,0,300.091,301.778,1.68735
l9siberia_r27_c19,landsat9_siberia_fire,LC09_L2SP_158014_20260817_02_T1,LC09_L2SP_158014_20260817_02_T1,27,19,EPSG:32643,487845.00,7291695.00,491685.00,7295535.00,74.7766,65.7639,spatial_block_4fold,3,1,,,0,299.065,301.437,2.37213
l9siberia_r27_c20,landsat9_siberia_fire,LC09_L2SP_158014_20260817_02_T1,LC09_L2SP_158014_20260817_02_T1,27,20,EPSG:32643,491685.00,7291695.00,495525.00,7295535.00,74.8604,65.764,spatial_block_4fold,3,1,,,0,299.248,305.053,5.80518
l9siberia_r27_c21,landsat9_siberia_fire,LC09_L2SP_158014_20260817_02_T1,LC09_L2SP_158014_20260817_02_T1,27,21,EPSG:32643,495525.00,7291695.00,499365.00,7295535.00,74.9442,65.7641,spatial_block_4fold,3,1,,,0,299.883,305.162,5.27863
l9siberia_r27_c22,landsat9_siberia_fire,LC09_L2SP_158014_20260817_02_T1,LC09_L2SP_158014_20260817_02_T1,27,22,EPSG:32643,499365.00,7291695.00,503205.00,7295535.00,75.0281,65.7641,spatial_block_4fold,3,1,,,0,300.27,303.835,3.56467
l9siberia_r27_c23,landsat9_siberia_fire,LC09_L2SP_158014_20260817_02_T1,LC09_L2SP_158014_20260817_02_T1,27,23,EPSG:32643,503205.00,7291695.00,507045.00,7295535.00,75.1119,65.764,spatial_block_4fold,3,1,,,0,299.733,301.71,1.97726
l9siberia_r27_c34,landsat9_siberia_fire,LC09_L2SP_158014_20260817_02_T1,LC09_L2SP_158014_20260817_02_T1,27,34,EPSG:32643,545445.00,7291695.00,549285.00,7295535.00,76.0339,65.7606,spatial_block_4fold,2,1,,,0,299.839,303.475,3.63577
l9siberia_r27_c35,landsat9_siberia_fire,LC09_L2SP_158014_20260817_02_T1,LC09_L2SP_158014_20260817_02_T1,27,35,EPSG:32643,549285.00,7291695.00,553125.00,7295535.00,76.1178,65.76,spatial_block_4fold,2,1,,,0,299.055,302.236,3.18149
l9siberia_r27_c36,landsat9_siberia_fire,LC09_L2SP_158014_20260817_02_T1,LC09_L2SP_158014_20260817_02_T1,27,36,EPSG:32643,553125.00,7291695.00,556965.00,7295535.00,76.2016,65.7594,spatial_block_4fold,2,1,,,0,299.056,303.868,4.81207
l9siberia_r27_c37,landsat9_siberia_fire,LC09_L2SP_158014_20260817_02_T1,LC09_L2SP_158014_20260817_02_T1,27,37,EPSG:32643,556965.00,7291695.00,560805.00,7295535.00,76.2853,65.7587,spatial_block_4fold,2,1,,,0,299.366,304.947,5.58069
l9siberia_r27_c38,landsat9_siberia_fire,LC09_L2SP_158014_20260817_02_T1,LC09_L2SP_158014_20260817_02_T1,27,38,EPSG:32643,560805.00,7291695.00,564645.00,7295535.00,76.3691,65.758,spatial_block_4fold,2,1,,,0,298.547,302.055,3.5087
l9siberia_r27_c39,landsat9_siberia_fire,LC09_L2SP_158014_20260817_02_T1,LC09_L2SP_158014_20260817_02_T1,27,39,EPSG:32643,564645.00,7291695.00,568485.00,7295535.00,76.4529,65.7572,spatial_block_4fold,2,1,,,0,298.419,300.9,2.48062
l9siberia_r27_c40,landsat9_siberia_fire,LC09_L2SP_158014_20260817_02_T1,LC09_L2SP_158014_20260817_02_T1,27,40,EPSG:32643,568485.00,7291695.00,572325.00,7295535.00,76.5367,65.7564,spatial_block_4fold,2,1,,,0,299.978,302.926,2.94867
l9siberia_r27_c41,landsat9_siberia_fire,LC09_L2SP_158014_20260817_02_T1,LC09_L2SP_158014_20260817_02_T1,27,41,EPSG:32643,572325.00,7291695.00,576165.00,7295535.00,76.6205,65.7555,spatial_block_4fold,2,1,,,1,300.966,326.548,25.5821
l9siberia_r27_c42,landsat9_siberia_fire,LC09_L2SP_158014_20260817_02_T1,LC09_L2SP_158014_20260817_02_T1,27,42,EPSG:32643,576165.00,7291695.00,580005.00,7295535.00,76.7042,65.7546,spatial_block_4fold,2,1,,,0,301.014,304.443,3.42908
l9siberia_r27_c43,landsat9_siberia_fire,LC09_L2SP_158014_20260817_02_T1,LC09_L2SP_158014_20260817_02_T1,27,43,EPSG:32643,580005.00,7291695.00,583845.00,7295535.00,76.788,65.7536,spatial_block_4fold,2,1,,,0,300.499,304.199,3.70047
l9siberia_r27_c47,landsat9_siberia_fire,LC09_L2SP_158014_20260817_02_T1,LC09_L2SP_158014_20260817_02_T1,27,47,EPSG:32643,595365.00,7291695.00,599205.00,7295535.00,77.123,65.7493,spatial_block_4fold,2,1,,,0,301.924,309.09,7.16531
l9siberia_r27_c50,landsat9_siberia_fire,LC09_L2SP_158014_20260817_02_T1,LC09_L2SP_158014_20260817_02_T1,27,50,EPSG:32643,606885.00,7291695.00,610725.00,7295535.00,77.3741,65.7456,spatial_block_4fold,3,1,,,0,300.172,308.408,8.23611
l9siberia_r27_c51,landsat9_siberia_fire,LC09_L2SP_158014_20260817_02_T1,LC09_L2SP_158014_20260817_02_T1,27,51,EPSG:32643,610725.00,7291695.00,614565.00,7295535.00,77.4578,65.7443,spatial_block_4fold,3,1,,,0,301.342,308.079,6.73627
l9siberia_r27_c52,landsat9_siberia_fire,LC09_L2SP_158014_20260817_02_T1,LC09_L2SP_158014_20260817_02_T1,27,52,EPSG:32643,614565.00,7291695.00,618405.00,7295535.00,77.5415,65.743,spatial_block_4fold,3,1,,,0,301.491,304.539,3.04776
l9siberia_r27_c53,landsat9_siberia_fire,LC09_L2SP_158014_20260817_02_T1,LC09_L2SP_158014_20260817_02_T1,27,53,EPSG:32643,618405.00,7291695.00,622245.00,7295535.00,77.6252,65.7415,spatial_block_4fold,3,1,,,0,301.381,303.511,2.12949
l9siberia_r27_c54,landsat9_siberia_fire,LC09_L2SP_158014_20260817_02_T1,LC09_L2SP_158014_20260817_02_T1,27,54,EPSG:32643,622245.00,7291695.00,626085.00,7295535.00,77.7089,65.7401,spatial_block_4fold,3,1,,,0,301.424,304.957,3.53284
l9siberia_r27_c55,landsat9_siberia_fire,LC09_L2SP_158014_20260817_02_T1,LC09_L2SP_158014_20260817_02_T1,27,55,EPSG:32643,626085.00,7291695.00,629925.00,7295535.00,77.7925,65.7386,spatial_block_4fold,3,1,,,0,302.371,304.195,1.82474
l9siberia_r27_c56,landsat9_siberia_fire,LC09_L2SP_158014_20260817_02_T1,LC09_L2SP_158014_20260817_02_T1,27,56,EPSG:32643,629925.00,7291695.00,633765.00,7295535.00,77.8762,65.737,spatial_block_4fold,3,1,,,0,301.249,303.141,1.89206
l9siberia_r27_c57,landsat9_siberia_fire,LC09_L2SP_158014_20260817_02_T1,LC09_L2SP_158014_20260817_02_T1,27,57,EPSG:32643,633765.00,7291695.00,637605.00,7295535.00,77.9598,65.7354,spatial_block_4fold,3,1,,,0,301.588,304.388,2.80066
l9siberia_r27_c58,landsat9_siberia_fire,LC09_L2SP_158014_20260817_02_T1,LC09_L2SP_158014_20260817_02_T1,27,58,EPSG:32643,637605.00,7291695.00,641445.00,7295535.00,78.0434,65.7338,spatial_block_4fold,3,1,,,0,301.981,309.847,7.86664
l9siberia_r27_c59,landsat9_siberia_fire,LC09_L2SP_158014_20260817_02_T1,LC09_L2SP_158014_20260817_02_T1,27,59,EPSG:32643,641445.00,7291695.00,645285.00,7295535.00,78.127,65.7321,spatial_block_4fold,3,1,,,0,301.499,308.693,7.19412
l9siberia_r28_c08,landsat9_siberia_fire,LC09_L2SP_158014_20260817_02_T1,LC09_L2SP_158014_20260817_02_T1,28,8,EPSG:32643,445605.00,7287855.00,449445.00,7291695.00,73.8561,65.7254,spatial_block_4fold,3,1,,,0,298.547,300.055,1.50732
l9siberia_r28_c09,landsat9_siberia_fire,LC09_L2SP_158014_20260817_02_T1,LC09_L2SP_158014_20260817_02_T1,28,9,EPSG:32643,449445.00,7287855.00,453285.00,7291695.00,73.9398,65.726,spatial_block_4fold,3,1,,,0,298.873,301.38,2.5072
l9siberia_r28_c10,landsat9_siberia_fire,LC09_L2SP_158014_20260817_02_T1,LC09_L2SP_158014_20260817_02_T1,28,10,EPSG:32643,453285.00,7287855.00,457125.00,7291695.00,74.0234,65.7265,spatial_block_4fold,3,1,,,0,298.621,302.29,3.66904
l9siberia_r28_c11,landsat9_siberia_fire,LC09_L2SP_158014_20260817_02_T1,LC09_L2SP_158014_20260817_02_T1,28,11,EPSG:32643,457125.00,7287855.00,460965.00,7291695.00,74.1071,65.727,spatial_block_4fold,3,1,,,0,298.142,304.354,6.21173
l9siberia_r28_c12,landsat9_siberia_fire,LC09_L2SP_158014_20260817_02_T1,LC09_L2SP_158014_20260817_02_T1,28,12,EPSG:32643,460965.00,7287855.00,464805.00,7291695.00,74.1909,65.7275,spatial_block_4fold,3,1,,,0,297.214,300.948,3.7345
l9siberia_r28_c13,landsat9_siberia_fire,LC09_L2SP_158014_20260817_02_T1,LC09_L2SP_158014_20260817_02_T1,28,13,EPSG:32643,464805.00,7287855.00,468645.00,7291695.00,74.2746,65.7279,spatial_block_4fold,3,1,,,0,299.826,306.25,6.42453
l9siberia_r28_c14,landsat9_siberia_fire,LC09_L2SP_158014_20260817_02_T1,LC09_L2SP_158014_20260817_02_T1,28,14,EPSG:32643,468645.00,7287855.00,472485.00,7291695.00,74.3583,65.7283,spatial_block_4fold,3,1,,,1,299.042,311.189,12.1473
l9siberia_r28_c15,landsat9_siberia_fire,LC09_L2SP_158014_20260817_02_T1,LC09_L2SP_158014_20260817_02_T1,28,15,EPSG:32643,472485.00,7287855.00,476325.00,7291695.00,74.442,65.7286,spatial_block_4fold,3,1,,,0,300.023,305.66,5.63693
l9siberia_r28_c16,landsat9_siberia_fire,LC09_L2SP_158014_20260817_02_T1,LC09_L2SP_158014_20260817_02_T1,28,16,EPSG:32643,476325.00,7287855.00,480165.00,7291695.00,74.5257,65.7289,spatial_block_4fold,3,1,,,0,300.074,302.043,1.96951
l9siberia_r28_c17,landsat9_siberia_fire,LC09_L2SP_158014_20260817_02_T1,LC09_L2SP_158014_20260817_02_T1,28,17,EPSG:32643,480165.00,7287855.00,484005.00,7291695.00,74.6094,65.7291,spatial_block_4fold,3,1,,,0,300.204,302.454,2.25006
l9siberia_r28_c18,landsat9_siberia_fire,LC09_L2SP_158014_20260817_02_T1,LC09_L2SP_158014_20260817_02_T1,28,18,EPSG:32643,484005.00,7287855.00,487845.00,7291695.00,74.6931,65.7293,spatial_block_4fold,3,1,,,0,299.268,303.041,3.77313
l9siberia_r28_c19,landsat9_siberia_fire,LC09_L2SP_158014_20260817_02_T1,LC09_L2SP_158014_20260817_02_T1,28,19,EPSG:32643,487845.00,7287855.00,491685.00,7291695.00,74.7769,65.7295,spatial_block_4fold,3,1,,,0,299.544,302.365,2.82147
l9siberia_r28_c20,landsat9_siberia_fire,LC09_L2SP_158014_20260817_02_T1,LC09_L2SP_158014_20260817_02_T1,28,20,EPSG:32643,491685.00,7287855.00,495525.00,7291695.00,74.8606,65.7296,spatial_block_4fold,3,1,,,0,298.889,302.923,4.03421
l9siberia_r28_c21,landsat9_siberia_fire,LC09_L2SP_158014_20260817_02_T1,LC09_L2SP_158014_20260817_02_T1,28,21,EPSG:32643,495525.00,7287855.00,499365.00,7291695.00,74.9443,65.7296,spatial_block_4fold,3,1,,,0,299.328,305.458,6.13049
l9siberia_r28_c22,landsat9_siberia_fire,LC09_L2SP_158014_20260817_02_T1,LC09_L2SP_158014_20260817_02_T1,28,22,EPSG:32643,499365.00,7287855.00,503205.00,7291695.00,75.028,65.7296,spatial_block_4fold,3,1,,,0,299.971,305.634,5.66348
l9siberia_r28_c23,landsat9_siberia_fire,LC09_L2SP_158014_20260817_02_T1,LC09_L2SP_158014_20260817_02_T1,28,23,EPSG:32643,503205.00,7287855.00,507045.00,7291695.00,75.1117,65.7296,spatial_block_4fold,3,1,,,0,299.602,304.117,4.51505
l9siberia_r28_c34,landsat9_siberia_fire,LC09_L2SP_158014_20260817_02_T1,LC09_L2SP_158014_20260817_02_T1,28,34,EPSG:32643,545445.00,7287855.00,549285.00,7291695.00,76.0326,65.7261,spatial_block_4fold,2,1,,,0,300.792,304.206,3.414
l9siberia_r28_c35,landsat9_siberia_fire,LC09_L2SP_158014_20260817_02_T1,LC09_L2SP_158014_20260817_02_T1,28,35,EPSG:32643,549285.00,7287855.00,553125.00,7291695.00,76.1163,65.7256,spatial_block_4fold,2,1,,,0,300.589,303.272,2.68359
l9siberia_r28_c36,landsat9_siberia_fire,LC09_L2SP_158014_20260817_02_T1,LC09_L2SP_158014_20260817_02_T1,28,36,EPSG:32643,553125.00,7287855.00,556965.00,7291695.00,76.2,65.7249,spatial_block_4fold,2,1,,,0,301.419,305.81,4.39075
l9siberia_r28_c37,landsat9_siberia_fire,LC09_L2SP_158014_20260817_02_T1,LC09_L2SP_158014_20260817_02_T1,28,37,EPSG:32643,556965.00,7287855.00,560805.00,7291695.00,76.2836,65.7242,spatial_block_4fold,2,1,,,0,302.848,305.516,2.66815
l9siberia_r28_c38,landsat9_siberia_fire,LC09_L2SP_158014_20260817_02_T1,LC09_L2SP_158014_20260817_02_T1,28,38,EPSG:32643,560805.00,7287855.00,564645.00,7291695.00,76.3673,65.7235,spatial_block_4fold,2,1,,,0,299.212,302.405,3.19339
l9siberia_r28_c39,landsat9_siberia_fire,LC09_L2SP_158014_20260817_02_T1,LC09_L2SP_158014_20260817_02_T1,28,39,EPSG:32643,564645.00,7287855.00,568485.00,7291695.00,76.451,65.7227,spatial_block_4fold,2,1,,,0,297.136,301.783,4.64703
l9siberia_r28_c40,landsat9_siberia_fire,LC09_L2SP_158014_20260817_02_T1,LC09_L2SP_158014_20260817_02_T1,28,40,EPSG:32643,568485.00,7287855.00,572325.00,7291695.00,76.5347,65.7219,spatial_block_4fold,2,1,,,1,298.174,355.922,57.7476
l9siberia_r28_c41,landsat9_siberia_fire,LC09_L2SP_158014_20260817_02_T1,LC09_L2SP_158014_20260817_02_T1,28,41,EPSG:32643,572325.00,7287855.00,576165.00,7291695.00,76.6183,65.7211,spatial_block_4fold,2,1,,,1,300.839,320.777,19.9385
l9siberia_r28_c42,landsat9_siberia_fire,LC09_L2SP_158014_20260817_02_T1,LC09_L2SP_158014_20260817_02_T1,28,42,EPSG:32643,576165.00,7287855.00,580005.00,7291695.00,76.702,65.7201,spatial_block_4fold,2,1,,,1,302.424,311.027,8.60248
l9siberia_r28_c43,landsat9_siberia_fire,LC09_L2SP_158014_20260817_02_T1,LC09_L2SP_158014_20260817_02_T1,28,43,EPSG:32643,580005.00,7287855.00,583845.00,7291695.00,76.7856,65.7192,spatial_block_4fold,2,1,,,0,300.44,303.457,3.01733
l9siberia_r28_c44,landsat9_siberia_fire,LC09_L2SP_158014_20260817_02_T1,LC09_L2SP_158014_20260817_02_T1,28,44,EPSG:32643,583845.00,7287855.00,587685.00,7291695.00,76.8693,65.7182,spatial_block_4fold,2,1,,,0,301.666,304.469,2.80261
l9siberia_r28_c45,landsat9_siberia_fire,LC09_L2SP_158014_20260817_02_T1,LC09_L2SP_158014_20260817_02_T1,28,45,EPSG:32643,587685.00,7287855.00,591525.00,7291695.00,76.9529,65.7171,spatial_block_4fold,2,1,,,0,301.041,304.698,3.65649
l9siberia_r28_c46,landsat9_siberia_fire,LC09_L2SP_158014_20260817_02_T1,LC09_L2SP_158014_20260817_02_T1,28,46,EPSG:32643,591525.00,7287855.00,595365.00,7291695.00,77.0365,65.7161,spatial_block_4fold,2,1,,,0,301.2,303.802,2.60208
l9siberia_r28_c47,landsat9_siberia_fire,LC09_L2SP_158014_20260817_02_T1,LC09_L2SP_158014_20260817_02_T1,28,47,EPSG:32643,595365.00,7287855.00,599205.00,7291695.00,77.1202,65.7149,spatial_block_4fold,2,1,,,0,300.78,306.454,5.6741
l9siberia_r28_c48,landsat9_siberia_fire,LC09_L2SP_158014_20260817_02_T1,LC09_L2SP_158014_20260817_02_T1,28,48,EPSG:32643,599205.00,7287855.00,603045.00,7291695.00,77.2038,65.7137,spatial_block_4fold,2,1,,,0,301.533,305.391,3.85718
l9siberia_r28_c50,landsat9_siberia_fire,LC09_L2SP_158014_20260817_02_T1,LC09_L2SP_158014_20260817_02_T1,28,50,EPSG:32643,606885.00,7287855.00,610725.00,7291695.00,77.371,65.7112,spatial_block_4fold,3,1,,,0,301.466,304.06,2.59406
l9siberia_r28_c51,landsat9_siberia_fire,LC09_L2SP_158014_20260817_02_T1,LC09_L2SP_158014_20260817_02_T1,28,51,EPSG:32643,610725.00,7287855.00,614565.00,7291695.00,77.4546,65.7099,spatial_block_4fold,3,1,,,0,301.568,304.837,3.26825
l9siberia_r28_c52,landsat9_siberia_fire,LC09_L2SP_158014_20260817_02_T1,LC09_L2SP_158014_20260817_02_T1,28,52,EPSG:32643,614565.00,7287855.00,618405.00,7291695.00,77.5381,65.7085,spatial_block_4fold,3,1,,,0,301.514,308.438,6.92471
l9siberia_r28_c53,landsat9_siberia_fire,LC09_L2SP_158014_20260817_02_T1,LC09_L2SP_158014_20260817_02_T1,28,53,EPSG:32643,618405.00,7287855.00,622245.00,7291695.00,77.6217,65.7071,spatial_block_4fold,3,1,,,0,302.042,308.971,6.92902
l9siberia_r28_c54,landsat9_siberia_fire,LC09_L2SP_158014_20260817_02_T1,LC09_L2SP_158014_20260817_02_T1,28,54,EPSG:32643,622245.00,7287855.00,626085.00,7291695.00,77.7053,65.7057,spatial_block_4fold,3,1,,,0,301.396,304.131,2.73538
l9siberia_r28_c55,landsat9_siberia_fire,LC09_L2SP_158014_20260817_02_T1,LC09_L2SP_158014_20260817_02_T1,28,55,EPSG:32643,626085.00,7287855.00,629925.00,7291695.00,77.7888,65.7042,spatial_block_4fold,3,1,,,0,301.331,305.782,4.45093
l9siberia_r28_c56,landsat9_siberia_fire,LC09_L2SP_158014_20260817_02_T1,LC09_L2SP_158014_20260817_02_T1,28,56,EPSG:32643,629925.00,7287855.00,633765.00,7291695.00,77.8723,65.7026,spatial_block_4fold,3,1,,,0,299.257,304.764,5.50778
l9siberia_r28_c57,landsat9_siberia_fire,LC09_L2SP_158014_20260817_02_T1,LC09_L2SP_158014_20260817_02_T1,28,57,EPSG:32643,633765.00,7287855.00,637605.00,7291695.00,77.9559,65.701,spatial_block_4fold,3,1,,,0,297.813,307.06,9.24731
l9siberia_r28_c58,landsat9_siberia_fire,LC09_L2SP_158014_20260817_02_T1,LC09_L2SP_158014_20260817_02_T1,28,58,EPSG:32643,637605.00,7287855.00,641445.00,7291695.00,78.0394,65.6994,spatial_block_4fold,3,1,,,0,297.752,303.81,6.05862
l9siberia_r28_c59,landsat9_siberia_fire,LC09_L2SP_158014_20260817_02_T1,LC09_L2SP_158014_20260817_02_T1,28,59,EPSG:32643,641445.00,7287855.00,645285.00,7291695.00,78.1229,65.6977,spatial_block_4fold,3,1,,,0,297.9,303.582,5.68121
l9siberia_r29_c08,landsat9_siberia_fire,LC09_L2SP_158014_20260817_02_T1,LC09_L2SP_158014_20260817_02_T1,29,8,EPSG:32643,445605.00,7284015.00,449445.00,7287855.00,73.8576,65.6909,spatial_block_4fold,3,1,,,0,298.532,301.036,2.50342
l9siberia_r29_c09,landsat9_siberia_fire,LC09_L2SP_158014_20260817_02_T1,LC09_L2SP_158014_20260817_02_T1,29,9,EPSG:32643,449445.00,7284015.00,453285.00,7287855.00,73.9412,65.6915,spatial_block_4fold,3,1,,,0,298.137,303.585,5.44882
l9siberia_r29_c10,landsat9_siberia_fire,LC09_L2SP_158014_20260817_02_T1,LC09_L2SP_158014_20260817_02_T1,29,10,EPSG:32643,453285.00,7284015.00,457125.00,7287855.00,74.0247,65.6921,spatial_block_4fold,3,1,,,0,299.47,303.361,3.89081
l9siberia_r29_c11,landsat9_siberia_fire,LC09_L2SP_158014_20260817_02_T1,LC09_L2SP_158014_20260817_02_T1,29,11,EPSG:32643,457125.00,7284015.00,460965.00,7287855.00,74.1083,65.6926,spatial_block_4fold,3,1,,,0,300.313,303.434,3.12112
l9siberia_r29_c12,landsat9_siberia_fire,LC09_L2SP_158014_20260817_02_T1,LC09_L2SP_158014_20260817_02_T1,29,12,EPSG:32643,460965.00,7284015.00,464805.00,7287855.00,74.1919,65.693,spatial_block_4fold,3,1,,,1,299.761,316.428,16.6662
l9siberia_r29_c13,landsat9_siberia_fire,LC09_L2SP_158014_20260817_02_T1,LC09_L2SP_158014_20260817_02_T1,29,13,EPSG:32643,464805.00,7284015.00,468645.00,7287855.00,74.2755,65.6935,spatial_block_4fold,3,1,,,1,302.059,313.117,11.0582
l9siberia_r29_c14,landsat9_siberia_fire,LC09_L2SP_158014_20260817_02_T1,LC09_L2SP_158014_20260817_02_T1,29,14,EPSG:32643,468645.00,7284015.00,472485.00,7287855.00,74.3591,65.6938,spatial_block_4fold,3,1,,,1,302.635,317.453,14.8177
l9siberia_r29_c15,landsat9_siberia_fire,LC09_L2SP_158014_20260817_02_T1,LC09_L2SP_158014_20260817_02_T1,29,15,EPSG:32643,472485.00,7284015.00,476325.00,7287855.00,74.4427,65.6942,spatial_block_4fold,3,1,,,1,300.477,370.351,69.8733
l9siberia_r29_c16,landsat9_siberia_fire,LC09_L2SP_158014_20260817_02_T1,LC09_L2SP_158014_20260817_02_T1,29,16,EPSG:32643,476325.00,7284015.00,480165.00,7287855.00,74.5263,65.6944,spatial_block_4fold,3,1,,,0,298.91,301.388,2.47809
l9siberia_r29_c17,landsat9_siberia_fire,LC09_L2SP_158014_20260817_02_T1,LC09_L2SP_158014_20260817_02_T1,29,17,EPSG:32643,480165.00,7284015.00,484005.00,7287855.00,74.6099,65.6947,spatial_block_4fold,3,1,,,0,298.95,301.263,2.31277
l9siberia_r29_c18,landsat9_siberia_fire,LC09_L2SP_158014_20260817_02_T1,LC09_L2SP_158014_20260817_02_T1,29,18,EPSG:32643,484005.00,7284015.00,487845.00,7287855.00,74.6935,65.6949,spatial_block_4fold,3,1,,,0,299.09,302.387,3.2973
l9siberia_r29_c19,landsat9_siberia_fire,LC09_L2SP_158014_20260817_02_T1,LC09_L2SP_158014_20260817_02_T1,29,19,EPSG:32643,487845.00,7284015.00,491685.00,7287855.00,74.7772,65.695,spatial_block_4fold,3,1,,,0,298.751,302.892,4.14069
l9siberia_r29_c20,landsat9_siberia_fire,LC09_L2SP_158014_20260817_02_T1,LC09_L2SP_158014_20260817_02_T1,29,20,EPSG:32643,491685.00,7284015.00,495525.00,7287855.00,74.8608,65.6951,spatial_block_4fold,3,1,,,0,299.088,302.586,3.49786
l9siberia_r29_c22,landsat9_siberia_fire,LC09_L2SP_158014_20260817_02_T1,LC09_L2SP_158014_20260817_02_T1,29,22,EPSG:32643,499365.00,7284015.00,503205.00,7287855.00,75.028,65.6952,spatial_block_4fold,3,1,,,0,299.792,302.738,2.94586
l9siberia_r29_c34,landsat9_siberia_fire,LC09_L2SP_158014_20260817_02_T1,LC09_L2SP_158014_20260817_02_T1,29,34,EPSG:32643,545445.00,7284015.00,549285.00,7287855.00,76.0312,65.6917,spatial_block_4fold,2,1,,,1,302.252,307.889,5.63705
l9siberia_r29_c35,landsat9_siberia_fire,LC09_L2SP_158014_20260817_02_T1,LC09_L2SP_158014_20260817_02_T1,29,35,EPSG:32643,549285.00,7284015.00,553125.00,7287855.00,76.1148,65.6911,spatial_block_4fold,2,1,,,0,300.896,304.076,3.18027
l9siberia_r29_c36,landsat9_siberia_fire,LC09_L2SP_158014_20260817_02_T1,LC09_L2SP_158014_20260817_02_T1,29,36,EPSG:32643,553125.00,7284015.00,556965.00,7287855.00,76.1984,65.6905,spatial_block_4fold,2,1,,,0,299.401,303.723,4.32166
l9siberia_r29_c37,landsat9_siberia_fire,LC09_L2SP_158014_20260817_02_T1,LC09_L2SP_158014_20260817_02_T1,29,37,EPSG:32643,556965.00,7284015.00,560805.00,7287855.00,76.2819,65.6898,spatial_block_4fold,2,1,,,0,302.185,304.797,2.61285
l9siberia_r29_c38,landsat9_siberia_fire,LC09_L2SP_158014_20260817_02_T1,LC09_L2SP_158014_20260817_02_T1,29,38,EPSG:32643,560805.00,7284015.00,564645.00,7287855.00,76.3655,65.6891,spatial_block_4fold,2,1,,,0,299.376,302.214,2.83725
l9siberia_r29_c39,landsat9_siberia_fire,LC09_L2SP_158014_20260817_02_T1,LC09_L2SP_158014_20260817_02_T1,29,39,EPSG:32643,564645.00,7284015.00,568485.00,7287855.00,76.4491,65.6883,spatial_block_4fold,2,1,,,0,299.72,302.503,2.78308
l9siberia_r29_c40,landsat9_siberia_fire,LC09_L2SP_158014_20260817_02_T1,LC09_L2SP_158014_20260817_02_T1,29,40,EPSG:32643,568485.00,7284015.00,572325.00,7287855.00,76.5326,65.6875,spatial_block_4fold,2,1,,,1,300.071,341.659,41.5885
l9siberia_r29_c41,landsat9_siberia_fire,LC09_L2SP_158014_20260817_02_T1,LC09_L2SP_158014_20260817_02_T1,29,41,EPSG:32643,572325.00,7284015.00,576165.00,7287855.00,76.6162,65.6866,spatial_block_4fold,2,1,,,1,299.081,316.167,17.0863
l9siberia_r29_c42,landsat9_siberia_fire,LC09_L2SP_158014_20260817_02_T1,LC09_L2SP_158014_20260817_02_T1,29,42,EPSG:32643,576165.00,7284015.00,580005.00,7287855.00,76.6997,65.6857,spatial_block_4fold,2,1,,,1,302.741,309.198,6.45688
l9siberia_r29_c43,landsat9_siberia_fire,LC09_L2SP_158014_20260817_02_T1,LC09_L2SP_158014_20260817_02_T1,29,43,EPSG:32643,580005.00,7284015.00,583845.00,7287855.00,76.7833,65.6848,spatial_block_4fold,2,1,,,1,300.354,308.052,7.69803
l9siberia_r29_c44,landsat9_siberia_fire,LC09_L2SP_158014_20260817_02_T1,LC09_L2SP_158014_20260817_02_T1,29,44,EPSG:32643,583845.00,7284015.00,587685.00,7287855.00,76.8668,65.6838,spatial_block_4fold,2,1,,,0,300.823,303.711,2.88864
l9siberia_r29_c45,landsat9_siberia_fire,LC09_L2SP_158014_20260817_02_T1,LC09_L2SP_158014_20260817_02_T1,29,45,EPSG:32643,587685.00,7284015.00,591525.00,7287855.00,76.9503,65.6827,spatial_block_4fold,2,1,,,0,300.391,303.234,2.84317
l9siberia_r29_c46,landsat9_siberia_fire,LC09_L2SP_158014_20260817_02_T1,LC09_L2SP_158014_20260817_02_T1,29,46,EPSG:32643,591525.00,7284015.00,595365.00,7287855.00,77.0338,65.6816,spatial_block_4fold,2,1,,,0,300.466,303.72,3.25375
l9siberia_r29_c47,landsat9_siberia_fire,LC09_L2SP_158014_20260817_02_T1,LC09_L2SP_158014_20260817_02_T1,29,47,EPSG:32643,595365.00,7284015.00,599205.00,7287855.00,77.1173,65.6805,spatial_block_4fold,2,1,,,0,299.144,302.571,3.42679
l9siberia_r29_c50,landsat9_siberia_fire,LC09_L2SP_158014_20260817_02_T1,LC09_L2SP_158014_20260817_02_T1,29,50,EPSG:32643,606885.00,7284015.00,610725.00,7287855.00,77.3678,65.6768,spatial_block_4fold,3,1,,,0,302.041,304.671,2.62955
l9siberia_r29_c51,landsat9_siberia_fire,LC09_L2SP_158014_20260817_02_T1,LC09_L2SP_158014_20260817_02_T1,29,51,EPSG:32643,610725.00,7284015.00,614565.00,7287855.00,77.4513,65.6755,spatial_block_4fold,3,1,,,0,302.152,304.399,2.24734
l9siberia_r29_c52,landsat9_siberia_fire,LC09_L2SP_158014_20260817_02_T1,LC09_L2SP_158014_20260817_02_T1,29,52,EPSG:32643,614565.00,7284015.00,618405.00,7287855.00,77.5348,65.6741,spatial_block_4fold,3,1,,,0,302.463,304.362,1.89926
l9siberia_r29_c53,landsat9_siberia_fire,LC09_L2SP_158014_20260817_02_T1,LC09_L2SP_158014_20260817_02_T1,29,53,EPSG:32643,618405.00,7284015.00,622245.00,7287855.00,77.6182,65.6727,spatial_block_4fold,3,1,,,0,299.802,305.922,6.12027
l9siberia_r29_c54,landsat9_siberia_fire,LC09_L2SP_158014_20260817_02_T1,LC09_L2SP_158014_20260817_02_T1,29,54,EPSG:32643,622245.00,7284015.00,626085.00,7287855.00,77.7017,65.6712,spatial_block_4fold,3,1,,,0,299.134,303.838,4.70398
l9siberia_r29_c55,landsat9_siberia_fire,LC09_L2SP_158014_20260817_02_T1,LC09_L2SP_158014_20260817_02_T1,29,55,EPSG:32643,626085.00,7284015.00,629925.00,7287855.00,77.7851,65.6697,spatial_block_4fold,3,1,,,0,298.177,303.123,4.94531
l9siberia_r29_c56,landsat9_siberia_fire,LC09_L2SP_158014_20260817_02_T1,LC09_L2SP_158014_20260817_02_T1,29,56,EPSG:32643,629925.00,7284015.00,633765.00,7287855.00,77.8685,65.6682,spatial_block_4fold,3,1,,,0,297.177,300.124,2.94769
l9siberia_r29_c57,landsat9_siberia_fire,LC09_L2SP_158014_20260817_02_T1,LC09_L2SP_158014_20260817_02_T1,29,57,EPSG:32643,633765.00,7284015.00,637605.00,7287855.00,77.9519,65.6666,spatial_block_4fold,3,1,,,0,298.418,303.098,4.67923
l9siberia_r29_c58,landsat9_siberia_fire,LC09_L2SP_158014_20260817_02_T1,LC09_L2SP_158014_20260817_02_T1,29,58,EPSG:32643,637605.00,7284015.00,641445.00,7287855.00,78.0353,65.665,spatial_block_4fold,3,1,,,0,298.145,305.257,7.11148
l9siberia_r29_c59,landsat9_siberia_fire,LC09_L2SP_158014_20260817_02_T1,LC09_L2SP_158014_20260817_02_T1,29,59,EPSG:32643,641445.00,7284015.00,645285.00,7287855.00,78.1187,65.6633,spatial_block_4fold,3,1,,,0,297.558,301.615,4.05753
l9siberia_r30_c08,landsat9_siberia_fire,LC09_L2SP_158014_20260817_02_T1,LC09_L2SP_158014_20260817_02_T1,30,8,EPSG:32643,445605.00,7280175.00,449445.00,7284015.00,73.8591,65.6565,spatial_block_4fold,3,1,,,0,298.867,301.257,2.3898
l9siberia_r30_c09,landsat9_siberia_fire,LC09_L2SP_158014_20260817_02_T1,LC09_L2SP_158014_20260817_02_T1,30,9,EPSG:32643,449445.00,7280175.00,453285.00,7284015.00,73.9426,65.6571,spatial_block_4fold,3,1,,,0,298.914,303.364,4.44989
l9siberia_r30_c10,landsat9_siberia_fire,LC09_L2SP_158014_20260817_02_T1,LC09_L2SP_158014_20260817_02_T1,30,10,EPSG:32643,453285.00,7280175.00,457125.00,7284015.00,74.026,65.6576,spatial_block_4fold,0,1,,,0,299.295,301.669,2.37451
l9siberia_r30_c11,landsat9_siberia_fire,LC09_L2SP_158014_20260817_02_T1,LC09_L2SP_158014_20260817_02_T1,30,11,EPSG:32643,457125.00,7280175.00,460965.00,7284015.00,74.1095,65.6581,spatial_block_4fold,0,1,,,0,299.903,304.077,4.17413
l9siberia_r30_c12,landsat9_siberia_fire,LC09_L2SP_158014_20260817_02_T1,LC09_L2SP_158014_20260817_02_T1,30,12,EPSG:32643,460965.00,7280175.00,464805.00,7284015.00,74.193,65.6586,spatial_block_4fold,0,1,,,0,300.275,306.187,5.91254
l9siberia_r30_c13,landsat9_siberia_fire,LC09_L2SP_158014_20260817_02_T1,LC09_L2SP_158014_20260817_02_T1,30,13,EPSG:32643,464805.00,7280175.00,468645.00,7284015.00,74.2765,65.659,spatial_block_4fold,0,1,,,1,300.617,312.611,11.9945
l9siberia_r30_c14,landsat9_siberia_fire,LC09_L2SP_158014_20260817_02_T1,LC09_L2SP_158014_20260817_02_T1,30,14,EPSG:32643,468645.00,7280175.00,472485.00,7284015.00,74.36,65.6594,spatial_block_4fold,0,1,,,1,302.495,322.922,20.4273
l9siberia_r30_c15,landsat9_siberia_fire,LC09_L2SP_158014_20260817_02_T1,LC09_L2SP_158014_20260817_02_T1,30,15,EPSG:32643,472485.00,7280175.00,476325.00,7284015.00,74.4435,65.6597,spatial_block_4fold,0,1,,,1,300.145,313.321,13.1762
l9siberia_r30_c16,landsat9_siberia_fire,LC09_L2SP_158014_20260817_02_T1,LC09_L2SP_158014_20260817_02_T1,30,16,EPSG:32643,476325.00,7280175.00,480165.00,7284015.00,74.527,65.66,spatial_block_4fold,0,1,,,0,299.741,301.728,1.9874
l9siberia_r30_c17,landsat9_siberia_fire,LC09_L2SP_158014_20260817_02_T1,LC09_L2SP_158014_20260817_02_T1,30,17,EPSG:32643,480165.00,7280175.00,484005.00,7284015.00,74.6105,65.6602,spatial_block_4fold,0,1,,,0,298.548,300.523,1.9751
l9siberia_r30_c18,landsat9_siberia_fire,LC09_L2SP_158014_20260817_02_T1,LC09_L2SP_158014_20260817_02_T1,30,18,EPSG:32643,484005.00,7280175.00,487845.00,7284015.00,74.6939,65.6604,spatial_block_4fold,0,1,,,0,297.866,299.941,2.07556
l9siberia_r30_c19,landsat9_siberia_fire,LC09_L2SP_158014_20260817_02_T1,LC09_L2SP_158014_20260817_02_T1,30,19,EPSG:32643,487845.00,7280175.00,491685.00,7284015.00,74.7774,65.6606,spatial_block_4fold,0,1,,,0,298.744,301.987,3.24304
l9siberia_r30_c20,landsat9_siberia_fire,LC09_L2SP_158014_20260817_02_T1,LC09_L2SP_158014_20260817_02_T1,30,20,EPSG:32643,491685.00,7280175.00,495525.00,7284015.00,74.8609,65.6607,spatial_block_4fold,3,1,,,0,298.965,302.349,3.38467
l9siberia_r30_c21,landsat9_siberia_fire,LC09_L2SP_158014_20260817_02_T1,LC09_L2SP_158014_20260817_02_T1,30,21,EPSG:32643,495525.00,7280175.00,499365.00,7284015.00,74.9444,65.6607,spatial_block_4fold,3,1,,,0,299.04,302.844,3.80414
l9siberia_r30_c33,landsat9_siberia_fire,LC09_L2SP_158014_20260817_02_T1,LC09_L2SP_158014_20260817_02_T1,30,33,EPSG:32643,541605.00,7280175.00,545445.00,7284015.00,75.9463,65.6578,spatial_block_4fold,1,1,,,0,300.372,304.422,4.05042
l9siberia_r30_c34,landsat9_siberia_fire,LC09_L2SP_158014_20260817_02_T1,LC09_L2SP_158014_20260817_02_T1,30,34,EPSG:32643,545445.00,7280175.00,549285.00,7284015.00,76.0298,65.6573,spatial_block_4fold,1,1,,,0,301.214,304.277,3.0629
l9siberia_r30_c35,landsat9_siberia_fire,LC09_L2SP_158014_20260817_02_T1,LC09_L2SP_158014_20260817_02_T1,30,35,EPSG:32643,549285.00,7280175.00,553125.00,7284015.00,76.1133,65.6567,spatial_block_4fold,1,1,,,0,298.944,303.344,4.40067
l9siberia_r30_c36,landsat9_siberia_fire,LC09_L2SP_158014_20260817_02_T1,LC09_L2SP_158014_20260817_02_T1,30,36,EPSG:32643,553125.00,7280175.00,556965.00,7284015.00,76.1968,65.656,spatial_block_4fold,1,1,,,0,300.2,304.167,3.96664
l9siberia_r30_c37,landsat9_siberia_fire,LC09_L2SP_158014_20260817_02_T1,LC09_L2SP_158014_20260817_02_T1,30,37,EPSG:32643,556965.00,7280175.00,560805.00,7284015.00,76.2802,65.6554,spatial_block_4fold,1,1,,,0,299.762,303.351,3.58936
l9siberia_r30_c38,landsat9_siberia_fire,LC09_L2SP_158014_20260817_02_T1,LC09_L2SP_158014_20260817_02_T1,30,38,EPSG:32643,560805.00,7280175.00,564645.00,7284015.00,76.3637,65.6546,spatial_block_4fold,1,1,,,0,299.522,302.041,2.51929
l9siberia_r30_c39,landsat9_siberia_fire,LC09_L2SP_158014_20260817_02_T1,LC09_L2SP_158014_20260817_02_T1,30,39,EPSG:32643,564645.00,7280175.00,568485.00,7284015.00,76.4471,65.6539,spatial_block_4fold,1,1,,,0,299.449,301.8,2.35092
l9siberia_r30_c40,landsat9_siberia_fire,LC09_L2SP_158014_20260817_02_T1,LC09_L2SP_158014_20260817_02_T1,30,40,EPSG:32643,568485.00,7280175.00,572325.00,7284015.00,76.5306,65.653,spatial_block_4fold,2,1,,,0,299.549,302.153,2.60428
l9siberia_r30_c41,landsat9_siberia_fire,LC09_L2SP_158014_20260817_02_T1,LC09_L2SP_158014_20260817_02_T1,30,41,EPSG:32643,572325.00,7280175.00,576165.00,7284015.00,76.614,65.6522,spatial_block_4fold,2,1,,,1,300.094,320.546,20.4527
l9siberia_r30_c42,landsat9_siberia_fire,LC09_L2SP_158014_20260817_02_T1,LC09_L2SP_158014_20260817_02_T1,30,42,EPSG:32643,576165.00,7280175.00,580005.00,7284015.00,76.6975,65.6513,spatial_block_4fold,2,1,,,1,299.902,319.553,19.6503
l9siberia_r30_c43,landsat9_siberia_fire,LC09_L2SP_158014_20260817_02_T1,LC09_L2SP_158014_20260817_02_T1,30,43,EPSG:32643,580005.00,7280175.00,583845.00,7284015.00,76.7809,65.6503,spatial_block_4fold,2,1,,,1,302.788,333.343,30.5554
l9siberia_r30_c44,landsat9_siberia_fire,LC09_L2SP_158014_20260817_02_T1,LC09_L2SP_158014_20260817_02_T1,30,44,EPSG:32643,583845.00,7280175.00,587685.00,7284015.00,76.8643,65.6493,spatial_block_4fold,2,1,,,1,301.671,314.182,12.5108
l9siberia_r30_c45,landsat9_siberia_fire,LC09_L2SP_158014_20260817_02_T1,LC09_L2SP_158014_20260817_02_T1,30,45,EPSG:32643,587685.00,7280175.00,591525.00,7284015.00,76.9477,65.6483,spatial_block_4fold,2,1,,,0,300.006,302.403,2.39755
l9siberia_r30_c46,landsat9_siberia_fire,LC09_L2SP_158014_20260817_02_T1,LC09_L2SP_158014_20260817_02_T1,30,46,EPSG:32643,591525.00,7280175.00,595365.00,7284015.00,77.0311,65.6472,spatial_block_4fold,2,1,,,0,300.091,304.396,4.30515
l9siberia_r30_c47,landsat9_siberia_fire,LC09_L2SP_158014_20260817_02_T1,LC09_L2SP_158014_20260817_02_T1,30,47,EPSG:32643,595365.00,7280175.00,599205.00,7284015.00,77.1145,65.6461,spatial_block_4fold,2,1,,,0,300.285,302.791,2.50632
l9siberia_r30_c48,landsat9_siberia_fire,LC09_L2SP_158014_20260817_02_T1,LC09_L2SP_158014_20260817_02_T1,30,48,EPSG:32643,599205.00,7280175.00,603045.00,7284015.00,77.1979,65.6449,spatial_block_4fold,2,1,,,0,300.498,303.452,2.95334
l9siberia_r30_c50,landsat9_siberia_fire,LC09_L2SP_158014_20260817_02_T1,LC09_L2SP_158014_20260817_02_T1,30,50,EPSG:32643,606885.00,7280175.00,610725.00,7284015.00,77.3647,65.6424,spatial_block_4fold,1,1,,,0,300.263,303.116,2.85284
l9siberia_r30_c51,landsat9_siberia_fire,LC09_L2SP_158014_20260817_02_T1,LC09_L2SP_158014_20260817_02_T1,30,51,EPSG:32643,610725.00,7280175.00,614565.00,7284015.00,77.448,65.6411,spatial_block_4fold,1,1,,,0,300.942,303,2.05811
l9siberia_r30_c52,landsat9_siberia_fire,LC09_L2SP_158014_20260817_02_T1,LC09_L2SP_158014_20260817_02_T1,30,52,EPSG:32643,614565.00,7280175.00,618405.00,7284015.00,77.5314,65.6397,spatial_block_4fold,1,1,,,0,301.41,303.488,2.07837
l9siberia_r30_c53,landsat9_siberia_fire,LC09_L2SP_158014_20260817_02_T1,LC09_L2SP_158014_20260817_02_T1,30,53,EPSG:32643,618405.00,7280175.00,622245.00,7284015.00,77.6147,65.6383,spatial_block_4fold,1,1,,,0,301.124,303.516,2.39151
l9siberia_r30_c54,landsat9_siberia_fire,LC09_L2SP_158014_20260817_02_T1,LC09_L2SP_158014_20260817_02_T1,30,54,EPSG:32643,622245.00,7280175.00,626085.00,7284015.00,77.6981,65.6368,spatial_block_4fold,1,1,,,0,300.766,303.445,2.67944
l9siberia_r30_c55,landsat9_siberia_fire,LC09_L2SP_158014_20260817_02_T1,LC09_L2SP_158014_20260817_02_T1,30,55,EPSG:32643,626085.00,7280175.00,629925.00,7284015.00,77.7814,65.6353,spatial_block_4fold,1,1,,,0,300.662,303.133,2.47018
l9siberia_r30_c56,landsat9_siberia_fire,LC09_L2SP_158014_20260817_02_T1,LC09_L2SP_158014_20260817_02_T1,30,56,EPSG:32643,629925.00,7280175.00,633765.00,7284015.00,77.8647,65.6338,spatial_block_4fold,1,1,,,0,301.022,304.161,3.13962
l9siberia_r30_c57,landsat9_siberia_fire,LC09_L2SP_158014_20260817_02_T1,LC09_L2SP_158014_20260817_02_T1,30,57,EPSG:32643,633765.00,7280175.00,637605.00,7284015.00,77.948,65.6322,spatial_block_4fold,1,1,,,0,301.983,307.729,5.74622
l9siberia_r30_c58,landsat9_siberia_fire,LC09_L2SP_158014_20260817_02_T1,LC09_L2SP_158014_20260817_02_T1,30,58,EPSG:32643,637605.00,7280175.00,641445.00,7284015.00,78.0313,65.6306,spatial_block_4fold,1,1,,,0,300.401,306.315,5.91434
l9siberia_r31_c07,landsat9_siberia_fire,LC09_L2SP_158014_20260817_02_T1,LC09_L2SP_158014_20260817_02_T1,31,7,EPSG:32643,441765.00,7276335.00,445605.00,7280175.00,73.7773,65.6214,spatial_block_4fold,3,1,,,0,298.162,300.1,1.93866
l9siberia_r31_c08,landsat9_siberia_fire,LC09_L2SP_158014_20260817_02_T1,LC09_L2SP_158014_20260817_02_T1,31,8,EPSG:32643,445605.00,7276335.00,449445.00,7280175.00,73.8606,65.622,spatial_block_4fold,3,1,,,0,297.368,299.97,2.60281
l9siberia_r31_c09,landsat9_siberia_fire,LC09_L2SP_158014_20260817_02_T1,LC09_L2SP_158014_20260817_02_T1,31,9,EPSG:32643,449445.00,7276335.00,453285.00,7280175.00,73.944,65.6226,spatial_block_4fold,3,1,,,0,298.651,302.446,3.79471
l9siberia_r31_c10,landsat9_siberia_fire,LC09_L2SP_158014_20260817_02_T1,LC09_L2SP_158014_20260817_02_T1,31,10,EPSG:32643,453285.00,7276335.00,457125.00,7280175.00,74.0273,65.6232,spatial_block_4fold,0,1,,,0,299.576,301.789,2.21283
l9siberia_r31_c11,landsat9_siberia_fire,LC09_L2SP_158014_20260817_02_T1,LC09_L2SP_158014_20260817_02_T1,31,11,EPSG:32643,457125.00,7276335.00,460965.00,7280175.00,74.1107,65.6237,spatial_block_4fold,0,1,,,0,299.398,301.469,2.07117
l9siberia_r31_c12,landsat9_siberia_fire,LC09_L2SP_158014_20260817_02_T1,LC09_L2SP_158014_20260817_02_T1,31,12,EPSG:32643,460965.00,7276335.00,464805.00,7280175.00,74.1941,65.6241,spatial_block_4fold,0,1,,,0,300.148,303.167,3.01849
l9siberia_r31_c13,landsat9_siberia_fire,LC09_L2SP_158014_20260817_02_T1,LC09_L2SP_158014_20260817_02_T1,31,13,EPSG:32643,464805.00,7276335.00,468645.00,7280175.00,74.2774,65.6246,spatial_block_4fold,0,1,,,0,300.521,304.038,3.51648
l9siberia_r31_c14,landsat9_siberia_fire,LC09_L2SP_158014_20260817_02_T1,LC09_L2SP_158014_20260817_02_T1,31,14,EPSG:32643,468645.00,7276335.00,472485.00,7280175.00,74.3608,65.6249,spatial_block_4fold,0,1,,,0,299.885,302.142,2.25632
l9siberia_r31_c15,landsat9_siberia_fire,LC09_L2SP_158014_20260817_02_T1,LC09_L2SP_158014_20260817_02_T1,31,15,EPSG:32643,472485.00,7276335.00,476325.00,7280175.00,74.4442,65.6253,spatial_block_4fold,0,1,,,0,299.809,301.879,2.06979
l9siberia_r31_c16,landsat9_siberia_fire,LC09_L2SP_158014_20260817_02_T1,LC09_L2SP_158014_20260817_02_T1,31,16,EPSG:32643,476325.00,7276335.00,480165.00,7280175.00,74.5276,65.6255,spatial_block_4fold,0,1,,,0,299.687,301.626,1.93958
l9siberia_r31_c17,landsat9_siberia_fire,LC09_L2SP_158014_20260817_02_T1,LC09_L2SP_158014_20260817_02_T1,31,17,EPSG:32643,480165.00,7276335.00,484005.00,7280175.00,74.611,65.6258,spatial_block_4fold,0,1,,,0,298.976,301.404,2.42776
l9siberia_r31_c18,landsat9_siberia_fire,LC09_L2SP_158014_20260817_02_T1,LC09_L2SP_158014_20260817_02_T1,31,18,EPSG:32643,484005.00,7276335.00,487845.00,7280175.00,74.6944,65.626,spatial_block_4fold,0,1,,,0,298.838,301.433,2.59464
l9siberia_r31_c19,landsat9_siberia_fire,LC09_L2SP_158014_20260817_02_T1,LC09_L2SP_158014_20260817_02_T1,31,19,EPSG:32643,487845.00,7276335.00,491685.00,7280175.00,74.7777,65.6261,spatial_block_4fold,0,1,,,0,298.428,300.712,2.28418
l9siberia_r31_c20,landsat9_siberia_fire,LC09_L2SP_158014_20260817_02_T1,LC09_L2SP_158014_20260817_02_T1,31,20,EPSG:32643,491685.00,7276335.00,495525.00,7280175.00,74.8611,65.6262,spatial_block_4fold,3,1,,,0,298.899,301.711,2.81198
l9siberia_r31_c33,landsat9_siberia_fire,LC09_L2SP_158014_20260817_02_T1,LC09_L2SP_158014_20260817_02_T1,31,33,EPSG:32643,541605.00,7276335.00,545445.00,7280175.00,75.9451,65.6233,spatial_block_4fold,1,1,,,1,299.217,316.56,17.3426
l9siberia_r31_c34,landsat9_siberia_fire,LC09_L2SP_158014_20260817_02_T1,LC09_L2SP_158014_20260817_02_T1,31,34,EPSG:32643,545445.00,7276335.00,549285.00,7280175.00,76.0285,65.6228,spatial_block_4fold,1,1,,,0,299.042,302.189,3.14655
l9siberia_r31_c35,landsat9_siberia_fire,LC09_L2SP_158014_20260817_02_T1,LC09_L2SP_158014_20260817_02_T1,31,35,EPSG:32643,549285.00,7276335.00,553125.00,7280175.00,76.1118,65.6222,spatial_block_4fold,1,1,,,0,298.695,301.06,2.36469
l9siberia_r31_c36,landsat9_siberia_fire,LC09_L2SP_158014_20260817_02_T1,LC09_L2SP_158014_20260817_02_T1,31,36,EPSG:32643,553125.00,7276335.00,556965.00,7280175.00,76.1952,65.6216,spatial_block_4fold,1,1,,,0,298.619,301.999,3.38013
l9siberia_r31_c37,landsat9_siberia_fire,LC09_L2SP_158014_20260817_02_T1,LC09_L2SP_158014_20260817_02_T1,31,37,EPSG:32643,556965.00,7276335.00,560805.00,7280175.00,76.2785,65.6209,spatial_block_4fold,1,1,,,0,299.861,302.11,2.24884
l9siberia_r31_c38,landsat9_siberia_fire,LC09_L2SP_158014_20260817_02_T1,LC09_L2SP_158014_20260817_02_T1,31,38,EPSG:32643,560805.00,7276335.00,564645.00,7280175.00,76.3619,65.6202,spatial_block_4fold,1,1,,,0,299.743,302.403,2.65924
l9siberia_r31_c39,landsat9_siberia_fire,LC09_L2SP_158014_20260817_02_T1,LC09_L2SP_158014_20260817_02_T1,31,39,EPSG:32643,564645.00,7276335.00,568485.00,7280175.00,76.4452,65.6194,spatial_block_4fold,1,1,,,0,298.732,300.876,2.14417
l9siberia_r31_c40,landsat9_siberia_fire,LC09_L2SP_158014_20260817_02_T1,LC09_L2SP_158014_20260817_02_T1,31,40,EPSG:32643,568485.00,7276335.00,572325.00,7280175.00,76.5286,65.6186,spatial_block_4fold,2,1,,,0,298.557,300.618,2.06097
l9siberia_r31_c41,landsat9_siberia_fire,LC09_L2SP_158014_20260817_02_T1,LC09_L2SP_158014_20260817_02_T1,31,41,EPSG:32643,572325.00,7276335.00,576165.00,7280175.00,76.6119,65.6177,spatial_block_4fold,2,1,,,0,299.522,301.764,2.24252
l9siberia_r31_c42,landsat9_siberia_fire,LC09_L2SP_158014_20260817_02_T1,LC09_L2SP_158014_20260817_02_T1,31,42,EPSG:32643,576165.00,7276335.00,580005.00,7280175.00,76.6952,65.6168,spatial_block_4fold,2,1,,,0,299.993,302.346,2.35376
l9siberia_r31_c43,landsat9_siberia_fire,LC09_L2SP_158014_20260817_02_T1,LC09_L2SP_158014_20260817_02_T1,31,43,EPSG:32643,580005.00,7276335.00,583845.00,7280175.00,76.7785,65.6159,spatial_block_4fold,2,1,,,1,300.32,329.791,29.4704
l9siberia_r31_c44,landsat9_siberia_fire,LC09_L2SP_158014_20260817_02_T1,LC09_L2SP_158014_20260817_02_T1,31,44,EPSG:32643,583845.00,7276335.00,587685.00,7280175.00,76.8618,65.6149,spatial_block_4fold,2,1,,,1,300.458,317.568,17.1104
l9siberia_r31_c45,landsat9_siberia_fire,LC09_L2SP_158014_20260817_02_T1,LC09_L2SP_158014_20260817_02_T1,31,45,EPSG:32643,587685.00,7276335.00,591525.00,7280175.00,76.9451,65.6138,spatial_block_4fold,2,1,,,0,300.537,302.383,1.84564
l9siberia_r31_c46,landsat9_siberia_fire,LC09_L2SP_158014_20260817_02_T1,LC09_L2SP_158014_20260817_02_T1,31,46,EPSG:32643,591525.00,7276335.00,595365.00,7280175.00,77.0284,65.6128,spatial_block_4fold,2,1,,,0,300.554,302.628,2.07373
l9siberia_r31_c47,landsat9_siberia_fire,LC09_L2SP_158014_20260817_02_T1,LC09_L2SP_158014_20260817_02_T1,31,47,EPSG:32643,595365.00,7276335.00,599205.00,7280175.00,77.1117,65.6116,spatial_block_4fold,2,1,,,0,299.926,302.008,2.08145
l9siberia_r31_c48,landsat9_siberia_fire,LC09_L2SP_158014_20260817_02_T1,LC09_L2SP_158014_20260817_02_T1,31,48,EPSG:32643,599205.00,7276335.00,603045.00,7280175.00,77.195,65.6104,spatial_block_4fold,2,1,,,0,301.005,304.029,3.02353
l9siberia_r31_c49,landsat9_siberia_fire,LC09_L2SP_158014_20260817_02_T1,LC09_L2SP_158014_20260817_02_T1,31,49,EPSG:32643,603045.00,7276335.00,606885.00,7280175.00,77.2783,65.6092,spatial_block_4fold,2,1,,,0,300.735,303.124,2.38889
l9siberia_r31_c50,landsat9_siberia_fire,LC09_L2SP_158014_20260817_02_T1,LC09_L2SP_158014_20260817_02_T1,31,50,EPSG:32643,606885.00,7276335.00,610725.00,7280175.00,77.3615,65.608,spatial_block_4fold,1,1,,,0,299.614,302.415,2.8006
l9siberia_r31_c51,landsat9_siberia_fire,LC09_L2SP_158014_20260817_02_T1,LC09_L2SP_158014_20260817_02_T1,31,51,EPSG:32643,610725.00,7276335.00,614565.00,7280175.00,77.4448,65.6066,spatial_block_4fold,1,1,,,0,300.932,303.789,2.85742
l9siberia_r31_c52,landsat9_siberia_fire,LC09_L2SP_158014_20260817_02_T1,LC09_L2SP_158014_20260817_02_T1,31,52,EPSG:32643,614565.00,7276335.00,618405.00,7280175.00,77.528,65.6053,spatial_block_4fold,1,1,,,0,300.994,303.699,2.70557
l9siberia_r31_c53,landsat9_siberia_fire,LC09_L2SP_158014_20260817_02_T1,LC09_L2SP_158014_20260817_02_T1,31,53,EPSG:32643,618405.00,7276335.00,622245.00,7280175.00,77.6113,65.6039,spatial_block_4fold,1,1,,,0,300.876,303.172,2.29556
l9siberia_r31_c54,landsat9_siberia_fire,LC09_L2SP_158014_20260817_02_T1,LC09_L2SP_158014_20260817_02_T1,31,54,EPSG:32643,622245.00,7276335.00,626085.00,7280175.00,77.6945,65.6024,spatial_block_4fold,1,1,,,0,299.989,303.436,3.44714
l9siberia_r31_c55,landsat9_siberia_fire,LC09_L2SP_158014_20260817_02_T1,LC09_L2SP_158014_20260817_02_T1,31,55,EPSG:32643,626085.00,7276335.00,629925.00,7280175.00,77.7777,65.6009,spatial_block_4fold,1,1,,,0,300.105,303.605,3.49969
l9siberia_r31_c56,landsat9_siberia_fire,LC09_L2SP_158014_20260817_02_T1,LC09_L2SP_158014_20260817_02_T1,31,56,EPSG:32643,629925.00,7276335.00,633765.00,7280175.00,77.8609,65.5994,spatial_block_4fold,1,1,,,0,300.766,302.136,1.3696
l9siberia_r31_c57,landsat9_siberia_fire,LC09_L2SP_158014_20260817_02_T1,LC09_L2SP_158014_20260817_02_T1,31,57,EPSG:32643,633765.00,7276335.00,637605.00,7280175.00,77.9441,65.5978,spatial_block_4fold,1,1,,,0,301.502,303.431,1.92905
l9siberia_r31_c58,landsat9_siberia_fire,LC09_L2SP_158014_20260817_02_T1,LC09_L2SP_158014_20260817_02_T1,31,58,EPSG:32643,637605.00,7276335.00,641445.00,7280175.00,78.0273,65.5962,spatial_block_4fold,1,1,,,0,297.233,303.63,6.39703
l9siberia_r32_c07,landsat9_siberia_fire,LC09_L2SP_158014_20260817_02_T1,LC09_L2SP_158014_20260817_02_T1,32,7,EPSG:32643,441765.00,7272495.00,445605.00,7276335.00,73.7789,65.5869,spatial_block_4fold,3,1,,,0,297.415,299.144,1.72861
l9siberia_r32_c08,landsat9_siberia_fire,LC09_L2SP_158014_20260817_02_T1,LC09_L2SP_158014_20260817_02_T1,32,8,EPSG:32643,445605.00,7272495.00,449445.00,7276335.00,73.8621,65.5876,spatial_block_4fold,3,1,,,0,299.233,303.479,4.24603
l9siberia_r32_c09,landsat9_siberia_fire,LC09_L2SP_158014_20260817_02_T1,LC09_L2SP_158014_20260817_02_T1,32,9,EPSG:32643,449445.00,7272495.00,453285.00,7276335.00,73.9454,65.5882,spatial_block_4fold,3,1,,,0,299.55,303.999,4.44925
l9siberia_r32_c10,landsat9_siberia_fire,LC09_L2SP_158014_20260817_02_T1,LC09_L2SP_158014_20260817_02_T1,32,10,EPSG:32643,453285.00,7272495.00,457125.00,7276335.00,74.0286,65.5887,spatial_block_4fold,0,1,,,0,299.478,302.567,3.08838
l9siberia_r32_c11,landsat9_siberia_fire,LC09_L2SP_158014_20260817_02_T1,LC09_L2SP_158014_20260817_02_T1,32,11,EPSG:32643,457125.00,7272495.00,460965.00,7276335.00,74.1119,65.5892,spatial_block_4fold,0,1,,,0,299.611,301.924,2.31305
l9siberia_r32_c12,landsat9_siberia_fire,LC09_L2SP_158014_20260817_02_T1,LC09_L2SP_158014_20260817_02_T1,32,12,EPSG:32643,460965.00,7272495.00,464805.00,7276335.00,74.1951,65.5897,spatial_block_4fold,0,1,,,0,299.716,301.658,1.94107
l9siberia_r32_c13,landsat9_siberia_fire,LC09_L2SP_158014_20260817_02_T1,LC09_L2SP_158014_20260817_02_T1,32,13,EPSG:32643,464805.00,7272495.00,468645.00,7276335.00,74.2784,65.5901,spatial_block_4fold,0,1,,,0,299.874,302.937,3.06226
l9siberia_r32_c14,landsat9_siberia_fire,LC09_L2SP_158014_20260817_02_T1,LC09_L2SP_158014_20260817_02_T1,32,14,EPSG:32643,468645.00,7272495.00,472485.00,7276335.00,74.3617,65.5905,spatial_block_4fold,0,1,,,0,299.721,302.946,3.22519
l9siberia_r32_c15,landsat9_siberia_fire,LC09_L2SP_158014_20260817_02_T1,LC09_L2SP_158014_20260817_02_T1,32,15,EPSG:32643,472485.00,7272495.00,476325.00,7276335.00,74.4449,65.5908,spatial_block_4fold,0,1,,,0,299.887,302.172,2.28485
l9siberia_r32_c16,landsat9_siberia_fire,LC09_L2SP_158014_20260817_02_T1,LC09_L2SP_158014_20260817_02_T1,32,16,EPSG:32643,476325.00,7272495.00,480165.00,7276335.00,74.5282,65.5911,spatial_block_4fold,0,1,,,0,298.67,302.33,3.66049
l9siberia_r32_c17,landsat9_siberia_fire,LC09_L2SP_158014_20260817_02_T1,LC09_L2SP_158014_20260817_02_T1,32,17,EPSG:32643,480165.00,7272495.00,484005.00,7276335.00,74.6115,65.5913,spatial_block_4fold,0,1,,,0,298.515,301.224,2.70932
l9siberia_r32_c18,landsat9_siberia_fire,LC09_L2SP_158014_20260817_02_T1,LC09_L2SP_158014_20260817_02_T1,32,18,EPSG:32643,484005.00,7272495.00,487845.00,7276335.00,74.6948,65.5915,spatial_block_4fold,0,1,,,0,298.648,301.349,2.70047
l9siberia_r32_c19,landsat9_siberia_fire,LC09_L2SP_158014_20260817_02_T1,LC09_L2SP_158014_20260817_02_T1,32,19,EPSG:32643,487845.00,7272495.00,491685.00,7276335.00,74.778,65.5917,spatial_block_4fold,0,1,,,0,298.766,301.411,2.64526
l9siberia_r32_c33,landsat9_siberia_fire,LC09_L2SP_158014_20260817_02_T1,LC09_L2SP_158014_20260817_02_T1,32,33,EPSG:32643,541605.00,7272495.00,545445.00,7276335.00,75.9438,65.5889,spatial_block_4fold,1,1,,,0,299.218,301.389,2.1705
l9siberia_r32_c34,landsat9_siberia_fire,LC09_L2SP_158014_20260817_02_T1,LC09_L2SP_158014_20260817_02_T1,32,34,EPSG:32643,545445.00,7272495.00,549285.00,7276335.00,76.0271,65.5884,spatial_block_4fold,1,1,,,0,299.171,301.19,2.01846
l9siberia_r32_c35,landsat9_siberia_fire,LC09_L2SP_158014_20260817_02_T1,LC09_L2SP_158014_20260817_02_T1,32,35,EPSG:32643,549285.00,7272495.00,553125.00,7276335.00,76.1104,65.5878,spatial_block_4fold,1,1,,,0,299.821,301.825,2.00412
l9siberia_r32_c36,landsat9_siberia_fire,LC09_L2SP_158014_20260817_02_T1,LC09_L2SP_158014_20260817_02_T1,32,36,EPSG:32643,553125.00,7272495.00,556965.00,7276335.00,76.1936,65.5871,spatial_block_4fold,1,1,,,0,297.832,301.932,4.09991
l9siberia_r32_c37,landsat9_siberia_fire,LC09_L2SP_158014_20260817_02_T1,LC09_L2SP_158014_20260817_02_T1,32,37,EPSG:32643,556965.00,7272495.00,560805.00,7276335.00,76.2768,65.5865,spatial_block_4fold,1,1,,,0,297.515,300.743,3.22839
l9siberia_r32_c38,landsat9_siberia_fire,LC09_L2SP_158014_20260817_02_T1,LC09_L2SP_158014_20260817_02_T1,32,38,EPSG:32643,560805.00,7272495.00,564645.00,7276335.00,76.3601,65.5857,spatial_block_4fold,1,1,,,0,299.162,302.058,2.89523
l9siberia_r32_c39,landsat9_siberia_fire,LC09_L2SP_158014_20260817_02_T1,LC09_L2SP_158014_20260817_02_T1,32,39,EPSG:32643,564645.00,7272495.00,568485.00,7276335.00,76.4433,65.585,spatial_block_4fold,1,1,,,0,299.012,301.145,2.13284
l9siberia_r32_c40,landsat9_siberia_fire,LC09_L2SP_158014_20260817_02_T1,LC09_L2SP_158014_20260817_02_T1,32,40,EPSG:32643,568485.00,7272495.00,572325.00,7276335.00,76.5265,65.5842,spatial_block_4fold,2,1,,,0,298.465,300.818,2.35236
l9siberia_r32_c41,landsat9_siberia_fire,LC09_L2SP_158014_20260817_02_T1,LC09_L2SP_158014_20260817_02_T1,32,41,EPSG:32643,572325.00,7272495.00,576165.00,7276335.00,76.6098,65.5833,spatial_block_4fold,2,1,,,0,298.855,301.341,2.48553
l9siberia_r32_c42,landsat9_siberia_fire,LC09_L2SP_158014_20260817_02_T1,LC09_L2SP_158014_20260817_02_T1,32,42,EPSG:32643,576165.00,7272495.00,580005.00,7276335.00,76.693,65.5824,spatial_block_4fold,2,1,,,0,299.306,304.31,5.00443
l9siberia_r32_c43,landsat9_siberia_fire,LC09_L2SP_158014_20260817_02_T1,LC09_L2SP_158014_20260817_02_T1,32,43,EPSG:32643,580005.00,7272495.00,583845.00,7276335.00,76.7762,65.5815,spatial_block_4fold,2,1,,,0,299.562,302.417,2.85437
l9siberia_r32_c44,landsat9_siberia_fire,LC09_L2SP_158014_20260817_02_T1,LC09_L2SP_158014_20260817_02_T1,32,44,EPSG:32643,583845.00,7272495.00,587685.00,7276335.00,76.8594,65.5805,spatial_block_4fold,2,1,,,0,300.225,302.591,2.36612
l9siberia_r32_c45,landsat9_siberia_fire,LC09_L2SP_158014_20260817_02_T1,LC09_L2SP_158014_20260817_02_T1,32,45,EPSG:32643,587685.00,7272495.00,591525.00,7276335.00,76.9426,65.5794,spatial_block_4fold,2,1,,,0,299.935,303.862,3.92691
l9siberia_r32_c46,landsat9_siberia_fire,LC09_L2SP_158014_20260817_02_T1,LC09_L2SP_158014_20260817_02_T1,32,46,EPSG:32643,591525.00,7272495.00,595365.00,7276335.00,77.0258,65.5783,spatial_block_4fold,2,1,,,0,299.924,302.396,2.47214
l9siberia_r32_c47,landsat9_siberia_fire,LC09_L2SP_158014_20260817_02_T1,LC09_L2SP_158014_20260817_02_T1,32,47,EPSG:32643,595365.00,7272495.00,599205.00,7276335.00,77.1089,65.5772,spatial_block_4fold,2,1,,,0,299.417,303.807,4.38974
l9siberia_r32_c48,landsat9_siberia_fire,LC09_L2SP_158014_20260817_02_T1,LC09_L2SP_158014_20260817_02_T1,32,48,EPSG:32643,599205.00,7272495.00,603045.00,7276335.00,77.1921,65.576,spatial_block_4fold,2,1,,,0,300.709,304.134,3.42545
l9siberia_r32_c49,landsat9_siberia_fire,LC09_L2SP_158014_20260817_02_T1,LC09_L2SP_158014_20260817_02_T1,32,49,EPSG:32643,603045.00,7272495.00,606885.00,7276335.00,77.2753,65.5748,spatial_block_4fold,2,1,,,0,300.368,302.925,2.55615
l9siberia_r32_c50,landsat9_siberia_fire,LC09_L2SP_158014_20260817_02_T1,LC09_L2SP_158014_20260817_02_T1,32,50,EPSG:32643,606885.00,7272495.00,610725.00,7276335.00,77.3584,65.5735,spatial_block_4fold,1,1,,,0,299.514,305.078,5.56387
l9siberia_r32_c51,landsat9_siberia_fire,LC09_L2SP_158014_20260817_02_T1,LC09_L2SP_158014_20260817_02_T1,32,51,EPSG:32643,610725.00,7272495.00,614565.00,7276335.00,77.4416,65.5722,spatial_block_4fold,1,1,,,0,301.683,304.076,2.39328
l9siberia_r32_c52,landsat9_siberia_fire,LC09_L2SP_158014_20260817_02_T1,LC09_L2SP_158014_20260817_02_T1,32,52,EPSG:32643,614565.00,7272495.00,618405.00,7276335.00,77.5247,65.5709,spatial_block_4fold,1,1,,,0,301.218,303.364,2.14624
l9siberia_r32_c53,landsat9_siberia_fire,LC09_L2SP_158014_20260817_02_T1,LC09_L2SP_158014_20260817_02_T1,32,53,EPSG:32643,618405.00,7272495.00,622245.00,7276335.00,77.6078,65.5695,spatial_block_4fold,1,1,,,0,300.612,304.449,3.83719
l9siberia_r32_c54,landsat9_siberia_fire,LC09_L2SP_158014_20260817_02_T1,LC09_L2SP_158014_20260817_02_T1,32,54,EPSG:32643,622245.00,7272495.00,626085.00,7276335.00,77.6909,65.568,spatial_block_4fold,1,1,,,0,301.097,303.844,2.74738
l9siberia_r32_c55,landsat9_siberia_fire,LC09_L2SP_158014_20260817_02_T1,LC09_L2SP_158014_20260817_02_T1,32,55,EPSG:32643,626085.00,7272495.00,629925.00,7276335.00,77.774,65.5665,spatial_block_4fold,1,1,,,0,300.665,302.818,2.15265
l9siberia_r32_c56,landsat9_siberia_fire,LC09_L2SP_158014_20260817_02_T1,LC09_L2SP_158014_20260817_02_T1,32,56,EPSG:32643,629925.00,7272495.00,633765.00,7276335.00,77.8571,65.565,spatial_block_4fold,1,1,,,0,301.363,303.047,1.68375
l9siberia_r32_c57,landsat9_siberia_fire,LC09_L2SP_158014_20260817_02_T1,LC09_L2SP_158014_20260817_02_T1,32,57,EPSG:32643,633765.00,7272495.00,637605.00,7276335.00,77.9402,65.5634,spatial_block_4fold,1,1,,,0,300.414,303.292,2.8779
l9siberia_r33_c06,landsat9_siberia_fire,LC09_L2SP_158014_20260817_02_T1,LC09_L2SP_158014_20260817_02_T1,33,6,EPSG:32643,437925.00,7268655.00,441765.00,7272495.00,73.6974,65.5518,spatial_block_4fold,3,1,,,0,297.256,299.403,2.14679
l9siberia_r33_c07,landsat9_siberia_fire,LC09_L2SP_158014_20260817_02_T1,LC09_L2SP_158014_20260817_02_T1,33,7,EPSG:32643,441765.00,7268655.00,445605.00,7272495.00,73.7805,65.5525,spatial_block_4fold,3,1,,,0,296.666,298.781,2.11551
l9siberia_r33_c08,landsat9_siberia_fire,LC09_L2SP_158014_20260817_02_T1,LC09_L2SP_158014_20260817_02_T1,33,8,EPSG:32643,445605.00,7268655.00,449445.00,7272495.00,73.8636,65.5531,spatial_block_4fold,3,1,,,0,299.186,303.633,4.44699
l9siberia_r33_c09,landsat9_siberia_fire,LC09_L2SP_158014_20260817_02_T1,LC09_L2SP_158014_20260817_02_T1,33,9,EPSG:32643,449445.00,7268655.00,453285.00,7272495.00,73.9468,65.5537,spatial_block_4fold,3,1,,,0,300.149,304.061,3.91168
l9siberia_r33_c10,landsat9_siberia_fire,LC09_L2SP_158014_20260817_02_T1,LC09_L2SP_158014_20260817_02_T1,33,10,EPSG:32643,453285.00,7268655.00,457125.00,7272495.00,74.0299,65.5543,spatial_block_4fold,0,1,,,0,299.517,304.125,4.608
l9siberia_r33_c11,landsat9_siberia_fire,LC09_L2SP_158014_20260817_02_T1,LC09_L2SP_158014_20260817_02_T1,33,11,EPSG:32643,457125.00,7268655.00,460965.00,7272495.00,74.1131,65.5548,spatial_block_4fold,0,1,,,0,299.364,302.545,3.18054
l9siberia_r33_c12,landsat9_siberia_fire,LC09_L2SP_158014_20260817_02_T1,LC09_L2SP_158014_20260817_02_T1,33,12,EPSG:32643,460965.00,7268655.00,464805.00,7272495.00,74.1962,65.5552,spatial_block_4fold,0,1,,,0,299.422,301.306,1.88464
l9siberia_r33_c13,landsat9_siberia_fire,LC09_L2SP_158014_20260817_02_T1,LC09_L2SP_158014_20260817_02_T1,33,13,EPSG:32643,464805.00,7268655.00,468645.00,7272495.00,74.2794,65.5557,spatial_block_4fold,0,1,,,0,299.6,301.137,1.53635
l9siberia_r33_c14,landsat9_siberia_fire,LC09_L2SP_158014_20260817_02_T1,LC09_L2SP_158014_20260817_02_T1,33,14,EPSG:32643,468645.00,7268655.00,472485.00,7272495.00,74.3625,65.556,spatial_block_4fold,0,1,,,0,299.345,302.281,2.93643
l9siberia_r33_c15,landsat9_siberia_fire,LC09_L2SP_158014_20260817_02_T1,LC09_L2SP_158014_20260817_02_T1,33,15,EPSG:32643,472485.00,7268655.00,476325.00,7272495.00,74.4457,65.5564,spatial_block_4fold,0,1,,,0,298.928,302.038,3.11035
l9siberia_r33_c16,landsat9_siberia_fire,LC09_L2SP_158014_20260817_02_T1,LC09_L2SP_158014_20260817_02_T1,33,16,EPSG:32643,476325.00,7268655.00,480165.00,7272495.00,74.5288,65.5566,spatial_block_4fold,0,1,,,0,298.256,302.953,4.69772
l9siberia_r33_c17,landsat9_siberia_fire,LC09_L2SP_158014_20260817_02_T1,LC09_L2SP_158014_20260817_02_T1,33,17,EPSG:32643,480165.00,7268655.00,484005.00,7272495.00,74.612,65.5569,spatial_block_4fold,0,1,,,0,298.018,301.952,3.93378
l9siberia_r33_c18,landsat9_siberia_fire,LC09_L2SP_158014_20260817_02_T1,LC09_L2SP_158014_20260817_02_T1,33,18,EPSG:32643,484005.00,7268655.00,487845.00,7272495.00,74.6952,65.5571,spatial_block_4fold,0,1,,,0,297.952,302.939,4.98761
l9siberia_r33_c22,landsat9_siberia_fire,LC09_L2SP_158014_20260817_02_T1,LC09_L2SP_158014_20260817_02_T1,33,22,EPSG:32643,499365.00,7268655.00,503205.00,7272495.00,75.0278,65.5574,spatial_block_4fold,3,1,,,0,298.379,301.123,2.74417
l9siberia_r33_c32,landsat9_siberia_fire,LC09_L2SP_158014_20260817_02_T1,LC09_L2SP_158014_20260817_02_T1,33,32,EPSG:32643,537765.00,7268655.00,541605.00,7272495.00,75.8594,65.5549,spatial_block_4fold,1,1,,,0,300.873,304.025,3.15195
l9siberia_r33_c33,landsat9_siberia_fire,LC09_L2SP_158014_20260817_02_T1,LC09_L2SP_158014_20260817_02_T1,33,33,EPSG:32643,541605.00,7268655.00,545445.00,7272495.00,75.9426,65.5544,spatial_block_4fold,1,1,,,1,297.922,361.901,63.9794
l9siberia_r33_c34,landsat9_siberia_fire,LC09_L2SP_158014_20260817_02_T1,LC09_L2SP_158014_20260817_02_T1,33,34,EPSG:32643,545445.00,7268655.00,549285.00,7272495.00,76.0257,65.5539,spatial_block_4fold,1,1,,,1,299.457,312.622,13.1648
l9siberia_r33_c35,landsat9_siberia_fire,LC09_L2SP_158014_20260817_02_T1,LC09_L2SP_158014_20260817_02_T1,33,35,EPSG:32643,549285.00,7268655.00,553125.00,7272495.00,76.1089,65.5533,spatial_block_4fold,1,1,,,1,299.712,328.433,28.7202
l9siberia_r33_c36,landsat9_siberia_fire,LC09_L2SP_158014_20260817_02_T1,LC09_L2SP_158014_20260817_02_T1,33,36,EPSG:32643,553125.00,7268655.00,556965.00,7272495.00,76.192,65.5527,spatial_block_4fold,1,1,,,0,299.305,303.15,3.845
l9siberia_r33_c37,landsat9_siberia_fire,LC09_L2SP_158014_20260817_02_T1,LC09_L2SP_158014_20260817_02_T1,33,37,EPSG:32643,556965.00,7268655.00,560805.00,7272495.00,76.2752,65.552,spatial_block_4fold,1,1,,,0,298.05,300.636,2.586
l9siberia_r33_c38,landsat9_siberia_fire,LC09_L2SP_158014_20260817_02_T1,LC09_L2SP_158014_20260817_02_T1,33,38,EPSG:32643,560805.00,7268655.00,564645.00,7272495.00,76.3583,65.5513,spatial_block_4fold,1,1,,,1,298.376,320.093,21.7175
l9siberia_r33_c39,landsat9_siberia_fire,LC09_L2SP_158014_20260817_02_T1,LC09_L2SP_158014_20260817_02_T1,33,39,EPSG:32643,564645.00,7268655.00,568485.00,7272495.00,76.4414,65.5505,spatial_block_4fold,1,1,,,1,298.532,306.501,7.96912
l9siberia_r33_c40,landsat9_siberia_fire,LC09_L2SP_158014_20260817_02_T1,LC09_L2SP_158014_20260817_02_T1,33,40,EPSG:32643,568485.00,7268655.00,572325.00,7272495.00,76.5245,65.5497,spatial_block_4fold,2,1,,,1,298.587,305.608,7.02097
l9siberia_r33_c41,landsat9_siberia_fire,LC09_L2SP_158014_20260817_02_T1,LC09_L2SP_158014_20260817_02_T1,33,41,EPSG:32643,572325.00,7268655.00,576165.00,7272495.00,76.6076,65.5489,spatial_block_4fold,2,1,,,0,298.715,300.603,1.88773
l9siberia_r33_c42,landsat9_siberia_fire,LC09_L2SP_158014_20260817_02_T1,LC09_L2SP_158014_20260817_02_T1,33,42,EPSG:32643,576165.00,7268655.00,580005.00,7272495.00,76.6907,65.548,spatial_block_4fold,2,1,,,0,299.059,300.619,1.55945
l9siberia_r33_c43,landsat9_siberia_fire,LC09_L2SP_158014_20260817_02_T1,LC09_L2SP_158014_20260817_02_T1,33,43,EPSG:32643,580005.00,7268655.00,583845.00,7272495.00,76.7738,65.547,spatial_block_4fold,2,1,,,0,298.684,300.44,1.7562
l9siberia_r33_c44,landsat9_siberia_fire,LC09_L2SP_158014_20260817_02_T1,LC09_L2SP_158014_20260817_02_T1,33,44,EPSG:32643,583845.00,7268655.00,587685.00,7272495.00,76.8569,65.546,spatial_block_4fold,2,1,,,0,299.185,302.709,3.52478
l9siberia_r33_c45,landsat9_siberia_fire,LC09_L2SP_158014_20260817_02_T1,LC09_L2SP_158014_20260817_02_T1,33,45,EPSG:32643,587685.00,7268655.00,591525.00,7272495.00,76.94,65.545,spatial_block_4fold,2,1,,,0,299.738,302.364,2.62573
l9siberia_r33_c46,landsat9_siberia_fire,LC09_L2SP_158014_20260817_02_T1,LC09_L2SP_158014_20260817_02_T1,33,46,EPSG:32643,591525.00,7268655.00,595365.00,7272495.00,77.0231,65.5439,spatial_block_4fold,2,1,,,0,299.547,302.09,2.54327
l9siberia_r33_c47,landsat9_siberia_fire,LC09_L2SP_158014_20260817_02_T1,LC09_L2SP_158014_20260817_02_T1,33,47,EPSG:32643,595365.00,7268655.00,599205.00,7272495.00,77.1062,65.5428,spatial_block_4fold,2,1,,,0,300.318,302.046,1.72836
l9siberia_r33_c48,landsat9_siberia_fire,LC09_L2SP_158014_20260817_02_T1,LC09_L2SP_158014_20260817_02_T1,33,48,EPSG:32643,599205.00,7268655.00,603045.00,7272495.00,77.1892,65.5416,spatial_block_4fold,2,1,,,0,299.38,303.645,4.26514
l9siberia_r33_c49,landsat9_siberia_fire,LC09_L2SP_158014_20260817_02_T1,LC09_L2SP_158014_20260817_02_T1,33,49,EPSG:32643,603045.00,7268655.00,606885.00,7272495.00,77.2723,65.5404,spatial_block_4fold,2,1,,,0,298.234,303.619,5.38531
l9siberia_r33_c50,landsat9_siberia_fire,LC09_L2SP_158014_20260817_02_T1,LC09_L2SP_158014_20260817_02_T1,33,50,EPSG:32643,606885.00,7268655.00,610725.00,7272495.00,77.3553,65.5391,spatial_block_4fold,1,1,,,0,300.185,305.047,4.86115
l9siberia_r33_c51,landsat9_siberia_fire,LC09_L2SP_158014_20260817_02_T1,LC09_L2SP_158014_20260817_02_T1,33,51,EPSG:32643,610725.00,7268655.00,614565.00,7272495.00,77.4383,65.5378,spatial_block_4fold,1,1,,,0,301.196,306.578,5.38217
l9siberia_r33_c52,landsat9_siberia_fire,LC09_L2SP_158014_20260817_02_T1,LC09_L2SP_158014_20260817_02_T1,33,52,EPSG:32643,614565.00,7268655.00,618405.00,7272495.00,77.5214,65.5364,spatial_block_4fold,1,1,,,0,300.618,306.681,6.06329
l9siberia_r33_c53,landsat9_siberia_fire,LC09_L2SP_158014_20260817_02_T1,LC09_L2SP_158014_20260817_02_T1,33,53,EPSG:32643,618405.00,7268655.00,622245.00,7272495.00,77.6044,65.535,spatial_block_4fold,1,1,,,0,301.778,303.56,1.7814
l9siberia_r33_c54,landsat9_siberia_fire,LC09_L2SP_158014_20260817_02_T1,LC09_L2SP_158014_20260817_02_T1,33,54,EPSG:32643,622245.00,7268655.00,626085.00,7272495.00,77.6874,65.5336,spatial_block_4fold,1,1,,,0,301.462,303.743,2.28085
l9siberia_r33_c55,landsat9_siberia_fire,LC09_L2SP_158014_20260817_02_T1,LC09_L2SP_158014_20260817_02_T1,33,55,EPSG:32643,626085.00,7268655.00,629925.00,7272495.00,77.7704,65.5321,spatial_block_4fold,1,1,,,0,300.848,304.068,3.2196
l9siberia_r33_c56,landsat9_siberia_fire,LC09_L2SP_158014_20260817_02_T1,LC09_L2SP_158014_20260817_02_T1,33,56,EPSG:32643,629925.00,7268655.00,633765.00,7272495.00,77.8534,65.5306,spatial_block_4fold,1,1,,,0,301.383,303.72,2.33698
l9siberia_r33_c57,landsat9_siberia_fire,LC09_L2SP_158014_20260817_02_T1,LC09_L2SP_158014_20260817_02_T1,33,57,EPSG:32643,633765.00,7268655.00,637605.00,7272495.00,77.9363,65.529,spatial_block_4fold,1,1,,,0,300.328,305.254,4.92566
l9siberia_r34_c06,landsat9_siberia_fire,LC09_L2SP_158014_20260817_02_T1,LC09_L2SP_158014_20260817_02_T1,34,6,EPSG:32643,437925.00,7264815.00,441765.00,7268655.00,73.6991,65.5173,spatial_block_4fold,3,1,,,0,297.069,298.515,1.44583
l9siberia_r34_c07,landsat9_siberia_fire,LC09_L2SP_158014_20260817_02_T1,LC09_L2SP_158014_20260817_02_T1,34,7,EPSG:32643,441765.00,7264815.00,445605.00,7268655.00,73.7821,65.518,spatial_block_4fold,3,1,,,0,296.355,301.258,4.90259
l9siberia_r34_c08,landsat9_siberia_fire,LC09_L2SP_158014_20260817_02_T1,LC09_L2SP_158014_20260817_02_T1,34,8,EPSG:32643,445605.00,7264815.00,449445.00,7268655.00,73.8651,65.5187,spatial_block_4fold,3,1,,,0,298.373,303.877,5.50452
l9siberia_r34_c09,landsat9_siberia_fire,LC09_L2SP_158014_20260817_02_T1,LC09_L2SP_158014_20260817_02_T1,34,9,EPSG:32643,449445.00,7264815.00,453285.00,7268655.00,73.9481,65.5193,spatial_block_4fold,3,1,,,0,301.977,304.15,2.17291
l9siberia_r34_c10,landsat9_siberia_fire,LC09_L2SP_158014_20260817_02_T1,LC09_L2SP_158014_20260817_02_T1,34,10,EPSG:32643,453285.00,7264815.00,457125.00,7268655.00,74.0312,65.5198,spatial_block_4fold,0,1,,,0,300.095,303.993,3.8985
l9siberia_r34_c11,landsat9_siberia_fire,LC09_L2SP_158014_20260817_02_T1,LC09_L2SP_158014_20260817_02_T1,34,11,EPSG:32643,457125.00,7264815.00,460965.00,7268655.00,74.1142,65.5203,spatial_block_4fold,0,1,,,0,298.732,301.946,3.21317
l9siberia_r34_c12,landsat9_siberia_fire,LC09_L2SP_158014_20260817_02_T1,LC09_L2SP_158014_20260817_02_T1,34,12,EPSG:32643,460965.00,7264815.00,464805.00,7268655.00,74.1973,65.5208,spatial_block_4fold,0,1,,,0,299.308,301.148,1.84015
l9siberia_r34_c13,landsat9_siberia_fire,LC09_L2SP_158014_20260817_02_T1,LC09_L2SP_158014_20260817_02_T1,34,13,EPSG:32643,464805.00,7264815.00,468645.00,7268655.00,74.2803,65.5212,spatial_block_4fold,0,1,,,0,299.267,301.283,2.01605
l9siberia_r34_c14,landsat9_siberia_fire,LC09_L2SP_158014_20260817_02_T1,LC09_L2SP_158014_20260817_02_T1,34,14,EPSG:32643,468645.00,7264815.00,472485.00,7268655.00,74.3634,65.5216,spatial_block_4fold,0,1,,,0,299.016,301.992,2.97607
l9siberia_r34_c15,landsat9_siberia_fire,LC09_L2SP_158014_20260817_02_T1,LC09_L2SP_158014_20260817_02_T1,34,15,EPSG:32643,472485.00,7264815.00,476325.00,7268655.00,74.4464,65.5219,spatial_block_4fold,0,1,,,0,298.207,301.249,3.04233
l9siberia_r34_c16,landsat9_siberia_fire,LC09_L2SP_158014_20260817_02_T1,LC09_L2SP_158014_20260817_02_T1,34,16,EPSG:32643,476325.00,7264815.00,480165.00,7268655.00,74.5295,65.5222,spatial_block_4fold,0,1,,,0,298.335,300.748,2.4126
l9siberia_r34_c17,landsat9_siberia_fire,LC09_L2SP_158014_20260817_02_T1,LC09_L2SP_158014_20260817_02_T1,34,17,EPSG:32643,480165.00,7264815.00,484005.00,7268655.00,74.6125,65.5224,spatial_block_4fold,0,1,,,0,298.685,301.397,2.71225
l9siberia_r34_c18,landsat9_siberia_fire,LC09_L2SP_158014_20260817_02_T1,LC09_L2SP_158014_20260817_02_T1,34,18,EPSG:32643,484005.00,7264815.00,487845.00,7268655.00,74.6956,65.5226,spatial_block_4fold,0,1,,,0,298.091,300.81,2.7189
l9siberia_r34_c19,landsat9_siberia_fire,LC09_L2SP_158014_20260817_02_T1,LC09_L2SP_158014_20260817_02_T1,34,19,EPSG:32643,487845.00,7264815.00,491685.00,7268655.00,74.7786,65.5228,spatial_block_4fold,0,1,,,0,299.062,303.48,4.41724
l9siberia_r34_c20,landsat9_siberia_fire,LC09_L2SP_158014_20260817_02_T1,LC09_L2SP_158014_20260817_02_T1,34,20,EPSG:32643,491685.00,7264815.00,495525.00,7268655.00,74.8617,65.5229,spatial_block_4fold,3,1,,,0,298.774,302.272,3.49878
l9siberia_r34_c32,landsat9_siberia_fire,LC09_L2SP_158014_20260817_02_T1,LC09_L2SP_158014_20260817_02_T1,34,32,EPSG:32643,537765.00,7264815.00,541605.00,7268655.00,75.8583,65.5205,spatial_block_4fold,1,1,,,0,300.362,303.599,3.237
l9siberia_r34_c33,landsat9_siberia_fire,LC09_L2SP_158014_20260817_02_T1,LC09_L2SP_158014_20260817_02_T1,34,33,EPSG:32643,541605.00,7264815.00,545445.00,7268655.00,75.9414,65.52,spatial_block_4fold,1,1,,,1,300.622,326.211,25.5897
l9siberia_r34_c34,landsat9_siberia_fire,LC09_L2SP_158014_20260817_02_T1,LC09_L2SP_158014_20260817_02_T1,34,34,EPSG:32643,545445.00,7264815.00,549285.00,7268655.00,76.0244,65.5195,spatial_block_4fold,1,1,,,1,301.079,330.136,29.0566
l9siberia_r34_c35,landsat9_siberia_fire,LC09_L2SP_158014_20260817_02_T1,LC09_L2SP_158014_20260817_02_T1,34,35,EPSG:32643,549285.00,7264815.00,553125.00,7268655.00,76.1074,65.5189,spatial_block_4fold,1,1,,,1,304.331,317.368,13.037
l9siberia_r34_c36,landsat9_siberia_fire,LC09_L2SP_158014_20260817_02_T1,LC09_L2SP_158014_20260817_02_T1,34,36,EPSG:32643,553125.00,7264815.00,556965.00,7268655.00,76.1904,65.5183,spatial_block_4fold,1,1,,,1,301.087,313.731,12.6433
l9siberia_r34_c37,landsat9_siberia_fire,LC09_L2SP_158014_20260817_02_T1,LC09_L2SP_158014_20260817_02_T1,34,37,EPSG:32643,556965.00,7264815.00,560805.00,7268655.00,76.2735,65.5176,spatial_block_4fold,1,1,,,1,300.017,312.431,12.4146
l9siberia_r34_c38,landsat9_siberia_fire,LC09_L2SP_158014_20260817_02_T1,LC09_L2SP_158014_20260817_02_T1,34,38,EPSG:32643,560805.00,7264815.00,564645.00,7268655.00,76.3565,65.5169,spatial_block_4fold,1,1,,,1,300.662,352.965,52.3025
l9siberia_r34_c39,landsat9_siberia_fire,LC09_L2SP_158014_20260817_02_T1,LC09_L2SP_158014_20260817_02_T1,34,39,EPSG:32643,564645.00,7264815.00,568485.00,7268655.00,76.4395,65.5161,spatial_block_4fold,1,1,,,1,303.228,318.669,15.4407
l9siberia_r34_c40,landsat9_siberia_fire,LC09_L2SP_158014_20260817_02_T1,LC09_L2SP_158014_20260817_02_T1,34,40,EPSG:32643,568485.00,7264815.00,572325.00,7268655.00,76.5225,65.5153,spatial_block_4fold,2,1,,,1,300.361,315.794,15.433
l9siberia_r34_c41,landsat9_siberia_fire,LC09_L2SP_158014_20260817_02_T1,LC09_L2SP_158014_20260817_02_T1,34,41,EPSG:32643,572325.00,7264815.00,576165.00,7268655.00,76.6055,65.5144,spatial_block_4fold,2,1,,,0,299.12,301.977,2.85709
l9siberia_r34_c42,landsat9_siberia_fire,LC09_L2SP_158014_20260817_02_T1,LC09_L2SP_158014_20260817_02_T1,34,42,EPSG:32643,576165.00,7264815.00,580005.00,7268655.00,76.6885,65.5135,spatial_block_4fold,2,1,,,0,298.272,303.598,5.32547
l9siberia_r34_c43,landsat9_siberia_fire,LC09_L2SP_158014_20260817_02_T1,LC09_L2SP_158014_20260817_02_T1,34,43,EPSG:32643,580005.00,7264815.00,583845.00,7268655.00,76.7715,65.5126,spatial_block_4fold,2,1,,,0,298.469,303.094,4.62439
l9siberia_r34_c44,landsat9_siberia_fire,LC09_L2SP_158014_20260817_02_T1,LC09_L2SP_158014_20260817_02_T1,34,44,EPSG:32643,583845.00,7264815.00,587685.00,7268655.00,76.8545,65.5116,spatial_block_4fold,2,1,,,0,297.422,300.716,3.29453
l9siberia_r34_c45,landsat9_siberia_fire,LC09_L2SP_158014_20260817_02_T1,LC09_L2SP_158014_20260817_02_T1,34,45,EPSG:32643,587685.00,7264815.00,591525.00,7268655.00,76.9374,65.5105,spatial_block_4fold,2,1,,,0,298.503,301.59,3.08646
l9siberia_r34_c46,landsat9_siberia_fire,LC09_L2SP_158014_20260817_02_T1,LC09_L2SP_158014_20260817_02_T1,34,46,EPSG:32643,591525.00,7264815.00,595365.00,7268655.00,77.0204,65.5095,spatial_block_4fold,2,1,,,0,297.931,301.235,3.30463
l9siberia_r34_c47,landsat9_siberia_fire,LC09_L2SP_158014_20260817_02_T1,LC09_L2SP_158014_20260817_02_T1,34,47,EPSG:32643,595365.00,7264815.00,599205.00,7268655.00,77.1034,65.5083,spatial_block_4fold,2,1,,,0,299.17,301.252,2.08246
l9siberia_r34_c48,landsat9_siberia_fire,LC09_L2SP_158014_20260817_02_T1,LC09_L2SP_158014_20260817_02_T1,34,48,EPSG:32643,599205.00,7264815.00,603045.00,7268655.00,77.1863,65.5072,spatial_block_4fold,2,1,,,0,297.759,301.802,4.04312
l9siberia_r34_c49,landsat9_siberia_fire,LC09_L2SP_158014_20260817_02_T1,LC09_L2SP_158014_20260817_02_T1,34,49,EPSG:32643,603045.00,7264815.00,606885.00,7268655.00,77.2693,65.5059,spatial_block_4fold,2,1,,,0,297.871,302.59,4.71869
l9siberia_r34_c50,landsat9_siberia_fire,LC09_L2SP_158014_20260817_02_T1,LC09_L2SP_158014_20260817_02_T1,34,50,EPSG:32643,606885.00,7264815.00,610725.00,7268655.00,77.3522,65.5047,spatial_block_4fold,1,1,,,0,299.243,303.046,3.80313
l9siberia_r34_c51,landsat9_siberia_fire,LC09_L2SP_158014_20260817_02_T1,LC09_L2SP_158014_20260817_02_T1,34,51,EPSG:32643,610725.00,7264815.00,614565.00,7268655.00,77.4351,65.5034,spatial_block_4fold,1,1,,,0,301.502,303.823,2.32077
l9siberia_r34_c52,landsat9_siberia_fire,LC09_L2SP_158014_20260817_02_T1,LC09_L2SP_158014_20260817_02_T1,34,52,EPSG:32643,614565.00,7264815.00,618405.00,7268655.00,77.518,65.502,spatial_block_4fold,1,1,,,0,301.617,304.092,2.47498
l9siberia_r34_c53,landsat9_siberia_fire,LC09_L2SP_158014_20260817_02_T1,LC09_L2SP_158014_20260817_02_T1,34,53,EPSG:32643,618405.00,7264815.00,622245.00,7268655.00,77.601,65.5006,spatial_block_4fold,1,1,,,0,301.861,304.025,2.16437
l9siberia_r34_c54,landsat9_siberia_fire,LC09_L2SP_158014_20260817_02_T1,LC09_L2SP_158014_20260817_02_T1,34,54,EPSG:32643,622245.00,7264815.00,626085.00,7268655.00,77.6838,65.4992,spatial_block_4fold,1,1,,,0,300.64,303.839,3.19815
l9siberia_r34_c55,landsat9_siberia_fire,LC09_L2SP_158014_20260817_02_T1,LC09_L2SP_158014_20260817_02_T1,34,55,EPSG:32643,626085.00,7264815.00,629925.00,7268655.00,77.7667,65.4977,spatial_block_4fold,1,1,,,0,301.881,304.611,2.72995
l9siberia_r34_c56,landsat9_siberia_fire,LC09_L2SP_158014_20260817_02_T1,LC09_L2SP_158014_20260817_02_T1,34,56,EPSG:32643,629925.00,7264815.00,633765.00,7268655.00,77.8496,65.4961,spatial_block_4fold,1,1,,,0,301.293,305.196,3.90347
l9siberia_r34_c57,landsat9_siberia_fire,LC09_L2SP_158014_20260817_02_T1,LC09_L2SP_158014_20260817_02_T1,34,57,EPSG:32643,633765.00,7264815.00,637605.00,7268655.00,77.9325,65.4946,spatial_block_4fold,1,1,,,0,299.531,302.947,3.41599
l9siberia_r35_c06,landsat9_siberia_fire,LC09_L2SP_158014_20260817_02_T1,LC09_L2SP_158014_20260817_02_T1,35,6,EPSG:32643,437925.00,7260975.00,441765.00,7264815.00,73.7008,65.4829,spatial_block_4fold,3,1,,,0,296.315,302.276,5.96112
l9siberia_r35_c07,landsat9_siberia_fire,LC09_L2SP_158014_20260817_02_T1,LC09_L2SP_158014_20260817_02_T1,35,7,EPSG:32643,441765.00,7260975.00,445605.00,7264815.00,73.7837,65.4836,spatial_block_4fold,3,1,,,0,298.141,301.423,3.28171
l9siberia_r35_c08,landsat9_siberia_fire,LC09_L2SP_158014_20260817_02_T1,LC09_L2SP_158014_20260817_02_T1,35,8,EPSG:32643,445605.00,7260975.00,449445.00,7264815.00,73.8666,65.4842,spatial_block_4fold,3,1,,,0,298.762,302.464,3.70245
l9siberia_r35_c09,landsat9_siberia_fire,LC09_L2SP_158014_20260817_02_T1,LC09_L2SP_158014_20260817_02_T1,35,9,EPSG:32643,449445.00,7260975.00,453285.00,7264815.00,73.9495,65.4848,spatial_block_4fold,3,1,,,0,299.295,303.899,4.60352
l9siberia_r35_c10,landsat9_siberia_fire,LC09_L2SP_158014_20260817_02_T1,LC09_L2SP_158014_20260817_02_T1,35,10,EPSG:32643,453285.00,7260975.00,457125.00,7264815.00,74.0325,65.4854,spatial_block_4fold,0,1,,,0,298.304,302.184,3.88058
l9siberia_r35_c11,landsat9_siberia_fire,LC09_L2SP_158014_20260817_02_T1,LC09_L2SP_158014_20260817_02_T1,35,11,EPSG:32643,457125.00,7260975.00,460965.00,7264815.00,74.1154,65.4859,spatial_block_4fold,0,1,,,0,298.116,301.647,3.53168
l9siberia_r35_c12,landsat9_siberia_fire,LC09_L2SP_158014_20260817_02_T1,LC09_L2SP_158014_20260817_02_T1,35,12,EPSG:32643,460965.00,7260975.00,464805.00,7264815.00,74.1983,65.4863,spatial_block_4fold,0,1,,,0,299.024,301.253,2.22931
l9siberia_r35_c13,landsat9_siberia_fire,LC09_L2SP_158014_20260817_02_T1,LC09_L2SP_158014_20260817_02_T1,35,13,EPSG:32643,464805.00,7260975.00,468645.00,7264815.00,74.2813,65.4868,spatial_block_4fold,0,1,,,0,298.951,301.364,2.4129
l9siberia_r35_c14,landsat9_siberia_fire,LC09_L2SP_158014_20260817_02_T1,LC09_L2SP_158014_20260817_02_T1,35,14,EPSG:32643,468645.00,7260975.00,472485.00,7264815.00,74.3642,65.4871,spatial_block_4fold,0,1,,,0,298.748,300.456,1.70776
l9siberia_r35_c15,landsat9_siberia_fire,LC09_L2SP_158014_20260817_02_T1,LC09_L2SP_158014_20260817_02_T1,35,15,EPSG:32643,472485.00,7260975.00,476325.00,7264815.00,74.4471,65.4875,spatial_block_4fold,0,1,,,0,297.779,300.2,2.42126
l9siberia_r35_c16,landsat9_siberia_fire,LC09_L2SP_158014_20260817_02_T1,LC09_L2SP_158014_20260817_02_T1,35,16,EPSG:32643,476325.00,7260975.00,480165.00,7264815.00,74.5301,65.4877,spatial_block_4fold,0,1,,,0,297.86,299.697,1.83707
l9siberia_r35_c17,landsat9_siberia_fire,LC09_L2SP_158014_20260817_02_T1,LC09_L2SP_158014_20260817_02_T1,35,17,EPSG:32643,480165.00,7260975.00,484005.00,7264815.00,74.613,65.488,spatial_block_4fold,0,1,,,0,298.589,301.888,3.29834
l9siberia_r35_c18,landsat9_siberia_fire,LC09_L2SP_158014_20260817_02_T1,LC09_L2SP_158014_20260817_02_T1,35,18,EPSG:32643,484005.00,7260975.00,487845.00,7264815.00,74.696,65.4882,spatial_block_4fold,0,1,,,0,298.637,302.565,3.92755
l9siberia_r35_c19,landsat9_siberia_fire,LC09_L2SP_158014_20260817_02_T1,LC09_L2SP_158014_20260817_02_T1,35,19,EPSG:32643,487845.00,7260975.00,491685.00,7264815.00,74.7789,65.4883,spatial_block_4fold,0,1,,,0,298.376,301.436,3.06076
l9siberia_r35_c32,landsat9_siberia_fire,LC09_L2SP_158014_20260817_02_T1,LC09_L2SP_158014_20260817_02_T1,35,32,EPSG:32643,537765.00,7260975.00,541605.00,7264815.00,75.8572,65.486,spatial_block_4fold,1,1,,,0,299.767,303.17,3.4032
l9siberia_r35_c33,landsat9_siberia_fire,LC09_L2SP_158014_20260817_02_T1,LC09_L2SP_158014_20260817_02_T1,35,33,EPSG:32643,541605.00,7260975.00,545445.00,7264815.00,75.9401,65.4856,spatial_block_4fold,1,1,,,0,299.447,302.178,2.73077
l9siberia_r35_c34,landsat9_siberia_fire,LC09_L2SP_158014_20260817_02_T1,LC09_L2SP_158014_20260817_02_T1,35,34,EPSG:32643,545445.00,7260975.00,549285.00,7264815.00,76.023,65.485,spatial_block_4fold,1,1,,,1,299.9,304.783,4.88327
l9siberia_r35_c35,landsat9_siberia_fire,LC09_L2SP_158014_20260817_02_T1,LC09_L2SP_158014_20260817_02_T1,35,35,EPSG:32643,549285.00,7260975.00,553125.00,7264815.00,76.106,65.4844,spatial_block_4fold,1,1,,,1,302.016,325.623,23.6066
l9siberia_r35_c36,landsat9_siberia_fire,LC09_L2SP_158014_20260817_02_T1,LC09_L2SP_158014_20260817_02_T1,35,36,EPSG:32643,553125.00,7260975.00,556965.00,7264815.00,76.1889,65.4838,spatial_block_4fold,1,1,,,1,305.133,317.596,12.4625
l9siberia_r35_c37,landsat9_siberia_fire,LC09_L2SP_158014_20260817_02_T1,LC09_L2SP_158014_20260817_02_T1,35,37,EPSG:32643,556965.00,7260975.00,560805.00,7264815.00,76.2718,65.4831,spatial_block_4fold,1,1,,,1,304.88,319.548,14.6686
l9siberia_r35_c38,landsat9_siberia_fire,LC09_L2SP_158014_20260817_02_T1,LC09_L2SP_158014_20260817_02_T1,35,38,EPSG:32643,560805.00,7260975.00,564645.00,7264815.00,76.3547,65.4824,spatial_block_4fold,1,1,,,1,305.143,308.956,3.81339
l9siberia_r35_c39,landsat9_siberia_fire,LC09_L2SP_158014_20260817_02_T1,LC09_L2SP_158014_20260817_02_T1,35,39,EPSG:32643,564645.00,7260975.00,568485.00,7264815.00,76.4376,65.4816,spatial_block_4fold,1,1,,,0,305.936,309.046,3.11044
l9siberia_r35_c41,landsat9_siberia_fire,LC09_L2SP_158014_20260817_02_T1,LC09_L2SP_158014_20260817_02_T1,35,41,EPSG:32643,572325.00,7260975.00,576165.00,7264815.00,76.6034,65.48,spatial_block_4fold,2,1,,,0,300.327,303.939,3.61203
l9siberia_r35_c42,landsat9_siberia_fire,LC09_L2SP_158014_20260817_02_T1,LC09_L2SP_158014_20260817_02_T1,35,42,EPSG:32643,576165.00,7260975.00,580005.00,7264815.00,76.6863,65.4791,spatial_block_4fold,2,1,,,0,300.232,303.242,3.00937
l9siberia_r35_c43,landsat9_siberia_fire,LC09_L2SP_158014_20260817_02_T1,LC09_L2SP_158014_20260817_02_T1,35,43,EPSG:32643,580005.00,7260975.00,583845.00,7264815.00,76.7692,65.4781,spatial_block_4fold,2,1,,,0,298.871,302.235,3.36401
l9siberia_r35_c44,landsat9_siberia_fire,LC09_L2SP_158014_20260817_02_T1,LC09_L2SP_158014_20260817_02_T1,35,44,EPSG:32643,583845.00,7260975.00,587685.00,7264815.00,76.852,65.4772,spatial_block_4fold,2,1,,,0,298.716,305.177,6.46124
l9siberia_r35_c45,landsat9_siberia_fire,LC09_L2SP_158014_20260817_02_T1,LC09_L2SP_158014_20260817_02_T1,35,45,EPSG:32643,587685.00,7260975.00,591525.00,7264815.00,76.9349,65.4761,spatial_block_4fold,2,1,,,0,297.433,301.115,3.68152
l9siberia_r35_c46,landsat9_siberia_fire,LC09_L2SP_158014_20260817_02_T1,LC09_L2SP_158014_20260817_02_T1,35,46,EPSG:32643,591525.00,7260975.00,595365.00,7264815.00,77.0178,65.475,spatial_block_4fold,2,1,,,0,297.237,300.526,3.28949
l9siberia_r35_c47,landsat9_siberia_fire,LC09_L2SP_158014_20260817_02_T1,LC09_L2SP_158014_20260817_02_T1,35,47,EPSG:32643,595365.00,7260975.00,599205.00,7264815.00,77.1006,65.4739,spatial_block_4fold,2,1,,,0,297.654,299.601,1.94714
l9siberia_r35_c48,landsat9_siberia_fire,LC09_L2SP_158014_20260817_02_T1,LC09_L2SP_158014_20260817_02_T1,35,48,EPSG:32643,599205.00,7260975.00,603045.00,7264815.00,77.1835,65.4727,spatial_block_4fold,2,1,,,0,297.632,302.582,4.94962
l9siberia_r35_c49,landsat9_siberia_fire,LC09_L2SP_158014_20260817_02_T1,LC09_L2SP_158014_20260817_02_T1,35,49,EPSG:32643,603045.00,7260975.00,606885.00,7264815.00,77.2663,65.4715,spatial_block_4fold,2,1,,,0,298.38,302.861,4.48053
l9siberia_r35_c50,landsat9_siberia_fire,LC09_L2SP_158014_20260817_02_T1,LC09_L2SP_158014_20260817_02_T1,35,50,EPSG:32643,606885.00,7260975.00,610725.00,7264815.00,77.3491,65.4703,spatial_block_4fold,1,1,,,0,300.999,303.223,2.22424
l9siberia_r35_c51,landsat9_siberia_fire,LC09_L2SP_158014_20260817_02_T1,LC09_L2SP_158014_20260817_02_T1,35,51,EPSG:32643,610725.00,7260975.00,614565.00,7264815.00,77.4319,65.4689,spatial_block_4fold,1,1,,,0,299.078,303.767,4.68918
l9siberia_r35_c52,landsat9_siberia_fire,LC09_L2SP_158014_20260817_02_T1,LC09_L2SP_158014_20260817_02_T1,35,52,EPSG:32643,614565.00,7260975.00,618405.00,7264815.00,77.5147,65.4676,spatial_block_4fold,1,1,,,0,300.585,303.578,2.99286
l9siberia_r35_c53,landsat9_siberia_fire,LC09_L2SP_158014_20260817_02_T1,LC09_L2SP_158014_20260817_02_T1,35,53,EPSG:32643,618405.00,7260975.00,622245.00,7264815.00,77.5975,65.4662,spatial_block_4fold,1,1,,,0,300.748,303.977,3.22916
l9siberia_r35_c54,landsat9_siberia_fire,LC09_L2SP_158014_20260817_02_T1,LC09_L2SP_158014_20260817_02_T1,35,54,EPSG:32643,622245.00,7260975.00,626085.00,7264815.00,77.6803,65.4648,spatial_block_4fold,1,1,,,0,301.518,303.45,1.93231
l9siberia_r35_c55,landsat9_siberia_fire,LC09_L2SP_158014_20260817_02_T1,LC09_L2SP_158014_20260817_02_T1,35,55,EPSG:32643,626085.00,7260975.00,629925.00,7264815.00,77.7631,65.4633,spatial_block_4fold,1,1,,,0,300.569,302.913,2.34338
l9siberia_r35_c56,landsat9_siberia_fire,LC09_L2SP_158014_20260817_02_T1,LC09_L2SP_158014_20260817_02_T1,35,56,EPSG:32643,629925.00,7260975.00,633765.00,7264815.00,77.8459,65.4617,spatial_block_4fold,1,1,,,0,300.283,305.348,5.06543
l9siberia_r36_c05,landsat9_siberia_fire,LC09_L2SP_158014_20260817_02_T1,LC09_L2SP_158014_20260817_02_T1,36,5,EPSG:32643,434085.00,7257135.00,437925.00,7260975.00,73.6197,65.4477,spatial_block_4fold,3,1,,,0,296.104,300.986,4.8822
l9siberia_r36_c06,landsat9_siberia_fire,LC09_L2SP_158014_20260817_02_T1,LC09_L2SP_158014_20260817_02_T1,36,6,EPSG:32643,437925.00,7257135.00,441765.00,7260975.00,73.7025,65.4485,spatial_block_4fold,3,1,,,0,297.884,302.297,4.41309
l9siberia_r36_c07,landsat9_siberia_fire,LC09_L2SP_158014_20260817_02_T1,LC09_L2SP_158014_20260817_02_T1,36,7,EPSG:32643,441765.00,7257135.00,445605.00,7260975.00,73.7853,65.4491,spatial_block_4fold,3,1,,,0,298.266,303.146,4.88004
l9siberia_r36_c08,landsat9_siberia_fire,LC09_L2SP_158014_20260817_02_T1,LC09_L2SP_158014_20260817_02_T1,36,8,EPSG:32643,445605.00,7257135.00,449445.00,7260975.00,73.8681,65.4498,spatial_block_4fold,3,1,,,0,298.188,301.804,3.61612
l9siberia_r36_c09,landsat9_siberia_fire,LC09_L2SP_158014_20260817_02_T1,LC09_L2SP_158014_20260817_02_T1,36,9,EPSG:32643,449445.00,7257135.00,453285.00,7260975.00,73.9509,65.4504,spatial_block_4fold,3,1,,,0,298.305,299.803,1.49762
l9siberia_r36_c10,landsat9_siberia_fire,LC09_L2SP_158014_20260817_02_T1,LC09_L2SP_158014_20260817_02_T1,36,10,EPSG:32643,453285.00,7257135.00,457125.00,7260975.00,74.0337,65.4509,spatial_block_4fold,0,1,,,0,298.457,301.955,3.49725
l9siberia_r36_c11,landsat9_siberia_fire,LC09_L2SP_158014_20260817_02_T1,LC09_L2SP_158014_20260817_02_T1,36,11,EPSG:32643,457125.00,7257135.00,460965.00,7260975.00,74.1166,65.4514,spatial_block_4fold,0,1,,,0,298.878,301.685,2.80698
l9siberia_r36_c12,landsat9_siberia_fire,LC09_L2SP_158014_20260817_02_T1,LC09_L2SP_158014_20260817_02_T1,36,12,EPSG:32643,460965.00,7257135.00,464805.00,7260975.00,74.1994,65.4519,spatial_block_4fold,0,1,,,0,299.207,302.36,3.15302
l9siberia_r36_c13,landsat9_siberia_fire,LC09_L2SP_158014_20260817_02_T1,LC09_L2SP_158014_20260817_02_T1,36,13,EPSG:32643,464805.00,7257135.00,468645.00,7260975.00,74.2822,65.4523,spatial_block_4fold,0,1,,,0,299.018,300.966,1.94751
l9siberia_r36_c14,landsat9_siberia_fire,LC09_L2SP_158014_20260817_02_T1,LC09_L2SP_158014_20260817_02_T1,36,14,EPSG:32643,468645.00,7257135.00,472485.00,7260975.00,74.365,65.4527,spatial_block_4fold,0,1,,,0,298.034,300.736,2.70203
l9siberia_r36_c15,landsat9_siberia_fire,LC09_L2SP_158014_20260817_02_T1,LC09_L2SP_158014_20260817_02_T1,36,15,EPSG:32643,472485.00,7257135.00,476325.00,7260975.00,74.4479,65.453,spatial_block_4fold,0,1,,,0,298.131,301.502,3.37082
l9siberia_r36_c16,landsat9_siberia_fire,LC09_L2SP_158014_20260817_02_T1,LC09_L2SP_158014_20260817_02_T1,36,16,EPSG:32643,476325.00,7257135.00,480165.00,7260975.00,74.5307,65.4533,spatial_block_4fold,0,1,,,0,297.933,303.637,5.7037
l9siberia_r36_c17,landsat9_siberia_fire,LC09_L2SP_158014_20260817_02_T1,LC09_L2SP_158014_20260817_02_T1,36,17,EPSG:32643,480165.00,7257135.00,484005.00,7260975.00,74.6135,65.4535,spatial_block_4fold,0,1,,,0,299.217,302.293,3.07623
l9siberia_r36_c18,landsat9_siberia_fire,LC09_L2SP_158014_20260817_02_T1,LC09_L2SP_158014_20260817_02_T1,36,18,EPSG:32643,484005.00,7257135.00,487845.00,7260975.00,74.6964,65.4537,spatial_block_4fold,0,1,,,0,298.746,301.028,2.28204
l9siberia_r36_c31,landsat9_siberia_fire,LC09_L2SP_158014_20260817_02_T1,LC09_L2SP_158014_20260817_02_T1,36,31,EPSG:32643,533925.00,7257135.00,537765.00,7260975.00,75.7732,65.452,spatial_block_4fold,1,1,,,0,299.328,301.325,1.99747
l9siberia_r36_c32,landsat9_siberia_fire,LC09_L2SP_158014_20260817_02_T1,LC09_L2SP_158014_20260817_02_T1,36,32,EPSG:32643,537765.00,7257135.00,541605.00,7260975.00,75.8561,65.4516,spatial_block_4fold,1,1,,,0,299.794,303.433,3.63843
l9siberia_r36_c33,landsat9_siberia_fire,LC09_L2SP_158014_20260817_02_T1,LC09_L2SP_158014_20260817_02_T1,36,33,EPSG:32643,541605.00,7257135.00,545445.00,7260975.00,75.9389,65.4511,spatial_block_4fold,1,1,,,0,299.814,305.046,5.23145
l9siberia_r36_c34,landsat9_siberia_fire,LC09_L2SP_158014_20260817_02_T1,LC09_L2SP_158014_20260817_02_T1,36,34,EPSG:32643,545445.00,7257135.00,549285.00,7260975.00,76.0217,65.4506,spatial_block_4fold,1,1,,,0,300.106,302.249,2.14322
l9siberia_r36_c35,landsat9_siberia_fire,LC09_L2SP_158014_20260817_02_T1,LC09_L2SP_158014_20260817_02_T1,36,35,EPSG:32643,549285.00,7257135.00,553125.00,7260975.00,76.1045,65.45,spatial_block_4fold,1,1,,,0,300.273,302.19,1.9176
l9siberia_r36_c36,landsat9_siberia_fire,LC09_L2SP_158014_20260817_02_T1,LC09_L2SP_158014_20260817_02_T1,36,36,EPSG:32643,553125.00,7257135.00,556965.00,7260975.00,76.1873,65.4494,spatial_block_4fold,1,1,,,1,300.591,319.39,18.7983
l9siberia_r36_c37,landsat9_siberia_fire,LC09_L2SP_158014_20260817_02_T1,LC09_L2SP_158014_20260817_02_T1,36,37,EPSG:32643,556965.00,7257135.00,560805.00,7260975.00,76.2701,65.4487,spatial_block_4fold,1,1,,,1,300.54,320.127,19.5866
l9siberia_r36_c38,landsat9_siberia_fire,LC09_L2SP_158014_20260817_02_T1,LC09_L2SP_158014_20260817_02_T1,36,38,EPSG:32643,560805.00,7257135.00,564645.00,7260975.00,76.3529,65.448,spatial_block_4fold,1,1,,,1,303.026,324.585,21.5592
l9siberia_r36_c39,landsat9_siberia_fire,LC09_L2SP_158014_20260817_02_T1,LC09_L2SP_158014_20260817_02_T1,36,39,EPSG:32643,564645.00,7257135.00,568485.00,7260975.00,76.4357,65.4472,spatial_block_4fold,1,1,,,1,304.124,322.721,18.5969
l9siberia_r36_c40,landsat9_siberia_fire,LC09_L2SP_158014_20260817_02_T1,LC09_L2SP_158014_20260817_02_T1,36,40,EPSG:32643,568485.00,7257135.00,572325.00,7260975.00,76.5185,65.4464,spatial_block_4fold,2,1,,,0,300.682,307.891,7.20938
l9siberia_r36_c41,landsat9_siberia_fire,LC09_L2SP_158014_20260817_02_T1,LC09_L2SP_158014_20260817_02_T1,36,41,EPSG:32643,572325.00,7257135.00,576165.00,7260975.00,76.6013,65.4455,spatial_block_4fold,2,1,,,0,300.256,302.798,2.54126
l9siberia_r36_c42,landsat9_siberia_fire,LC09_L2SP_158014_20260817_02_T1,LC09_L2SP_158014_20260817_02_T1,36,42,EPSG:32643,576165.00,7257135.00,580005.00,7260975.00,76.6841,65.4446,spatial_block_4fold,2,1,,,0,300.302,303.453,3.15057
l9siberia_r36_c43,landsat9_siberia_fire,LC09_L2SP_158014_20260817_02_T1,LC09_L2SP_158014_20260817_02_T1,36,43,EPSG:32643,580005.00,7257135.00,583845.00,7260975.00,76.7668,65.4437,spatial_block_4fold,2,1,,,0,299.68,302.506,2.82626
l9siberia_r36_c44,landsat9_siberia_fire,LC09_L2SP_158014_20260817_02_T1,LC09_L2SP_158014_20260817_02_T1,36,44,EPSG:32643,583845.00,7257135.00,587685.00,7260975.00,76.8496,65.4427,spatial_block_4fold,2,1,,,0,299.056,302.173,3.11716
l9siberia_r36_c45,landsat9_siberia_fire,LC09_L2SP_158014_20260817_02_T1,LC09_L2SP_158014_20260817_02_T1,36,45,EPSG:32643,587685.00,7257135.00,591525.00,7260975.00,76.9324,65.4417,spatial_block_4fold,2,1,,,0,298.815,302.594,3.77887
l9siberia_r36_c46,landsat9_siberia_fire,LC09_L2SP_158014_20260817_02_T1,LC09_L2SP_158014_20260817_02_T1,36,46,EPSG:32643,591525.00,7257135.00,595365.00,7260975.00,77.0151,65.4406,spatial_block_4fold,2,1,,,0,297.881,300.394,2.51343
l9siberia_r36_c47,landsat9_siberia_fire,LC09_L2SP_158014_20260817_02_T1,LC09_L2SP_158014_20260817_02_T1,36,47,EPSG:32643,595365.00,7257135.00,599205.00,7260975.00,77.0978,65.4395,spatial_block_4fold,2,1,,,0,297.248,300.515,3.26657
l9siberia_r36_c48,landsat9_siberia_fire,LC09_L2SP_158014_20260817_02_T1,LC09_L2SP_158014_20260817_02_T1,36,48,EPSG:32643,599205.00,7257135.00,603045.00,7260975.00,77.1806,65.4383,spatial_block_4fold,2,1,,,0,296.918,299.765,2.84698
l9siberia_r36_c49,landsat9_siberia_fire,LC09_L2SP_158014_20260817_02_T1,LC09_L2SP_158014_20260817_02_T1,36,49,EPSG:32643,603045.00,7257135.00,606885.00,7260975.00,77.2633,65.4371,spatial_block_4fold,2,1,,,0,298.88,301.663,2.78345
l9siberia_r36_c50,landsat9_siberia_fire,LC09_L2SP_158014_20260817_02_T1,LC09_L2SP_158014_20260817_02_T1,36,50,EPSG:32643,606885.00,7257135.00,610725.00,7260975.00,77.346,65.4358,spatial_block_4fold,1,1,,,0,299.651,302.976,3.32449
l9siberia_r36_c51,landsat9_siberia_fire,LC09_L2SP_158014_20260817_02_T1,LC09_L2SP_158014_20260817_02_T1,36,51,EPSG:32643,610725.00,7257135.00,614565.00,7260975.00,77.4287,65.4345,spatial_block_4fold,1,1,,,0,300.649,303.741,3.09198
l9siberia_r36_c52,landsat9_siberia_fire,LC09_L2SP_158014_20260817_02_T1,LC09_L2SP_158014_20260817_02_T1,36,52,EPSG:32643,614565.00,7257135.00,618405.00,7260975.00,77.5114,65.4332,spatial_block_4fold,1,1,,,0,301.193,304.168,2.9751
l9siberia_r36_c53,landsat9_siberia_fire,LC09_L2SP_158014_20260817_02_T1,LC09_L2SP_158014_20260817_02_T1,36,53,EPSG:32643,618405.00,7257135.00,622245.00,7260975.00,77.5941,65.4318,spatial_block_4fold,1,1,,,0,300.88,303.753,2.87265
l9siberia_r36_c54,landsat9_siberia_fire,LC09_L2SP_158014_20260817_02_T1,LC09_L2SP_158014_20260817_02_T1,36,54,EPSG:32643,622245.00,7257135.00,626085.00,7260975.00,77.6768,65.4303,spatial_block_4fold,1,1,,,0,301.489,303.796,2.30695
l9siberia_r36_c55,landsat9_siberia_fire,LC09_L2SP_158014_20260817_02_T1,LC09_L2SP_158014_20260817_02_T1,36,55,EPSG:32643,626085.00,7257135.00,629925.00,7260975.00,77.7595,65.4289,spatial_block_4fold,1,1,,,0,301.087,303.843,2.75674
l9siberia_r36_c56,landsat9_siberia_fire,LC09_L2SP_158014_20260817_02_T1,LC09_L2SP_158014_20260817_02_T1,36,56,EPSG:32643,629925.00,7257135.00,633765.00,7260975.00,77.8421,65.4273,spatial_block_4fold,1,1,,,1,300.47,303.935,3.46478
l9siberia_r37_c05,landsat9_siberia_fire,LC09_L2SP_158014_20260817_02_T1,LC09_L2SP_158014_20260817_02_T1,37,5,EPSG:32643,434085.00,7253295.00,437925.00,7257135.00,73.6215,65.4133,spatial_block_4fold,3,1,,,0,297.604,300.659,3.05582
l9siberia_r37_c06,landsat9_siberia_fire,LC09_L2SP_158014_20260817_02_T1,LC09_L2SP_158014_20260817_02_T1,37,6,EPSG:32643,437925.00,7253295.00,441765.00,7257135.00,73.7042,65.414,spatial_block_4fold,3,1,,,0,298.084,299.088,1.00385
l9siberia_r37_c07,landsat9_siberia_fire,LC09_L2SP_158014_20260817_02_T1,LC09_L2SP_158014_20260817_02_T1,37,7,EPSG:32643,441765.00,7253295.00,445605.00,7257135.00,73.7869,65.4147,spatial_block_4fold,3,1,,,0,298.219,303.838,5.61942
l9siberia_r37_c08,landsat9_siberia_fire,LC09_L2SP_158014_20260817_02_T1,LC09_L2SP_158014_20260817_02_T1,37,8,EPSG:32643,445605.00,7253295.00,449445.00,7257135.00,73.8696,65.4153,spatial_block_4fold,3,1,,,0,299.283,303.622,4.33911
l9siberia_r37_c09,landsat9_siberia_fire,LC09_L2SP_158014_20260817_02_T1,LC09_L2SP_158014_20260817_02_T1,37,9,EPSG:32643,449445.00,7253295.00,453285.00,7257135.00,73.9523,65.4159,spatial_block_4fold,3,1,,,0,299.799,303.68,3.88138
l9siberia_r37_c10,landsat9_siberia_fire,LC09_L2SP_158014_20260817_02_T1,LC09_L2SP_158014_20260817_02_T1,37,10,EPSG:32643,453285.00,7253295.00,457125.00,7257135.00,74.035,65.4165,spatial_block_4fold,0,1,,,0,299.898,302.72,2.8226
l9siberia_r37_c11,landsat9_siberia_fire,LC09_L2SP_158014_20260817_02_T1,LC09_L2SP_158014_20260817_02_T1,37,11,EPSG:32643,457125.00,7253295.00,460965.00,7257135.00,74.1177,65.417,spatial_block_4fold,0,1,,,0,299.54,303.414,3.8743
l9siberia_r37_c12,landsat9_siberia_fire,LC09_L2SP_158014_20260817_02_T1,LC09_L2SP_158014_20260817_02_T1,37,12,EPSG:32643,460965.00,7253295.00,464805.00,7257135.00,74.2004,65.4174,spatial_block_4fold,0,1,,,0,299.239,301.759,2.5195
l9siberia_r37_c13,landsat9_siberia_fire,LC09_L2SP_158014_20260817_02_T1,LC09_L2SP_158014_20260817_02_T1,37,13,EPSG:32643,464805.00,7253295.00,468645.00,7257135.00,74.2831,65.4179,spatial_block_4fold,0,1,,,0,299.559,303.803,4.24405
l9siberia_r37_c14,landsat9_siberia_fire,LC09_L2SP_158014_20260817_02_T1,LC09_L2SP_158014_20260817_02_T1,37,14,EPSG:32643,468645.00,7253295.00,472485.00,7257135.00,74.3659,65.4182,spatial_block_4fold,0,1,,,0,298.634,301.421,2.78729
l9siberia_r37_c15,landsat9_siberia_fire,LC09_L2SP_158014_20260817_02_T1,LC09_L2SP_158014_20260817_02_T1,37,15,EPSG:32643,472485.00,7253295.00,476325.00,7257135.00,74.4486,65.4186,spatial_block_4fold,0,1,,,0,298.396,300.83,2.4343
l9siberia_r37_c16,landsat9_siberia_fire,LC09_L2SP_158014_20260817_02_T1,LC09_L2SP_158014_20260817_02_T1,37,16,EPSG:32643,476325.00,7253295.00,480165.00,7257135.00,74.5313,65.4188,spatial_block_4fold,0,1,,,0,298.692,300.796,2.10455
l9siberia_r37_c17,landsat9_siberia_fire,LC09_L2SP_158014_20260817_02_T1,LC09_L2SP_158014_20260817_02_T1,37,17,EPSG:32643,480165.00,7253295.00,484005.00,7257135.00,74.614,65.4191,spatial_block_4fold,0,1,,,0,298.813,301.937,3.12347
l9siberia_r37_c18,landsat9_siberia_fire,LC09_L2SP_158014_20260817_02_T1,LC09_L2SP_158014_20260817_02_T1,37,18,EPSG:32643,484005.00,7253295.00,487845.00,7257135.00,74.6968,65.4193,spatial_block_4fold,0,1,,,0,298.657,300.988,2.33075
l9siberia_r37_c23,landsat9_siberia_fire,LC09_L2SP_158014_20260817_02_T1,LC09_L2SP_158014_20260817_02_T1,37,23,EPSG:32643,503205.00,7253295.00,507045.00,7257135.00,75.1104,65.4195,spatial_block_4fold,3,1,,,0,298.68,301.4,2.72046
l9siberia_r37_c31,landsat9_siberia_fire,LC09_L2SP_158014_20260817_02_T1,LC09_L2SP_158014_20260817_02_T1,37,31,EPSG:32643,533925.00,7253295.00,537765.00,7257135.00,75.7722,65.4176,spatial_block_4fold,1,1,,,0,299.685,301.344,1.65936
l9siberia_r37_c32,landsat9_siberia_fire,LC09_L2SP_158014_20260817_02_T1,LC09_L2SP_158014_20260817_02_T1,37,32,EPSG:32643,537765.00,7253295.00,541605.00,7257135.00,75.8549,65.4171,spatial_block_4fold,1,1,,,0,299.72,301.654,1.93396
l9siberia_r37_c33,landsat9_siberia_fire,LC09_L2SP_158014_20260817_02_T1,LC09_L2SP_158014_20260817_02_T1,37,33,EPSG:32643,541605.00,7253295.00,545445.00,7257135.00,75.9376,65.4167,spatial_block_4fold,1,1,,,0,299.707,301.715,2.00763
l9siberia_r37_c34,landsat9_siberia_fire,LC09_L2SP_158014_20260817_02_T1,LC09_L2SP_158014_20260817_02_T1,37,34,EPSG:32643,545445.00,7253295.00,549285.00,7257135.00,76.0204,65.4161,spatial_block_4fold,1,1,,,0,299.927,301.245,1.31784
l9siberia_r37_c35,landsat9_siberia_fire,LC09_L2SP_158014_20260817_02_T1,LC09_L2SP_158014_20260817_02_T1,37,35,EPSG:32643,549285.00,7253295.00,553125.00,7257135.00,76.1031,65.4155,spatial_block_4fold,1,1,,,0,300.116,302.114,1.99771
l9siberia_r37_c36,landsat9_siberia_fire,LC09_L2SP_158014_20260817_02_T1,LC09_L2SP_158014_20260817_02_T1,37,36,EPSG:32643,553125.00,7253295.00,556965.00,7257135.00,76.1858,65.4149,spatial_block_4fold,1,1,,,0,300.746,302.283,1.5372
l9siberia_r37_c37,landsat9_siberia_fire,LC09_L2SP_158014_20260817_02_T1,LC09_L2SP_158014_20260817_02_T1,37,37,EPSG:32643,556965.00,7253295.00,560805.00,7257135.00,76.2685,65.4142,spatial_block_4fold,1,1,,,0,300.261,301.796,1.53519
l9siberia_r37_c38,landsat9_siberia_fire,LC09_L2SP_158014_20260817_02_T1,LC09_L2SP_158014_20260817_02_T1,37,38,EPSG:32643,560805.00,7253295.00,564645.00,7257135.00,76.3511,65.4135,spatial_block_4fold,1,1,,,0,299.366,302.294,2.92767
l9siberia_r37_c39,landsat9_siberia_fire,LC09_L2SP_158014_20260817_02_T1,LC09_L2SP_158014_20260817_02_T1,37,39,EPSG:32643,564645.00,7253295.00,568485.00,7257135.00,76.4338,65.4128,spatial_block_4fold,1,1,,,0,299.965,305.764,5.79895
l9siberia_r37_c40,landsat9_siberia_fire,LC09_L2SP_158014_20260817_02_T1,LC09_L2SP_158014_20260817_02_T1,37,40,EPSG:32643,568485.00,7253295.00,572325.00,7257135.00,76.5165,65.412,spatial_block_4fold,2,1,,,0,300.01,302.302,2.29245
l9siberia_r37_c41,landsat9_siberia_fire,LC09_L2SP_158014_20260817_02_T1,LC09_L2SP_158014_20260817_02_T1,37,41,EPSG:32643,572325.00,7253295.00,576165.00,7257135.00,76.5992,65.4111,spatial_block_4fold,2,1,,,0,300.097,302.081,1.98459
l9siberia_r37_c42,landsat9_siberia_fire,LC09_L2SP_158014_20260817_02_T1,LC09_L2SP_158014_20260817_02_T1,37,42,EPSG:32643,576165.00,7253295.00,580005.00,7257135.00,76.6819,65.4102,spatial_block_4fold,2,1,,,0,300.569,302.103,1.53409
l9siberia_r37_c43,landsat9_siberia_fire,LC09_L2SP_158014_20260817_02_T1,LC09_L2SP_158014_20260817_02_T1,37,43,EPSG:32643,580005.00,7253295.00,583845.00,7257135.00,76.7645,65.4093,spatial_block_4fold,2,1,,,0,300.112,301.831,1.71936
l9siberia_r37_c44,landsat9_siberia_fire,LC09_L2SP_158014_20260817_02_T1,LC09_L2SP_158014_20260817_02_T1,37,44,EPSG:32643,583845.00,7253295.00,587685.00,7257135.00,76.8472,65.4083,spatial_block_4fold,2,1,,,0,299.705,306.551,6.84598
l9siberia_r37_c45,landsat9_siberia_fire,LC09_L2SP_158014_20260817_02_T1,LC09_L2SP_158014_20260817_02_T1,37,45,EPSG:32643,587685.00,7253295.00,591525.00,7257135.00,76.9298,65.4072,spatial_block_4fold,2,1,,,0,299.299,303.414,4.11517
l9siberia_r37_c46,landsat9_siberia_fire,LC09_L2SP_158014_20260817_02_T1,LC09_L2SP_158014_20260817_02_T1,37,46,EPSG:32643,591525.00,7253295.00,595365.00,7257135.00,77.0125,65.4062,spatial_block_4fold,2,1,,,0,299.135,303.138,4.00372
l9siberia_r37_c47,landsat9_siberia_fire,LC09_L2SP_158014_20260817_02_T1,LC09_L2SP_158014_20260817_02_T1,37,47,EPSG:32643,595365.00,7253295.00,599205.00,7257135.00,77.0951,65.405,spatial_block_4fold,2,1,,,0,298.578,303.919,5.34177
l9siberia_r37_c48,landsat9_siberia_fire,LC09_L2SP_158014_20260817_02_T1,LC09_L2SP_158014_20260817_02_T1,37,48,EPSG:32643,599205.00,7253295.00,603045.00,7257135.00,77.1777,65.4039,spatial_block_4fold,2,1,,,0,297.81,301.377,3.56711
l9siberia_r37_c49,landsat9_siberia_fire,LC09_L2SP_158014_20260817_02_T1,LC09_L2SP_158014_20260817_02_T1,37,49,EPSG:32643,603045.00,7253295.00,606885.00,7257135.00,77.2603,65.4027,spatial_block_4fold,2,1,,,0,298.176,301.87,3.69443
l9siberia_r37_c50,landsat9_siberia_fire,LC09_L2SP_158014_20260817_02_T1,LC09_L2SP_158014_20260817_02_T1,37,50,EPSG:32643,606885.00,7253295.00,610725.00,7257135.00,77.3429,65.4014,spatial_block_4fold,1,1,,,0,299.726,303.24,3.51404
l9siberia_r37_c51,landsat9_siberia_fire,LC09_L2SP_158014_20260817_02_T1,LC09_L2SP_158014_20260817_02_T1,37,51,EPSG:32643,610725.00,7253295.00,614565.00,7257135.00,77.4255,65.4001,spatial_block_4fold,1,1,,,1,300.675,321.254,20.5792
l9siberia_r37_c52,landsat9_siberia_fire,LC09_L2SP_158014_20260817_02_T1,LC09_L2SP_158014_20260817_02_T1,37,52,EPSG:32643,614565.00,7253295.00,618405.00,7257135.00,77.5081,65.3988,spatial_block_4fold,1,1,,,1,301.391,318.683,17.2929
l9siberia_r37_c53,landsat9_siberia_fire,LC09_L2SP_158014_20260817_02_T1,LC09_L2SP_158014_20260817_02_T1,37,53,EPSG:32643,618405.00,7253295.00,622245.00,7257135.00,77.5907,65.3974,spatial_block_4fold,1,1,,,0,300.891,303.748,2.85733
l9siberia_r37_c54,landsat9_siberia_fire,LC09_L2SP_158014_20260817_02_T1,LC09_L2SP_158014_20260817_02_T1,37,54,EPSG:32643,622245.00,7253295.00,626085.00,7257135.00,77.6733,65.3959,spatial_block_4fold,1,1,,,0,300.535,302.664,2.12973
l9siberia_r37_c55,landsat9_siberia_fire,LC09_L2SP_158014_20260817_02_T1,LC09_L2SP_158014_20260817_02_T1,37,55,EPSG:32643,626085.00,7253295.00,629925.00,7257135.00,77.7558,65.3944,spatial_block_4fold,1,1,,,0,300.664,303.14,2.4762
l9siberia_r37_c56,landsat9_siberia_fire,LC09_L2SP_158014_20260817_02_T1,LC09_L2SP_158014_20260817_02_T1,37,56,EPSG:32643,629925.00,7253295.00,633765.00,7257135.00,77.8384,65.3929,spatial_block_4fold,1,1,,,0,300.18,304.819,4.63879
l9siberia_r38_c05,landsat9_siberia_fire,LC09_L2SP_158014_20260817_02_T1,LC09_L2SP_158014_20260817_02_T1,38,5,EPSG:32643,434085.00,7249455.00,437925.00,7253295.00,73.6233,65.3788,spatial_block_4fold,3,1,,,0,297.568,300.241,2.67261
l9siberia_r38_c06,landsat9_siberia_fire,LC09_L2SP_158014_20260817_02_T1,LC09_L2SP_158014_20260817_02_T1,38,6,EPSG:32643,437925.00,7249455.00,441765.00,7253295.00,73.7059,65.3796,spatial_block_4fold,3,1,,,0,298.095,299.465,1.3703
l9siberia_r38_c07,landsat9_siberia_fire,LC09_L2SP_158014_20260817_02_T1,LC09_L2SP_158014_20260817_02_T1,38,7,EPSG:32643,441765.00,7249455.00,445605.00,7253295.00,73.7885,65.3802,spatial_block_4fold,3,1,,,0,298.3,303.857,5.55627
l9siberia_r38_c08,landsat9_siberia_fire,LC09_L2SP_158014_20260817_02_T1,LC09_L2SP_158014_20260817_02_T1,38,8,EPSG:32643,445605.00,7249455.00,449445.00,7253295.00,73.8711,65.3809,spatial_block_4fold,3,1,,,0,298.595,301.88,3.28412
l9siberia_r38_c09,landsat9_siberia_fire,LC09_L2SP_158014_20260817_02_T1,LC09_L2SP_158014_20260817_02_T1,38,9,EPSG:32643,449445.00,7249455.00,453285.00,7253295.00,73.9537,65.3815,spatial_block_4fold,3,1,,,0,299.64,302.379,2.73944
l9siberia_r38_c10,landsat9_siberia_fire,LC09_L2SP_158014_20260817_02_T1,LC09_L2SP_158014_20260817_02_T1,38,10,EPSG:32643,453285.00,7249455.00,457125.00,7253295.00,74.0363,65.382,spatial_block_4fold,0,1,,,0,299.697,302.531,2.8342
l9siberia_r38_c11,landsat9_siberia_fire,LC09_L2SP_158014_20260817_02_T1,LC09_L2SP_158014_20260817_02_T1,38,11,EPSG:32643,457125.00,7249455.00,460965.00,7253295.00,74.1189,65.3825,spatial_block_4fold,0,1,,,0,300,302.464,2.46393
l9siberia_r38_c12,landsat9_siberia_fire,LC09_L2SP_158014_20260817_02_T1,LC09_L2SP_158014_20260817_02_T1,38,12,EPSG:32643,460965.00,7249455.00,464805.00,7253295.00,74.2015,65.383,spatial_block_4fold,0,1,,,0,298.867,304.915,6.04846
l9siberia_r38_c13,landsat9_siberia_fire,LC09_L2SP_158014_20260817_02_T1,LC09_L2SP_158014_20260817_02_T1,38,13,EPSG:32643,464805.00,7249455.00,468645.00,7253295.00,74.2841,65.3834,spatial_block_4fold,0,1,,,0,298.321,305.565,7.24384
l9siberia_r38_c14,landsat9_siberia_fire,LC09_L2SP_158014_20260817_02_T1,LC09_L2SP_158014_20260817_02_T1,38,14,EPSG:32643,468645.00,7249455.00,472485.00,7253295.00,74.3667,65.3838,spatial_block_4fold,0,1,,,0,298.566,301.391,2.82501
l9siberia_r38_c15,landsat9_siberia_fire,LC09_L2SP_158014_20260817_02_T1,LC09_L2SP_158014_20260817_02_T1,38,15,EPSG:32643,472485.00,7249455.00,476325.00,7253295.00,74.4493,65.3841,spatial_block_4fold,0,1,,,0,298.563,300.626,2.06332
l9siberia_r38_c16,landsat9_siberia_fire,LC09_L2SP_158014_20260817_02_T1,LC09_L2SP_158014_20260817_02_T1,38,16,EPSG:32643,476325.00,7249455.00,480165.00,7253295.00,74.5319,65.3844,spatial_block_4fold,0,1,,,0,298.682,300.575,1.89276
l9siberia_r38_c17,landsat9_siberia_fire,LC09_L2SP_158014_20260817_02_T1,LC09_L2SP_158014_20260817_02_T1,38,17,EPSG:32643,480165.00,7249455.00,484005.00,7253295.00,74.6145,65.3846,spatial_block_4fold,0,1,,,0,298.056,300.286,2.23035
l9siberia_r38_c18,landsat9_siberia_fire,LC09_L2SP_158014_20260817_02_T1,LC09_L2SP_158014_20260817_02_T1,38,18,EPSG:32643,484005.00,7249455.00,487845.00,7253295.00,74.6972,65.3848,spatial_block_4fold,0,1,,,0,298.315,300.795,2.4794
l9siberia_r38_c31,landsat9_siberia_fire,LC09_L2SP_158014_20260817_02_T1,LC09_L2SP_158014_20260817_02_T1,38,31,EPSG:32643,533925.00,7249455.00,537765.00,7253295.00,75.7712,65.3831,spatial_block_4fold,1,1,,,0,299.62,301.673,2.05334
l9siberia_r38_c32,landsat9_siberia_fire,LC09_L2SP_158014_20260817_02_T1,LC09_L2SP_158014_20260817_02_T1,38,32,EPSG:32643,537765.00,7249455.00,541605.00,7253295.00,75.8538,65.3827,spatial_block_4fold,1,1,,,0,298.597,300.46,1.86261
l9siberia_r38_c33,landsat9_siberia_fire,LC09_L2SP_158014_20260817_02_T1,LC09_L2SP_158014_20260817_02_T1,38,33,EPSG:32643,541605.00,7249455.00,545445.00,7253295.00,75.9364,65.3822,spatial_block_4fold,1,1,,,0,299.115,301.135,2.0195
l9siberia_r38_c34,landsat9_siberia_fire,LC09_L2SP_158014_20260817_02_T1,LC09_L2SP_158014_20260817_02_T1,38,34,EPSG:32643,545445.00,7249455.00,549285.00,7253295.00,76.019,65.3817,spatial_block_4fold,1,1,,,0,299.71,301.472,1.76242
l9siberia_r38_c35,landsat9_siberia_fire,LC09_L2SP_158014_20260817_02_T1,LC09_L2SP_158014_20260817_02_T1,38,35,EPSG:32643,549285.00,7249455.00,553125.00,7253295.00,76.1016,65.3811,spatial_block_4fold,1,1,,,0,300.132,301.523,1.39157
l9siberia_r38_c36,landsat9_siberia_fire,LC09_L2SP_158014_20260817_02_T1,LC09_L2SP_158014_20260817_02_T1,38,36,EPSG:32643,553125.00,7249455.00,556965.00,7253295.00,76.1842,65.3805,spatial_block_4fold,1,1,,,0,299.867,301.855,1.98798
l9siberia_r38_c37,landsat9_siberia_fire,LC09_L2SP_158014_20260817_02_T1,LC09_L2SP_158014_20260817_02_T1,38,37,EPSG:32643,556965.00,7249455.00,560805.00,7253295.00,76.2668,65.3798,spatial_block_4fold,1,1,,,0,300.275,304.406,4.13068
l9siberia_r38_c38,landsat9_siberia_fire,LC09_L2SP_158014_20260817_02_T1,LC09_L2SP_158014_20260817_02_T1,38,38,EPSG:32643,560805.00,7249455.00,564645.00,7253295.00,76.3494,65.3791,spatial_block_4fold,1,1,,,0,300.179,303.017,2.83746
l9siberia_r38_c39,landsat9_siberia_fire,LC09_L2SP_158014_20260817_02_T1,LC09_L2SP_158014_20260817_02_T1,38,39,EPSG:32643,564645.00,7249455.00,568485.00,7253295.00,76.432,65.3783,spatial_block_4fold,1,1,,,0,300.009,302.376,2.36652
l9siberia_r38_c40,landsat9_siberia_fire,LC09_L2SP_158014_20260817_02_T1,LC09_L2SP_158014_20260817_02_T1,38,40,EPSG:32643,568485.00,7249455.00,572325.00,7253295.00,76.5145,65.3775,spatial_block_4fold,2,1,,,0,299.502,303.377,3.87482
l9siberia_r38_c41,landsat9_siberia_fire,LC09_L2SP_158014_20260817_02_T1,LC09_L2SP_158014_20260817_02_T1,38,41,EPSG:32643,572325.00,7249455.00,576165.00,7253295.00,76.5971,65.3767,spatial_block_4fold,2,1,,,0,299.331,301.79,2.45926
l9siberia_r38_c42,landsat9_siberia_fire,LC09_L2SP_158014_20260817_02_T1,LC09_L2SP_158014_20260817_02_T1,38,42,EPSG:32643,576165.00,7249455.00,580005.00,7253295.00,76.6797,65.3758,spatial_block_4fold,2,1,,,0,300.004,302.442,2.43777
l9siberia_r38_c43,landsat9_siberia_fire,LC09_L2SP_158014_20260817_02_T1,LC09_L2SP_158014_20260817_02_T1,38,43,EPSG:32643,580005.00,7249455.00,583845.00,7253295.00,76.7622,65.3748,spatial_block_4fold,2,1,,,0,300.352,302.216,1.86365
l9siberia_r38_c44,landsat9_siberia_fire,LC09_L2SP_158014_20260817_02_T1,LC09_L2SP_158014_20260817_02_T1,38,44,EPSG:32643,583845.00,7249455.00,587685.00,7253295.00,76.8448,65.3738,spatial_block_4fold,2,1,,,0,300.086,306.757,6.6709
l9siberia_r38_c45,landsat9_siberia_fire,LC09_L2SP_158014_20260817_02_T1,LC09_L2SP_158014_20260817_02_T1,38,45,EPSG:32643,587685.00,7249455.00,591525.00,7253295.00,76.9273,65.3728,spatial_block_4fold,2,1,,,0,299.101,306.074,6.97305
l9siberia_r38_c46,landsat9_siberia_fire,LC09_L2SP_158014_20260817_02_T1,LC09_L2SP_158014_20260817_02_T1,38,46,EPSG:32643,591525.00,7249455.00,595365.00,7253295.00,77.0098,65.3717,spatial_block_4fold,2,1,,,0,296.353,301.76,5.40714
l9siberia_r38_c47,landsat9_siberia_fire,LC09_L2SP_158014_20260817_02_T1,LC09_L2SP_158014_20260817_02_T1,38,47,EPSG:32643,595365.00,7249455.00,599205.00,7253295.00,77.0924,65.3706,spatial_block_4fold,2,1,,,0,300.501,303.384,2.88327
l9siberia_r38_c48,landsat9_siberia_fire,LC09_L2SP_158014_20260817_02_T1,LC09_L2SP_158014_20260817_02_T1,38,48,EPSG:32643,599205.00,7249455.00,603045.00,7253295.00,77.1749,65.3694,spatial_block_4fold,2,1,,,0,299.966,303.562,3.5957
l9siberia_r38_c49,landsat9_siberia_fire,LC09_L2SP_158014_20260817_02_T1,LC09_L2SP_158014_20260817_02_T1,38,49,EPSG:32643,603045.00,7249455.00,606885.00,7253295.00,77.2574,65.3682,spatial_block_4fold,2,1,,,0,299.021,303.033,4.01215
l9siberia_r38_c50,landsat9_siberia_fire,LC09_L2SP_158014_20260817_02_T1,LC09_L2SP_158014_20260817_02_T1,38,50,EPSG:32643,606885.00,7249455.00,610725.00,7253295.00,77.3399,65.367,spatial_block_4fold,1,1,,,1,300.996,314.803,13.8073
l9siberia_r38_c51,landsat9_siberia_fire,LC09_L2SP_158014_20260817_02_T1,LC09_L2SP_158014_20260817_02_T1,38,51,EPSG:32643,610725.00,7249455.00,614565.00,7253295.00,77.4224,65.3657,spatial_block_4fold,1,1,,,1,303.194,319.504,16.3098
l9siberia_r38_c52,landsat9_siberia_fire,LC09_L2SP_158014_20260817_02_T1,LC09_L2SP_158014_20260817_02_T1,38,52,EPSG:32643,614565.00,7249455.00,618405.00,7253295.00,77.5049,65.3643,spatial_block_4fold,1,1,,,1,302.572,314.477,11.9046
l9siberia_r38_c53,landsat9_siberia_fire,LC09_L2SP_158014_20260817_02_T1,LC09_L2SP_158014_20260817_02_T1,38,53,EPSG:32643,618405.00,7249455.00,622245.00,7253295.00,77.5873,65.3629,spatial_block_4fold,1,1,,,0,299.746,304.365,4.61914
l9siberia_r38_c54,landsat9_siberia_fire,LC09_L2SP_158014_20260817_02_T1,LC09_L2SP_158014_20260817_02_T1,38,54,EPSG:32643,622245.00,7249455.00,626085.00,7253295.00,77.6698,65.3615,spatial_block_4fold,1,1,,,0,300.434,302.679,2.24475
l9siberia_r38_c55,landsat9_siberia_fire,LC09_L2SP_158014_20260817_02_T1,LC09_L2SP_158014_20260817_02_T1,38,55,EPSG:32643,626085.00,7249455.00,629925.00,7253295.00,77.7522,65.36,spatial_block_4fold,1,1,,,0,298.507,303.525,5.01791
l9siberia_r39_c04,landsat9_siberia_fire,LC09_L2SP_158014_20260817_02_T1,LC09_L2SP_158014_20260817_02_T1,39,4,EPSG:32643,430245.00,7245615.00,434085.00,7249455.00,73.5426,65.3436,spatial_block_4fold,3,1,,,0,298.695,301.087,2.39215
l9siberia_r39_c05,landsat9_siberia_fire,LC09_L2SP_158014_20260817_02_T1,LC09_L2SP_158014_20260817_02_T1,39,5,EPSG:32643,434085.00,7245615.00,437925.00,7249455.00,73.6251,65.3444,spatial_block_4fold,3,1,,,0,297.748,299.273,1.52502
l9siberia_r39_c06,landsat9_siberia_fire,LC09_L2SP_158014_20260817_02_T1,LC09_L2SP_158014_20260817_02_T1,39,6,EPSG:32643,437925.00,7245615.00,441765.00,7249455.00,73.7076,65.3451,spatial_block_4fold,3,1,,,0,297.815,299.631,1.81665
l9siberia_r39_c07,landsat9_siberia_fire,LC09_L2SP_158014_20260817_02_T1,LC09_L2SP_158014_20260817_02_T1,39,7,EPSG:32643,441765.00,7245615.00,445605.00,7249455.00,73.7901,65.3458,spatial_block_4fold,3,1,,,0,298.315,305.711,7.39566
l9siberia_r39_c08,landsat9_siberia_fire,LC09_L2SP_158014_20260817_02_T1,LC09_L2SP_158014_20260817_02_T1,39,8,EPSG:32643,445605.00,7245615.00,449445.00,7249455.00,73.8726,65.3464,spatial_block_4fold,3,1,,,0,298.743,301.495,2.75174
l9siberia_r39_c09,landsat9_siberia_fire,LC09_L2SP_158014_20260817_02_T1,LC09_L2SP_158014_20260817_02_T1,39,9,EPSG:32643,449445.00,7245615.00,453285.00,7249455.00,73.955,65.347,spatial_block_4fold,3,1,,,0,298.509,300.985,2.47571
l9siberia_r39_c10,landsat9_siberia_fire,LC09_L2SP_158014_20260817_02_T1,LC09_L2SP_158014_20260817_02_T1,39,10,EPSG:32643,453285.00,7245615.00,457125.00,7249455.00,74.0375,65.3476,spatial_block_4fold,0,1,,,0,298.746,301.954,3.20813
l9siberia_r39_c11,landsat9_siberia_fire,LC09_L2SP_158014_20260817_02_T1,LC09_L2SP_158014_20260817_02_T1,39,11,EPSG:32643,457125.00,7245615.00,460965.00,7249455.00,74.12,65.3481,spatial_block_4fold,0,1,,,0,299.387,301.738,2.35031
l9siberia_r39_c12,landsat9_siberia_fire,LC09_L2SP_158014_20260817_02_T1,LC09_L2SP_158014_20260817_02_T1,39,12,EPSG:32643,460965.00,7245615.00,464805.00,7249455.00,74.2025,65.3485,spatial_block_4fold,0,1,,,0,298.703,300.87,2.16638
l9siberia_r39_c13,landsat9_siberia_fire,LC09_L2SP_158014_20260817_02_T1,LC09_L2SP_158014_20260817_02_T1,39,13,EPSG:32643,464805.00,7245615.00,468645.00,7249455.00,74.285,65.349,spatial_block_4fold,0,1,,,0,298.001,300.122,2.1214
l9siberia_r39_c14,landsat9_siberia_fire,LC09_L2SP_158014_20260817_02_T1,LC09_L2SP_158014_20260817_02_T1,39,14,EPSG:32643,468645.00,7245615.00,472485.00,7249455.00,74.3675,65.3493,spatial_block_4fold,0,1,,,0,298.535,300.689,2.15353
l9siberia_r39_c15,landsat9_siberia_fire,LC09_L2SP_158014_20260817_02_T1,LC09_L2SP_158014_20260817_02_T1,39,15,EPSG:32643,472485.00,7245615.00,476325.00,7249455.00,74.45,65.3497,spatial_block_4fold,0,1,,,0,298.793,302.111,3.31781
l9siberia_r39_c16,landsat9_siberia_fire,LC09_L2SP_158014_20260817_02_T1,LC09_L2SP_158014_20260817_02_T1,39,16,EPSG:32643,476325.00,7245615.00,480165.00,7249455.00,74.5325,65.3499,spatial_block_4fold,0,1,,,0,298.763,301.513,2.7504
l9siberia_r39_c17,landsat9_siberia_fire,LC09_L2SP_158014_20260817_02_T1,LC09_L2SP_158014_20260817_02_T1,39,17,EPSG:32643,480165.00,7245615.00,484005.00,7249455.00,74.615,65.3502,spatial_block_4fold,0,1,,,0,298.546,300.87,2.32446
l9siberia_r39_c18,landsat9_siberia_fire,LC09_L2SP_158014_20260817_02_T1,LC09_L2SP_158014_20260817_02_T1,39,18,EPSG:32643,484005.00,7245615.00,487845.00,7249455.00,74.6976,65.3503,spatial_block_4fold,0,1,,,0,298.703,305.35,6.64697
l9siberia_r39_c32,landsat9_siberia_fire,LC09_L2SP_158014_20260817_02_T1,LC09_L2SP_158014_20260817_02_T1,39,32,EPSG:32643,537765.00,7245615.00,541605.00,7249455.00,75.8527,65.3482,spatial_block_4fold,1,1,,,0,298.729,300.957,2.22797
l9siberia_r39_c33,landsat9_siberia_fire,LC09_L2SP_158014_20260817_02_T1,LC09_L2SP_158014_20260817_02_T1,39,33,EPSG:32643,541605.00,7245615.00,545445.00,7249455.00,75.9352,65.3478,spatial_block_4fold,1,1,,,0,299.02,301.03,2.0105
l9siberia_r39_c34,landsat9_siberia_fire,LC09_L2SP_158014_20260817_02_T1,LC09_L2SP_158014_20260817_02_T1,39,34,EPSG:32643,545445.00,7245615.00,549285.00,7249455.00,76.0177,65.3472,spatial_block_4fold,1,1,,,0,299.437,301.268,1.83133
l9siberia_r39_c35,landsat9_siberia_fire,LC09_L2SP_158014_20260817_02_T1,LC09_L2SP_158014_20260817_02_T1,39,35,EPSG:32643,549285.00,7245615.00,553125.00,7249455.00,76.1002,65.3466,spatial_block_4fold,1,1,,,0,299.618,301.392,1.77411
l9siberia_r39_c36,landsat9_siberia_fire,LC09_L2SP_158014_20260817_02_T1,LC09_L2SP_158014_20260817_02_T1,39,36,EPSG:32643,553125.00,7245615.00,556965.00,7249455.00,76.1827,65.346,spatial_block_4fold,1,1,,,0,299.337,301.536,2.19904
l9siberia_r39_c37,landsat9_siberia_fire,LC09_L2SP_158014_20260817_02_T1,LC09_L2SP_158014_20260817_02_T1,39,37,EPSG:32643,556965.00,7245615.00,560805.00,7249455.00,76.2651,65.3454,spatial_block_4fold,1,1,,,0,299.538,301.65,2.1124
l9siberia_r39_c38,landsat9_siberia_fire,LC09_L2SP_158014_20260817_02_T1,LC09_L2SP_158014_20260817_02_T1,39,38,EPSG:32643,560805.00,7245615.00,564645.00,7249455.00,76.3476,65.3446,spatial_block_4fold,1,1,,,0,300.305,304.492,4.18723
l9siberia_r39_c39,landsat9_siberia_fire,LC09_L2SP_158014_20260817_02_T1,LC09_L2SP_158014_20260817_02_T1,39,39,EPSG:32643,564645.00,7245615.00,568485.00,7249455.00,76.4301,65.3439,spatial_block_4fold,1,1,,,0,300.847,305.303,4.45572
l9siberia_r39_c40,landsat9_siberia_fire,LC09_L2SP_158014_20260817_02_T1,LC09_L2SP_158014_20260817_02_T1,39,40,EPSG:32643,568485.00,7245615.00,572325.00,7249455.00,76.5125,65.3431,spatial_block_4fold,2,1,,,0,300.324,304.762,4.43793
l9siberia_r39_c41,landsat9_siberia_fire,LC09_L2SP_158014_20260817_02_T1,LC09_L2SP_158014_20260817_02_T1,39,41,EPSG:32643,572325.00,7245615.00,576165.00,7249455.00,76.595,65.3422,spatial_block_4fold,2,1,,,0,299.959,301.655,1.69608
l9siberia_r39_c42,landsat9_siberia_fire,LC09_L2SP_158014_20260817_02_T1,LC09_L2SP_158014_20260817_02_T1,39,42,EPSG:32643,576165.00,7245615.00,580005.00,7249455.00,76.6775,65.3413,spatial_block_4fold,2,1,,,0,299.849,301.734,1.88486
l9siberia_r39_c43,landsat9_siberia_fire,LC09_L2SP_158014_20260817_02_T1,LC09_L2SP_158014_20260817_02_T1,39,43,EPSG:32643,580005.00,7245615.00,583845.00,7249455.00,76.7599,65.3404,spatial_block_4fold,2,1,,,0,299.979,302.005,2.0253
l9siberia_r39_c44,landsat9_siberia_fire,LC09_L2SP_158014_20260817_02_T1,LC09_L2SP_158014_20260817_02_T1,39,44,EPSG:32643,583845.00,7245615.00,587685.00,7249455.00,76.8423,65.3394,spatial_block_4fold,2,1,,,0,299.334,301.775,2.44019
l9siberia_r39_c45,landsat9_siberia_fire,LC09_L2SP_158014_20260817_02_T1,LC09_L2SP_158014_20260817_02_T1,39,45,EPSG:32643,587685.00,7245615.00,591525.00,7249455.00,76.9248,65.3384,spatial_block_4fold,2,1,,,0,298.953,300.855,1.90118
l9siberia_r39_c46,landsat9_siberia_fire,LC09_L2SP_158014_20260817_02_T1,LC09_L2SP_158014_20260817_02_T1,39,46,EPSG:32643,591525.00,7245615.00,595365.00,7249455.00,77.0072,65.3373,spatial_block_4fold,2,1,,,0,298.802,302.84,4.03882
l9siberia_r39_c47,landsat9_siberia_fire,LC09_L2SP_158014_20260817_02_T1,LC09_L2SP_158014_20260817_02_T1,39,47,EPSG:32643,595365.00,7245615.00,599205.00,7249455.00,77.0896,65.3362,spatial_block_4fold,2,1,,,0,300.815,303.878,3.06305
l9siberia_r39_c48,landsat9_siberia_fire,LC09_L2SP_158014_20260817_02_T1,LC09_L2SP_158014_20260817_02_T1,39,48,EPSG:32643,599205.00,7245615.00,603045.00,7249455.00,77.172,65.335,spatial_block_4fold,2,1,,,0,300.229,303.688,3.45825
l9siberia_r39_c49,landsat9_siberia_fire,LC09_L2SP_158014_20260817_02_T1,LC09_L2SP_158014_20260817_02_T1,39,49,EPSG:32643,603045.00,7245615.00,606885.00,7249455.00,77.2544,65.3338,spatial_block_4fold,2,1,,,0,299.402,303.051,3.64914
l9siberia_r39_c50,landsat9_siberia_fire,LC09_L2SP_158014_20260817_02_T1,LC09_L2SP_158014_20260817_02_T1,39,50,EPSG:32643,606885.00,7245615.00,610725.00,7249455.00,77.3368,65.3326,spatial_block_4fold,1,1,,,0,299.02,303.458,4.43851
l9siberia_r39_c51,landsat9_siberia_fire,LC09_L2SP_158014_20260817_02_T1,LC09_L2SP_158014_20260817_02_T1,39,51,EPSG:32643,610725.00,7245615.00,614565.00,7249455.00,77.4192,65.3313,spatial_block_4fold,1,1,,,0,301.315,308.756,7.44073
l9siberia_r39_c52,landsat9_siberia_fire,LC09_L2SP_158014_20260817_02_T1,LC09_L2SP_158014_20260817_02_T1,39,52,EPSG:32643,614565.00,7245615.00,618405.00,7249455.00,77.5016,65.3299,spatial_block_4fold,1,1,,,1,303.821,316.231,12.4102
l9siberia_r39_c53,landsat9_siberia_fire,LC09_L2SP_158014_20260817_02_T1,LC09_L2SP_158014_20260817_02_T1,39,53,EPSG:32643,618405.00,7245615.00,622245.00,7249455.00,77.5839,65.3285,spatial_block_4fold,1,1,,,1,301.222,310.913,9.69116
l9siberia_r39_c54,landsat9_siberia_fire,LC09_L2SP_158014_20260817_02_T1,LC09_L2SP_158014_20260817_02_T1,39,54,EPSG:32643,622245.00,7245615.00,626085.00,7249455.00,77.6663,65.3271,spatial_block_4fold,1,1,,,0,301.436,303.569,2.13336
l9siberia_r39_c55,landsat9_siberia_fire,LC09_L2SP_158014_20260817_02_T1,LC09_L2SP_158014_20260817_02_T1,39,55,EPSG:32643,626085.00,7245615.00,629925.00,7249455.00,77.7486,65.3256,spatial_block_4fold,1,1,,,0,301.166,304.096,2.93008
l9siberia_r40_c04,landsat9_siberia_fire,LC09_L2SP_158014_20260817_02_T1,LC09_L2SP_158014_20260817_02_T1,40,4,EPSG:32643,430245.00,7241775.00,434085.00,7245615.00,73.5446,65.3092,spatial_block_4fold,1,1,,,0,296.646,300.429,3.78232
l9siberia_r40_c05,landsat9_siberia_fire,LC09_L2SP_158014_20260817_02_T1,LC09_L2SP_158014_20260817_02_T1,40,5,EPSG:32643,434085.00,7241775.00,437925.00,7245615.00,73.6269,65.3099,spatial_block_4fold,1,1,,,0,298.335,301.042,2.707
l9siberia_r40_c06,landsat9_siberia_fire,LC09_L2SP_158014_20260817_02_T1,LC09_L2SP_158014_20260817_02_T1,40,6,EPSG:32643,437925.00,7241775.00,441765.00,7245615.00,73.7093,65.3107,spatial_block_4fold,1,1,,,0,298.4,300.594,2.19388
l9siberia_r40_c07,landsat9_siberia_fire,LC09_L2SP_158014_20260817_02_T1,LC09_L2SP_158014_20260817_02_T1,40,7,EPSG:32643,441765.00,7241775.00,445605.00,7245615.00,73.7916,65.3114,spatial_block_4fold,1,1,,,0,298.067,299.521,1.45425
l9siberia_r40_c08,landsat9_siberia_fire,LC09_L2SP_158014_20260817_02_T1,LC09_L2SP_158014_20260817_02_T1,40,8,EPSG:32643,445605.00,7241775.00,449445.00,7245615.00,73.874,65.312,spatial_block_4fold,1,1,,,0,298.501,300.126,1.62436
l9siberia_r40_c09,landsat9_siberia_fire,LC09_L2SP_158014_20260817_02_T1,LC09_L2SP_158014_20260817_02_T1,40,9,EPSG:32643,449445.00,7241775.00,453285.00,7245615.00,73.9564,65.3126,spatial_block_4fold,1,1,,,0,298.069,300.093,2.02359
l9siberia_r40_c10,landsat9_siberia_fire,LC09_L2SP_158014_20260817_02_T1,LC09_L2SP_158014_20260817_02_T1,40,10,EPSG:32643,453285.00,7241775.00,457125.00,7245615.00,74.0388,65.3131,spatial_block_4fold,3,1,,,0,298.831,301.116,2.28528
l9siberia_r40_c11,landsat9_siberia_fire,LC09_L2SP_158014_20260817_02_T1,LC09_L2SP_158014_20260817_02_T1,40,11,EPSG:32643,457125.00,7241775.00,460965.00,7245615.00,74.1212,65.3136,spatial_block_4fold,3,1,,,0,298.955,301.301,2.34564
l9siberia_r40_c13,landsat9_siberia_fire,LC09_L2SP_158014_20260817_02_T1,LC09_L2SP_158014_20260817_02_T1,40,13,EPSG:32643,464805.00,7241775.00,468645.00,7245615.00,74.286,65.3145,spatial_block_4fold,3,1,,,0,298.264,303.445,5.18066
l9siberia_r40_c15,landsat9_siberia_fire,LC09_L2SP_158014_20260817_02_T1,LC09_L2SP_158014_20260817_02_T1,40,15,EPSG:32643,472485.00,7241775.00,476325.00,7245615.00,74.4507,65.3152,spatial_block_4fold,3,1,,,0,298.407,302.584,4.17731
l9siberia_r40_c16,landsat9_siberia_fire,LC09_L2SP_158014_20260817_02_T1,LC09_L2SP_158014_20260817_02_T1,40,16,EPSG:32643,476325.00,7241775.00,480165.00,7245615.00,74.5331,65.3155,spatial_block_4fold,3,1,,,0,298.681,301.591,2.91034
l9siberia_r40_c17,landsat9_siberia_fire,LC09_L2SP_158014_20260817_02_T1,LC09_L2SP_158014_20260817_02_T1,40,17,EPSG:32643,480165.00,7241775.00,484005.00,7245615.00,74.6156,65.3157,spatial_block_4fold,3,1,,,0,299.11,303.116,4.00558
l9siberia_r40_c18,landsat9_siberia_fire,LC09_L2SP_158014_20260817_02_T1,LC09_L2SP_158014_20260817_02_T1,40,18,EPSG:32643,484005.00,7241775.00,487845.00,7245615.00,74.698,65.3159,spatial_block_4fold,3,1,,,0,298.916,329.337,30.4212
l9siberia_r40_c25,landsat9_siberia_fire,LC09_L2SP_158014_20260817_02_T1,LC09_L2SP_158014_20260817_02_T1,40,25,EPSG:32643,510885.00,7241775.00,514725.00,7245615.00,75.2748,65.3159,spatial_block_4fold,0,1,,,0,299.585,307.365,7.78006
l9siberia_r40_c33,landsat9_siberia_fire,LC09_L2SP_158014_20260817_02_T1,LC09_L2SP_158014_20260817_02_T1,40,33,EPSG:32643,541605.00,7241775.00,545445.00,7245615.00,75.934,65.3133,spatial_block_4fold,3,1,,,0,299.282,301.654,2.37201
l9siberia_r40_c34,landsat9_siberia_fire,LC09_L2SP_158014_20260817_02_T1,LC09_L2SP_158014_20260817_02_T1,40,34,EPSG:32643,545445.00,7241775.00,549285.00,7245615.00,76.0164,65.3128,spatial_block_4fold,3,1,,,0,298.976,303.087,4.11105
l9siberia_r40_c35,landsat9_siberia_fire,LC09_L2SP_158014_20260817_02_T1,LC09_L2SP_158014_20260817_02_T1,40,35,EPSG:32643,549285.00,7241775.00,553125.00,7245615.00,76.0987,65.3122,spatial_block_4fold,3,1,,,0,298.217,300.219,2.00208
l9siberia_r40_c36,landsat9_siberia_fire,LC09_L2SP_158014_20260817_02_T1,LC09_L2SP_158014_20260817_02_T1,40,36,EPSG:32643,553125.00,7241775.00,556965.00,7245615.00,76.1811,65.3116,spatial_block_4fold,3,1,,,0,298.894,301.499,2.60559
l9siberia_r40_c37,landsat9_siberia_fire,LC09_L2SP_158014_20260817_02_T1,LC09_L2SP_158014_20260817_02_T1,40,37,EPSG:32643,556965.00,7241775.00,560805.00,7245615.00,76.2635,65.3109,spatial_block_4fold,3,1,,,0,298.751,301.267,2.51654
l9siberia_r40_c38,landsat9_siberia_fire,LC09_L2SP_158014_20260817_02_T1,LC09_L2SP_158014_20260817_02_T1,40,38,EPSG:32643,560805.00,7241775.00,564645.00,7245615.00,76.3458,65.3102,spatial_block_4fold,3,1,,,0,299.231,302.051,2.82022
l9siberia_r40_c39,landsat9_siberia_fire,LC09_L2SP_158014_20260817_02_T1,LC09_L2SP_158014_20260817_02_T1,40,39,EPSG:32643,564645.00,7241775.00,568485.00,7245615.00,76.4282,65.3094,spatial_block_4fold,3,1,,,0,299.708,301.687,1.97888
l9siberia_r40_c40,landsat9_siberia_fire,LC09_L2SP_158014_20260817_02_T1,LC09_L2SP_158014_20260817_02_T1,40,40,EPSG:32643,568485.00,7241775.00,572325.00,7245615.00,76.5106,65.3086,spatial_block_4fold,0,1,,,0,300.169,304.573,4.40445
l9siberia_r40_c41,landsat9_siberia_fire,LC09_L2SP_158014_20260817_02_T1,LC09_L2SP_158014_20260817_02_T1,40,41,EPSG:32643,572325.00,7241775.00,576165.00,7245615.00,76.5929,65.3078,spatial_block_4fold,0,1,,,0,300.117,305.35,5.23331
l9siberia_r40_c42,landsat9_siberia_fire,LC09_L2SP_158014_20260817_02_T1,LC09_L2SP_158014_20260817_02_T1,40,42,EPSG:32643,576165.00,7241775.00,580005.00,7245615.00,76.6753,65.3069,spatial_block_4fold,0,1,,,0,300.103,302.455,2.35275
l9siberia_r40_c43,landsat9_siberia_fire,LC09_L2SP_158014_20260817_02_T1,LC09_L2SP_158014_20260817_02_T1,40,43,EPSG:32643,580005.00,7241775.00,583845.00,7245615.00,76.7576,65.306,spatial_block_4fold,0,1,,,0,299.699,302.01,2.31128
l9siberia_r40_c44,landsat9_siberia_fire,LC09_L2SP_158014_20260817_02_T1,LC09_L2SP_158014_20260817_02_T1,40,44,EPSG:32643,583845.00,7241775.00,587685.00,7245615.00,76.8399,65.305,spatial_block_4fold,0,1,,,0,299.13,301.107,1.97736
l9siberia_r40_c45,landsat9_siberia_fire,LC09_L2SP_158014_20260817_02_T1,LC09_L2SP_158014_20260817_02_T1,40,45,EPSG:32643,587685.00,7241775.00,591525.00,7245615.00,76.9223,65.3039,spatial_block_4fold,0,1,,,0,298.834,300.97,2.13565
l9siberia_r40_c46,landsat9_siberia_fire,LC09_L2SP_158014_20260817_02_T1,LC09_L2SP_158014_20260817_02_T1,40,46,EPSG:32643,591525.00,7241775.00,595365.00,7245615.00,77.0046,65.3029,spatial_block_4fold,0,1,,,0,297.577,301.678,4.10135
l9siberia_r40_c47,landsat9_siberia_fire,LC09_L2SP_158014_20260817_02_T1,LC09_L2SP_158014_20260817_02_T1,40,47,EPSG:32643,595365.00,7241775.00,599205.00,7245615.00,77.0869,65.3018,spatial_block_4fold,0,1,,,0,299.944,303.046,3.10248
l9siberia_r40_c48,landsat9_siberia_fire,LC09_L2SP_158014_20260817_02_T1,LC09_L2SP_158014_20260817_02_T1,40,48,EPSG:32643,599205.00,7241775.00,603045.00,7245615.00,77.1692,65.3006,spatial_block_4fold,0,1,,,0,300.62,303.249,2.62839
l9siberia_r40_c49,landsat9_siberia_fire,LC09_L2SP_158014_20260817_02_T1,LC09_L2SP_158014_20260817_02_T1,40,49,EPSG:32643,603045.00,7241775.00,606885.00,7245615.00,77.2515,65.2994,spatial_block_4fold,0,1,,,0,298.83,302.915,4.08521
l9siberia_r40_c50,landsat9_siberia_fire,LC09_L2SP_158014_20260817_02_T1,LC09_L2SP_158014_20260817_02_T1,40,50,EPSG:32643,606885.00,7241775.00,610725.00,7245615.00,77.3338,65.2981,spatial_block_4fold,2,1,,,0,299.538,303.273,3.73535
l9siberia_r40_c51,landsat9_siberia_fire,LC09_L2SP_158014_20260817_02_T1,LC09_L2SP_158014_20260817_02_T1,40,51,EPSG:32643,610725.00,7241775.00,614565.00,7245615.00,77.416,65.2968,spatial_block_4fold,2,1,,,1,300.799,316.843,16.0441
l9siberia_r40_c52,landsat9_siberia_fire,LC09_L2SP_158014_20260817_02_T1,LC09_L2SP_158014_20260817_02_T1,40,52,EPSG:32643,614565.00,7241775.00,618405.00,7245615.00,77.4983,65.2955,spatial_block_4fold,2,1,,,0,300.407,303.479,3.07199
l9siberia_r40_c53,landsat9_siberia_fire,LC09_L2SP_158014_20260817_02_T1,LC09_L2SP_158014_20260817_02_T1,40,53,EPSG:32643,618405.00,7241775.00,622245.00,7245615.00,77.5806,65.2941,spatial_block_4fold,2,1,,,0,300.356,303.067,2.71072
l9siberia_r40_c54,landsat9_siberia_fire,LC09_L2SP_158014_20260817_02_T1,LC09_L2SP_158014_20260817_02_T1,40,54,EPSG:32643,622245.00,7241775.00,626085.00,7245615.00,77.6628,65.2927,spatial_block_4fold,2,1,,,0,300.138,303.43,3.29221
l9siberia_r41_c03,landsat9_siberia_fire,LC09_L2SP_158014_20260817_02_T1,LC09_L2SP_158014_20260817_02_T1,41,3,EPSG:32643,426405.00,7237935.00,430245.00,7241775.00,73.4642,65.2739,spatial_block_4fold,1,1,,,0,296.656,299.3,2.64392
l9siberia_r41_c04,landsat9_siberia_fire,LC09_L2SP_158014_20260817_02_T1,LC09_L2SP_158014_20260817_02_T1,41,4,EPSG:32643,430245.00,7237935.00,434085.00,7241775.00,73.5465,65.2747,spatial_block_4fold,1,1,,,0,296.058,299.796,3.73737
l9siberia_r41_c05,landsat9_siberia_fire,LC09_L2SP_158014_20260817_02_T1,LC09_L2SP_158014_20260817_02_T1,41,5,EPSG:32643,434085.00,7237935.00,437925.00,7241775.00,73.6287,65.2755,spatial_block_4fold,1,1,,,0,296.389,300.017,3.62869
l9siberia_r41_c06,landsat9_siberia_fire,LC09_L2SP_158014_20260817_02_T1,LC09_L2SP_158014_20260817_02_T1,41,6,EPSG:32643,437925.00,7237935.00,441765.00,7241775.00,73.711,65.2762,spatial_block_4fold,1,1,,,0,298.485,300.071,1.58636
l9siberia_r41_c07,landsat9_siberia_fire,LC09_L2SP_158014_20260817_02_T1,LC09_L2SP_158014_20260817_02_T1,41,7,EPSG:32643,441765.00,7237935.00,445605.00,7241775.00,73.7932,65.2769,spatial_block_4fold,1,1,,,0,298.339,299.783,1.44461
l9siberia_r41_c08,landsat9_siberia_fire,LC09_L2SP_158014_20260817_02_T1,LC09_L2SP_158014_20260817_02_T1,41,8,EPSG:32643,445605.00,7237935.00,449445.00,7241775.00,73.8755,65.2775,spatial_block_4fold,1,1,,,0,298.628,300.061,1.43304
l9siberia_r41_c09,landsat9_siberia_fire,LC09_L2SP_158014_20260817_02_T1,LC09_L2SP_158014_20260817_02_T1,41,9,EPSG:32643,449445.00,7237935.00,453285.00,7241775.00,73.9578,65.2781,spatial_block_4fold,1,1,,,0,298.715,300.394,1.67871
l9siberia_r41_c10,landsat9_siberia_fire,LC09_L2SP_158014_20260817_02_T1,LC09_L2SP_158014_20260817_02_T1,41,10,EPSG:32643,453285.00,7237935.00,457125.00,7241775.00,74.04,65.2787,spatial_block_4fold,3,1,,,0,298.642,301.134,2.49258
l9siberia_r41_c11,landsat9_siberia_fire,LC09_L2SP_158014_20260817_02_T1,LC09_L2SP_158014_20260817_02_T1,41,11,EPSG:32643,457125.00,7237935.00,460965.00,7241775.00,74.1223,65.2792,spatial_block_4fold,3,1,,,0,298.775,301.049,2.2738
l9siberia_r41_c12,landsat9_siberia_fire,LC09_L2SP_158014_20260817_02_T1,LC09_L2SP_158014_20260817_02_T1,41,12,EPSG:32643,460965.00,7237935.00,464805.00,7241775.00,74.2046,65.2796,spatial_block_4fold,3,1,,,0,298.316,301.121,2.80496
l9siberia_r41_c15,landsat9_siberia_fire,LC09_L2SP_158014_20260817_02_T1,LC09_L2SP_158014_20260817_02_T1,41,15,EPSG:32643,472485.00,7237935.00,476325.00,7241775.00,74.4515,65.2807,spatial_block_4fold,3,1,,,0,298.432,303.495,5.06223
l9siberia_r41_c16,landsat9_siberia_fire,LC09_L2SP_158014_20260817_02_T1,LC09_L2SP_158014_20260817_02_T1,41,16,EPSG:32643,476325.00,7237935.00,480165.00,7241775.00,74.5338,65.281,spatial_block_4fold,3,1,,,0,298.347,301.3,2.95331
l9siberia_r41_c17,landsat9_siberia_fire,LC09_L2SP_158014_20260817_02_T1,LC09_L2SP_158014_20260817_02_T1,41,17,EPSG:32643,480165.00,7237935.00,484005.00,7241775.00,74.6161,65.2813,spatial_block_4fold,3,1,,,0,298.822,300.131,1.3089
l9siberia_r41_c18,landsat9_siberia_fire,LC09_L2SP_158014_20260817_02_T1,LC09_L2SP_158014_20260817_02_T1,41,18,EPSG:32643,484005.00,7237935.00,487845.00,7241775.00,74.6983,65.2814,spatial_block_4fold,3,1,,,0,298.416,307.945,9.52835
l9siberia_r41_c19,landsat9_siberia_fire,LC09_L2SP_158014_20260817_02_T1,LC09_L2SP_158014_20260817_02_T1,41,19,EPSG:32643,487845.00,7237935.00,491685.00,7241775.00,74.7806,65.2816,spatial_block_4fold,3,1,,,0,297.959,300.065,2.10614
l9siberia_r41_c25,landsat9_siberia_fire,LC09_L2SP_158014_20260817_02_T1,LC09_L2SP_158014_20260817_02_T1,41,25,EPSG:32643,510885.00,7237935.00,514725.00,7241775.00,75.2744,65.2815,spatial_block_4fold,0,1,,,0,299.113,302.962,3.84833
l9siberia_r41_c30,landsat9_siberia_fire,LC09_L2SP_158014_20260817_02_T1,LC09_L2SP_158014_20260817_02_T1,41,30,EPSG:32643,530085.00,7237935.00,533925.00,7241775.00,75.6859,65.2802,spatial_block_4fold,3,1,,,0,298.685,301.254,2.56885
l9siberia_r41_c31,landsat9_siberia_fire,LC09_L2SP_158014_20260817_02_T1,LC09_L2SP_158014_20260817_02_T1,41,31,EPSG:32643,533925.00,7237935.00,537765.00,7241775.00,75.7682,65.2798,spatial_block_4fold,3,1,,,0,299.117,302.266,3.14911
l9siberia_r41_c34,landsat9_siberia_fire,LC09_L2SP_158014_20260817_02_T1,LC09_L2SP_158014_20260817_02_T1,41,34,EPSG:32643,545445.00,7237935.00,549285.00,7241775.00,76.015,65.2783,spatial_block_4fold,3,1,,,0,299.357,302.117,2.76056
l9siberia_r41_c35,landsat9_siberia_fire,LC09_L2SP_158014_20260817_02_T1,LC09_L2SP_158014_20260817_02_T1,41,35,EPSG:32643,549285.00,7237935.00,553125.00,7241775.00,76.0973,65.2777,spatial_block_4fold,3,1,,,0,299.326,301.421,2.09497
l9siberia_r41_c36,landsat9_siberia_fire,LC09_L2SP_158014_20260817_02_T1,LC09_L2SP_158014_20260817_02_T1,41,36,EPSG:32643,553125.00,7237935.00,556965.00,7241775.00,76.1796,65.2771,spatial_block_4fold,3,1,,,0,298.976,301.571,2.59442
l9siberia_r41_c37,landsat9_siberia_fire,LC09_L2SP_158014_20260817_02_T1,LC09_L2SP_158014_20260817_02_T1,41,37,EPSG:32643,556965.00,7237935.00,560805.00,7241775.00,76.2618,65.2765,spatial_block_4fold,3,1,,,0,298.708,302.508,3.79947
l9siberia_r41_c38,landsat9_siberia_fire,LC09_L2SP_158014_20260817_02_T1,LC09_L2SP_158014_20260817_02_T1,41,38,EPSG:32643,560805.00,7237935.00,564645.00,7241775.00,76.3441,65.2757,spatial_block_4fold,3,1,,,0,298.88,301.895,3.01483
l9siberia_r41_c39,landsat9_siberia_fire,LC09_L2SP_158014_20260817_02_T1,LC09_L2SP_158014_20260817_02_T1,41,39,EPSG:32643,564645.00,7237935.00,568485.00,7241775.00,76.4263,65.275,spatial_block_4fold,3,1,,,0,299.31,301.753,2.44263
l9siberia_r41_c40,landsat9_siberia_fire,LC09_L2SP_158014_20260817_02_T1,LC09_L2SP_158014_20260817_02_T1,41,40,EPSG:32643,568485.00,7237935.00,572325.00,7241775.00,76.5086,65.2742,spatial_block_4fold,0,1,,,0,299.37,301.611,2.24133
l9siberia_r41_c41,landsat9_siberia_fire,LC09_L2SP_158014_20260817_02_T1,LC09_L2SP_158014_20260817_02_T1,41,41,EPSG:32643,572325.00,7237935.00,576165.00,7241775.00,76.5908,65.2733,spatial_block_4fold,0,1,,,0,299.029,303.183,4.15485
l9siberia_r41_c42,landsat9_siberia_fire,LC09_L2SP_158014_20260817_02_T1,LC09_L2SP_158014_20260817_02_T1,41,42,EPSG:32643,576165.00,7237935.00,580005.00,7241775.00,76.6731,65.2725,spatial_block_4fold,0,1,,,0,299.901,304.496,4.59503
l9siberia_r41_c43,landsat9_siberia_fire,LC09_L2SP_158014_20260817_02_T1,LC09_L2SP_158014_20260817_02_T1,41,43,EPSG:32643,580005.00,7237935.00,583845.00,7241775.00,76.7553,65.2715,spatial_block_4fold,0,1,,,0,299.002,301.23,2.22787
l9siberia_r41_c44,landsat9_siberia_fire,LC09_L2SP_158014_20260817_02_T1,LC09_L2SP_158014_20260817_02_T1,41,44,EPSG:32643,583845.00,7237935.00,587685.00,7241775.00,76.8375,65.2705,spatial_block_4fold,0,1,,,0,298.548,302.049,3.50156
l9siberia_r41_c45,landsat9_siberia_fire,LC09_L2SP_158014_20260817_02_T1,LC09_L2SP_158014_20260817_02_T1,41,45,EPSG:32643,587685.00,7237935.00,591525.00,7241775.00,76.9198,65.2695,spatial_block_4fold,0,1,,,0,298.91,301.213,2.30319
l9siberia_r41_c46,landsat9_siberia_fire,LC09_L2SP_158014_20260817_02_T1,LC09_L2SP_158014_20260817_02_T1,41,46,EPSG:32643,591525.00,7237935.00,595365.00,7241775.00,77.002,65.2684,spatial_block_4fold,0,1,,,0,299.816,301.91,2.09476
l9siberia_r41_c47,landsat9_siberia_fire,LC09_L2SP_158014_20260817_02_T1,LC09_L2SP_158014_20260817_02_T1,41,47,EPSG:32643,595365.00,7237935.00,599205.00,7241775.00,77.0842,65.2673,spatial_block_4fold,0,1,,,0,299.815,302.532,2.71686
l9siberia_r41_c48,landsat9_siberia_fire,LC09_L2SP_158014_20260817_02_T1,LC09_L2SP_158014_20260817_02_T1,41,48,EPSG:32643,599205.00,7237935.00,603045.00,7241775.00,77.1664,65.2662,spatial_block_4fold,0,1,,,0,298.821,303.018,4.19727
l9siberia_r41_c49,landsat9_siberia_fire,LC09_L2SP_158014_20260817_02_T1,LC09_L2SP_158014_20260817_02_T1,41,49,EPSG:32643,603045.00,7237935.00,606885.00,7241775.00,77.2485,65.265,spatial_block_4fold,0,1,,,0,299.735,303.227,3.49216
l9siberia_r41_c50,landsat9_siberia_fire,LC09_L2SP_158014_20260817_02_T1,LC09_L2SP_158014_20260817_02_T1,41,50,EPSG:32643,606885.00,7237935.00,610725.00,7241775.00,77.3307,65.2637,spatial_block_4fold,2,1,,,0,299.79,303.567,3.77658
l9siberia_r41_c51,landsat9_siberia_fire,LC09_L2SP_158014_20260817_02_T1,LC09_L2SP_158014_20260817_02_T1,41,51,EPSG:32643,610725.00,7237935.00,614565.00,7241775.00,77.4129,65.2624,spatial_block_4fold,2,1,,,0,300.215,302.691,2.47531
l9siberia_r41_c52,landsat9_siberia_fire,LC09_L2SP_158014_20260817_02_T1,LC09_L2SP_158014_20260817_02_T1,41,52,EPSG:32643,614565.00,7237935.00,618405.00,7241775.00,77.4951,65.2611,spatial_block_4fold,2,1,,,0,300.022,302.242,2.22083
l9siberia_r41_c53,landsat9_siberia_fire,LC09_L2SP_158014_20260817_02_T1,LC09_L2SP_158014_20260817_02_T1,41,53,EPSG:32643,618405.00,7237935.00,622245.00,7241775.00,77.5772,65.2597,spatial_block_4fold,2,1,,,0,300.252,302.542,2.29001
l9siberia_r41_c54,landsat9_siberia_fire,LC09_L2SP_158014_20260817_02_T1,LC09_L2SP_158014_20260817_02_T1,41,54,EPSG:32643,622245.00,7237935.00,626085.00,7241775.00,77.6593,65.2583,spatial_block_4fold,2,1,,,0,300.865,303.378,2.51315
l9siberia_r42_c03,landsat9_siberia_fire,LC09_L2SP_158014_20260817_02_T1,LC09_L2SP_158014_20260817_02_T1,42,3,EPSG:32643,426405.00,7234095.00,430245.00,7237935.00,73.4662,65.2395,spatial_block_4fold,1,1,,,1,298.379,302.615,4.23538
l9siberia_r42_c04,landsat9_siberia_fire,LC09_L2SP_158014_20260817_02_T1,LC09_L2SP_158014_20260817_02_T1,42,4,EPSG:32643,430245.00,7234095.00,434085.00,7237935.00,73.5483,65.2403,spatial_block_4fold,1,1,,,0,298.282,300.015,1.73254
l9siberia_r42_c05,landsat9_siberia_fire,LC09_L2SP_158014_20260817_02_T1,LC09_L2SP_158014_20260817_02_T1,42,5,EPSG:32643,434085.00,7234095.00,437925.00,7237935.00,73.6305,65.2411,spatial_block_4fold,1,1,,,0,296.784,301.347,4.56357
l9siberia_r42_c06,landsat9_siberia_fire,LC09_L2SP_158014_20260817_02_T1,LC09_L2SP_158014_20260817_02_T1,42,6,EPSG:32643,437925.00,7234095.00,441765.00,7237935.00,73.7126,65.2418,spatial_block_4fold,1,1,,,0,297.115,299.857,2.74213
l9siberia_r42_c07,landsat9_siberia_fire,LC09_L2SP_158014_20260817_02_T1,LC09_L2SP_158014_20260817_02_T1,42,7,EPSG:32643,441765.00,7234095.00,445605.00,7237935.00,73.7948,65.2425,spatial_block_4fold,1,1,,,0,298.729,300.508,1.7789
l9siberia_r42_c08,landsat9_siberia_fire,LC09_L2SP_158014_20260817_02_T1,LC09_L2SP_158014_20260817_02_T1,42,8,EPSG:32643,445605.00,7234095.00,449445.00,7237935.00,73.877,65.2431,spatial_block_4fold,1,1,,,0,298.001,301.312,3.31082
l9siberia_r42_c09,landsat9_siberia_fire,LC09_L2SP_158014_20260817_02_T1,LC09_L2SP_158014_20260817_02_T1,42,9,EPSG:32643,449445.00,7234095.00,453285.00,7237935.00,73.9591,65.2437,spatial_block_4fold,1,1,,,0,297.854,299.303,1.44836
l9siberia_r42_c10,landsat9_siberia_fire,LC09_L2SP_158014_20260817_02_T1,LC09_L2SP_158014_20260817_02_T1,42,10,EPSG:32643,453285.00,7234095.00,457125.00,7237935.00,74.0413,65.2442,spatial_block_4fold,3,1,,,0,298.181,299.566,1.38516
l9siberia_r42_c11,landsat9_siberia_fire,LC09_L2SP_158014_20260817_02_T1,LC09_L2SP_158014_20260817_02_T1,42,11,EPSG:32643,457125.00,7234095.00,460965.00,7237935.00,74.1235,65.2447,spatial_block_4fold,3,1,,,0,297.995,306.787,8.79178
l9siberia_r42_c12,landsat9_siberia_fire,LC09_L2SP_158014_20260817_02_T1,LC09_L2SP_158014_20260817_02_T1,42,12,EPSG:32643,460965.00,7234095.00,464805.00,7237935.00,74.2056,65.2452,spatial_block_4fold,3,1,,,0,298.069,305.148,7.07959
l9siberia_r42_c13,landsat9_siberia_fire,LC09_L2SP_158014_20260817_02_T1,LC09_L2SP_158014_20260817_02_T1,42,13,EPSG:32643,464805.00,7234095.00,468645.00,7237935.00,74.2878,65.2456,spatial_block_4fold,3,1,,,0,297.806,299.832,2.02621
l9siberia_r42_c14,landsat9_siberia_fire,LC09_L2SP_158014_20260817_02_T1,LC09_L2SP_158014_20260817_02_T1,42,14,EPSG:32643,468645.00,7234095.00,472485.00,7237935.00,74.37,65.246,spatial_block_4fold,3,1,,,0,298.043,306.267,8.22495
l9siberia_r42_c15,landsat9_siberia_fire,LC09_L2SP_158014_20260817_02_T1,LC09_L2SP_158014_20260817_02_T1,42,15,EPSG:32643,472485.00,7234095.00,476325.00,7237935.00,74.4522,65.2463,spatial_block_4fold,3,1,,,0,298.242,305.323,7.08063
l9siberia_r42_c16,landsat9_siberia_fire,LC09_L2SP_158014_20260817_02_T1,LC09_L2SP_158014_20260817_02_T1,42,16,EPSG:32643,476325.00,7234095.00,480165.00,7237935.00,74.5344,65.2466,spatial_block_4fold,3,1,,,0,298.526,302.341,3.8147
l9siberia_r42_c17,landsat9_siberia_fire,LC09_L2SP_158014_20260817_02_T1,LC09_L2SP_158014_20260817_02_T1,42,17,EPSG:32643,480165.00,7234095.00,484005.00,7237935.00,74.6166,65.2468,spatial_block_4fold,3,1,,,0,298.607,302.258,3.65118
l9siberia_r42_c18,landsat9_siberia_fire,LC09_L2SP_158014_20260817_02_T1,LC09_L2SP_158014_20260817_02_T1,42,18,EPSG:32643,484005.00,7234095.00,487845.00,7237935.00,74.6987,65.247,spatial_block_4fold,3,1,,,0,297.727,299.562,1.83481
l9siberia_r42_c19,landsat9_siberia_fire,LC09_L2SP_158014_20260817_02_T1,LC09_L2SP_158014_20260817_02_T1,42,19,EPSG:32643,487845.00,7234095.00,491685.00,7237935.00,74.7809,65.2471,spatial_block_4fold,3,1,,,0,296.957,300.24,3.28287
l9siberia_r42_c20,landsat9_siberia_fire,LC09_L2SP_158014_20260817_02_T1,LC09_L2SP_158014_20260817_02_T1,42,20,EPSG:32643,491685.00,7234095.00,495525.00,7237935.00,74.8631,65.2472,spatial_block_4fold,0,1,,,0,298.255,300.322,2.06726
l9siberia_r42_c21,landsat9_siberia_fire,LC09_L2SP_158014_20260817_02_T1,LC09_L2SP_158014_20260817_02_T1,42,21,EPSG:32643,495525.00,7234095.00,499365.00,7237935.00,74.9453,65.2473,spatial_block_4fold,0,1,,,0,298.252,300.367,2.1153
l9siberia_r42_c22,landsat9_siberia_fire,LC09_L2SP_158014_20260817_02_T1,LC09_L2SP_158014_20260817_02_T1,42,22,EPSG:32643,499365.00,7234095.00,503205.00,7237935.00,75.0275,65.2473,spatial_block_4fold,0,1,,,0,298.453,300.622,2.16885
l9siberia_r42_c23,landsat9_siberia_fire,LC09_L2SP_158014_20260817_02_T1,LC09_L2SP_158014_20260817_02_T1,42,23,EPSG:32643,503205.00,7234095.00,507045.00,7237935.00,75.1097,65.2472,spatial_block_4fold,0,1,,,0,297.817,300.666,2.84927
l9siberia_r42_c25,landsat9_siberia_fire,LC09_L2SP_158014_20260817_02_T1,LC09_L2SP_158014_20260817_02_T1,42,25,EPSG:32643,510885.00,7234095.00,514725.00,7237935.00,75.2741,65.247,spatial_block_4fold,0,1,,,0,298.244,314.377,16.1324
l9siberia_r42_c30,landsat9_siberia_fire,LC09_L2SP_158014_20260817_02_T1,LC09_L2SP_158014_20260817_02_T1,42,30,EPSG:32643,530085.00,7234095.00,533925.00,7237935.00,75.685,65.2457,spatial_block_4fold,3,1,,,0,299.408,302.247,2.83844
l9siberia_r42_c31,landsat9_siberia_fire,LC09_L2SP_158014_20260817_02_T1,LC09_L2SP_158014_20260817_02_T1,42,31,EPSG:32643,533925.00,7234095.00,537765.00,7237935.00,75.7672,65.2453,spatial_block_4fold,3,1,,,0,299.304,301.668,2.36328
l9siberia_r42_c34,landsat9_siberia_fire,LC09_L2SP_158014_20260817_02_T1,LC09_L2SP_158014_20260817_02_T1,42,34,EPSG:32643,545445.00,7234095.00,549285.00,7237935.00,76.0137,65.2439,spatial_block_4fold,3,1,,,0,299.669,303.975,4.30524
l9siberia_r42_c35,landsat9_siberia_fire,LC09_L2SP_158014_20260817_02_T1,LC09_L2SP_158014_20260817_02_T1,42,35,EPSG:32643,549285.00,7234095.00,553125.00,7237935.00,76.0959,65.2433,spatial_block_4fold,3,1,,,0,299.694,302.818,3.12366
l9siberia_r42_c36,landsat9_siberia_fire,LC09_L2SP_158014_20260817_02_T1,LC09_L2SP_158014_20260817_02_T1,42,36,EPSG:32643,553125.00,7234095.00,556965.00,7237935.00,76.178,65.2427,spatial_block_4fold,3,1,,,0,299.648,303.088,3.4404
l9siberia_r42_c37,landsat9_siberia_fire,LC09_L2SP_158014_20260817_02_T1,LC09_L2SP_158014_20260817_02_T1,42,37,EPSG:32643,556965.00,7234095.00,560805.00,7237935.00,76.2602,65.242,spatial_block_4fold,3,1,,,0,299.792,303.699,3.90698
l9siberia_r42_c38,landsat9_siberia_fire,LC09_L2SP_158014_20260817_02_T1,LC09_L2SP_158014_20260817_02_T1,42,38,EPSG:32643,560805.00,7234095.00,564645.00,7237935.00,76.3423,65.2413,spatial_block_4fold,3,1,,,0,298.763,301.343,2.58069
l9siberia_r42_c39,landsat9_siberia_fire,LC09_L2SP_158014_20260817_02_T1,LC09_L2SP_158014_20260817_02_T1,42,39,EPSG:32643,564645.00,7234095.00,568485.00,7237935.00,76.4245,65.2405,spatial_block_4fold,3,1,,,0,298.564,301.449,2.8847
l9siberia_r42_c40,landsat9_siberia_fire,LC09_L2SP_158014_20260817_02_T1,LC09_L2SP_158014_20260817_02_T1,42,40,EPSG:32643,568485.00,7234095.00,572325.00,7237935.00,76.5066,65.2397,spatial_block_4fold,0,1,,,0,298.606,300.928,2.32141
l9siberia_r42_c41,landsat9_siberia_fire,LC09_L2SP_158014_20260817_02_T1,LC09_L2SP_158014_20260817_02_T1,42,41,EPSG:32643,572325.00,7234095.00,576165.00,7237935.00,76.5888,65.2389,spatial_block_4fold,0,1,,,0,298.662,301.452,2.79025
l9siberia_r42_c42,landsat9_siberia_fire,LC09_L2SP_158014_20260817_02_T1,LC09_L2SP_158014_20260817_02_T1,42,42,EPSG:32643,576165.00,7234095.00,580005.00,7237935.00,76.6709,65.238,spatial_block_4fold,0,1,,,0,298.891,301.571,2.68051
l9siberia_r42_c43,landsat9_siberia_fire,LC09_L2SP_158014_20260817_02_T1,LC09_L2SP_158014_20260817_02_T1,42,43,EPSG:32643,580005.00,7234095.00,583845.00,7237935.00,76.753,65.2371,spatial_block_4fold,0,1,,,0,299.954,304.249,4.29501
l9siberia_r42_c44,landsat9_siberia_fire,LC09_L2SP_158014_20260817_02_T1,LC09_L2SP_158014_20260817_02_T1,42,44,EPSG:32643,583845.00,7234095.00,587685.00,7237935.00,76.8351,65.2361,spatial_block_4fold,0,1,,,0,299.489,301.237,1.74741
l9siberia_r42_c45,landsat9_siberia_fire,LC09_L2SP_158014_20260817_02_T1,LC09_L2SP_158014_20260817_02_T1,42,45,EPSG:32643,587685.00,7234095.00,591525.00,7237935.00,76.9173,65.2351,spatial_block_4fold,0,1,,,0,298.964,300.847,1.88339
l9siberia_r42_c46,landsat9_siberia_fire,LC09_L2SP_158014_20260817_02_T1,LC09_L2SP_158014_20260817_02_T1,42,46,EPSG:32643,591525.00,7234095.00,595365.00,7237935.00,76.9994,65.234,spatial_block_4fold,0,1,,,0,299.575,305.474,5.8996
l9siberia_r42_c47,landsat9_siberia_fire,LC09_L2SP_158014_20260817_02_T1,LC09_L2SP_158014_20260817_02_T1,42,47,EPSG:32643,595365.00,7234095.00,599205.00,7237935.00,77.0815,65.2329,spatial_block_4fold,0,1,,,0,299.193,303.137,3.94351
l9siberia_r42_c48,landsat9_siberia_fire,LC09_L2SP_158014_20260817_02_T1,LC09_L2SP_158014_20260817_02_T1,42,48,EPSG:32643,599205.00,7234095.00,603045.00,7237935.00,77.1635,65.2317,spatial_block_4fold,0,1,,,0,300.052,302.898,2.8461
l9siberia_r42_c49,landsat9_siberia_fire,LC09_L2SP_158014_20260817_02_T1,LC09_L2SP_158014_20260817_02_T1,42,49,EPSG:32643,603045.00,7234095.00,606885.00,7237935.00,77.2456,65.2305,spatial_block_4fold,0,1,,,0,299.093,302.332,3.23883
l9siberia_r42_c50,landsat9_siberia_fire,LC09_L2SP_158014_20260817_02_T1,LC09_L2SP_158014_20260817_02_T1,42,50,EPSG:32643,606885.00,7234095.00,610725.00,7237935.00,77.3277,65.2293,spatial_block_4fold,2,1,,,0,300.146,303.134,2.98792
l9siberia_r42_c51,landsat9_siberia_fire,LC09_L2SP_158014_20260817_02_T1,LC09_L2SP_158014_20260817_02_T1,42,51,EPSG:32643,610725.00,7234095.00,614565.00,7237935.00,77.4098,65.228,spatial_block_4fold,2,1,,,0,300.304,303.317,3.01282
l9siberia_r42_c52,landsat9_siberia_fire,LC09_L2SP_158014_20260817_02_T1,LC09_L2SP_158014_20260817_02_T1,42,52,EPSG:32643,614565.00,7234095.00,618405.00,7237935.00,77.4918,65.2266,spatial_block_4fold,2,1,,,0,300.581,303.431,2.85028
l9siberia_r42_c53,landsat9_siberia_fire,LC09_L2SP_158014_20260817_02_T1,LC09_L2SP_158014_20260817_02_T1,42,53,EPSG:32643,618405.00,7234095.00,622245.00,7237935.00,77.5739,65.2253,spatial_block_4fold,2,1,,,0,300.528,302.425,1.89691
l9siberia_r42_c54,landsat9_siberia_fire,LC09_L2SP_158014_20260817_02_T1,LC09_L2SP_158014_20260817_02_T1,42,54,EPSG:32643,622245.00,7234095.00,626085.00,7237935.00,77.6559,65.2238,spatial_block_4fold,2,1,,,0,300.232,302.412,2.17999
l9siberia_r43_c03,landsat9_siberia_fire,LC09_L2SP_158014_20260817_02_T1,LC09_L2SP_158014_20260817_02_T1,43,3,EPSG:32643,426405.00,7230255.00,430245.00,7234095.00,73.4682,65.205,spatial_block_4fold,1,1,,,0,296.388,300.943,4.55472
l9siberia_r43_c04,landsat9_siberia_fire,LC09_L2SP_158014_20260817_02_T1,LC09_L2SP_158014_20260817_02_T1,43,4,EPSG:32643,430245.00,7230255.00,434085.00,7234095.00,73.5502,65.2058,spatial_block_4fold,1,1,,,0,296.388,300.177,3.78864
l9siberia_r43_c05,landsat9_siberia_fire,LC09_L2SP_158014_20260817_02_T1,LC09_L2SP_158014_20260817_02_T1,43,5,EPSG:32643,434085.00,7230255.00,437925.00,7234095.00,73.6323,65.2066,spatial_block_4fold,1,1,,,0,295.989,299.049,3.06009
l9siberia_r43_c06,landsat9_siberia_fire,LC09_L2SP_158014_20260817_02_T1,LC09_L2SP_158014_20260817_02_T1,43,6,EPSG:32643,437925.00,7230255.00,441765.00,7234095.00,73.7143,65.2073,spatial_block_4fold,1,1,,,0,296.562,299.009,2.44699
l9siberia_r43_c07,landsat9_siberia_fire,LC09_L2SP_158014_20260817_02_T1,LC09_L2SP_158014_20260817_02_T1,43,7,EPSG:32643,441765.00,7230255.00,445605.00,7234095.00,73.7964,65.208,spatial_block_4fold,1,1,,,0,297.189,300.013,2.82343
l9siberia_r43_c08,landsat9_siberia_fire,LC09_L2SP_158014_20260817_02_T1,LC09_L2SP_158014_20260817_02_T1,43,8,EPSG:32643,445605.00,7230255.00,449445.00,7234095.00,73.8784,65.2087,spatial_block_4fold,1,1,,,0,297.98,302.221,4.24045
l9siberia_r43_c09,landsat9_siberia_fire,LC09_L2SP_158014_20260817_02_T1,LC09_L2SP_158014_20260817_02_T1,43,9,EPSG:32643,449445.00,7230255.00,453285.00,7234095.00,73.9605,65.2092,spatial_block_4fold,1,1,,,0,297.786,304.258,6.47159
l9siberia_r43_c10,landsat9_siberia_fire,LC09_L2SP_158014_20260817_02_T1,LC09_L2SP_158014_20260817_02_T1,43,10,EPSG:32643,453285.00,7230255.00,457125.00,7234095.00,74.0425,65.2098,spatial_block_4fold,3,1,,,0,297.244,300.489,3.24496
l9siberia_r43_c11,landsat9_siberia_fire,LC09_L2SP_158014_20260817_02_T1,LC09_L2SP_158014_20260817_02_T1,43,11,EPSG:32643,457125.00,7230255.00,460965.00,7234095.00,74.1246,65.2103,spatial_block_4fold,3,1,,,0,297.588,303.064,5.47595
l9siberia_r43_c12,landsat9_siberia_fire,LC09_L2SP_158014_20260817_02_T1,LC09_L2SP_158014_20260817_02_T1,43,12,EPSG:32643,460965.00,7230255.00,464805.00,7234095.00,74.2067,65.2107,spatial_block_4fold,3,1,,,0,298.18,305.709,7.52954
l9siberia_r43_c13,landsat9_siberia_fire,LC09_L2SP_158014_20260817_02_T1,LC09_L2SP_158014_20260817_02_T1,43,13,EPSG:32643,464805.00,7230255.00,468645.00,7234095.00,74.2887,65.2112,spatial_block_4fold,3,1,,,0,298.468,302.954,4.48615
l9siberia_r43_c14,landsat9_siberia_fire,LC09_L2SP_158014_20260817_02_T1,LC09_L2SP_158014_20260817_02_T1,43,14,EPSG:32643,468645.00,7230255.00,472485.00,7234095.00,74.3708,65.2115,spatial_block_4fold,3,1,,,0,297.861,303.452,5.59161
l9siberia_r43_c15,landsat9_siberia_fire,LC09_L2SP_158014_20260817_02_T1,LC09_L2SP_158014_20260817_02_T1,43,15,EPSG:32643,472485.00,7230255.00,476325.00,7234095.00,74.4529,65.2118,spatial_block_4fold,3,1,,,0,297.696,298.822,1.1264
l9siberia_r43_c16,landsat9_siberia_fire,LC09_L2SP_158014_20260817_02_T1,LC09_L2SP_158014_20260817_02_T1,43,16,EPSG:32643,476325.00,7230255.00,480165.00,7234095.00,74.535,65.2121,spatial_block_4fold,3,1,,,0,298.01,300.178,2.16821
l9siberia_r43_c17,landsat9_siberia_fire,LC09_L2SP_158014_20260817_02_T1,LC09_L2SP_158014_20260817_02_T1,43,17,EPSG:32643,480165.00,7230255.00,484005.00,7234095.00,74.6171,65.2123,spatial_block_4fold,3,1,,,0,297.639,303.127,5.4888
l9siberia_r43_c18,landsat9_siberia_fire,LC09_L2SP_158014_20260817_02_T1,LC09_L2SP_158014_20260817_02_T1,43,18,EPSG:32643,484005.00,7230255.00,487845.00,7234095.00,74.6991,65.2125,spatial_block_4fold,3,1,,,0,297.62,299.496,1.87653
l9siberia_r43_c19,landsat9_siberia_fire,LC09_L2SP_158014_20260817_02_T1,LC09_L2SP_158014_20260817_02_T1,43,19,EPSG:32643,487845.00,7230255.00,491685.00,7234095.00,74.7812,65.2127,spatial_block_4fold,3,1,,,0,297.57,299.878,2.30722
l9siberia_r43_c20,landsat9_siberia_fire,LC09_L2SP_158014_20260817_02_T1,LC09_L2SP_158014_20260817_02_T1,43,20,EPSG:32643,491685.00,7230255.00,495525.00,7234095.00,74.8633,65.2128,spatial_block_4fold,0,1,,,0,297.428,299.779,2.35098
l9siberia_r43_c21,landsat9_siberia_fire,LC09_L2SP_158014_20260817_02_T1,LC09_L2SP_158014_20260817_02_T1,43,21,EPSG:32643,495525.00,7230255.00,499365.00,7234095.00,74.9454,65.2128,spatial_block_4fold,0,1,,,0,296.932,299.615,2.68317
l9siberia_r43_c22,landsat9_siberia_fire,LC09_L2SP_158014_20260817_02_T1,LC09_L2SP_158014_20260817_02_T1,43,22,EPSG:32643,499365.00,7230255.00,503205.00,7234095.00,75.0275,65.2128,spatial_block_4fold,0,1,,,0,297.336,300.062,2.72522
l9siberia_r43_c23,landsat9_siberia_fire,LC09_L2SP_158014_20260817_02_T1,LC09_L2SP_158014_20260817_02_T1,43,23,EPSG:32643,503205.00,7230255.00,507045.00,7234095.00,75.1096,65.2128,spatial_block_4fold,0,1,,,0,297.797,300.678,2.88074
l9siberia_r43_c24,landsat9_siberia_fire,LC09_L2SP_158014_20260817_02_T1,LC09_L2SP_158014_20260817_02_T1,43,24,EPSG:32643,507045.00,7230255.00,510885.00,7234095.00,75.1916,65.2127,spatial_block_4fold,0,1,,,0,297.469,299.949,2.47986
l9siberia_r43_c25,landsat9_siberia_fire,LC09_L2SP_158014_20260817_02_T1,LC09_L2SP_158014_20260817_02_T1,43,25,EPSG:32643,510885.00,7230255.00,514725.00,7234095.00,75.2737,65.2126,spatial_block_4fold,0,1,,,0,297.975,305.749,7.77377
l9siberia_r43_c30,landsat9_siberia_fire,LC09_L2SP_158014_20260817_02_T1,LC09_L2SP_158014_20260817_02_T1,43,30,EPSG:32643,530085.00,7230255.00,533925.00,7234095.00,75.6841,65.2113,spatial_block_4fold,3,1,,,0,298.78,301.735,2.95438
l9siberia_r43_c31,landsat9_siberia_fire,LC09_L2SP_158014_20260817_02_T1,LC09_L2SP_158014_20260817_02_T1,43,31,EPSG:32643,533925.00,7230255.00,537765.00,7234095.00,75.7662,65.2109,spatial_block_4fold,3,1,,,0,298.81,301.829,3.01981
l9siberia_r43_c32,landsat9_siberia_fire,LC09_L2SP_158014_20260817_02_T1,LC09_L2SP_158014_20260817_02_T1,43,32,EPSG:32643,537765.00,7230255.00,541605.00,7234095.00,75.8483,65.2104,spatial_block_4fold,3,1,,,0,299.289,301.507,2.21768
l9siberia_r43_c33,landsat9_siberia_fire,LC09_L2SP_158014_20260817_02_T1,LC09_L2SP_158014_20260817_02_T1,43,33,EPSG:32643,541605.00,7230255.00,545445.00,7234095.00,75.9303,65.21,spatial_block_4fold,3,1,,,0,298.963,301.402,2.43915
l9siberia_r43_c34,landsat9_siberia_fire,LC09_L2SP_158014_20260817_02_T1,LC09_L2SP_158014_20260817_02_T1,43,34,EPSG:32643,545445.00,7230255.00,549285.00,7234095.00,76.0124,65.2094,spatial_block_4fold,3,1,,,0,299.348,303.243,3.8949
l9siberia_r43_c40,landsat9_siberia_fire,LC09_L2SP_158014_20260817_02_T1,LC09_L2SP_158014_20260817_02_T1,43,40,EPSG:32643,568485.00,7230255.00,572325.00,7234095.00,76.5047,65.2053,spatial_block_4fold,0,1,,,0,298.883,304.003,5.11984
l9siberia_r43_c41,landsat9_siberia_fire,LC09_L2SP_158014_20260817_02_T1,LC09_L2SP_158014_20260817_02_T1,43,41,EPSG:32643,572325.00,7230255.00,576165.00,7234095.00,76.5867,65.2045,spatial_block_4fold,0,1,,,0,299.003,306.276,7.27261
l9siberia_r43_c42,landsat9_siberia_fire,LC09_L2SP_158014_20260817_02_T1,LC09_L2SP_158014_20260817_02_T1,43,42,EPSG:32643,576165.00,7230255.00,580005.00,7234095.00,76.6687,65.2036,spatial_block_4fold,0,1,,,0,299.099,305.359,6.25928
l9siberia_r43_c43,landsat9_siberia_fire,LC09_L2SP_158014_20260817_02_T1,LC09_L2SP_158014_20260817_02_T1,43,43,EPSG:32643,580005.00,7230255.00,583845.00,7234095.00,76.7507,65.2026,spatial_block_4fold,0,1,,,0,299.284,302.409,3.12497
l9siberia_r43_c44,landsat9_siberia_fire,LC09_L2SP_158014_20260817_02_T1,LC09_L2SP_158014_20260817_02_T1,43,44,EPSG:32643,583845.00,7230255.00,587685.00,7234095.00,76.8328,65.2017,spatial_block_4fold,0,1,,,0,299.201,302.01,2.80975
l9siberia_r43_c45,landsat9_siberia_fire,LC09_L2SP_158014_20260817_02_T1,LC09_L2SP_158014_20260817_02_T1,43,45,EPSG:32643,587685.00,7230255.00,591525.00,7234095.00,76.9148,65.2006,spatial_block_4fold,0,1,,,0,299.342,301.637,2.2951
l9siberia_r43_c46,landsat9_siberia_fire,LC09_L2SP_158014_20260817_02_T1,LC09_L2SP_158014_20260817_02_T1,43,46,EPSG:32643,591525.00,7230255.00,595365.00,7234095.00,76.9968,65.1996,spatial_block_4fold,0,1,,,0,299.662,305.497,5.83508
l9siberia_r43_c47,landsat9_siberia_fire,LC09_L2SP_158014_20260817_02_T1,LC09_L2SP_158014_20260817_02_T1,43,47,EPSG:32643,595365.00,7230255.00,599205.00,7234095.00,77.0787,65.1985,spatial_block_4fold,0,1,,,0,300.073,305.909,5.83627
l9siberia_r43_c48,landsat9_siberia_fire,LC09_L2SP_158014_20260817_02_T1,LC09_L2SP_158014_20260817_02_T1,43,48,EPSG:32643,599205.00,7230255.00,603045.00,7234095.00,77.1607,65.1973,spatial_block_4fold,0,1,,,0,300.153,302.193,2.03995
l9siberia_r43_c49,landsat9_siberia_fire,LC09_L2SP_158014_20260817_02_T1,LC09_L2SP_158014_20260817_02_T1,43,49,EPSG:32643,603045.00,7230255.00,606885.00,7234095.00,77.2427,65.1961,spatial_block_4fold,0,1,,,0,300.07,302.131,2.06104
l9siberia_r43_c50,landsat9_siberia_fire,LC09_L2SP_158014_20260817_02_T1,LC09_L2SP_158014_20260817_02_T1,43,50,EPSG:32643,606885.00,7230255.00,610725.00,7234095.00,77.3247,65.1949,spatial_block_4fold,2,1,,,0,299.547,302.01,2.46295
l9siberia_r43_c51,landsat9_siberia_fire,LC09_L2SP_158014_20260817_02_T1,LC09_L2SP_158014_20260817_02_T1,43,51,EPSG:32643,610725.00,7230255.00,614565.00,7234095.00,77.4066,65.1936,spatial_block_4fold,2,1,,,0,300.551,302.833,2.28149
l9siberia_r43_c52,landsat9_siberia_fire,LC09_L2SP_158014_20260817_02_T1,LC09_L2SP_158014_20260817_02_T1,43,52,EPSG:32643,614565.00,7230255.00,618405.00,7234095.00,77.4886,65.1922,spatial_block_4fold,2,1,,,0,301.021,303.441,2.41959
l9siberia_r43_c53,landsat9_siberia_fire,LC09_L2SP_158014_20260817_02_T1,LC09_L2SP_158014_20260817_02_T1,43,53,EPSG:32643,618405.00,7230255.00,622245.00,7234095.00,77.5705,65.1908,spatial_block_4fold,2,1,,,0,299.781,302.202,2.42166
l9siberia_r44_c02,landsat9_siberia_fire,LC09_L2SP_158014_20260817_02_T1,LC09_L2SP_158014_20260817_02_T1,44,2,EPSG:32643,422565.00,7226415.00,426405.00,7230255.00,73.3883,65.1697,spatial_block_4fold,1,1,,,0,297.187,303.03,5.84302
l9siberia_r44_c03,landsat9_siberia_fire,LC09_L2SP_158014_20260817_02_T1,LC09_L2SP_158014_20260817_02_T1,44,3,EPSG:32643,426405.00,7226415.00,430245.00,7230255.00,73.4702,65.1706,spatial_block_4fold,1,1,,,0,299.451,302.033,2.58282
l9siberia_r44_c04,landsat9_siberia_fire,LC09_L2SP_158014_20260817_02_T1,LC09_L2SP_158014_20260817_02_T1,44,4,EPSG:32643,430245.00,7226415.00,434085.00,7230255.00,73.5521,65.1714,spatial_block_4fold,1,1,,,0,299.43,302.889,3.45947
l9siberia_r44_c05,landsat9_siberia_fire,LC09_L2SP_158014_20260817_02_T1,LC09_L2SP_158014_20260817_02_T1,44,5,EPSG:32643,434085.00,7226415.00,437925.00,7230255.00,73.634,65.1722,spatial_block_4fold,1,1,,,0,299,301.999,2.99948
l9siberia_r44_c06,landsat9_siberia_fire,LC09_L2SP_158014_20260817_02_T1,LC09_L2SP_158014_20260817_02_T1,44,6,EPSG:32643,437925.00,7226415.00,441765.00,7230255.00,73.716,65.1729,spatial_block_4fold,1,1,,,0,296.909,301.952,5.04358
l9siberia_r44_c07,landsat9_siberia_fire,LC09_L2SP_158014_20260817_02_T1,LC09_L2SP_158014_20260817_02_T1,44,7,EPSG:32643,441765.00,7226415.00,445605.00,7230255.00,73.7979,65.1736,spatial_block_4fold,1,1,,,0,295.803,302.442,6.63861
l9siberia_r44_c08,landsat9_siberia_fire,LC09_L2SP_158014_20260817_02_T1,LC09_L2SP_158014_20260817_02_T1,44,8,EPSG:32643,445605.00,7226415.00,449445.00,7230255.00,73.8799,65.1742,spatial_block_4fold,1,1,,,0,297.873,301.061,3.18765
l9siberia_r44_c09,landsat9_siberia_fire,LC09_L2SP_158014_20260817_02_T1,LC09_L2SP_158014_20260817_02_T1,44,9,EPSG:32643,449445.00,7226415.00,453285.00,7230255.00,73.9618,65.1748,spatial_block_4fold,1,1,,,0,297.511,300.989,3.47772
l9siberia_r44_c10,landsat9_siberia_fire,LC09_L2SP_158014_20260817_02_T1,LC09_L2SP_158014_20260817_02_T1,44,10,EPSG:32643,453285.00,7226415.00,457125.00,7230255.00,74.0438,65.1753,spatial_block_4fold,3,1,,,0,297.042,300.54,3.49881
l9siberia_r44_c11,landsat9_siberia_fire,LC09_L2SP_158014_20260817_02_T1,LC09_L2SP_158014_20260817_02_T1,44,11,EPSG:32643,457125.00,7226415.00,460965.00,7230255.00,74.1257,65.1758,spatial_block_4fold,3,1,,,0,297.183,301.875,4.69153
l9siberia_r44_c12,landsat9_siberia_fire,LC09_L2SP_158014_20260817_02_T1,LC09_L2SP_158014_20260817_02_T1,44,12,EPSG:32643,460965.00,7226415.00,464805.00,7230255.00,74.2077,65.1763,spatial_block_4fold,3,1,,,0,298.567,305.157,6.59006
l9siberia_r44_c13,landsat9_siberia_fire,LC09_L2SP_158014_20260817_02_T1,LC09_L2SP_158014_20260817_02_T1,44,13,EPSG:32643,464805.00,7226415.00,468645.00,7230255.00,74.2897,65.1767,spatial_block_4fold,3,1,,,0,298.217,307.539,9.32184
l9siberia_r44_c14,landsat9_siberia_fire,LC09_L2SP_158014_20260817_02_T1,LC09_L2SP_158014_20260817_02_T1,44,14,EPSG:32643,468645.00,7226415.00,472485.00,7230255.00,74.3716,65.1771,spatial_block_4fold,3,1,,,0,297.695,301.927,4.23282
l9siberia_r44_c15,landsat9_siberia_fire,LC09_L2SP_158014_20260817_02_T1,LC09_L2SP_158014_20260817_02_T1,44,15,EPSG:32643,472485.00,7226415.00,476325.00,7230255.00,74.4536,65.1774,spatial_block_4fold,3,1,,,0,297.508,298.928,1.41998
l9siberia_r44_c16,landsat9_siberia_fire,LC09_L2SP_158014_20260817_02_T1,LC09_L2SP_158014_20260817_02_T1,44,16,EPSG:32643,476325.00,7226415.00,480165.00,7230255.00,74.5356,65.1777,spatial_block_4fold,3,1,,,0,297.274,299.062,1.78793
l9siberia_r44_c17,landsat9_siberia_fire,LC09_L2SP_158014_20260817_02_T1,LC09_L2SP_158014_20260817_02_T1,44,17,EPSG:32643,480165.00,7226415.00,484005.00,7230255.00,74.6175,65.1779,spatial_block_4fold,3,1,,,0,296.144,299.714,3.56979
l9siberia_r44_c18,landsat9_siberia_fire,LC09_L2SP_158014_20260817_02_T1,LC09_L2SP_158014_20260817_02_T1,44,18,EPSG:32643,484005.00,7226415.00,487845.00,7230255.00,74.6995,65.1781,spatial_block_4fold,3,1,,,0,295.992,298.75,2.75827
l9siberia_r44_c19,landsat9_siberia_fire,LC09_L2SP_158014_20260817_02_T1,LC09_L2SP_158014_20260817_02_T1,44,19,EPSG:32643,487845.00,7226415.00,491685.00,7230255.00,74.7815,65.1782,spatial_block_4fold,3,1,,,0,296.762,299.225,2.46384
l9siberia_r44_c20,landsat9_siberia_fire,LC09_L2SP_158014_20260817_02_T1,LC09_L2SP_158014_20260817_02_T1,44,20,EPSG:32643,491685.00,7226415.00,495525.00,7230255.00,74.8635,65.1783,spatial_block_4fold,0,1,,,0,297.299,299.837,2.53738
l9siberia_r44_c21,landsat9_siberia_fire,LC09_L2SP_158014_20260817_02_T1,LC09_L2SP_158014_20260817_02_T1,44,21,EPSG:32643,495525.00,7226415.00,499365.00,7230255.00,74.9455,65.1784,spatial_block_4fold,0,1,,,0,297.054,299.066,2.01193
l9siberia_r44_c22,landsat9_siberia_fire,LC09_L2SP_158014_20260817_02_T1,LC09_L2SP_158014_20260817_02_T1,44,22,EPSG:32643,499365.00,7226415.00,503205.00,7230255.00,75.0274,65.1784,spatial_block_4fold,0,1,,,0,297.393,299.76,2.36667
l9siberia_r44_c23,landsat9_siberia_fire,LC09_L2SP_158014_20260817_02_T1,LC09_L2SP_158014_20260817_02_T1,44,23,EPSG:32643,503205.00,7226415.00,507045.00,7230255.00,75.1094,65.1783,spatial_block_4fold,0,1,,,0,297.441,299.545,2.10352
l9siberia_r44_c24,landsat9_siberia_fire,LC09_L2SP_158014_20260817_02_T1,LC09_L2SP_158014_20260817_02_T1,44,24,EPSG:32643,507045.00,7226415.00,510885.00,7230255.00,75.1914,65.1783,spatial_block_4fold,0,1,,,0,297.154,300.219,3.06525
l9siberia_r44_c25,landsat9_siberia_fire,LC09_L2SP_158014_20260817_02_T1,LC09_L2SP_158014_20260817_02_T1,44,25,EPSG:32643,510885.00,7226415.00,514725.00,7230255.00,75.2734,65.1781,spatial_block_4fold,0,1,,,0,297.116,299.657,2.54144
l9siberia_r44_c29,landsat9_siberia_fire,LC09_L2SP_158014_20260817_02_T1,LC09_L2SP_158014_20260817_02_T1,44,29,EPSG:32643,526245.00,7226415.00,530085.00,7230255.00,75.6013,65.1772,spatial_block_4fold,0,1,,,0,298.883,304.768,5.88492
l9siberia_r44_c30,landsat9_siberia_fire,LC09_L2SP_158014_20260817_02_T1,LC09_L2SP_158014_20260817_02_T1,44,30,EPSG:32643,530085.00,7226415.00,533925.00,7230255.00,75.6832,65.1768,spatial_block_4fold,3,1,,,0,297.898,301.265,3.36676
l9siberia_r44_c31,landsat9_siberia_fire,LC09_L2SP_158014_20260817_02_T1,LC09_L2SP_158014_20260817_02_T1,44,31,EPSG:32643,533925.00,7226415.00,537765.00,7230255.00,75.7652,65.1764,spatial_block_4fold,3,1,,,0,298.823,301.489,2.66675
l9siberia_r44_c32,landsat9_siberia_fire,LC09_L2SP_158014_20260817_02_T1,LC09_L2SP_158014_20260817_02_T1,44,32,EPSG:32643,537765.00,7226415.00,541605.00,7230255.00,75.8472,65.176,spatial_block_4fold,3,1,,,0,298.755,301.626,2.87167
l9siberia_r44_c33,landsat9_siberia_fire,LC09_L2SP_158014_20260817_02_T1,LC09_L2SP_158014_20260817_02_T1,44,33,EPSG:32643,541605.00,7226415.00,545445.00,7230255.00,75.9291,65.1755,spatial_block_4fold,3,1,,,0,298.693,301.869,3.17581
l9siberia_r44_c34,landsat9_siberia_fire,LC09_L2SP_158014_20260817_02_T1,LC09_L2SP_158014_20260817_02_T1,44,34,EPSG:32643,545445.00,7226415.00,549285.00,7230255.00,76.0111,65.175,spatial_block_4fold,3,1,,,0,299.674,302.406,2.73175
l9siberia_r44_c35,landsat9_siberia_fire,LC09_L2SP_158014_20260817_02_T1,LC09_L2SP_158014_20260817_02_T1,44,35,EPSG:32643,549285.00,7226415.00,553125.00,7230255.00,76.093,65.1744,spatial_block_4fold,3,1,,,0,298.901,301.97,3.06967
l9siberia_r44_c36,landsat9_siberia_fire,LC09_L2SP_158014_20260817_02_T1,LC09_L2SP_158014_20260817_02_T1,44,36,EPSG:32643,553125.00,7226415.00,556965.00,7230255.00,76.175,65.1738,spatial_block_4fold,3,1,,,0,298.811,302.111,3.30063
l9siberia_r44_c37,landsat9_siberia_fire,LC09_L2SP_158014_20260817_02_T1,LC09_L2SP_158014_20260817_02_T1,44,37,EPSG:32643,556965.00,7226415.00,560805.00,7230255.00,76.2569,65.1731,spatial_block_4fold,3,1,,,0,298.848,302.462,3.61349
l9siberia_r44_c38,landsat9_siberia_fire,LC09_L2SP_158014_20260817_02_T1,LC09_L2SP_158014_20260817_02_T1,44,38,EPSG:32643,560805.00,7226415.00,564645.00,7230255.00,76.3389,65.1724,spatial_block_4fold,3,1,,,0,299.49,302.134,2.64462
l9siberia_r44_c39,landsat9_siberia_fire,LC09_L2SP_158014_20260817_02_T1,LC09_L2SP_158014_20260817_02_T1,44,39,EPSG:32643,564645.00,7226415.00,568485.00,7230255.00,76.4208,65.1717,spatial_block_4fold,3,1,,,0,299.708,302.249,2.54065
l9siberia_r44_c40,landsat9_siberia_fire,LC09_L2SP_158014_20260817_02_T1,LC09_L2SP_158014_20260817_02_T1,44,40,EPSG:32643,568485.00,7226415.00,572325.00,7230255.00,76.5027,65.1709,spatial_block_4fold,0,1,,,0,299.367,302.176,2.80969
l9siberia_r44_c41,landsat9_siberia_fire,LC09_L2SP_158014_20260817_02_T1,LC09_L2SP_158014_20260817_02_T1,44,41,EPSG:32643,572325.00,7226415.00,576165.00,7230255.00,76.5846,65.17,spatial_block_4fold,0,1,,,0,299.434,303.857,4.42285
l9siberia_r44_c42,landsat9_siberia_fire,LC09_L2SP_158014_20260817_02_T1,LC09_L2SP_158014_20260817_02_T1,44,42,EPSG:32643,576165.00,7226415.00,580005.00,7230255.00,76.6666,65.1691,spatial_block_4fold,0,1,,,0,298.781,303.791,5.00952
l9siberia_r44_c44,landsat9_siberia_fire,LC09_L2SP_158014_20260817_02_T1,LC09_L2SP_158014_20260817_02_T1,44,44,EPSG:32643,583845.00,7226415.00,587685.00,7230255.00,76.8304,65.1672,spatial_block_4fold,0,1,,,0,299.591,306.7,7.1084
l9siberia_r44_c45,landsat9_siberia_fire,LC09_L2SP_158014_20260817_02_T1,LC09_L2SP_158014_20260817_02_T1,44,45,EPSG:32643,587685.00,7226415.00,591525.00,7230255.00,76.9123,65.1662,spatial_block_4fold,0,1,,,0,298.721,302.409,3.68799
l9siberia_r44_c47,landsat9_siberia_fire,LC09_L2SP_158014_20260817_02_T1,LC09_L2SP_158014_20260817_02_T1,44,47,EPSG:32643,595365.00,7226415.00,599205.00,7230255.00,77.076,65.164,spatial_block_4fold,0,1,,,0,299.251,302.356,3.10535
l9siberia_r44_c48,landsat9_siberia_fire,LC09_L2SP_158014_20260817_02_T1,LC09_L2SP_158014_20260817_02_T1,44,48,EPSG:32643,599205.00,7226415.00,603045.00,7230255.00,77.1579,65.1629,spatial_block_4fold,0,1,,,0,299.662,302.209,2.54709
l9siberia_r44_c49,landsat9_siberia_fire,LC09_L2SP_158014_20260817_02_T1,LC09_L2SP_158014_20260817_02_T1,44,49,EPSG:32643,603045.00,7226415.00,606885.00,7230255.00,77.2398,65.1617,spatial_block_4fold,0,1,,,0,298.597,302.044,3.4472
l9siberia_r44_c50,landsat9_siberia_fire,LC09_L2SP_158014_20260817_02_T1,LC09_L2SP_158014_20260817_02_T1,44,50,EPSG:32643,606885.00,7226415.00,610725.00,7230255.00,77.3217,65.1604,spatial_block_4fold,2,1,,,0,298.212,301.874,3.66199
l9siberia_r44_c51,landsat9_siberia_fire,LC09_L2SP_158014_20260817_02_T1,LC09_L2SP_158014_20260817_02_T1,44,51,EPSG:32643,610725.00,7226415.00,614565.00,7230255.00,77.4035,65.1591,spatial_block_4fold,2,1,,,0,299.646,301.868,2.22162
l9siberia_r44_c52,landsat9_siberia_fire,LC09_L2SP_158014_20260817_02_T1,LC09_L2SP_158014_20260817_02_T1,44,52,EPSG:32643,614565.00,7226415.00,618405.00,7230255.00,77.4853,65.1578,spatial_block_4fold,2,1,,,0,300.083,302.524,2.44083
l9siberia_r44_c53,landsat9_siberia_fire,LC09_L2SP_158014_20260817_02_T1,LC09_L2SP_158014_20260817_02_T1,44,53,EPSG:32643,618405.00,7226415.00,622245.00,7230255.00,77.5672,65.1564,spatial_block_4fold,2,1,,,0,297.937,302.137,4.19983
l9siberia_r45_c02,landsat9_siberia_fire,LC09_L2SP_158014_20260817_02_T1,LC09_L2SP_158014_20260817_02_T1,45,2,EPSG:32643,422565.00,7222575.00,426405.00,7226415.00,73.3904,65.1353,spatial_block_4fold,1,1,,,0,297.984,300.79,2.80557
l9siberia_r45_c03,landsat9_siberia_fire,LC09_L2SP_158014_20260817_02_T1,LC09_L2SP_158014_20260817_02_T1,45,3,EPSG:32643,426405.00,7222575.00,430245.00,7226415.00,73.4722,65.1361,spatial_block_4fold,1,1,,,0,297.303,301.494,4.19153
l9siberia_r45_c04,landsat9_siberia_fire,LC09_L2SP_158014_20260817_02_T1,LC09_L2SP_158014_20260817_02_T1,45,4,EPSG:32643,430245.00,7222575.00,434085.00,7226415.00,73.554,65.137,spatial_block_4fold,1,1,,,0,300.608,303.255,2.64648
l9siberia_r45_c05,landsat9_siberia_fire,LC09_L2SP_158014_20260817_02_T1,LC09_L2SP_158014_20260817_02_T1,45,5,EPSG:32643,434085.00,7222575.00,437925.00,7226415.00,73.6358,65.1377,spatial_block_4fold,1,1,,,0,301.111,303.587,2.47687
l9siberia_r45_c06,landsat9_siberia_fire,LC09_L2SP_158014_20260817_02_T1,LC09_L2SP_158014_20260817_02_T1,45,6,EPSG:32643,437925.00,7222575.00,441765.00,7226415.00,73.7176,65.1384,spatial_block_4fold,1,1,,,0,300.365,305.149,4.78424
l9siberia_r45_c07,landsat9_siberia_fire,LC09_L2SP_158014_20260817_02_T1,LC09_L2SP_158014_20260817_02_T1,45,7,EPSG:32643,441765.00,7222575.00,445605.00,7226415.00,73.7995,65.1391,spatial_block_4fold,1,1,,,0,299.286,304.08,4.79361
l9siberia_r45_c08,landsat9_siberia_fire,LC09_L2SP_158014_20260817_02_T1,LC09_L2SP_158014_20260817_02_T1,45,8,EPSG:32643,445605.00,7222575.00,449445.00,7226415.00,73.8813,65.1398,spatial_block_4fold,1,1,,,0,297.223,304.279,7.05588
l9siberia_r45_c09,landsat9_siberia_fire,LC09_L2SP_158014_20260817_02_T1,LC09_L2SP_158014_20260817_02_T1,45,9,EPSG:32643,449445.00,7222575.00,453285.00,7226415.00,73.9632,65.1403,spatial_block_4fold,1,1,,,0,297.602,301.594,3.99188
l9siberia_r45_c10,landsat9_siberia_fire,LC09_L2SP_158014_20260817_02_T1,LC09_L2SP_158014_20260817_02_T1,45,10,EPSG:32643,453285.00,7222575.00,457125.00,7226415.00,74.045,65.1409,spatial_block_4fold,3,1,,,0,297.553,300.326,2.77316
l9siberia_r45_c11,landsat9_siberia_fire,LC09_L2SP_158014_20260817_02_T1,LC09_L2SP_158014_20260817_02_T1,45,11,EPSG:32643,457125.00,7222575.00,460965.00,7226415.00,74.1269,65.1414,spatial_block_4fold,3,1,,,0,296.896,303.025,6.12933
l9siberia_r45_c12,landsat9_siberia_fire,LC09_L2SP_158014_20260817_02_T1,LC09_L2SP_158014_20260817_02_T1,45,12,EPSG:32643,460965.00,7222575.00,464805.00,7226415.00,74.2087,65.1418,spatial_block_4fold,3,1,,,0,298.708,311.337,12.6297
l9siberia_r45_c13,landsat9_siberia_fire,LC09_L2SP_158014_20260817_02_T1,LC09_L2SP_158014_20260817_02_T1,45,13,EPSG:32643,464805.00,7222575.00,468645.00,7226415.00,74.2906,65.1422,spatial_block_4fold,3,1,,,0,296.85,303.68,6.83017
l9siberia_r45_c14,landsat9_siberia_fire,LC09_L2SP_158014_20260817_02_T1,LC09_L2SP_158014_20260817_02_T1,45,14,EPSG:32643,468645.00,7222575.00,472485.00,7226415.00,74.3724,65.1426,spatial_block_4fold,3,1,,,0,296.758,298.364,1.60529
l9siberia_r45_c15,landsat9_siberia_fire,LC09_L2SP_158014_20260817_02_T1,LC09_L2SP_158014_20260817_02_T1,45,15,EPSG:32643,472485.00,7222575.00,476325.00,7226415.00,74.4543,65.1429,spatial_block_4fold,3,1,,,0,297.155,300.873,3.71786
l9siberia_r45_c16,landsat9_siberia_fire,LC09_L2SP_158014_20260817_02_T1,LC09_L2SP_158014_20260817_02_T1,45,16,EPSG:32643,476325.00,7222575.00,480165.00,7226415.00,74.5362,65.1432,spatial_block_4fold,3,1,,,0,297.562,306.041,8.47867
l9siberia_r45_c17,landsat9_siberia_fire,LC09_L2SP_158014_20260817_02_T1,LC09_L2SP_158014_20260817_02_T1,45,17,EPSG:32643,480165.00,7222575.00,484005.00,7226415.00,74.618,65.1434,spatial_block_4fold,3,1,,,0,297.126,306.481,9.35474
l9siberia_r45_c18,landsat9_siberia_fire,LC09_L2SP_158014_20260817_02_T1,LC09_L2SP_158014_20260817_02_T1,45,18,EPSG:32643,484005.00,7222575.00,487845.00,7226415.00,74.6999,65.1436,spatial_block_4fold,3,1,,,0,295.866,298.072,2.20602
l9siberia_r45_c19,landsat9_siberia_fire,LC09_L2SP_158014_20260817_02_T1,LC09_L2SP_158014_20260817_02_T1,45,19,EPSG:32643,487845.00,7222575.00,491685.00,7226415.00,74.7818,65.1438,spatial_block_4fold,3,1,,,0,295.983,298.573,2.58929
l9siberia_r45_c20,landsat9_siberia_fire,LC09_L2SP_158014_20260817_02_T1,LC09_L2SP_158014_20260817_02_T1,45,20,EPSG:32643,491685.00,7222575.00,495525.00,7226415.00,74.8637,65.1439,spatial_block_4fold,0,1,,,0,296.111,299.356,3.24448
l9siberia_r45_c21,landsat9_siberia_fire,LC09_L2SP_158014_20260817_02_T1,LC09_L2SP_158014_20260817_02_T1,45,21,EPSG:32643,495525.00,7222575.00,499365.00,7226415.00,74.9455,65.1439,spatial_block_4fold,0,1,,,0,297.498,299.883,2.38431
l9siberia_r45_c22,landsat9_siberia_fire,LC09_L2SP_158014_20260817_02_T1,LC09_L2SP_158014_20260817_02_T1,45,22,EPSG:32643,499365.00,7222575.00,503205.00,7226415.00,75.0274,65.1439,spatial_block_4fold,0,1,,,0,297.497,304.493,6.99634
l9siberia_r45_c23,landsat9_siberia_fire,LC09_L2SP_158014_20260817_02_T1,LC09_L2SP_158014_20260817_02_T1,45,23,EPSG:32643,503205.00,7222575.00,507045.00,7226415.00,75.1093,65.1439,spatial_block_4fold,0,1,,,0,297.612,302.11,4.49817
l9siberia_r45_c24,landsat9_siberia_fire,LC09_L2SP_158014_20260817_02_T1,LC09_L2SP_158014_20260817_02_T1,45,24,EPSG:32643,507045.00,7222575.00,510885.00,7226415.00,75.1911,65.1438,spatial_block_4fold,0,1,,,0,297.344,300.232,2.88818
l9siberia_r45_c25,landsat9_siberia_fire,LC09_L2SP_158014_20260817_02_T1,LC09_L2SP_158014_20260817_02_T1,45,25,EPSG:32643,510885.00,7222575.00,514725.00,7226415.00,75.273,65.1437,spatial_block_4fold,0,1,,,0,296.869,299.062,2.19321
l9siberia_r45_c26,landsat9_siberia_fire,LC09_L2SP_158014_20260817_02_T1,LC09_L2SP_158014_20260817_02_T1,45,26,EPSG:32643,514725.00,7222575.00,518565.00,7226415.00,75.3549,65.1435,spatial_block_4fold,0,1,,,0,299.671,304.184,4.51303
l9siberia_r45_c29,landsat9_siberia_fire,LC09_L2SP_158014_20260817_02_T1,LC09_L2SP_158014_20260817_02_T1,45,29,EPSG:32643,526245.00,7222575.00,530085.00,7226415.00,75.6005,65.1427,spatial_block_4fold,0,1,,,0,299.474,304.997,5.52222
l9siberia_r45_c30,landsat9_siberia_fire,LC09_L2SP_158014_20260817_02_T1,LC09_L2SP_158014_20260817_02_T1,45,30,EPSG:32643,530085.00,7222575.00,533925.00,7226415.00,75.6823,65.1424,spatial_block_4fold,3,1,,,0,297.428,300.365,2.9371
l9siberia_r45_c31,landsat9_siberia_fire,LC09_L2SP_158014_20260817_02_T1,LC09_L2SP_158014_20260817_02_T1,45,31,EPSG:32643,533925.00,7222575.00,537765.00,7226415.00,75.7642,65.142,spatial_block_4fold,3,1,,,0,296.759,300.11,3.35104
l9siberia_r45_c32,landsat9_siberia_fire,LC09_L2SP_158014_20260817_02_T1,LC09_L2SP_158014_20260817_02_T1,45,32,EPSG:32643,537765.00,7222575.00,541605.00,7226415.00,75.8461,65.1415,spatial_block_4fold,3,1,,,0,299.114,303.001,3.88718
l9siberia_r45_c33,landsat9_siberia_fire,LC09_L2SP_158014_20260817_02_T1,LC09_L2SP_158014_20260817_02_T1,45,33,EPSG:32643,541605.00,7222575.00,545445.00,7226415.00,75.9279,65.1411,spatial_block_4fold,3,1,,,0,299.106,301.029,1.92258
l9siberia_r45_c34,landsat9_siberia_fire,LC09_L2SP_158014_20260817_02_T1,LC09_L2SP_158014_20260817_02_T1,45,34,EPSG:32643,545445.00,7222575.00,549285.00,7226415.00,76.0098,65.1405,spatial_block_4fold,3,1,,,0,299.64,302.506,2.86609
l9siberia_r45_c35,landsat9_siberia_fire,LC09_L2SP_158014_20260817_02_T1,LC09_L2SP_158014_20260817_02_T1,45,35,EPSG:32643,549285.00,7222575.00,553125.00,7226415.00,76.0916,65.14,spatial_block_4fold,3,1,,,0,299.322,302.719,3.39624
l9siberia_r45_c36,landsat9_siberia_fire,LC09_L2SP_158014_20260817_02_T1,LC09_L2SP_158014_20260817_02_T1,45,36,EPSG:32643,553125.00,7222575.00,556965.00,7226415.00,76.1734,65.1393,spatial_block_4fold,3,1,,,0,298.711,301.351,2.64017
l9siberia_r45_c37,landsat9_siberia_fire,LC09_L2SP_158014_20260817_02_T1,LC09_L2SP_158014_20260817_02_T1,45,37,EPSG:32643,556965.00,7222575.00,560805.00,7226415.00,76.2553,65.1387,spatial_block_4fold,3,1,,,0,297.873,300.682,2.80927
l9siberia_r45_c38,landsat9_siberia_fire,LC09_L2SP_158014_20260817_02_T1,LC09_L2SP_158014_20260817_02_T1,45,38,EPSG:32643,560805.00,7222575.00,564645.00,7226415.00,76.3371,65.138,spatial_block_4fold,3,1,,,0,298.044,301.37,3.32516
l9siberia_r45_c39,landsat9_siberia_fire,LC09_L2SP_158014_20260817_02_T1,LC09_L2SP_158014_20260817_02_T1,45,39,EPSG:32643,564645.00,7222575.00,568485.00,7226415.00,76.4189,65.1372,spatial_block_4fold,3,1,,,0,298.522,301.018,2.49533
l9siberia_r45_c40,landsat9_siberia_fire,LC09_L2SP_158014_20260817_02_T1,LC09_L2SP_158014_20260817_02_T1,45,40,EPSG:32643,568485.00,7222575.00,572325.00,7226415.00,76.5008,65.1364,spatial_block_4fold,0,1,,,0,299.009,301.888,2.87909
l9siberia_r45_c41,landsat9_siberia_fire,LC09_L2SP_158014_20260817_02_T1,LC09_L2SP_158014_20260817_02_T1,45,41,EPSG:32643,572325.00,7222575.00,576165.00,7226415.00,76.5826,65.1356,spatial_block_4fold,0,1,,,0,297.988,301.539,3.55112
l9siberia_r45_c42,landsat9_siberia_fire,LC09_L2SP_158014_20260817_02_T1,LC09_L2SP_158014_20260817_02_T1,45,42,EPSG:32643,576165.00,7222575.00,580005.00,7226415.00,76.6644,65.1347,spatial_block_4fold,0,1,,,0,298.406,301.85,3.44427
l9siberia_r45_c43,landsat9_siberia_fire,LC09_L2SP_158014_20260817_02_T1,LC09_L2SP_158014_20260817_02_T1,45,43,EPSG:32643,580005.00,7222575.00,583845.00,7226415.00,76.7462,65.1338,spatial_block_4fold,0,1,,,0,299.52,301.851,2.3306
l9siberia_r45_c44,landsat9_siberia_fire,LC09_L2SP_158014_20260817_02_T1,LC09_L2SP_158014_20260817_02_T1,45,44,EPSG:32643,583845.00,7222575.00,587685.00,7226415.00,76.828,65.1328,spatial_block_4fold,0,1,,,0,300.007,304.171,4.16452
l9siberia_r45_c45,landsat9_siberia_fire,LC09_L2SP_158014_20260817_02_T1,LC09_L2SP_158014_20260817_02_T1,45,45,EPSG:32643,587685.00,7222575.00,591525.00,7226415.00,76.9098,65.1318,spatial_block_4fold,0,1,,,0,300.015,304.088,4.07306
l9siberia_r45_c47,landsat9_siberia_fire,LC09_L2SP_158014_20260817_02_T1,LC09_L2SP_158014_20260817_02_T1,45,47,EPSG:32643,595365.00,7222575.00,599205.00,7226415.00,77.0734,65.1296,spatial_block_4fold,0,1,,,0,299.717,302.08,2.36368
l9siberia_r45_c48,landsat9_siberia_fire,LC09_L2SP_158014_20260817_02_T1,LC09_L2SP_158014_20260817_02_T1,45,48,EPSG:32643,599205.00,7222575.00,603045.00,7226415.00,77.1551,65.1284,spatial_block_4fold,0,1,,,0,299.209,302.039,2.83063
l9siberia_r45_c49,landsat9_siberia_fire,LC09_L2SP_158014_20260817_02_T1,LC09_L2SP_158014_20260817_02_T1,45,49,EPSG:32643,603045.00,7222575.00,606885.00,7226415.00,77.2369,65.1272,spatial_block_4fold,0,1,,,0,300,301.994,1.99353
l9siberia_r45_c50,landsat9_siberia_fire,LC09_L2SP_158014_20260817_02_T1,LC09_L2SP_158014_20260817_02_T1,45,50,EPSG:32643,606885.00,7222575.00,610725.00,7226415.00,77.3186,65.126,spatial_block_4fold,2,1,,,0,299.546,302.65,3.104
l9siberia_r45_c51,landsat9_siberia_fire,LC09_L2SP_158014_20260817_02_T1,LC09_L2SP_158014_20260817_02_T1,45,51,EPSG:32643,610725.00,7222575.00,614565.00,7226415.00,77.4004,65.1247,spatial_block_4fold,2,1,,,0,300.296,302.837,2.5415
l9siberia_r45_c52,landsat9_siberia_fire,LC09_L2SP_158014_20260817_02_T1,LC09_L2SP_158014_20260817_02_T1,45,52,EPSG:32643,614565.00,7222575.00,618405.00,7226415.00,77.4821,65.1234,spatial_block_4fold,2,1,,,0,298.796,303.833,5.03723
l9siberia_r46_c02,landsat9_siberia_fire,LC09_L2SP_158014_20260817_02_T1,LC09_L2SP_158014_20260817_02_T1,46,2,EPSG:32643,422565.00,7218735.00,426405.00,7222575.00,73.3924,65.1008,spatial_block_4fold,1,1,,,0,297.774,300.005,2.23102
l9siberia_r46_c03,landsat9_siberia_fire,LC09_L2SP_158014_20260817_02_T1,LC09_L2SP_158014_20260817_02_T1,46,3,EPSG:32643,426405.00,7218735.00,430245.00,7222575.00,73.4741,65.1017,spatial_block_4fold,1,1,,,0,297.147,300.78,3.63306
l9siberia_r46_c04,landsat9_siberia_fire,LC09_L2SP_158014_20260817_02_T1,LC09_L2SP_158014_20260817_02_T1,46,4,EPSG:32643,430245.00,7218735.00,434085.00,7222575.00,73.5559,65.1025,spatial_block_4fold,1,1,,,0,300.229,302.087,1.85834
l9siberia_r46_c05,landsat9_siberia_fire,LC09_L2SP_158014_20260817_02_T1,LC09_L2SP_158014_20260817_02_T1,46,5,EPSG:32643,434085.00,7218735.00,437925.00,7222575.00,73.6376,65.1033,spatial_block_4fold,1,1,,,0,300.196,302.935,2.73871
l9siberia_r46_c06,landsat9_siberia_fire,LC09_L2SP_158014_20260817_02_T1,LC09_L2SP_158014_20260817_02_T1,46,6,EPSG:32643,437925.00,7218735.00,441765.00,7222575.00,73.7193,65.104,spatial_block_4fold,1,1,,,0,300.436,305.43,4.99426
l9siberia_r46_c07,landsat9_siberia_fire,LC09_L2SP_158014_20260817_02_T1,LC09_L2SP_158014_20260817_02_T1,46,7,EPSG:32643,441765.00,7218735.00,445605.00,7222575.00,73.801,65.1047,spatial_block_4fold,1,1,,,0,300.487,302.454,1.96646
l9siberia_r46_c08,landsat9_siberia_fire,LC09_L2SP_158014_20260817_02_T1,LC09_L2SP_158014_20260817_02_T1,46,8,EPSG:32643,445605.00,7218735.00,449445.00,7222575.00,73.8828,65.1053,spatial_block_4fold,1,1,,,0,298.675,303.515,4.8399
l9siberia_r46_c09,landsat9_siberia_fire,LC09_L2SP_158014_20260817_02_T1,LC09_L2SP_158014_20260817_02_T1,46,9,EPSG:32643,449445.00,7218735.00,453285.00,7222575.00,73.9645,65.1059,spatial_block_4fold,1,1,,,0,296.3,300.867,4.5675
l9siberia_r46_c10,landsat9_siberia_fire,LC09_L2SP_158014_20260817_02_T1,LC09_L2SP_158014_20260817_02_T1,46,10,EPSG:32643,453285.00,7218735.00,457125.00,7222575.00,74.0463,65.1064,spatial_block_4fold,3,1,,,0,297.497,307.715,10.2181
l9siberia_r46_c11,landsat9_siberia_fire,LC09_L2SP_158014_20260817_02_T1,LC09_L2SP_158014_20260817_02_T1,46,11,EPSG:32643,457125.00,7218735.00,460965.00,7222575.00,74.128,65.1069,spatial_block_4fold,3,1,,,0,297.803,305.472,7.66916
l9siberia_r46_c12,landsat9_siberia_fire,LC09_L2SP_158014_20260817_02_T1,LC09_L2SP_158014_20260817_02_T1,46,12,EPSG:32643,460965.00,7218735.00,464805.00,7222575.00,74.2098,65.1074,spatial_block_4fold,3,1,,,0,297.601,300.009,2.40823
l9siberia_r46_c13,landsat9_siberia_fire,LC09_L2SP_158014_20260817_02_T1,LC09_L2SP_158014_20260817_02_T1,46,13,EPSG:32643,464805.00,7218735.00,468645.00,7222575.00,74.2915,65.1078,spatial_block_4fold,3,1,,,0,297.121,299.309,2.18732
l9siberia_r46_c14,landsat9_siberia_fire,LC09_L2SP_158014_20260817_02_T1,LC09_L2SP_158014_20260817_02_T1,46,14,EPSG:32643,468645.00,7218735.00,472485.00,7222575.00,74.3733,65.1082,spatial_block_4fold,3,1,,,0,297.137,299.555,2.41745
l9siberia_r46_c15,landsat9_siberia_fire,LC09_L2SP_158014_20260817_02_T1,LC09_L2SP_158014_20260817_02_T1,46,15,EPSG:32643,472485.00,7218735.00,476325.00,7222575.00,74.455,65.1085,spatial_block_4fold,3,1,,,0,296.886,303.326,6.44052
l9siberia_r46_c16,landsat9_siberia_fire,LC09_L2SP_158014_20260817_02_T1,LC09_L2SP_158014_20260817_02_T1,46,16,EPSG:32643,476325.00,7218735.00,480165.00,7222575.00,74.5368,65.1088,spatial_block_4fold,3,1,,,0,297.65,311.946,14.2965
l9siberia_r46_c17,landsat9_siberia_fire,LC09_L2SP_158014_20260817_02_T1,LC09_L2SP_158014_20260817_02_T1,46,17,EPSG:32643,480165.00,7218735.00,484005.00,7222575.00,74.6185,65.109,spatial_block_4fold,3,1,,,0,297.039,299.051,2.01193
l9siberia_r46_c18,landsat9_siberia_fire,LC09_L2SP_158014_20260817_02_T1,LC09_L2SP_158014_20260817_02_T1,46,18,EPSG:32643,484005.00,7218735.00,487845.00,7222575.00,74.7003,65.1092,spatial_block_4fold,3,1,,,0,296.367,298.495,2.12738
l9siberia_r46_c19,landsat9_siberia_fire,LC09_L2SP_158014_20260817_02_T1,LC09_L2SP_158014_20260817_02_T1,46,19,EPSG:32643,487845.00,7218735.00,491685.00,7222575.00,74.7821,65.1093,spatial_block_4fold,3,1,,,0,296.52,298.265,1.74503
l9siberia_r46_c20,landsat9_siberia_fire,LC09_L2SP_158014_20260817_02_T1,LC09_L2SP_158014_20260817_02_T1,46,20,EPSG:32643,491685.00,7218735.00,495525.00,7222575.00,74.8638,65.1094,spatial_block_4fold,0,1,,,0,296.041,298.72,2.67908
l9siberia_r46_c21,landsat9_siberia_fire,LC09_L2SP_158014_20260817_02_T1,LC09_L2SP_158014_20260817_02_T1,46,21,EPSG:32643,495525.00,7218735.00,499365.00,7222575.00,74.9456,65.1095,spatial_block_4fold,0,1,,,0,296.142,298.195,2.0538
l9siberia_r46_c22,landsat9_siberia_fire,LC09_L2SP_158014_20260817_02_T1,LC09_L2SP_158014_20260817_02_T1,46,22,EPSG:32643,499365.00,7218735.00,503205.00,7222575.00,75.0274,65.1095,spatial_block_4fold,0,1,,,0,296.679,299.448,2.76895
l9siberia_r46_c23,landsat9_siberia_fire,LC09_L2SP_158014_20260817_02_T1,LC09_L2SP_158014_20260817_02_T1,46,23,EPSG:32643,503205.00,7218735.00,507045.00,7222575.00,75.1091,65.1094,spatial_block_4fold,0,1,,,0,297.179,301.387,4.2084
l9siberia_r46_c24,landsat9_siberia_fire,LC09_L2SP_158014_20260817_02_T1,LC09_L2SP_158014_20260817_02_T1,46,24,EPSG:32643,507045.00,7218735.00,510885.00,7222575.00,75.1909,65.1093,spatial_block_4fold,0,1,,,0,297.438,300.904,3.46524
l9siberia_r46_c25,landsat9_siberia_fire,LC09_L2SP_158014_20260817_02_T1,LC09_L2SP_158014_20260817_02_T1,46,25,EPSG:32643,510885.00,7218735.00,514725.00,7222575.00,75.2727,65.1092,spatial_block_4fold,0,1,,,0,296.971,299.271,2.2999
l9siberia_r46_c26,landsat9_siberia_fire,LC09_L2SP_158014_20260817_02_T1,LC09_L2SP_158014_20260817_02_T1,46,26,EPSG:32643,514725.00,7218735.00,518565.00,7222575.00,75.3544,65.1091,spatial_block_4fold,0,1,,,0,297.869,300.341,2.47226
l9siberia_r46_c28,landsat9_siberia_fire,LC09_L2SP_158014_20260817_02_T1,LC09_L2SP_158014_20260817_02_T1,46,28,EPSG:32643,522405.00,7218735.00,526245.00,7222575.00,75.5179,65.1086,spatial_block_4fold,0,1,,,0,298.755,301.582,2.82635
l9siberia_r46_c29,landsat9_siberia_fire,LC09_L2SP_158014_20260817_02_T1,LC09_L2SP_158014_20260817_02_T1,46,29,EPSG:32643,526245.00,7218735.00,530085.00,7222575.00,75.5997,65.1083,spatial_block_4fold,0,1,,,0,298.769,302.914,4.14423
l9siberia_r46_c30,landsat9_siberia_fire,LC09_L2SP_158014_20260817_02_T1,LC09_L2SP_158014_20260817_02_T1,46,30,EPSG:32643,530085.00,7218735.00,533925.00,7222575.00,75.6815,65.1079,spatial_block_4fold,3,1,,,0,297.999,306.073,8.07382
l9siberia_r46_c31,landsat9_siberia_fire,LC09_L2SP_158014_20260817_02_T1,LC09_L2SP_158014_20260817_02_T1,46,31,EPSG:32643,533925.00,7218735.00,537765.00,7222575.00,75.7632,65.1075,spatial_block_4fold,3,1,,,0,298.298,301.72,3.42175
l9siberia_r46_c32,landsat9_siberia_fire,LC09_L2SP_158014_20260817_02_T1,LC09_L2SP_158014_20260817_02_T1,46,32,EPSG:32643,537765.00,7218735.00,541605.00,7222575.00,75.845,65.1071,spatial_block_4fold,3,1,,,0,299.147,301.942,2.7951
l9siberia_r46_c33,landsat9_siberia_fire,LC09_L2SP_158014_20260817_02_T1,LC09_L2SP_158014_20260817_02_T1,46,33,EPSG:32643,541605.00,7218735.00,545445.00,7222575.00,75.9267,65.1066,spatial_block_4fold,3,1,,,0,299.657,302.149,2.49255
l9siberia_r46_c34,landsat9_siberia_fire,LC09_L2SP_158014_20260817_02_T1,LC09_L2SP_158014_20260817_02_T1,46,34,EPSG:32643,545445.00,7218735.00,549285.00,7222575.00,76.0085,65.1061,spatial_block_4fold,3,1,,,0,300.235,303.224,2.98907
l9siberia_r46_c35,landsat9_siberia_fire,LC09_L2SP_158014_20260817_02_T1,LC09_L2SP_158014_20260817_02_T1,46,35,EPSG:32643,549285.00,7218735.00,553125.00,7222575.00,76.0902,65.1055,spatial_block_4fold,3,1,,,0,298.993,302.528,3.53555
l9siberia_r46_c36,landsat9_siberia_fire,LC09_L2SP_158014_20260817_02_T1,LC09_L2SP_158014_20260817_02_T1,46,36,EPSG:32643,553125.00,7218735.00,556965.00,7222575.00,76.1719,65.1049,spatial_block_4fold,3,1,,,0,298.306,301.344,3.03806
l9siberia_r46_c37,landsat9_siberia_fire,LC09_L2SP_158014_20260817_02_T1,LC09_L2SP_158014_20260817_02_T1,46,37,EPSG:32643,556965.00,7218735.00,560805.00,7222575.00,76.2537,65.1042,spatial_block_4fold,3,1,,,0,297.976,300.267,2.29123
l9siberia_r46_c38,landsat9_siberia_fire,LC09_L2SP_158014_20260817_02_T1,LC09_L2SP_158014_20260817_02_T1,46,38,EPSG:32643,560805.00,7218735.00,564645.00,7222575.00,76.3354,65.1035,spatial_block_4fold,3,1,,,0,298.423,301.257,2.83392
l9siberia_r46_c39,landsat9_siberia_fire,LC09_L2SP_158014_20260817_02_T1,LC09_L2SP_158014_20260817_02_T1,46,39,EPSG:32643,564645.00,7218735.00,568485.00,7222575.00,76.4171,65.1028,spatial_block_4fold,3,1,,,0,298.6,301.113,2.51282
l9siberia_r46_c40,landsat9_siberia_fire,LC09_L2SP_158014_20260817_02_T1,LC09_L2SP_158014_20260817_02_T1,46,40,EPSG:32643,568485.00,7218735.00,572325.00,7222575.00,76.4988,65.102,spatial_block_4fold,0,1,,,0,298.477,301.045,2.56787
l9siberia_r46_c41,landsat9_siberia_fire,LC09_L2SP_158014_20260817_02_T1,LC09_L2SP_158014_20260817_02_T1,46,41,EPSG:32643,572325.00,7218735.00,576165.00,7222575.00,76.5805,65.1011,spatial_block_4fold,0,1,,,0,297.676,300.948,3.27234
l9siberia_r46_c42,landsat9_siberia_fire,LC09_L2SP_158014_20260817_02_T1,LC09_L2SP_158014_20260817_02_T1,46,42,EPSG:32643,576165.00,7218735.00,580005.00,7222575.00,76.6622,65.1003,spatial_block_4fold,0,1,,,0,298.908,302.642,3.73352
l9siberia_r46_c44,landsat9_siberia_fire,LC09_L2SP_158014_20260817_02_T1,LC09_L2SP_158014_20260817_02_T1,46,44,EPSG:32643,583845.00,7218735.00,587685.00,7222575.00,76.8256,65.0983,spatial_block_4fold,0,1,,,0,299.291,302.935,3.64474
l9siberia_r46_c46,landsat9_siberia_fire,LC09_L2SP_158014_20260817_02_T1,LC09_L2SP_158014_20260817_02_T1,46,46,EPSG:32643,591525.00,7218735.00,595365.00,7222575.00,76.989,65.0963,spatial_block_4fold,0,1,,,0,299.48,304.075,4.59491
l9siberia_r46_c47,landsat9_siberia_fire,LC09_L2SP_158014_20260817_02_T1,LC09_L2SP_158014_20260817_02_T1,46,47,EPSG:32643,595365.00,7218735.00,599205.00,7222575.00,77.0707,65.0952,spatial_block_4fold,0,1,,,0,297.921,301.188,3.26703
l9siberia_r46_c48,landsat9_siberia_fire,LC09_L2SP_158014_20260817_02_T1,LC09_L2SP_158014_20260817_02_T1,46,48,EPSG:32643,599205.00,7218735.00,603045.00,7222575.00,77.1523,65.094,spatial_block_4fold,0,1,,,0,298.022,301.241,3.21802
l9siberia_r46_c49,landsat9_siberia_fire,LC09_L2SP_158014_20260817_02_T1,LC09_L2SP_158014_20260817_02_T1,46,49,EPSG:32643,603045.00,7218735.00,606885.00,7222575.00,77.234,65.0928,spatial_block_4fold,0,1,,,0,297.91,301.169,3.2587
l9siberia_r46_c50,landsat9_siberia_fire,LC09_L2SP_158014_20260817_02_T1,LC09_L2SP_158014_20260817_02_T1,46,50,EPSG:32643,606885.00,7218735.00,610725.00,7222575.00,77.3156,65.0916,spatial_block_4fold,2,1,,,0,298.333,301.527,3.19324
l9siberia_r46_c51,landsat9_siberia_fire,LC09_L2SP_158014_20260817_02_T1,LC09_L2SP_158014_20260817_02_T1,46,51,EPSG:32643,610725.00,7218735.00,614565.00,7222575.00,77.3973,65.0903,spatial_block_4fold,2,1,,,0,298.334,301.249,2.91565
l9siberia_r46_c52,landsat9_siberia_fire,LC09_L2SP_158014_20260817_02_T1,LC09_L2SP_158014_20260817_02_T1,46,52,EPSG:32643,614565.00,7218735.00,618405.00,7222575.00,77.4789,65.089,spatial_block_4fold,2,1,,,0,300.772,303.381,2.6095
l9siberia_r47_c01,landsat9_siberia_fire,LC09_L2SP_158014_20260817_02_T1,LC09_L2SP_158014_20260817_02_T1,47,1,EPSG:32643,418725.00,7214895.00,422565.00,7218735.00,73.3129,65.0655,spatial_block_4fold,1,1,,,0,298.775,302.79,4.0155
l9siberia_r47_c02,landsat9_siberia_fire,LC09_L2SP_158014_20260817_02_T1,LC09_L2SP_158014_20260817_02_T1,47,2,EPSG:32643,422565.00,7214895.00,426405.00,7218735.00,73.3945,65.0664,spatial_block_4fold,1,1,,,0,297.405,303.644,6.23828
l9siberia_r47_c03,landsat9_siberia_fire,LC09_L2SP_158014_20260817_02_T1,LC09_L2SP_158014_20260817_02_T1,47,3,EPSG:32643,426405.00,7214895.00,430245.00,7218735.00,73.4761,65.0673,spatial_block_4fold,1,1,,,0,299.018,301.738,2.71954
l9siberia_r47_c04,landsat9_siberia_fire,LC09_L2SP_158014_20260817_02_T1,LC09_L2SP_158014_20260817_02_T1,47,4,EPSG:32643,430245.00,7214895.00,434085.00,7218735.00,73.5577,65.0681,spatial_block_4fold,1,1,,,0,298.042,301.611,3.56882
l9siberia_r47_c05,landsat9_siberia_fire,LC09_L2SP_158014_20260817_02_T1,LC09_L2SP_158014_20260817_02_T1,47,5,EPSG:32643,434085.00,7214895.00,437925.00,7218735.00,73.6393,65.0688,spatial_block_4fold,1,1,,,0,298.026,301.653,3.62753
l9siberia_r47_c06,landsat9_siberia_fire,LC09_L2SP_158014_20260817_02_T1,LC09_L2SP_158014_20260817_02_T1,47,6,EPSG:32643,437925.00,7214895.00,441765.00,7218735.00,73.721,65.0696,spatial_block_4fold,1,1,,,0,299.648,304.468,4.82047
l9siberia_r47_c07,landsat9_siberia_fire,LC09_L2SP_158014_20260817_02_T1,LC09_L2SP_158014_20260817_02_T1,47,7,EPSG:32643,441765.00,7214895.00,445605.00,7218735.00,73.8026,65.0702,spatial_block_4fold,1,1,,,0,300.225,302.06,1.83517
l9siberia_r47_c08,landsat9_siberia_fire,LC09_L2SP_158014_20260817_02_T1,LC09_L2SP_158014_20260817_02_T1,47,8,EPSG:32643,445605.00,7214895.00,449445.00,7218735.00,73.8842,65.0709,spatial_block_4fold,1,1,,,0,300.182,301.701,1.51849
l9siberia_r47_c09,landsat9_siberia_fire,LC09_L2SP_158014_20260817_02_T1,LC09_L2SP_158014_20260817_02_T1,47,9,EPSG:32643,449445.00,7214895.00,453285.00,7218735.00,73.9659,65.0714,spatial_block_4fold,1,1,,,0,296.959,301.038,4.0791
l9siberia_r47_c10,landsat9_siberia_fire,LC09_L2SP_158014_20260817_02_T1,LC09_L2SP_158014_20260817_02_T1,47,10,EPSG:32643,453285.00,7214895.00,457125.00,7218735.00,74.0475,65.072,spatial_block_4fold,3,1,,,0,297.226,303.135,5.90918
l9siberia_r47_c11,landsat9_siberia_fire,LC09_L2SP_158014_20260817_02_T1,LC09_L2SP_158014_20260817_02_T1,47,11,EPSG:32643,457125.00,7214895.00,460965.00,7218735.00,74.1291,65.0725,spatial_block_4fold,3,1,,,0,298.403,301.069,2.66541
l9siberia_r47_c12,landsat9_siberia_fire,LC09_L2SP_158014_20260817_02_T1,LC09_L2SP_158014_20260817_02_T1,47,12,EPSG:32643,460965.00,7214895.00,464805.00,7218735.00,74.2108,65.0729,spatial_block_4fold,3,1,,,0,298.408,300.473,2.06458
l9siberia_r47_c13,landsat9_siberia_fire,LC09_L2SP_158014_20260817_02_T1,LC09_L2SP_158014_20260817_02_T1,47,13,EPSG:32643,464805.00,7214895.00,468645.00,7218735.00,74.2924,65.0733,spatial_block_4fold,3,1,,,0,298.537,300.422,1.88495
l9siberia_r47_c14,landsat9_siberia_fire,LC09_L2SP_158014_20260817_02_T1,LC09_L2SP_158014_20260817_02_T1,47,14,EPSG:32643,468645.00,7214895.00,472485.00,7218735.00,74.3741,65.0737,spatial_block_4fold,3,1,,,0,298.02,300.231,2.21121
l9siberia_r47_c15,landsat9_siberia_fire,LC09_L2SP_158014_20260817_02_T1,LC09_L2SP_158014_20260817_02_T1,47,15,EPSG:32643,472485.00,7214895.00,476325.00,7218735.00,74.4557,65.074,spatial_block_4fold,3,1,,,0,297.794,306.296,8.50171
l9siberia_r47_c16,landsat9_siberia_fire,LC09_L2SP_158014_20260817_02_T1,LC09_L2SP_158014_20260817_02_T1,47,16,EPSG:32643,476325.00,7214895.00,480165.00,7218735.00,74.5374,65.0743,spatial_block_4fold,3,1,,,0,297.187,308.612,11.425
l9siberia_r47_c17,landsat9_siberia_fire,LC09_L2SP_158014_20260817_02_T1,LC09_L2SP_158014_20260817_02_T1,47,17,EPSG:32643,480165.00,7214895.00,484005.00,7218735.00,74.619,65.0745,spatial_block_4fold,3,1,,,0,295.741,298.02,2.27863
l9siberia_r47_c18,landsat9_siberia_fire,LC09_L2SP_158014_20260817_02_T1,LC09_L2SP_158014_20260817_02_T1,47,18,EPSG:32643,484005.00,7214895.00,487845.00,7218735.00,74.7007,65.0747,spatial_block_4fold,3,1,,,0,296.279,298.58,2.30161
l9siberia_r47_c19,landsat9_siberia_fire,LC09_L2SP_158014_20260817_02_T1,LC09_L2SP_158014_20260817_02_T1,47,19,EPSG:32643,487845.00,7214895.00,491685.00,7218735.00,74.7823,65.0749,spatial_block_4fold,3,1,,,0,296.765,298.425,1.65991
l9siberia_r47_c20,landsat9_siberia_fire,LC09_L2SP_158014_20260817_02_T1,LC09_L2SP_158014_20260817_02_T1,47,20,EPSG:32643,491685.00,7214895.00,495525.00,7218735.00,74.864,65.075,spatial_block_4fold,0,1,,,0,296.993,299.715,2.72192
l9siberia_r47_c21,landsat9_siberia_fire,LC09_L2SP_158014_20260817_02_T1,LC09_L2SP_158014_20260817_02_T1,47,21,EPSG:32643,495525.00,7214895.00,499365.00,7218735.00,74.9457,65.075,spatial_block_4fold,0,1,,,0,296.346,298.611,2.26529
l9siberia_r47_c22,landsat9_siberia_fire,LC09_L2SP_158014_20260817_02_T1,LC09_L2SP_158014_20260817_02_T1,47,22,EPSG:32643,499365.00,7214895.00,503205.00,7218735.00,75.0273,65.075,spatial_block_4fold,0,1,,,0,295.947,297.911,1.96387
l9siberia_r47_c23,landsat9_siberia_fire,LC09_L2SP_158014_20260817_02_T1,LC09_L2SP_158014_20260817_02_T1,47,23,EPSG:32643,503205.00,7214895.00,507045.00,7218735.00,75.109,65.075,spatial_block_4fold,0,1,,,0,296.852,298.521,1.66864
l9siberia_r47_c24,landsat9_siberia_fire,LC09_L2SP_158014_20260817_02_T1,LC09_L2SP_158014_20260817_02_T1,47,24,EPSG:32643,507045.00,7214895.00,510885.00,7218735.00,75.1906,65.0749,spatial_block_4fold,0,1,,,0,296.698,299.522,2.82336
l9siberia_r47_c25,landsat9_siberia_fire,LC09_L2SP_158014_20260817_02_T1,LC09_L2SP_158014_20260817_02_T1,47,25,EPSG:32643,510885.00,7214895.00,514725.00,7218735.00,75.2723,65.0748,spatial_block_4fold,0,1,,,0,297.145,301.327,4.18268
l9siberia_r47_c26,landsat9_siberia_fire,LC09_L2SP_158014_20260817_02_T1,LC09_L2SP_158014_20260817_02_T1,47,26,EPSG:32643,514725.00,7214895.00,518565.00,7218735.00,75.354,65.0746,spatial_block_4fold,0,1,,,0,297.614,303.96,6.34579
l9siberia_r47_c27,landsat9_siberia_fire,LC09_L2SP_158014_20260817_02_T1,LC09_L2SP_158014_20260817_02_T1,47,27,EPSG:32643,518565.00,7214895.00,522405.00,7218735.00,75.4356,65.0744,spatial_block_4fold,0,1,,,0,298.255,301.234,2.97845
l9siberia_r47_c28,landsat9_siberia_fire,LC09_L2SP_158014_20260817_02_T1,LC09_L2SP_158014_20260817_02_T1,47,28,EPSG:32643,522405.00,7214895.00,526245.00,7218735.00,75.5173,65.0741,spatial_block_4fold,0,1,,,0,299.014,301.12,2.10605
l9siberia_r47_c29,landsat9_siberia_fire,LC09_L2SP_158014_20260817_02_T1,LC09_L2SP_158014_20260817_02_T1,47,29,EPSG:32643,526245.00,7214895.00,530085.00,7218735.00,75.5989,65.0738,spatial_block_4fold,0,1,,,0,298.738,300.684,1.94614
l9siberia_r47_c30,landsat9_siberia_fire,LC09_L2SP_158014_20260817_02_T1,LC09_L2SP_158014_20260817_02_T1,47,30,EPSG:32643,530085.00,7214895.00,533925.00,7218735.00,75.6806,65.0735,spatial_block_4fold,3,1,,,0,298.416,300.277,1.86115
l9siberia_r47_c31,landsat9_siberia_fire,LC09_L2SP_158014_20260817_02_T1,LC09_L2SP_158014_20260817_02_T1,47,31,EPSG:32643,533925.00,7214895.00,537765.00,7218735.00,75.7622,65.0731,spatial_block_4fold,3,1,,,0,298.761,300.556,1.79501
l9siberia_r47_c32,landsat9_siberia_fire,LC09_L2SP_158014_20260817_02_T1,LC09_L2SP_158014_20260817_02_T1,47,32,EPSG:32643,537765.00,7214895.00,541605.00,7218735.00,75.8439,65.0726,spatial_block_4fold,3,1,,,0,298.628,301.231,2.603
l9siberia_r47_c33,landsat9_siberia_fire,LC09_L2SP_158014_20260817_02_T1,LC09_L2SP_158014_20260817_02_T1,47,33,EPSG:32643,541605.00,7214895.00,545445.00,7218735.00,75.9255,65.0722,spatial_block_4fold,3,1,,,0,298.802,301.084,2.28174
l9siberia_r47_c34,landsat9_siberia_fire,LC09_L2SP_158014_20260817_02_T1,LC09_L2SP_158014_20260817_02_T1,47,34,EPSG:32643,545445.00,7214895.00,549285.00,7218735.00,76.0071,65.0716,spatial_block_4fold,3,1,,,0,299.294,301.285,1.99103
l9siberia_r47_c35,landsat9_siberia_fire,LC09_L2SP_158014_20260817_02_T1,LC09_L2SP_158014_20260817_02_T1,47,35,EPSG:32643,549285.00,7214895.00,553125.00,7218735.00,76.0888,65.0711,spatial_block_4fold,3,1,,,0,299.049,301.2,2.15094
l9siberia_r47_c36,landsat9_siberia_fire,LC09_L2SP_158014_20260817_02_T1,LC09_L2SP_158014_20260817_02_T1,47,36,EPSG:32643,553125.00,7214895.00,556965.00,7218735.00,76.1704,65.0704,spatial_block_4fold,3,1,,,0,298.93,301.493,2.56277
l9siberia_r47_c37,landsat9_siberia_fire,LC09_L2SP_158014_20260817_02_T1,LC09_L2SP_158014_20260817_02_T1,47,37,EPSG:32643,556965.00,7214895.00,560805.00,7218735.00,76.252,65.0698,spatial_block_4fold,3,1,,,0,298.136,300.404,2.26752
l9siberia_r47_c38,landsat9_siberia_fire,LC09_L2SP_158014_20260817_02_T1,LC09_L2SP_158014_20260817_02_T1,47,38,EPSG:32643,560805.00,7214895.00,564645.00,7218735.00,76.3337,65.0691,spatial_block_4fold,3,1,,,0,298.027,301.435,3.40805
l9siberia_r47_c39,landsat9_siberia_fire,LC09_L2SP_158014_20260817_02_T1,LC09_L2SP_158014_20260817_02_T1,47,39,EPSG:32643,564645.00,7214895.00,568485.00,7218735.00,76.4153,65.0683,spatial_block_4fold,3,1,,,0,298.656,301.203,2.54672
l9siberia_r47_c40,landsat9_siberia_fire,LC09_L2SP_158014_20260817_02_T1,LC09_L2SP_158014_20260817_02_T1,47,40,EPSG:32643,568485.00,7214895.00,572325.00,7218735.00,76.4969,65.0675,spatial_block_4fold,0,1,,,0,298.341,301.142,2.80048
l9siberia_r47_c41,landsat9_siberia_fire,LC09_L2SP_158014_20260817_02_T1,LC09_L2SP_158014_20260817_02_T1,47,41,EPSG:32643,572325.00,7214895.00,576165.00,7218735.00,76.5785,65.0667,spatial_block_4fold,0,1,,,0,298.181,302.351,4.17007
l9siberia_r47_c42,landsat9_siberia_fire,LC09_L2SP_158014_20260817_02_T1,LC09_L2SP_158014_20260817_02_T1,47,42,EPSG:32643,576165.00,7214895.00,580005.00,7218735.00,76.6601,65.0658,spatial_block_4fold,0,1,,,0,298.929,303.454,4.52533
l9siberia_r47_c43,landsat9_siberia_fire,LC09_L2SP_158014_20260817_02_T1,LC09_L2SP_158014_20260817_02_T1,47,43,EPSG:32643,580005.00,7214895.00,583845.00,7218735.00,76.7417,65.0649,spatial_block_4fold,0,1,,,0,298.894,301.497,2.60287
l9siberia_r47_c44,landsat9_siberia_fire,LC09_L2SP_158014_20260817_02_T1,LC09_L2SP_158014_20260817_02_T1,47,44,EPSG:32643,583845.00,7214895.00,587685.00,7218735.00,76.8233,65.0639,spatial_block_4fold,0,1,,,0,299.855,301.923,2.0679
l9siberia_r47_c46,landsat9_siberia_fire,LC09_L2SP_158014_20260817_02_T1,LC09_L2SP_158014_20260817_02_T1,47,46,EPSG:32643,591525.00,7214895.00,595365.00,7218735.00,76.9864,65.0618,spatial_block_4fold,0,1,,,0,299.707,303.074,3.36667
l9siberia_r47_c47,landsat9_siberia_fire,LC09_L2SP_158014_20260817_02_T1,LC09_L2SP_158014_20260817_02_T1,47,47,EPSG:32643,595365.00,7214895.00,599205.00,7218735.00,77.068,65.0607,spatial_block_4fold,0,1,,,0,298.805,303.233,4.42773
l9siberia_r47_c48,landsat9_siberia_fire,LC09_L2SP_158014_20260817_02_T1,LC09_L2SP_158014_20260817_02_T1,47,48,EPSG:32643,599205.00,7214895.00,603045.00,7218735.00,77.1496,65.0596,spatial_block_4fold,0,1,,,0,299.089,301.896,2.80786
l9siberia_r47_c49,landsat9_siberia_fire,LC09_L2SP_158014_20260817_02_T1,LC09_L2SP_158014_20260817_02_T1,47,49,EPSG:32643,603045.00,7214895.00,606885.00,7218735.00,77.2311,65.0584,spatial_block_4fold,0,1,,,0,298.748,301.532,2.78369
l9siberia_r47_c50,landsat9_siberia_fire,LC09_L2SP_158014_20260817_02_T1,LC09_L2SP_158014_20260817_02_T1,47,50,EPSG:32643,606885.00,7214895.00,610725.00,7218735.00,77.3127,65.0571,spatial_block_4fold,2,1,,,0,300.067,305.58,5.5134
l9siberia_r47_c51,landsat9_siberia_fire,LC09_L2SP_158014_20260817_02_T1,LC09_L2SP_158014_20260817_02_T1,47,51,EPSG:32643,610725.00,7214895.00,614565.00,7218735.00,77.3942,65.0559,spatial_block_4fold,2,1,,,0,301.03,302.852,1.82208
l9siberia_r47_c52,landsat9_siberia_fire,LC09_L2SP_158014_20260817_02_T1,LC09_L2SP_158014_20260817_02_T1,47,52,EPSG:32643,614565.00,7214895.00,618405.00,7218735.00,77.4757,65.0545,spatial_block_4fold,2,1,,,0,300.198,302.64,2.44153
l9siberia_r48_c04,landsat9_siberia_fire,LC09_L2SP_158014_20260817_02_T1,LC09_L2SP_158014_20260817_02_T1,48,4,EPSG:32643,430245.00,7211055.00,434085.00,7214895.00,73.5596,65.0336,spatial_block_4fold,1,1,,,0,298.529,301.245,2.71573
l9siberia_r48_c05,landsat9_siberia_fire,LC09_L2SP_158014_20260817_02_T1,LC09_L2SP_158014_20260817_02_T1,48,5,EPSG:32643,434085.00,7211055.00,437925.00,7214895.00,73.6411,65.0344,spatial_block_4fold,1,1,,,0,296.884,300.092,3.20871
l9siberia_r48_c06,landsat9_siberia_fire,LC09_L2SP_158014_20260817_02_T1,LC09_L2SP_158014_20260817_02_T1,48,6,EPSG:32643,437925.00,7211055.00,441765.00,7214895.00,73.7226,65.0351,spatial_block_4fold,1,1,,,0,296.511,301.176,4.66534
l9siberia_r48_c07,landsat9_siberia_fire,LC09_L2SP_158014_20260817_02_T1,LC09_L2SP_158014_20260817_02_T1,48,7,EPSG:32643,441765.00,7211055.00,445605.00,7214895.00,73.8041,65.0358,spatial_block_4fold,1,1,,,0,297.322,300.618,3.29672
l9siberia_r48_c08,landsat9_siberia_fire,LC09_L2SP_158014_20260817_02_T1,LC09_L2SP_158014_20260817_02_T1,48,8,EPSG:32643,445605.00,7211055.00,449445.00,7214895.00,73.8857,65.0364,spatial_block_4fold,1,1,,,0,299.423,302.253,2.83026
l9siberia_r48_c09,landsat9_siberia_fire,LC09_L2SP_158014_20260817_02_T1,LC09_L2SP_158014_20260817_02_T1,48,9,EPSG:32643,449445.00,7211055.00,453285.00,7214895.00,73.9672,65.037,spatial_block_4fold,1,1,,,0,298.278,303.506,5.22791
l9siberia_r48_c10,landsat9_siberia_fire,LC09_L2SP_158014_20260817_02_T1,LC09_L2SP_158014_20260817_02_T1,48,10,EPSG:32643,453285.00,7211055.00,457125.00,7214895.00,74.0487,65.0375,spatial_block_4fold,3,1,,,0,295.966,300.521,4.55417
l9siberia_r48_c11,landsat9_siberia_fire,LC09_L2SP_158014_20260817_02_T1,LC09_L2SP_158014_20260817_02_T1,48,11,EPSG:32643,457125.00,7211055.00,460965.00,7214895.00,74.1303,65.038,spatial_block_4fold,3,1,,,0,296.62,301.89,5.26978
l9siberia_r48_c12,landsat9_siberia_fire,LC09_L2SP_158014_20260817_02_T1,LC09_L2SP_158014_20260817_02_T1,48,12,EPSG:32643,460965.00,7211055.00,464805.00,7214895.00,74.2118,65.0385,spatial_block_4fold,3,1,,,0,299.327,302.363,3.03558
l9siberia_r48_c13,landsat9_siberia_fire,LC09_L2SP_158014_20260817_02_T1,LC09_L2SP_158014_20260817_02_T1,48,13,EPSG:32643,464805.00,7211055.00,468645.00,7214895.00,74.2933,65.0389,spatial_block_4fold,3,1,,,0,300.22,302.634,2.41348
l9siberia_r48_c14,landsat9_siberia_fire,LC09_L2SP_158014_20260817_02_T1,LC09_L2SP_158014_20260817_02_T1,48,14,EPSG:32643,468645.00,7211055.00,472485.00,7214895.00,74.3749,65.0393,spatial_block_4fold,3,1,,,0,298.585,302.199,3.61359
l9siberia_r48_c15,landsat9_siberia_fire,LC09_L2SP_158014_20260817_02_T1,LC09_L2SP_158014_20260817_02_T1,48,15,EPSG:32643,472485.00,7211055.00,476325.00,7214895.00,74.4564,65.0396,spatial_block_4fold,3,1,,,0,297.728,300.958,3.22964
l9siberia_r48_c16,landsat9_siberia_fire,LC09_L2SP_158014_20260817_02_T1,LC09_L2SP_158014_20260817_02_T1,48,16,EPSG:32643,476325.00,7211055.00,480165.00,7214895.00,74.538,65.0398,spatial_block_4fold,3,1,,,0,297.327,299.805,2.47842
l9siberia_r48_c17,landsat9_siberia_fire,LC09_L2SP_158014_20260817_02_T1,LC09_L2SP_158014_20260817_02_T1,48,17,EPSG:32643,480165.00,7211055.00,484005.00,7214895.00,74.6195,65.0401,spatial_block_4fold,3,1,,,0,296.71,298.781,2.07086
l9siberia_r48_c18,landsat9_siberia_fire,LC09_L2SP_158014_20260817_02_T1,LC09_L2SP_158014_20260817_02_T1,48,18,EPSG:32643,484005.00,7211055.00,487845.00,7214895.00,74.7011,65.0403,spatial_block_4fold,3,1,,,0,295.333,297.266,1.93277
l9siberia_r48_c19,landsat9_siberia_fire,LC09_L2SP_158014_20260817_02_T1,LC09_L2SP_158014_20260817_02_T1,48,19,EPSG:32643,487845.00,7211055.00,491685.00,7214895.00,74.7826,65.0404,spatial_block_4fold,3,1,,,0,295.911,299.127,3.21628
l9siberia_r48_c20,landsat9_siberia_fire,LC09_L2SP_158014_20260817_02_T1,LC09_L2SP_158014_20260817_02_T1,48,20,EPSG:32643,491685.00,7211055.00,495525.00,7214895.00,74.8642,65.0405,spatial_block_4fold,0,1,,,0,297.087,299.263,2.17609
l9siberia_r48_c21,landsat9_siberia_fire,LC09_L2SP_158014_20260817_02_T1,LC09_L2SP_158014_20260817_02_T1,48,21,EPSG:32643,495525.00,7211055.00,499365.00,7214895.00,74.9457,65.0406,spatial_block_4fold,0,1,,,0,296.932,299.117,2.18524
l9siberia_r48_c22,landsat9_siberia_fire,LC09_L2SP_158014_20260817_02_T1,LC09_L2SP_158014_20260817_02_T1,48,22,EPSG:32643,499365.00,7211055.00,503205.00,7214895.00,75.0273,65.0406,spatial_block_4fold,0,1,,,0,296.538,298.023,1.4856
l9siberia_r48_c23,landsat9_siberia_fire,LC09_L2SP_158014_20260817_02_T1,LC09_L2SP_158014_20260817_02_T1,48,23,EPSG:32643,503205.00,7211055.00,507045.00,7214895.00,75.1088,65.0405,spatial_block_4fold,0,1,,,0,296.174,297.402,1.22833
l9siberia_r48_c24,landsat9_siberia_fire,LC09_L2SP_158014_20260817_02_T1,LC09_L2SP_158014_20260817_02_T1,48,24,EPSG:32643,507045.00,7211055.00,510885.00,7214895.00,75.1904,65.0404,spatial_block_4fold,0,1,,,0,296.679,298.852,2.17325
l9siberia_r48_c25,landsat9_siberia_fire,LC09_L2SP_158014_20260817_02_T1,LC09_L2SP_158014_20260817_02_T1,48,25,EPSG:32643,510885.00,7211055.00,514725.00,7214895.00,75.272,65.0403,spatial_block_4fold,0,1,,,0,296.926,299.115,2.189
l9siberia_r48_c26,landsat9_siberia_fire,LC09_L2SP_158014_20260817_02_T1,LC09_L2SP_158014_20260817_02_T1,48,26,EPSG:32643,514725.00,7211055.00,518565.00,7214895.00,75.3535,65.0401,spatial_block_4fold,0,1,,,0,298.075,300.652,2.57779
l9siberia_r48_c27,landsat9_siberia_fire,LC09_L2SP_158014_20260817_02_T1,LC09_L2SP_158014_20260817_02_T1,48,27,EPSG:32643,518565.00,7211055.00,522405.00,7214895.00,75.4351,65.0399,spatial_block_4fold,0,1,,,0,298.439,300.421,1.98184
l9siberia_r48_c28,landsat9_siberia_fire,LC09_L2SP_158014_20260817_02_T1,LC09_L2SP_158014_20260817_02_T1,48,28,EPSG:32643,522405.00,7211055.00,526245.00,7214895.00,75.5166,65.0397,spatial_block_4fold,0,1,,,0,298.892,301.806,2.91376
l9siberia_r48_c29,landsat9_siberia_fire,LC09_L2SP_158014_20260817_02_T1,LC09_L2SP_158014_20260817_02_T1,48,29,EPSG:32643,526245.00,7211055.00,530085.00,7214895.00,75.5982,65.0394,spatial_block_4fold,0,1,,,0,298.542,306.02,7.47864
l9siberia_r48_c30,landsat9_siberia_fire,LC09_L2SP_158014_20260817_02_T1,LC09_L2SP_158014_20260817_02_T1,48,30,EPSG:32643,530085.00,7211055.00,533925.00,7214895.00,75.6797,65.039,spatial_block_4fold,3,1,,,0,298.218,302.296,4.07742
l9siberia_r48_c31,landsat9_siberia_fire,LC09_L2SP_158014_20260817_02_T1,LC09_L2SP_158014_20260817_02_T1,48,31,EPSG:32643,533925.00,7211055.00,537765.00,7214895.00,75.7612,65.0386,spatial_block_4fold,3,1,,,0,298.702,300.785,2.08347
l9siberia_r48_c32,landsat9_siberia_fire,LC09_L2SP_158014_20260817_02_T1,LC09_L2SP_158014_20260817_02_T1,48,32,EPSG:32643,537765.00,7211055.00,541605.00,7214895.00,75.8428,65.0382,spatial_block_4fold,3,1,,,0,298.186,301.095,2.9093
l9siberia_r48_c33,landsat9_siberia_fire,LC09_L2SP_158014_20260817_02_T1,LC09_L2SP_158014_20260817_02_T1,48,33,EPSG:32643,541605.00,7211055.00,545445.00,7214895.00,75.9243,65.0377,spatial_block_4fold,3,1,,,0,298.938,301.303,2.36453
l9siberia_r48_c34,landsat9_siberia_fire,LC09_L2SP_158014_20260817_02_T1,LC09_L2SP_158014_20260817_02_T1,48,34,EPSG:32643,545445.00,7211055.00,549285.00,7214895.00,76.0058,65.0372,spatial_block_4fold,3,1,,,0,298.814,301.47,2.6564
l9siberia_r48_c35,landsat9_siberia_fire,LC09_L2SP_158014_20260817_02_T1,LC09_L2SP_158014_20260817_02_T1,48,35,EPSG:32643,549285.00,7211055.00,553125.00,7214895.00,76.0874,65.0366,spatial_block_4fold,3,1,,,0,298.553,301.388,2.83505
l9siberia_r48_c36,landsat9_siberia_fire,LC09_L2SP_158014_20260817_02_T1,LC09_L2SP_158014_20260817_02_T1,48,36,EPSG:32643,553125.00,7211055.00,556965.00,7214895.00,76.1689,65.036,spatial_block_4fold,3,1,,,0,299.407,304.18,4.77301
l9siberia_r48_c37,landsat9_siberia_fire,LC09_L2SP_158014_20260817_02_T1,LC09_L2SP_158014_20260817_02_T1,48,37,EPSG:32643,556965.00,7211055.00,560805.00,7214895.00,76.2504,65.0353,spatial_block_4fold,3,1,,,0,299.129,303.18,4.05173
l9siberia_r48_c38,landsat9_siberia_fire,LC09_L2SP_158014_20260817_02_T1,LC09_L2SP_158014_20260817_02_T1,48,38,EPSG:32643,560805.00,7211055.00,564645.00,7214895.00,76.3319,65.0346,spatial_block_4fold,3,1,,,0,298.949,303.058,4.1087
l9siberia_r48_c41,landsat9_siberia_fire,LC09_L2SP_158014_20260817_02_T1,LC09_L2SP_158014_20260817_02_T1,48,41,EPSG:32643,572325.00,7211055.00,576165.00,7214895.00,76.5765,65.0323,spatial_block_4fold,0,1,,,0,299.297,310.497,11.1997
l9siberia_r48_c42,landsat9_siberia_fire,LC09_L2SP_158014_20260817_02_T1,LC09_L2SP_158014_20260817_02_T1,48,42,EPSG:32643,576165.00,7211055.00,580005.00,7214895.00,76.658,65.0314,spatial_block_4fold,0,1,,,0,298.959,301.479,2.51974
l9siberia_r48_c43,landsat9_siberia_fire,LC09_L2SP_158014_20260817_02_T1,LC09_L2SP_158014_20260817_02_T1,48,43,EPSG:32643,580005.00,7211055.00,583845.00,7214895.00,76.7394,65.0304,spatial_block_4fold,0,1,,,0,299.232,301.62,2.38803
l9siberia_r48_c46,landsat9_siberia_fire,LC09_L2SP_158014_20260817_02_T1,LC09_L2SP_158014_20260817_02_T1,48,46,EPSG:32643,591525.00,7211055.00,595365.00,7214895.00,76.9839,65.0274,spatial_block_4fold,0,1,,,0,299.449,301.793,2.34412
l9siberia_r48_c47,landsat9_siberia_fire,LC09_L2SP_158014_20260817_02_T1,LC09_L2SP_158014_20260817_02_T1,48,47,EPSG:32643,595365.00,7211055.00,599205.00,7214895.00,77.0653,65.0263,spatial_block_4fold,0,1,,,0,299.555,302.305,2.75024
l9siberia_r48_c48,landsat9_siberia_fire,LC09_L2SP_158014_20260817_02_T1,LC09_L2SP_158014_20260817_02_T1,48,48,EPSG:32643,599205.00,7211055.00,603045.00,7214895.00,77.1468,65.0251,spatial_block_4fold,0,1,,,0,299.314,302.497,3.18311
l9siberia_r48_c49,landsat9_siberia_fire,LC09_L2SP_158014_20260817_02_T1,LC09_L2SP_158014_20260817_02_T1,48,49,EPSG:32643,603045.00,7211055.00,606885.00,7214895.00,77.2282,65.024,spatial_block_4fold,0,1,,,0,299.709,302.055,2.34576
l9siberia_r48_c50,landsat9_siberia_fire,LC09_L2SP_158014_20260817_02_T1,LC09_L2SP_158014_20260817_02_T1,48,50,EPSG:32643,606885.00,7211055.00,610725.00,7214895.00,77.3097,65.0227,spatial_block_4fold,2,1,,,0,300.448,307.154,6.70605
l9siberia_r48_c51,landsat9_siberia_fire,LC09_L2SP_158014_20260817_02_T1,LC09_L2SP_158014_20260817_02_T1,48,51,EPSG:32643,610725.00,7211055.00,614565.00,7214895.00,77.3911,65.0214,spatial_block_4fold,2,1,,,0,300.201,302.789,2.58795
l9siberia_r49_c07,landsat9_siberia_fire,LC09_L2SP_158014_20260817_02_T1,LC09_L2SP_158014_20260817_02_T1,49,7,EPSG:32643,441765.00,7207215.00,445605.00,7211055.00,73.8057,65.0013,spatial_block_4fold,1,1,,,0,298.754,300.975,2.22031
l9siberia_r49_c08,landsat9_siberia_fire,LC09_L2SP_158014_20260817_02_T1,LC09_L2SP_158014_20260817_02_T1,49,8,EPSG:32643,445605.00,7207215.00,449445.00,7211055.00,73.8871,65.002,spatial_block_4fold,1,1,,,0,298.997,302.313,3.31659
l9siberia_r49_c09,landsat9_siberia_fire,LC09_L2SP_158014_20260817_02_T1,LC09_L2SP_158014_20260817_02_T1,49,9,EPSG:32643,449445.00,7207215.00,453285.00,7211055.00,73.9685,65.0025,spatial_block_4fold,1,1,,,0,297.159,304.467,7.30765
l9siberia_r49_c10,landsat9_siberia_fire,LC09_L2SP_158014_20260817_02_T1,LC09_L2SP_158014_20260817_02_T1,49,10,EPSG:32643,453285.00,7207215.00,457125.00,7211055.00,74.0499,65.0031,spatial_block_4fold,3,1,,,0,295.743,298.976,3.23212
l9siberia_r49_c11,landsat9_siberia_fire,LC09_L2SP_158014_20260817_02_T1,LC09_L2SP_158014_20260817_02_T1,49,11,EPSG:32643,457125.00,7207215.00,460965.00,7211055.00,74.1314,65.0036,spatial_block_4fold,3,1,,,0,295.75,301.751,6.00119
l9siberia_r49_c12,landsat9_siberia_fire,LC09_L2SP_158014_20260817_02_T1,LC09_L2SP_158014_20260817_02_T1,49,12,EPSG:32643,460965.00,7207215.00,464805.00,7211055.00,74.2128,65.004,spatial_block_4fold,3,1,,,0,296.472,302.574,6.1015
l9siberia_r49_c13,landsat9_siberia_fire,LC09_L2SP_158014_20260817_02_T1,LC09_L2SP_158014_20260817_02_T1,49,13,EPSG:32643,464805.00,7207215.00,468645.00,7211055.00,74.2942,65.0044,spatial_block_4fold,3,1,,,0,298.471,303.127,4.65543
l9siberia_r49_c14,landsat9_siberia_fire,LC09_L2SP_158014_20260817_02_T1,LC09_L2SP_158014_20260817_02_T1,49,14,EPSG:32643,468645.00,7207215.00,472485.00,7211055.00,74.3757,65.0048,spatial_block_4fold,3,1,,,0,299.588,301.94,2.35211
l9siberia_r49_c15,landsat9_siberia_fire,LC09_L2SP_158014_20260817_02_T1,LC09_L2SP_158014_20260817_02_T1,49,15,EPSG:32643,472485.00,7207215.00,476325.00,7211055.00,74.4571,65.0051,spatial_block_4fold,3,1,,,0,298.571,301.078,2.50684
l9siberia_r49_c16,landsat9_siberia_fire,LC09_L2SP_158014_20260817_02_T1,LC09_L2SP_158014_20260817_02_T1,49,16,EPSG:32643,476325.00,7207215.00,480165.00,7211055.00,74.5386,65.0054,spatial_block_4fold,3,1,,,0,297.922,300.478,2.55688
l9siberia_r49_c17,landsat9_siberia_fire,LC09_L2SP_158014_20260817_02_T1,LC09_L2SP_158014_20260817_02_T1,49,17,EPSG:32643,480165.00,7207215.00,484005.00,7211055.00,74.62,65.0056,spatial_block_4fold,3,1,,,0,297.413,299.913,2.50006
l9siberia_r49_c18,landsat9_siberia_fire,LC09_L2SP_158014_20260817_02_T1,LC09_L2SP_158014_20260817_02_T1,49,18,EPSG:32643,484005.00,7207215.00,487845.00,7211055.00,74.7015,65.0058,spatial_block_4fold,3,1,,,0,296.762,299.31,2.54745
l9siberia_r49_c19,landsat9_siberia_fire,LC09_L2SP_158014_20260817_02_T1,LC09_L2SP_158014_20260817_02_T1,49,19,EPSG:32643,487845.00,7207215.00,491685.00,7211055.00,74.7829,65.0059,spatial_block_4fold,3,1,,,0,296.07,298.896,2.82626
l9siberia_r49_c20,landsat9_siberia_fire,LC09_L2SP_158014_20260817_02_T1,LC09_L2SP_158014_20260817_02_T1,49,20,EPSG:32643,491685.00,7207215.00,495525.00,7211055.00,74.8644,65.006,spatial_block_4fold,0,1,,,1,295.652,299.462,3.81021
l9siberia_r49_c21,landsat9_siberia_fire,LC09_L2SP_158014_20260817_02_T1,LC09_L2SP_158014_20260817_02_T1,49,21,EPSG:32643,495525.00,7207215.00,499365.00,7211055.00,74.9458,65.0061,spatial_block_4fold,0,1,,,0,296.617,302.527,5.9101
l9siberia_r49_c22,landsat9_siberia_fire,LC09_L2SP_158014_20260817_02_T1,LC09_L2SP_158014_20260817_02_T1,49,22,EPSG:32643,499365.00,7207215.00,503205.00,7211055.00,75.0273,65.0061,spatial_block_4fold,0,1,,,0,296.951,299.305,2.35461
l9siberia_r49_c23,landsat9_siberia_fire,LC09_L2SP_158014_20260817_02_T1,LC09_L2SP_158014_20260817_02_T1,49,23,EPSG:32643,503205.00,7207215.00,507045.00,7211055.00,75.1087,65.0061,spatial_block_4fold,0,1,,,0,296.731,299.26,2.5289
l9siberia_r49_c24,landsat9_siberia_fire,LC09_L2SP_158014_20260817_02_T1,LC09_L2SP_158014_20260817_02_T1,49,24,EPSG:32643,507045.00,7207215.00,510885.00,7211055.00,75.1902,65.006,spatial_block_4fold,0,1,,,0,297.365,300.423,3.05817
l9siberia_r49_c25,landsat9_siberia_fire,LC09_L2SP_158014_20260817_02_T1,LC09_L2SP_158014_20260817_02_T1,49,25,EPSG:32643,510885.00,7207215.00,514725.00,7211055.00,75.2716,65.0059,spatial_block_4fold,0,1,,,0,297.708,300.831,3.12317
l9siberia_r49_c27,landsat9_siberia_fire,LC09_L2SP_158014_20260817_02_T1,LC09_L2SP_158014_20260817_02_T1,49,27,EPSG:32643,518565.00,7207215.00,522405.00,7211055.00,75.4345,65.0055,spatial_block_4fold,0,1,,,0,298.501,306.448,7.9473
l9siberia_r49_c28,landsat9_siberia_fire,LC09_L2SP_158014_20260817_02_T1,LC09_L2SP_158014_20260817_02_T1,49,28,EPSG:32643,522405.00,7207215.00,526245.00,7211055.00,75.5159,65.0052,spatial_block_4fold,0,1,,,0,298.016,300.258,2.24222
l9siberia_r49_c29,landsat9_siberia_fire,LC09_L2SP_158014_20260817_02_T1,LC09_L2SP_158014_20260817_02_T1,49,29,EPSG:32643,526245.00,7207215.00,530085.00,7211055.00,75.5974,65.0049,spatial_block_4fold,0,1,,,0,297.979,300.443,2.46405
l9siberia_r49_c30,landsat9_siberia_fire,LC09_L2SP_158014_20260817_02_T1,LC09_L2SP_158014_20260817_02_T1,49,30,EPSG:32643,530085.00,7207215.00,533925.00,7211055.00,75.6788,65.0046,spatial_block_4fold,3,1,,,0,298.664,300.692,2.02814
l9siberia_r49_c31,landsat9_siberia_fire,LC09_L2SP_158014_20260817_02_T1,LC09_L2SP_158014_20260817_02_T1,49,31,EPSG:32643,533925.00,7207215.00,537765.00,7211055.00,75.7603,65.0042,spatial_block_4fold,3,1,,,0,299.205,301.449,2.24414
l9siberia_r49_c32,landsat9_siberia_fire,LC09_L2SP_158014_20260817_02_T1,LC09_L2SP_158014_20260817_02_T1,49,32,EPSG:32643,537765.00,7207215.00,541605.00,7211055.00,75.8417,65.0037,spatial_block_4fold,3,1,,,0,299.164,302.29,3.12598
l9siberia_r49_c33,landsat9_siberia_fire,LC09_L2SP_158014_20260817_02_T1,LC09_L2SP_158014_20260817_02_T1,49,33,EPSG:32643,541605.00,7207215.00,545445.00,7211055.00,75.9231,65.0033,spatial_block_4fold,3,1,,,0,299.643,301.466,1.823
l9siberia_r49_c34,landsat9_siberia_fire,LC09_L2SP_158014_20260817_02_T1,LC09_L2SP_158014_20260817_02_T1,49,34,EPSG:32643,545445.00,7207215.00,549285.00,7211055.00,76.0046,65.0027,spatial_block_4fold,3,1,,,0,299.39,303.026,3.63605
l9siberia_r49_c35,landsat9_siberia_fire,LC09_L2SP_158014_20260817_02_T1,LC09_L2SP_158014_20260817_02_T1,49,35,EPSG:32643,549285.00,7207215.00,553125.00,7211055.00,76.086,65.0022,spatial_block_4fold,3,1,,,0,300.075,302.659,2.58386
l9siberia_r49_c36,landsat9_siberia_fire,LC09_L2SP_158014_20260817_02_T1,LC09_L2SP_158014_20260817_02_T1,49,36,EPSG:32643,553125.00,7207215.00,556965.00,7211055.00,76.1674,65.0015,spatial_block_4fold,3,1,,,0,300.296,303.065,2.76877
l9siberia_r49_c37,landsat9_siberia_fire,LC09_L2SP_158014_20260817_02_T1,LC09_L2SP_158014_20260817_02_T1,49,37,EPSG:32643,556965.00,7207215.00,560805.00,7211055.00,76.2488,65.0009,spatial_block_4fold,3,1,,,0,300.4,302.799,2.3996
l9siberia_r49_c38,landsat9_siberia_fire,LC09_L2SP_158014_20260817_02_T1,LC09_L2SP_158014_20260817_02_T1,49,38,EPSG:32643,560805.00,7207215.00,564645.00,7211055.00,76.3302,65.0002,spatial_block_4fold,3,1,,,0,299.504,304.333,4.82877
l9siberia_r49_c40,landsat9_siberia_fire,LC09_L2SP_158014_20260817_02_T1,LC09_L2SP_158014_20260817_02_T1,49,40,EPSG:32643,568485.00,7207215.00,572325.00,7211055.00,76.493,64.9986,spatial_block_4fold,0,1,,,0,298.664,303.618,4.95432
l9siberia_r49_c41,landsat9_siberia_fire,LC09_L2SP_158014_20260817_02_T1,LC09_L2SP_158014_20260817_02_T1,49,41,EPSG:32643,572325.00,7207215.00,576165.00,7211055.00,76.5744,64.9978,spatial_block_4fold,0,1,,,0,300.028,308.57,8.54169
l9siberia_r49_c42,landsat9_siberia_fire,LC09_L2SP_158014_20260817_02_T1,LC09_L2SP_158014_20260817_02_T1,49,42,EPSG:32643,576165.00,7207215.00,580005.00,7211055.00,76.6558,64.9969,spatial_block_4fold,0,1,,,0,299.786,302.916,3.13013
l9siberia_r49_c43,landsat9_siberia_fire,LC09_L2SP_158014_20260817_02_T1,LC09_L2SP_158014_20260817_02_T1,49,43,EPSG:32643,580005.00,7207215.00,583845.00,7211055.00,76.7372,64.996,spatial_block_4fold,0,1,,,0,299.692,303.086,3.39435
l9siberia_r49_c45,landsat9_siberia_fire,LC09_L2SP_158014_20260817_02_T1,LC09_L2SP_158014_20260817_02_T1,49,45,EPSG:32643,587685.00,7207215.00,591525.00,7211055.00,76.9,64.994,spatial_block_4fold,0,1,,,0,299.015,302.651,3.63571
l9siberia_r49_c46,landsat9_siberia_fire,LC09_L2SP_158014_20260817_02_T1,LC09_L2SP_158014_20260817_02_T1,49,46,EPSG:32643,591525.00,7207215.00,595365.00,7211055.00,76.9813,64.993,spatial_block_4fold,0,1,,,0,299.404,303.169,3.76505
l9siberia_r49_c47,landsat9_siberia_fire,LC09_L2SP_158014_20260817_02_T1,LC09_L2SP_158014_20260817_02_T1,49,47,EPSG:32643,595365.00,7207215.00,599205.00,7211055.00,77.0627,64.9919,spatial_block_4fold,0,1,,,0,299.337,301.737,2.39944
l9siberia_r49_c48,landsat9_siberia_fire,LC09_L2SP_158014_20260817_02_T1,LC09_L2SP_158014_20260817_02_T1,49,48,EPSG:32643,599205.00,7207215.00,603045.00,7211055.00,77.144,64.9907,spatial_block_4fold,0,1,,,0,299.562,301.552,1.98959
l9siberia_r49_c49,landsat9_siberia_fire,LC09_L2SP_158014_20260817_02_T1,LC09_L2SP_158014_20260817_02_T1,49,49,EPSG:32643,603045.00,7207215.00,606885.00,7211055.00,77.2254,64.9895,spatial_block_4fold,0,1,,,0,299.22,301.594,2.37402
l9siberia_r49_c50,landsat9_siberia_fire,LC09_L2SP_158014_20260817_02_T1,LC09_L2SP_158014_20260817_02_T1,49,50,EPSG:32643,606885.00,7207215.00,610725.00,7211055.00,77.3067,64.9883,spatial_block_4fold,2,1,,,0,299.826,302.15,2.32404
l9siberia_r49_c51,landsat9_siberia_fire,LC09_L2SP_158014_20260817_02_T1,LC09_L2SP_158014_20260817_02_T1,49,51,EPSG:32643,610725.00,7207215.00,614565.00,7211055.00,77.388,64.987,spatial_block_4fold,2,1,,,0,297.882,302.1,4.21814
l9siberia_r50_c09,landsat9_siberia_fire,LC09_L2SP_158014_20260817_02_T1,LC09_L2SP_158014_20260817_02_T1,50,9,EPSG:32643,449445.00,7203375.00,453285.00,7207215.00,73.9698,64.9681,spatial_block_4fold,0,1,,,0,299.401,301.907,2.50607
l9siberia_r50_c10,landsat9_siberia_fire,LC09_L2SP_158014_20260817_02_T1,LC09_L2SP_158014_20260817_02_T1,50,10,EPSG:32643,453285.00,7203375.00,457125.00,7207215.00,74.0512,64.9686,spatial_block_4fold,0,1,,,0,296.861,300.253,3.3916
l9siberia_r50_c11,landsat9_siberia_fire,LC09_L2SP_158014_20260817_02_T1,LC09_L2SP_158014_20260817_02_T1,50,11,EPSG:32643,457125.00,7203375.00,460965.00,7207215.00,74.1325,64.9691,spatial_block_4fold,0,1,,,0,299.561,301.817,2.25586
l9siberia_r50_c12,landsat9_siberia_fire,LC09_L2SP_158014_20260817_02_T1,LC09_L2SP_158014_20260817_02_T1,50,12,EPSG:32643,460965.00,7203375.00,464805.00,7207215.00,74.2138,64.9696,spatial_block_4fold,0,1,,,0,298.566,302.561,3.99503
l9siberia_r50_c13,landsat9_siberia_fire,LC09_L2SP_158014_20260817_02_T1,LC09_L2SP_158014_20260817_02_T1,50,13,EPSG:32643,464805.00,7203375.00,468645.00,7207215.00,74.2952,64.97,spatial_block_4fold,0,1,,,0,296.795,301.411,4.61615
l9siberia_r50_c14,landsat9_siberia_fire,LC09_L2SP_158014_20260817_02_T1,LC09_L2SP_158014_20260817_02_T1,50,14,EPSG:32643,468645.00,7203375.00,472485.00,7207215.00,74.3765,64.9703,spatial_block_4fold,0,1,,,0,296.896,301.751,4.85516
l9siberia_r50_c15,landsat9_siberia_fire,LC09_L2SP_158014_20260817_02_T1,LC09_L2SP_158014_20260817_02_T1,50,15,EPSG:32643,472485.00,7203375.00,476325.00,7207215.00,74.4578,64.9707,spatial_block_4fold,0,1,,,0,297.613,302.537,4.92401
l9siberia_r50_c16,landsat9_siberia_fire,LC09_L2SP_158014_20260817_02_T1,LC09_L2SP_158014_20260817_02_T1,50,16,EPSG:32643,476325.00,7203375.00,480165.00,7207215.00,74.5392,64.9709,spatial_block_4fold,0,1,,,0,298.628,301.424,2.79626
l9siberia_r50_c17,landsat9_siberia_fire,LC09_L2SP_158014_20260817_02_T1,LC09_L2SP_158014_20260817_02_T1,50,17,EPSG:32643,480165.00,7203375.00,484005.00,7207215.00,74.6205,64.9712,spatial_block_4fold,0,1,,,0,297.697,300.806,3.10913
l9siberia_r50_c18,landsat9_siberia_fire,LC09_L2SP_158014_20260817_02_T1,LC09_L2SP_158014_20260817_02_T1,50,18,EPSG:32643,484005.00,7203375.00,487845.00,7207215.00,74.7018,64.9714,spatial_block_4fold,0,1,,,0,298.393,301.583,3.19019
l9siberia_r50_c19,landsat9_siberia_fire,LC09_L2SP_158014_20260817_02_T1,LC09_L2SP_158014_20260817_02_T1,50,19,EPSG:32643,487845.00,7203375.00,491685.00,7207215.00,74.7832,64.9715,spatial_block_4fold,0,1,,,0,297.224,300.147,2.92273
l9siberia_r50_c20,landsat9_siberia_fire,LC09_L2SP_158014_20260817_02_T1,LC09_L2SP_158014_20260817_02_T1,50,20,EPSG:32643,491685.00,7203375.00,495525.00,7207215.00,74.8645,64.9716,spatial_block_4fold,3,1,,,0,296.023,298.606,2.5835
l9siberia_r50_c21,landsat9_siberia_fire,LC09_L2SP_158014_20260817_02_T1,LC09_L2SP_158014_20260817_02_T1,50,21,EPSG:32643,495525.00,7203375.00,499365.00,7207215.00,74.9459,64.9716,spatial_block_4fold,3,1,,,1,297.975,308.633,10.6577
l9siberia_r50_c22,landsat9_siberia_fire,LC09_L2SP_158014_20260817_02_T1,LC09_L2SP_158014_20260817_02_T1,50,22,EPSG:32643,499365.00,7203375.00,503205.00,7207215.00,75.0272,64.9716,spatial_block_4fold,3,1,,,0,297.894,301.336,3.44159
l9siberia_r50_c23,landsat9_siberia_fire,LC09_L2SP_158014_20260817_02_T1,LC09_L2SP_158014_20260817_02_T1,50,23,EPSG:32643,503205.00,7203375.00,507045.00,7207215.00,75.1086,64.9716,spatial_block_4fold,3,1,,,0,297.115,302.426,5.3107
l9siberia_r50_c26,landsat9_siberia_fire,LC09_L2SP_158014_20260817_02_T1,LC09_L2SP_158014_20260817_02_T1,50,26,EPSG:32643,514725.00,7203375.00,518565.00,7207215.00,75.3526,64.9712,spatial_block_4fold,3,1,,,1,297.858,320.368,22.5097
l9siberia_r50_c27,landsat9_siberia_fire,LC09_L2SP_158014_20260817_02_T1,LC09_L2SP_158014_20260817_02_T1,50,27,EPSG:32643,518565.00,7203375.00,522405.00,7207215.00,75.4339,64.971,spatial_block_4fold,3,1,,,0,298.573,302.487,3.91391
l9siberia_r50_c28,landsat9_siberia_fire,LC09_L2SP_158014_20260817_02_T1,LC09_L2SP_158014_20260817_02_T1,50,28,EPSG:32643,522405.00,7203375.00,526245.00,7207215.00,75.5153,64.9708,spatial_block_4fold,3,1,,,0,297.927,300.858,2.93164
l9siberia_r50_c29,landsat9_siberia_fire,LC09_L2SP_158014_20260817_02_T1,LC09_L2SP_158014_20260817_02_T1,50,29,EPSG:32643,526245.00,7203375.00,530085.00,7207215.00,75.5966,64.9705,spatial_block_4fold,3,1,,,0,296.708,300.752,4.04367
l9siberia_r50_c30,landsat9_siberia_fire,LC09_L2SP_158014_20260817_02_T1,LC09_L2SP_158014_20260817_02_T1,50,30,EPSG:32643,530085.00,7203375.00,533925.00,7207215.00,75.6779,64.9701,spatial_block_4fold,0,1,,,0,297.666,300.676,3.00946
l9siberia_r50_c31,landsat9_siberia_fire,LC09_L2SP_158014_20260817_02_T1,LC09_L2SP_158014_20260817_02_T1,50,31,EPSG:32643,533925.00,7203375.00,537765.00,7207215.00,75.7593,64.9697,spatial_block_4fold,0,1,,,0,298.9,301.062,2.16156
l9siberia_r50_c32,landsat9_siberia_fire,LC09_L2SP_158014_20260817_02_T1,LC09_L2SP_158014_20260817_02_T1,50,32,EPSG:32643,537765.00,7203375.00,541605.00,7207215.00,75.8406,64.9693,spatial_block_4fold,0,1,,,0,299.043,302.081,3.03809
l9siberia_r50_c33,landsat9_siberia_fire,LC09_L2SP_158014_20260817_02_T1,LC09_L2SP_158014_20260817_02_T1,50,33,EPSG:32643,541605.00,7203375.00,545445.00,7207215.00,75.9219,64.9688,spatial_block_4fold,0,1,,,0,299.172,301.773,2.6008
l9siberia_r50_c34,landsat9_siberia_fire,LC09_L2SP_158014_20260817_02_T1,LC09_L2SP_158014_20260817_02_T1,50,34,EPSG:32643,545445.00,7203375.00,549285.00,7207215.00,76.0033,64.9683,spatial_block_4fold,0,1,,,0,298.615,302.385,3.7699
l9siberia_r50_c35,landsat9_siberia_fire,LC09_L2SP_158014_20260817_02_T1,LC09_L2SP_158014_20260817_02_T1,50,35,EPSG:32643,549285.00,7203375.00,553125.00,7207215.00,76.0846,64.9677,spatial_block_4fold,0,1,,,0,299.643,303.52,3.87778
l9siberia_r50_c36,landsat9_siberia_fire,LC09_L2SP_158014_20260817_02_T1,LC09_L2SP_158014_20260817_02_T1,50,36,EPSG:32643,553125.00,7203375.00,556965.00,7207215.00,76.1659,64.9671,spatial_block_4fold,0,1,,,0,300.48,303.343,2.86365
l9siberia_r50_c37,landsat9_siberia_fire,LC09_L2SP_158014_20260817_02_T1,LC09_L2SP_158014_20260817_02_T1,50,37,EPSG:32643,556965.00,7203375.00,560805.00,7207215.00,76.2472,64.9664,spatial_block_4fold,0,1,,,0,298.926,303.166,4.24036
l9siberia_r50_c38,landsat9_siberia_fire,LC09_L2SP_158014_20260817_02_T1,LC09_L2SP_158014_20260817_02_T1,50,38,EPSG:32643,560805.00,7203375.00,564645.00,7207215.00,76.3285,64.9657,spatial_block_4fold,0,1,,,0,298.539,302.204,3.66568
l9siberia_r50_c39,landsat9_siberia_fire,LC09_L2SP_158014_20260817_02_T1,LC09_L2SP_158014_20260817_02_T1,50,39,EPSG:32643,564645.00,7203375.00,568485.00,7207215.00,76.4098,64.965,spatial_block_4fold,0,1,,,0,299.427,302.255,2.82874
l9siberia_r50_c40,landsat9_siberia_fire,LC09_L2SP_158014_20260817_02_T1,LC09_L2SP_158014_20260817_02_T1,50,40,EPSG:32643,568485.00,7203375.00,572325.00,7207215.00,76.4911,64.9642,spatial_block_4fold,3,1,,,0,297.534,301.455,3.92142
l9siberia_r50_c41,landsat9_siberia_fire,LC09_L2SP_158014_20260817_02_T1,LC09_L2SP_158014_20260817_02_T1,50,41,EPSG:32643,572325.00,7203375.00,576165.00,7207215.00,76.5724,64.9634,spatial_block_4fold,3,1,,,0,299.538,303.198,3.66074
l9siberia_r50_c43,landsat9_siberia_fire,LC09_L2SP_158014_20260817_02_T1,LC09_L2SP_158014_20260817_02_T1,50,43,EPSG:32643,580005.00,7203375.00,583845.00,7207215.00,76.735,64.9616,spatial_block_4fold,3,1,,,0,299.108,302.48,3.37146
l9siberia_r50_c45,landsat9_siberia_fire,LC09_L2SP_158014_20260817_02_T1,LC09_L2SP_158014_20260817_02_T1,50,45,EPSG:32643,587685.00,7203375.00,591525.00,7207215.00,76.8975,64.9596,spatial_block_4fold,3,1,,,0,299.417,303.973,4.55664
l9siberia_r50_c46,landsat9_siberia_fire,LC09_L2SP_158014_20260817_02_T1,LC09_L2SP_158014_20260817_02_T1,50,46,EPSG:32643,591525.00,7203375.00,595365.00,7207215.00,76.9788,64.9585,spatial_block_4fold,3,1,,,0,298.737,303.018,4.28067
l9siberia_r50_c47,landsat9_siberia_fire,LC09_L2SP_158014_20260817_02_T1,LC09_L2SP_158014_20260817_02_T1,50,47,EPSG:32643,595365.00,7203375.00,599205.00,7207215.00,77.06,64.9574,spatial_block_4fold,3,1,,,0,299.787,304.884,5.09653
l9siberia_r50_c48,landsat9_siberia_fire,LC09_L2SP_158014_20260817_02_T1,LC09_L2SP_158014_20260817_02_T1,50,48,EPSG:32643,599205.00,7203375.00,603045.00,7207215.00,77.1413,64.9563,spatial_block_4fold,3,1,,,0,299.608,303.066,3.45801
l9siberia_r50_c49,landsat9_siberia_fire,LC09_L2SP_158014_20260817_02_T1,LC09_L2SP_158014_20260817_02_T1,50,49,EPSG:32643,603045.00,7203375.00,606885.00,7207215.00,77.2225,64.9551,spatial_block_4fold,3,1,,,0,300.171,302.418,2.24658
l9siberia_r50_c50,landsat9_siberia_fire,LC09_L2SP_158014_20260817_02_T1,LC09_L2SP_158014_20260817_02_T1,50,50,EPSG:32643,606885.00,7203375.00,610725.00,7207215.00,77.3037,64.9539,spatial_block_4fold,0,1,,,0,300.615,302.923,2.30771
l9siberia_r50_c51,landsat9_siberia_fire,LC09_L2SP_158014_20260817_02_T1,LC09_L2SP_158014_20260817_02_T1,50,51,EPSG:32643,610725.00,7203375.00,614565.00,7207215.00,77.385,64.9526,spatial_block_4fold,0,1,,,0,300.639,303.287,2.64746
l9siberia_r51_c12,landsat9_siberia_fire,LC09_L2SP_158014_20260817_02_T1,LC09_L2SP_158014_20260817_02_T1,51,12,EPSG:32643,460965.00,7199535.00,464805.00,7203375.00,74.2148,64.9351,spatial_block_4fold,0,1,,,0,296.867,300.917,4.05029
l9siberia_r51_c13,landsat9_siberia_fire,LC09_L2SP_158014_20260817_02_T1,LC09_L2SP_158014_20260817_02_T1,51,13,EPSG:32643,464805.00,7199535.00,468645.00,7203375.00,74.2961,64.9355,spatial_block_4fold,0,1,,,0,297.599,302.611,5.01199
l9siberia_r51_c14,landsat9_siberia_fire,LC09_L2SP_158014_20260817_02_T1,LC09_L2SP_158014_20260817_02_T1,51,14,EPSG:32643,468645.00,7199535.00,472485.00,7203375.00,74.3773,64.9359,spatial_block_4fold,0,1,,,0,297.914,302.862,4.94791
l9siberia_r51_c15,landsat9_siberia_fire,LC09_L2SP_158014_20260817_02_T1,LC09_L2SP_158014_20260817_02_T1,51,15,EPSG:32643,472485.00,7199535.00,476325.00,7203375.00,74.4585,64.9362,spatial_block_4fold,0,1,,,0,298.558,301.444,2.88623
l9siberia_r51_c16,landsat9_siberia_fire,LC09_L2SP_158014_20260817_02_T1,LC09_L2SP_158014_20260817_02_T1,51,16,EPSG:32643,476325.00,7199535.00,480165.00,7203375.00,74.5398,64.9365,spatial_block_4fold,0,1,,,0,297.937,301.584,3.647
l9siberia_r51_c17,landsat9_siberia_fire,LC09_L2SP_158014_20260817_02_T1,LC09_L2SP_158014_20260817_02_T1,51,17,EPSG:32643,480165.00,7199535.00,484005.00,7203375.00,74.621,64.9367,spatial_block_4fold,0,1,,,0,296.912,300.238,3.32568
l9siberia_r51_c18,landsat9_siberia_fire,LC09_L2SP_158014_20260817_02_T1,LC09_L2SP_158014_20260817_02_T1,51,18,EPSG:32643,484005.00,7199535.00,487845.00,7203375.00,74.7022,64.9369,spatial_block_4fold,0,1,,,0,297.245,300.498,3.25259
l9siberia_r51_c19,landsat9_siberia_fire,LC09_L2SP_158014_20260817_02_T1,LC09_L2SP_158014_20260817_02_T1,51,19,EPSG:32643,487845.00,7199535.00,491685.00,7203375.00,74.7835,64.937,spatial_block_4fold,0,1,,,0,299.223,301.92,2.69678
l9siberia_r51_c20,landsat9_siberia_fire,LC09_L2SP_158014_20260817_02_T1,LC09_L2SP_158014_20260817_02_T1,51,20,EPSG:32643,491685.00,7199535.00,495525.00,7203375.00,74.8647,64.9371,spatial_block_4fold,3,1,,,0,298.391,302.127,3.73584
l9siberia_r51_c21,landsat9_siberia_fire,LC09_L2SP_158014_20260817_02_T1,LC09_L2SP_158014_20260817_02_T1,51,21,EPSG:32643,495525.00,7199535.00,499365.00,7203375.00,74.9459,64.9372,spatial_block_4fold,3,1,,,1,296.806,324.354,27.5478
l9siberia_r51_c22,landsat9_siberia_fire,LC09_L2SP_158014_20260817_02_T1,LC09_L2SP_158014_20260817_02_T1,51,22,EPSG:32643,499365.00,7199535.00,503205.00,7203375.00,75.0272,64.9372,spatial_block_4fold,3,1,,,1,297.876,350.727,52.8518
l9siberia_r51_c23,landsat9_siberia_fire,LC09_L2SP_158014_20260817_02_T1,LC09_L2SP_158014_20260817_02_T1,51,23,EPSG:32643,503205.00,7199535.00,507045.00,7203375.00,75.1084,64.9372,spatial_block_4fold,3,1,,,1,301.007,319.094,18.0867
l9siberia_r51_c26,landsat9_siberia_fire,LC09_L2SP_158014_20260817_02_T1,LC09_L2SP_158014_20260817_02_T1,51,26,EPSG:32643,514725.00,7199535.00,518565.00,7203375.00,75.3521,64.9368,spatial_block_4fold,3,1,,,1,298.872,315.94,17.0674
l9siberia_r51_c27,landsat9_siberia_fire,LC09_L2SP_158014_20260817_02_T1,LC09_L2SP_158014_20260817_02_T1,51,27,EPSG:32643,518565.00,7199535.00,522405.00,7203375.00,75.4334,64.9366,spatial_block_4fold,3,1,,,0,298.524,302.08,3.55609
l9siberia_r51_c28,landsat9_siberia_fire,LC09_L2SP_158014_20260817_02_T1,LC09_L2SP_158014_20260817_02_T1,51,28,EPSG:32643,522405.00,7199535.00,526245.00,7203375.00,75.5146,64.9363,spatial_block_4fold,3,1,,,0,297.369,301.323,3.95425
l9siberia_r51_c29,landsat9_siberia_fire,LC09_L2SP_158014_20260817_02_T1,LC09_L2SP_158014_20260817_02_T1,51,29,EPSG:32643,526245.00,7199535.00,530085.00,7203375.00,75.5958,64.936,spatial_block_4fold,3,1,,,0,297.523,301.619,4.09598
l9siberia_r51_c30,landsat9_siberia_fire,LC09_L2SP_158014_20260817_02_T1,LC09_L2SP_158014_20260817_02_T1,51,30,EPSG:32643,530085.00,7199535.00,533925.00,7203375.00,75.6771,64.9357,spatial_block_4fold,0,1,,,0,297.585,300.563,2.97833
l9siberia_r51_c31,landsat9_siberia_fire,LC09_L2SP_158014_20260817_02_T1,LC09_L2SP_158014_20260817_02_T1,51,31,EPSG:32643,533925.00,7199535.00,537765.00,7203375.00,75.7583,64.9353,spatial_block_4fold,0,1,,,0,298.737,301.173,2.43661
l9siberia_r51_c32,landsat9_siberia_fire,LC09_L2SP_158014_20260817_02_T1,LC09_L2SP_158014_20260817_02_T1,51,32,EPSG:32643,537765.00,7199535.00,541605.00,7203375.00,75.8395,64.9348,spatial_block_4fold,0,1,,,0,298.9,301.884,2.98315
l9siberia_r51_c33,landsat9_siberia_fire,LC09_L2SP_158014_20260817_02_T1,LC09_L2SP_158014_20260817_02_T1,51,33,EPSG:32643,541605.00,7199535.00,545445.00,7203375.00,75.9208,64.9344,spatial_block_4fold,0,1,,,0,299.04,301.072,2.03235
l9siberia_r51_c34,landsat9_siberia_fire,LC09_L2SP_158014_20260817_02_T1,LC09_L2SP_158014_20260817_02_T1,51,34,EPSG:32643,545445.00,7199535.00,549285.00,7203375.00,76.002,64.9338,spatial_block_4fold,0,1,,,0,299.467,301.99,2.5224
l9siberia_r51_c35,landsat9_siberia_fire,LC09_L2SP_158014_20260817_02_T1,LC09_L2SP_158014_20260817_02_T1,51,35,EPSG:32643,549285.00,7199535.00,553125.00,7203375.00,76.0832,64.9333,spatial_block_4fold,0,1,,,0,299.54,302.375,2.83575
l9siberia_r51_c36,landsat9_siberia_fire,LC09_L2SP_158014_20260817_02_T1,LC09_L2SP_158014_20260817_02_T1,51,36,EPSG:32643,553125.00,7199535.00,556965.00,7203375.00,76.1644,64.9326,spatial_block_4fold,0,1,,,0,299.96,303.421,3.46054
l9siberia_r51_c37,landsat9_siberia_fire,LC09_L2SP_158014_20260817_02_T1,LC09_L2SP_158014_20260817_02_T1,51,37,EPSG:32643,556965.00,7199535.00,560805.00,7203375.00,76.2456,64.932,spatial_block_4fold,0,1,,,0,299.442,302.598,3.15585
l9siberia_r51_c38,landsat9_siberia_fire,LC09_L2SP_158014_20260817_02_T1,LC09_L2SP_158014_20260817_02_T1,51,38,EPSG:32643,560805.00,7199535.00,564645.00,7203375.00,76.3268,64.9313,spatial_block_4fold,0,1,,,0,299.307,302.299,2.99283
l9siberia_r51_c39,landsat9_siberia_fire,LC09_L2SP_158014_20260817_02_T1,LC09_L2SP_158014_20260817_02_T1,51,39,EPSG:32643,564645.00,7199535.00,568485.00,7203375.00,76.408,64.9305,spatial_block_4fold,0,1,,,0,298.426,302.994,4.56805
l9siberia_r51_c40,landsat9_siberia_fire,LC09_L2SP_158014_20260817_02_T1,LC09_L2SP_158014_20260817_02_T1,51,40,EPSG:32643,568485.00,7199535.00,572325.00,7203375.00,76.4892,64.9298,spatial_block_4fold,3,1,,,0,297.724,302.056,4.332
l9siberia_r51_c43,landsat9_siberia_fire,LC09_L2SP_158014_20260817_02_T1,LC09_L2SP_158014_20260817_02_T1,51,43,EPSG:32643,580005.00,7199535.00,583845.00,7203375.00,76.7327,64.9271,spatial_block_4fold,3,1,,,0,299.006,301.851,2.84448
l9siberia_r51_c44,landsat9_siberia_fire,LC09_L2SP_158014_20260817_02_T1,LC09_L2SP_158014_20260817_02_T1,51,44,EPSG:32643,583845.00,7199535.00,587685.00,7203375.00,76.8139,64.9262,spatial_block_4fold,3,1,,,0,300.126,302.405,2.27863
l9siberia_r51_c45,landsat9_siberia_fire,LC09_L2SP_158014_20260817_02_T1,LC09_L2SP_158014_20260817_02_T1,51,45,EPSG:32643,587685.00,7199535.00,591525.00,7203375.00,76.8951,64.9251,spatial_block_4fold,3,1,,,0,299.651,302.529,2.87756
l9siberia_r51_c46,landsat9_siberia_fire,LC09_L2SP_158014_20260817_02_T1,LC09_L2SP_158014_20260817_02_T1,51,46,EPSG:32643,591525.00,7199535.00,595365.00,7203375.00,76.9762,64.9241,spatial_block_4fold,3,1,,,0,298.667,302.894,4.22665
l9siberia_r51_c47,landsat9_siberia_fire,LC09_L2SP_158014_20260817_02_T1,LC09_L2SP_158014_20260817_02_T1,51,47,EPSG:32643,595365.00,7199535.00,599205.00,7203375.00,77.0574,64.923,spatial_block_4fold,3,1,,,0,298.203,302.665,4.4621
l9siberia_r51_c48,landsat9_siberia_fire,LC09_L2SP_158014_20260817_02_T1,LC09_L2SP_158014_20260817_02_T1,51,48,EPSG:32643,599205.00,7199535.00,603045.00,7203375.00,77.1385,64.9219,spatial_block_4fold,3,1,,,0,298.748,302.726,3.97852
l9siberia_r51_c49,landsat9_siberia_fire,LC09_L2SP_158014_20260817_02_T1,LC09_L2SP_158014_20260817_02_T1,51,49,EPSG:32643,603045.00,7199535.00,606885.00,7203375.00,77.2197,64.9207,spatial_block_4fold,3,1,,,0,300.275,304.38,4.10498
l9siberia_r51_c50,landsat9_siberia_fire,LC09_L2SP_158014_20260817_02_T1,LC09_L2SP_158014_20260817_02_T1,51,50,EPSG:32643,606885.00,7199535.00,610725.00,7203375.00,77.3008,64.9194,spatial_block_4fold,0,1,,,0,300.327,302.939,2.61139
l9siberia_r52_c14,landsat9_siberia_fire,LC09_L2SP_158014_20260817_02_T1,LC09_L2SP_158014_20260817_02_T1,52,14,EPSG:32643,468645.00,7195695.00,472485.00,7199535.00,74.3781,64.9014,spatial_block_4fold,0,1,,,0,300.182,302.877,2.69461
l9siberia_r52_c15,landsat9_siberia_fire,LC09_L2SP_158014_20260817_02_T1,LC09_L2SP_158014_20260817_02_T1,52,15,EPSG:32643,472485.00,7195695.00,476325.00,7199535.00,74.4592,64.9018,spatial_block_4fold,0,1,,,0,299.805,302.343,2.53833
l9siberia_r52_c16,landsat9_siberia_fire,LC09_L2SP_158014_20260817_02_T1,LC09_L2SP_158014_20260817_02_T1,52,16,EPSG:32643,476325.00,7195695.00,480165.00,7199535.00,74.5403,64.902,spatial_block_4fold,0,1,,,0,300.119,302.416,2.29785
l9siberia_r52_c17,landsat9_siberia_fire,LC09_L2SP_158014_20260817_02_T1,LC09_L2SP_158014_20260817_02_T1,52,17,EPSG:32643,480165.00,7195695.00,484005.00,7199535.00,74.6215,64.9023,spatial_block_4fold,0,1,,,0,298.63,301.801,3.17041
l9siberia_r52_c18,landsat9_siberia_fire,LC09_L2SP_158014_20260817_02_T1,LC09_L2SP_158014_20260817_02_T1,52,18,EPSG:32643,484005.00,7195695.00,487845.00,7199535.00,74.7026,64.9024,spatial_block_4fold,0,1,,,0,299.636,303.047,3.41052
l9siberia_r52_c19,landsat9_siberia_fire,LC09_L2SP_158014_20260817_02_T1,LC09_L2SP_158014_20260817_02_T1,52,19,EPSG:32643,487845.00,7195695.00,491685.00,7199535.00,74.7837,64.9026,spatial_block_4fold,0,1,,,0,297.687,302.211,4.52448
l9siberia_r52_c20,landsat9_siberia_fire,LC09_L2SP_158014_20260817_02_T1,LC09_L2SP_158014_20260817_02_T1,52,20,EPSG:32643,491685.00,7195695.00,495525.00,7199535.00,74.8649,64.9027,spatial_block_4fold,3,1,,,1,300.334,332.389,32.0543
l9siberia_r52_c21,landsat9_siberia_fire,LC09_L2SP_158014_20260817_02_T1,LC09_L2SP_158014_20260817_02_T1,52,21,EPSG:32643,495525.00,7195695.00,499365.00,7199535.00,74.946,64.9027,spatial_block_4fold,3,1,,,1,301.495,332.172,30.6772
l9siberia_r52_c22,landsat9_siberia_fire,LC09_L2SP_158014_20260817_02_T1,LC09_L2SP_158014_20260817_02_T1,52,22,EPSG:32643,499365.00,7195695.00,503205.00,7199535.00,75.0272,64.9027,spatial_block_4fold,3,1,,,1,303.779,343.191,39.412
l9siberia_r52_c23,landsat9_siberia_fire,LC09_L2SP_158014_20260817_02_T1,LC09_L2SP_158014_20260817_02_T1,52,23,EPSG:32643,503205.00,7195695.00,507045.00,7199535.00,75.1083,64.9027,spatial_block_4fold,3,1,,,1,300.204,355.82,55.6163
l9siberia_r52_c26,landsat9_siberia_fire,LC09_L2SP_158014_20260817_02_T1,LC09_L2SP_158014_20260817_02_T1,52,26,EPSG:32643,514725.00,7195695.00,518565.00,7199535.00,75.3517,64.9023,spatial_block_4fold,3,1,,,0,298.439,300.923,2.4841
l9siberia_r52_c27,landsat9_siberia_fire,LC09_L2SP_158014_20260817_02_T1,LC09_L2SP_158014_20260817_02_T1,52,27,EPSG:32643,518565.00,7195695.00,522405.00,7199535.00,75.4328,64.9021,spatial_block_4fold,3,1,,,0,297.975,302.575,4.59988
l9siberia_r52_c28,landsat9_siberia_fire,LC09_L2SP_158014_20260817_02_T1,LC09_L2SP_158014_20260817_02_T1,52,28,EPSG:32643,522405.00,7195695.00,526245.00,7199535.00,75.514,64.9019,spatial_block_4fold,3,1,,,1,298.056,301.908,3.85196
l9siberia_r52_c29,landsat9_siberia_fire,LC09_L2SP_158014_20260817_02_T1,LC09_L2SP_158014_20260817_02_T1,52,29,EPSG:32643,526245.00,7195695.00,530085.00,7199535.00,75.5951,64.9015,spatial_block_4fold,3,1,,,0,297.574,300.572,2.99725
l9siberia_r52_c30,landsat9_siberia_fire,LC09_L2SP_158014_20260817_02_T1,LC09_L2SP_158014_20260817_02_T1,52,30,EPSG:32643,530085.00,7195695.00,533925.00,7199535.00,75.6762,64.9012,spatial_block_4fold,0,1,,,0,296.934,300.096,3.16266
l9siberia_r52_c31,landsat9_siberia_fire,LC09_L2SP_158014_20260817_02_T1,LC09_L2SP_158014_20260817_02_T1,52,31,EPSG:32643,533925.00,7195695.00,537765.00,7199535.00,75.7573,64.9008,spatial_block_4fold,0,1,,,0,297.503,301.312,3.80899
l9siberia_r52_c32,landsat9_siberia_fire,LC09_L2SP_158014_20260817_02_T1,LC09_L2SP_158014_20260817_02_T1,52,32,EPSG:32643,537765.00,7195695.00,541605.00,7199535.00,75.8385,64.9004,spatial_block_4fold,0,1,,,0,299.851,302.965,3.11447
l9siberia_r52_c33,landsat9_siberia_fire,LC09_L2SP_158014_20260817_02_T1,LC09_L2SP_158014_20260817_02_T1,52,33,EPSG:32643,541605.00,7195695.00,545445.00,7199535.00,75.9196,64.8999,spatial_block_4fold,0,1,,,0,299.767,303.328,3.56161
l9siberia_r52_c34,landsat9_siberia_fire,LC09_L2SP_158014_20260817_02_T1,LC09_L2SP_158014_20260817_02_T1,52,34,EPSG:32643,545445.00,7195695.00,549285.00,7199535.00,76.0007,64.8994,spatial_block_4fold,0,1,,,0,299.815,302.451,2.63577
l9siberia_r52_c35,landsat9_siberia_fire,LC09_L2SP_158014_20260817_02_T1,LC09_L2SP_158014_20260817_02_T1,52,35,EPSG:32643,549285.00,7195695.00,553125.00,7199535.00,76.0818,64.8988,spatial_block_4fold,0,1,,,0,300.44,303.185,2.74521
l9siberia_r52_c36,landsat9_siberia_fire,LC09_L2SP_158014_20260817_02_T1,LC09_L2SP_158014_20260817_02_T1,52,36,EPSG:32643,553125.00,7195695.00,556965.00,7199535.00,76.1629,64.8982,spatial_block_4fold,0,1,,,0,300.139,303.813,3.67426
l9siberia_r52_c37,landsat9_siberia_fire,LC09_L2SP_158014_20260817_02_T1,LC09_L2SP_158014_20260817_02_T1,52,37,EPSG:32643,556965.00,7195695.00,560805.00,7199535.00,76.244,64.8975,spatial_block_4fold,0,1,,,0,298.544,301.9,3.35519
l9siberia_r52_c38,landsat9_siberia_fire,LC09_L2SP_158014_20260817_02_T1,LC09_L2SP_158014_20260817_02_T1,52,38,EPSG:32643,560805.00,7195695.00,564645.00,7199535.00,76.3251,64.8968,spatial_block_4fold,0,1,,,0,298.749,303.462,4.71265
l9siberia_r52_c39,landsat9_siberia_fire,LC09_L2SP_158014_20260817_02_T1,LC09_L2SP_158014_20260817_02_T1,52,39,EPSG:32643,564645.00,7195695.00,568485.00,7199535.00,76.4062,64.8961,spatial_block_4fold,0,1,,,0,297.802,302.917,5.11478
l9siberia_r52_c40,landsat9_siberia_fire,LC09_L2SP_158014_20260817_02_T1,LC09_L2SP_158014_20260817_02_T1,52,40,EPSG:32643,568485.00,7195695.00,572325.00,7199535.00,76.4873,64.8953,spatial_block_4fold,3,1,,,0,298.058,302.661,4.60306
l9siberia_r52_c42,landsat9_siberia_fire,LC09_L2SP_158014_20260817_02_T1,LC09_L2SP_158014_20260817_02_T1,52,42,EPSG:32643,576165.00,7195695.00,580005.00,7199535.00,76.6495,64.8936,spatial_block_4fold,3,1,,,0,299.275,301.915,2.64035
l9siberia_r52_c43,landsat9_siberia_fire,LC09_L2SP_158014_20260817_02_T1,LC09_L2SP_158014_20260817_02_T1,52,43,EPSG:32643,580005.00,7195695.00,583845.00,7199535.00,76.7305,64.8927,spatial_block_4fold,3,1,,,0,299.885,302.653,2.76807
l9siberia_r52_c44,landsat9_siberia_fire,LC09_L2SP_158014_20260817_02_T1,LC09_L2SP_158014_20260817_02_T1,52,44,EPSG:32643,583845.00,7195695.00,587685.00,7199535.00,76.8116,64.8917,spatial_block_4fold,3,1,,,0,299.961,302.797,2.83517
l9siberia_r52_c45,landsat9_siberia_fire,LC09_L2SP_158014_20260817_02_T1,LC09_L2SP_158014_20260817_02_T1,52,45,EPSG:32643,587685.00,7195695.00,591525.00,7199535.00,76.8926,64.8907,spatial_block_4fold,3,1,,,0,299.769,302.32,2.55069
l9siberia_r52_c46,landsat9_siberia_fire,LC09_L2SP_158014_20260817_02_T1,LC09_L2SP_158014_20260817_02_T1,52,46,EPSG:32643,591525.00,7195695.00,595365.00,7199535.00,76.9737,64.8897,spatial_block_4fold,3,1,,,0,298.929,301.734,2.80536
l9siberia_r52_c47,landsat9_siberia_fire,LC09_L2SP_158014_20260817_02_T1,LC09_L2SP_158014_20260817_02_T1,52,47,EPSG:32643,595365.00,7195695.00,599205.00,7199535.00,77.0547,64.8886,spatial_block_4fold,3,1,,,0,299.285,303.153,3.8685
l9siberia_r52_c48,landsat9_siberia_fire,LC09_L2SP_158014_20260817_02_T1,LC09_L2SP_158014_20260817_02_T1,52,48,EPSG:32643,599205.00,7195695.00,603045.00,7199535.00,77.1358,64.8874,spatial_block_4fold,3,1,,,0,299,303.615,4.61517
l9siberia_r52_c49,landsat9_siberia_fire,LC09_L2SP_158014_20260817_02_T1,LC09_L2SP_158014_20260817_02_T1,52,49,EPSG:32643,603045.00,7195695.00,606885.00,7199535.00,77.2168,64.8862,spatial_block_4fold,3,1,,,0,299.728,303.121,3.39362
l9siberia_r52_c50,landsat9_siberia_fire,LC09_L2SP_158014_20260817_02_T1,LC09_L2SP_158014_20260817_02_T1,52,50,EPSG:32643,606885.00,7195695.00,610725.00,7199535.00,77.2978,64.885,spatial_block_4fold,0,1,,,0,300.164,304.034,3.86981
l9siberia_r53_c17,landsat9_siberia_fire,LC09_L2SP_158014_20260817_02_T1,LC09_L2SP_158014_20260817_02_T1,53,17,EPSG:32643,480165.00,7191855.00,484005.00,7195695.00,74.622,64.8678,spatial_block_4fold,0,1,,,0,299.039,301.133,2.09427
l9siberia_r53_c18,landsat9_siberia_fire,LC09_L2SP_158014_20260817_02_T1,LC09_L2SP_158014_20260817_02_T1,53,18,EPSG:32643,484005.00,7191855.00,487845.00,7195695.00,74.703,64.868,spatial_block_4fold,0,1,,,0,300.337,303.471,3.13358
l9siberia_r53_c19,landsat9_siberia_fire,LC09_L2SP_158014_20260817_02_T1,LC09_L2SP_158014_20260817_02_T1,53,19,EPSG:32643,487845.00,7191855.00,491685.00,7195695.00,74.784,64.8681,spatial_block_4fold,0,1,,,0,300.475,302.891,2.41617
l9siberia_r53_c20,landsat9_siberia_fire,LC09_L2SP_158014_20260817_02_T1,LC09_L2SP_158014_20260817_02_T1,53,20,EPSG:32643,491685.00,7191855.00,495525.00,7195695.00,74.8651,64.8682,spatial_block_4fold,3,1,,,1,299.887,319.904,20.0172
l9siberia_r53_c21,landsat9_siberia_fire,LC09_L2SP_158014_20260817_02_T1,LC09_L2SP_158014_20260817_02_T1,53,21,EPSG:32643,495525.00,7191855.00,499365.00,7195695.00,74.9461,64.8683,spatial_block_4fold,3,1,,,1,300.625,312.709,12.0836
l9siberia_r53_c22,landsat9_siberia_fire,LC09_L2SP_158014_20260817_02_T1,LC09_L2SP_158014_20260817_02_T1,53,22,EPSG:32643,499365.00,7191855.00,503205.00,7195695.00,75.0271,64.8683,spatial_block_4fold,3,1,,,1,299.797,305.244,5.44745
l9siberia_r53_c24,landsat9_siberia_fire,LC09_L2SP_158014_20260817_02_T1,LC09_L2SP_158014_20260817_02_T1,53,24,EPSG:32643,507045.00,7191855.00,510885.00,7195695.00,75.1892,64.8682,spatial_block_4fold,3,1,,,1,297.921,313.998,16.0774
l9siberia_r53_c25,landsat9_siberia_fire,LC09_L2SP_158014_20260817_02_T1,LC09_L2SP_158014_20260817_02_T1,53,25,EPSG:32643,510885.00,7191855.00,514725.00,7195695.00,75.2702,64.868,spatial_block_4fold,3,1,,,0,297.77,300.319,2.54987
l9siberia_r53_c26,landsat9_siberia_fire,LC09_L2SP_158014_20260817_02_T1,LC09_L2SP_158014_20260817_02_T1,53,26,EPSG:32643,514725.00,7191855.00,518565.00,7195695.00,75.3512,64.8679,spatial_block_4fold,3,1,,,0,298.35,300.965,2.61551
l9siberia_r53_c27,landsat9_siberia_fire,LC09_L2SP_158014_20260817_02_T1,LC09_L2SP_158014_20260817_02_T1,53,27,EPSG:32643,518565.00,7191855.00,522405.00,7195695.00,75.4323,64.8677,spatial_block_4fold,3,1,,,0,298.756,302.091,3.33472
l9siberia_r53_c28,landsat9_siberia_fire,LC09_L2SP_158014_20260817_02_T1,LC09_L2SP_158014_20260817_02_T1,53,28,EPSG:32643,522405.00,7191855.00,526245.00,7195695.00,75.5133,64.8674,spatial_block_4fold,3,1,,,0,297.828,301.352,3.52469
l9siberia_r53_c29,landsat9_siberia_fire,LC09_L2SP_158014_20260817_02_T1,LC09_L2SP_158014_20260817_02_T1,53,29,EPSG:32643,526245.00,7191855.00,530085.00,7195695.00,75.5943,64.8671,spatial_block_4fold,3,1,,,0,297.589,302.456,4.86688
l9siberia_r53_c30,landsat9_siberia_fire,LC09_L2SP_158014_20260817_02_T1,LC09_L2SP_158014_20260817_02_T1,53,30,EPSG:32643,530085.00,7191855.00,533925.00,7195695.00,75.6753,64.8667,spatial_block_4fold,0,1,,,0,296.596,299.482,2.88589
l9siberia_r53_c31,landsat9_siberia_fire,LC09_L2SP_158014_20260817_02_T1,LC09_L2SP_158014_20260817_02_T1,53,31,EPSG:32643,533925.00,7191855.00,537765.00,7195695.00,75.7564,64.8664,spatial_block_4fold,0,1,,,0,297.82,301.195,3.37567
l9siberia_r53_c32,landsat9_siberia_fire,LC09_L2SP_158014_20260817_02_T1,LC09_L2SP_158014_20260817_02_T1,53,32,EPSG:32643,537765.00,7191855.00,541605.00,7195695.00,75.8374,64.8659,spatial_block_4fold,0,1,,,0,299.205,302.434,3.22931
l9siberia_r53_c33,landsat9_siberia_fire,LC09_L2SP_158014_20260817_02_T1,LC09_L2SP_158014_20260817_02_T1,53,33,EPSG:32643,541605.00,7191855.00,545445.00,7195695.00,75.9184,64.8654,spatial_block_4fold,0,1,,,0,299.337,302.046,2.70898
l9siberia_r53_c34,landsat9_siberia_fire,LC09_L2SP_158014_20260817_02_T1,LC09_L2SP_158014_20260817_02_T1,53,34,EPSG:32643,545445.00,7191855.00,549285.00,7195695.00,75.9994,64.8649,spatial_block_4fold,0,1,,,0,300.121,303.322,3.20108
l9siberia_r53_c35,landsat9_siberia_fire,LC09_L2SP_158014_20260817_02_T1,LC09_L2SP_158014_20260817_02_T1,53,35,EPSG:32643,549285.00,7191855.00,553125.00,7195695.00,76.0804,64.8644,spatial_block_4fold,0,1,,,0,299.847,302.492,2.64474
l9siberia_r53_c36,landsat9_siberia_fire,LC09_L2SP_158014_20260817_02_T1,LC09_L2SP_158014_20260817_02_T1,53,36,EPSG:32643,553125.00,7191855.00,556965.00,7195695.00,76.1614,64.8637,spatial_block_4fold,0,1,,,0,299.817,304.059,4.24246
l9siberia_r53_c37,landsat9_siberia_fire,LC09_L2SP_158014_20260817_02_T1,LC09_L2SP_158014_20260817_02_T1,53,37,EPSG:32643,556965.00,7191855.00,560805.00,7195695.00,76.2424,64.8631,spatial_block_4fold,0,1,,,0,298.116,303.354,5.23788
l9siberia_r53_c39,landsat9_siberia_fire,LC09_L2SP_158014_20260817_02_T1,LC09_L2SP_158014_20260817_02_T1,53,39,EPSG:32643,564645.00,7191855.00,568485.00,7195695.00,76.4044,64.8617,spatial_block_4fold,0,1,,,0,298.588,302.341,3.75323
l9siberia_r53_c42,landsat9_siberia_fire,LC09_L2SP_158014_20260817_02_T1,LC09_L2SP_158014_20260817_02_T1,53,42,EPSG:32643,576165.00,7191855.00,580005.00,7195695.00,76.6473,64.8592,spatial_block_4fold,3,1,,,0,299.451,302.275,2.82434
l9siberia_r53_c43,landsat9_siberia_fire,LC09_L2SP_158014_20260817_02_T1,LC09_L2SP_158014_20260817_02_T1,53,43,EPSG:32643,580005.00,7191855.00,583845.00,7195695.00,76.7283,64.8582,spatial_block_4fold,3,1,,,0,299.626,301.867,2.24118
l9siberia_r53_c44,landsat9_siberia_fire,LC09_L2SP_158014_20260817_02_T1,LC09_L2SP_158014_20260817_02_T1,53,44,EPSG:32643,583845.00,7191855.00,587685.00,7195695.00,76.8093,64.8573,spatial_block_4fold,3,1,,,0,299.185,301.844,2.6593
l9siberia_r53_c45,landsat9_siberia_fire,LC09_L2SP_158014_20260817_02_T1,LC09_L2SP_158014_20260817_02_T1,53,45,EPSG:32643,587685.00,7191855.00,591525.00,7195695.00,76.8902,64.8563,spatial_block_4fold,3,1,,,0,298.78,302.2,3.42029
l9siberia_r53_c47,landsat9_siberia_fire,LC09_L2SP_158014_20260817_02_T1,LC09_L2SP_158014_20260817_02_T1,53,47,EPSG:32643,595365.00,7191855.00,599205.00,7195695.00,77.0521,64.8541,spatial_block_4fold,3,1,,,0,298.868,301.883,3.0148
l9siberia_r53_c48,landsat9_siberia_fire,LC09_L2SP_158014_20260817_02_T1,LC09_L2SP_158014_20260817_02_T1,53,48,EPSG:32643,599205.00,7191855.00,603045.00,7195695.00,77.133,64.853,spatial_block_4fold,3,1,,,0,299.467,302.277,2.81006
l9siberia_r54_c20,landsat9_siberia_fire,LC09_L2SP_158014_20260817_02_T1,LC09_L2SP_158014_20260817_02_T1,54,20,EPSG:32643,491685.00,7188015.00,495525.00,7191855.00,74.8652,64.8338,spatial_block_4fold,3,1,,,0,298.924,303.716,4.79288
l9siberia_r54_c21,landsat9_siberia_fire,LC09_L2SP_158014_20260817_02_T1,LC09_L2SP_158014_20260817_02_T1,54,21,EPSG:32643,495525.00,7188015.00,499365.00,7191855.00,74.9462,64.8338,spatial_block_4fold,3,1,,,0,300.298,305.335,5.03647
l9siberia_r54_c22,landsat9_siberia_fire,LC09_L2SP_158014_20260817_02_T1,LC09_L2SP_158014_20260817_02_T1,54,22,EPSG:32643,499365.00,7188015.00,503205.00,7191855.00,75.0271,64.8338,spatial_block_4fold,3,1,,,0,299.075,303.952,4.87726
l9siberia_r54_c24,landsat9_siberia_fire,LC09_L2SP_158014_20260817_02_T1,LC09_L2SP_158014_20260817_02_T1,54,24,EPSG:32643,507045.00,7188015.00,510885.00,7191855.00,75.1889,64.8337,spatial_block_4fold,3,1,,,1,299.167,309.024,9.85773
l9siberia_r54_c25,landsat9_siberia_fire,LC09_L2SP_158014_20260817_02_T1,LC09_L2SP_158014_20260817_02_T1,54,25,EPSG:32643,510885.00,7188015.00,514725.00,7191855.00,75.2699,64.8336,spatial_block_4fold,3,1,,,0,297.595,300.533,2.93784
l9siberia_r54_c26,landsat9_siberia_fire,LC09_L2SP_158014_20260817_02_T1,LC09_L2SP_158014_20260817_02_T1,54,26,EPSG:32643,514725.00,7188015.00,518565.00,7191855.00,75.3508,64.8334,spatial_block_4fold,3,1,,,0,297.607,300.918,3.31067
l9siberia_r54_c27,landsat9_siberia_fire,LC09_L2SP_158014_20260817_02_T1,LC09_L2SP_158014_20260817_02_T1,54,27,EPSG:32643,518565.00,7188015.00,522405.00,7191855.00,75.4317,64.8332,spatial_block_4fold,3,1,,,0,298.871,302.112,3.24176
l9siberia_r54_c28,landsat9_siberia_fire,LC09_L2SP_158014_20260817_02_T1,LC09_L2SP_158014_20260817_02_T1,54,28,EPSG:32643,522405.00,7188015.00,526245.00,7191855.00,75.5126,64.8329,spatial_block_4fold,3,1,,,0,297.898,300.772,2.87326
l9siberia_r54_c29,landsat9_siberia_fire,LC09_L2SP_158014_20260817_02_T1,LC09_L2SP_158014_20260817_02_T1,54,29,EPSG:32643,526245.00,7188015.00,530085.00,7191855.00,75.5936,64.8326,spatial_block_4fold,3,1,,,0,295.213,299.871,4.65854
l9siberia_r54_c30,landsat9_siberia_fire,LC09_L2SP_158014_20260817_02_T1,LC09_L2SP_158014_20260817_02_T1,54,30,EPSG:32643,530085.00,7188015.00,533925.00,7191855.00,75.6745,64.8323,spatial_block_4fold,0,1,,,0,297.421,299.594,2.17358
l9siberia_r54_c31,landsat9_siberia_fire,LC09_L2SP_158014_20260817_02_T1,LC09_L2SP_158014_20260817_02_T1,54,31,EPSG:32643,533925.00,7188015.00,537765.00,7191855.00,75.7554,64.8319,spatial_block_4fold,0,1,,,0,297.178,299.504,2.32578
l9siberia_r54_c32,landsat9_siberia_fire,LC09_L2SP_158014_20260817_02_T1,LC09_L2SP_158014_20260817_02_T1,54,32,EPSG:32643,537765.00,7188015.00,541605.00,7191855.00,75.8363,64.8315,spatial_block_4fold,0,1,,,0,297.533,302.249,4.71606
l9siberia_r54_c33,landsat9_siberia_fire,LC09_L2SP_158014_20260817_02_T1,LC09_L2SP_158014_20260817_02_T1,54,33,EPSG:32643,541605.00,7188015.00,545445.00,7191855.00,75.9172,64.831,spatial_block_4fold,0,1,,,0,297.209,301.808,4.59961
l9siberia_r54_c34,landsat9_siberia_fire,LC09_L2SP_158014_20260817_02_T1,LC09_L2SP_158014_20260817_02_T1,54,34,EPSG:32643,545445.00,7188015.00,549285.00,7191855.00,75.9981,64.8305,spatial_block_4fold,0,1,,,0,298.648,301.393,2.74573
l9siberia_r54_c35,landsat9_siberia_fire,LC09_L2SP_158014_20260817_02_T1,LC09_L2SP_158014_20260817_02_T1,54,35,EPSG:32643,549285.00,7188015.00,553125.00,7191855.00,76.079,64.8299,spatial_block_4fold,0,1,,,0,299.693,302.367,2.67374
l9siberia_r54_c36,landsat9_siberia_fire,LC09_L2SP_158014_20260817_02_T1,LC09_L2SP_158014_20260817_02_T1,54,36,EPSG:32643,553125.00,7188015.00,556965.00,7191855.00,76.1599,64.8293,spatial_block_4fold,0,1,,,0,300.387,304.035,3.64734
l9siberia_r54_c38,landsat9_siberia_fire,LC09_L2SP_158014_20260817_02_T1,LC09_L2SP_158014_20260817_02_T1,54,38,EPSG:32643,560805.00,7188015.00,564645.00,7191855.00,76.3217,64.828,spatial_block_4fold,0,1,,,0,298.667,303.148,4.48077
l9siberia_r54_c39,landsat9_siberia_fire,LC09_L2SP_158014_20260817_02_T1,LC09_L2SP_158014_20260817_02_T1,54,39,EPSG:32643,564645.00,7188015.00,568485.00,7191855.00,76.4026,64.8272,spatial_block_4fold,0,1,,,0,299.517,303.072,3.55539
l9siberia_r54_c41,landsat9_siberia_fire,LC09_L2SP_158014_20260817_02_T1,LC09_L2SP_158014_20260817_02_T1,54,41,EPSG:32643,572325.00,7188015.00,576165.00,7191855.00,76.5644,64.8256,spatial_block_4fold,3,1,,,0,299.197,301.907,2.70953
l9siberia_r54_c42,landsat9_siberia_fire,LC09_L2SP_158014_20260817_02_T1,LC09_L2SP_158014_20260817_02_T1,54,42,EPSG:32643,576165.00,7188015.00,580005.00,7191855.00,76.6452,64.8247,spatial_block_4fold,3,1,,,0,299.638,302.63,2.99225
l9siberia_r54_c43,landsat9_siberia_fire,LC09_L2SP_158014_20260817_02_T1,LC09_L2SP_158014_20260817_02_T1,54,43,EPSG:32643,580005.00,7188015.00,583845.00,7191855.00,76.7261,64.8238,spatial_block_4fold,3,1,,,0,298.842,301.829,2.98691
l9siberia_r54_c44,landsat9_siberia_fire,LC09_L2SP_158014_20260817_02_T1,LC09_L2SP_158014_20260817_02_T1,54,44,EPSG:32643,583845.00,7188015.00,587685.00,7191855.00,76.807,64.8228,spatial_block_4fold,3,1,,,0,298.209,300.433,2.22327
l9siberia_r54_c45,landsat9_siberia_fire,LC09_L2SP_158014_20260817_02_T1,LC09_L2SP_158014_20260817_02_T1,54,45,EPSG:32643,587685.00,7188015.00,591525.00,7191855.00,76.8878,64.8218,spatial_block_4fold,3,1,,,0,298.223,299.87,1.64771
l9siberia_r54_c46,landsat9_siberia_fire,LC09_L2SP_158014_20260817_02_T1,LC09_L2SP_158014_20260817_02_T1,54,46,EPSG:32643,591525.00,7188015.00,595365.00,7191855.00,76.9687,64.8208,spatial_block_4fold,3,1,,,0,298.002,300.544,2.5416
l9siberia_r54_c47,landsat9_siberia_fire,LC09_L2SP_158014_20260817_02_T1,LC09_L2SP_158014_20260817_02_T1,54,47,EPSG:32643,595365.00,7188015.00,599205.00,7191855.00,77.0495,64.8197,spatial_block_4fold,3,1,,,0,298.641,301.644,3.00272
l9siberia_r55_c22,landsat9_siberia_fire,LC09_L2SP_158014_20260817_02_T1,LC09_L2SP_158014_20260817_02_T1,55,22,EPSG:32643,499365.00,7184175.00,503205.00,7188015.00,75.027,64.7994,spatial_block_4fold,3,1,,,0,298.994,304.708,5.71414
l9siberia_r55_c23,landsat9_siberia_fire,LC09_L2SP_158014_20260817_02_T1,LC09_L2SP_158014_20260817_02_T1,55,23,EPSG:32643,503205.00,7184175.00,507045.00,7188015.00,75.1079,64.7993,spatial_block_4fold,3,1,,,0,299.446,304.302,4.85602
l9siberia_r55_c24,landsat9_siberia_fire,LC09_L2SP_158014_20260817_02_T1,LC09_L2SP_158014_20260817_02_T1,55,24,EPSG:32643,507045.00,7184175.00,510885.00,7188015.00,75.1887,64.7992,spatial_block_4fold,3,1,,,0,298.381,302.587,4.20584
l9siberia_r55_c25,landsat9_siberia_fire,LC09_L2SP_158014_20260817_02_T1,LC09_L2SP_158014_20260817_02_T1,55,25,EPSG:32643,510885.00,7184175.00,514725.00,7188015.00,75.2695,64.7991,spatial_block_4fold,3,1,,,0,297.131,300.099,2.96768
l9siberia_r55_c26,landsat9_siberia_fire,LC09_L2SP_158014_20260817_02_T1,LC09_L2SP_158014_20260817_02_T1,55,26,EPSG:32643,514725.00,7184175.00,518565.00,7188015.00,75.3503,64.799,spatial_block_4fold,3,1,,,0,298.064,301.591,3.52673
l9siberia_r55_c27,landsat9_siberia_fire,LC09_L2SP_158014_20260817_02_T1,LC09_L2SP_158014_20260817_02_T1,55,27,EPSG:32643,518565.00,7184175.00,522405.00,7188015.00,75.4312,64.7987,spatial_block_4fold,3,1,,,0,297.597,300.871,3.27341
l9siberia_r55_c28,landsat9_siberia_fire,LC09_L2SP_158014_20260817_02_T1,LC09_L2SP_158014_20260817_02_T1,55,28,EPSG:32643,522405.00,7184175.00,526245.00,7188015.00,75.512,64.7985,spatial_block_4fold,3,1,,,0,296.955,300.937,3.9812
l9siberia_r55_c29,landsat9_siberia_fire,LC09_L2SP_158014_20260817_02_T1,LC09_L2SP_158014_20260817_02_T1,55,29,EPSG:32643,526245.00,7184175.00,530085.00,7188015.00,75.5928,64.7982,spatial_block_4fold,3,1,,,0,295.505,299.491,3.98514
l9siberia_r55_c30,landsat9_siberia_fire,LC09_L2SP_158014_20260817_02_T1,LC09_L2SP_158014_20260817_02_T1,55,30,EPSG:32643,530085.00,7184175.00,533925.00,7188015.00,75.6736,64.7978,spatial_block_4fold,0,1,,,0,297.464,301.253,3.78842
l9siberia_r55_c31,landsat9_siberia_fire,LC09_L2SP_158014_20260817_02_T1,LC09_L2SP_158014_20260817_02_T1,55,31,EPSG:32643,533925.00,7184175.00,537765.00,7188015.00,75.7544,64.7975,spatial_block_4fold,0,1,,,0,297.483,301.695,4.21185
l9siberia_r55_c32,landsat9_siberia_fire,LC09_L2SP_158014_20260817_02_T1,LC09_L2SP_158014_20260817_02_T1,55,32,EPSG:32643,537765.00,7184175.00,541605.00,7188015.00,75.8352,64.797,spatial_block_4fold,0,1,,,0,297.194,299.871,2.67645
l9siberia_r55_c33,landsat9_siberia_fire,LC09_L2SP_158014_20260817_02_T1,LC09_L2SP_158014_20260817_02_T1,55,33,EPSG:32643,541605.00,7184175.00,545445.00,7188015.00,75.9161,64.7965,spatial_block_4fold,0,1,,,0,298.304,301.855,3.55112
l9siberia_r55_c34,landsat9_siberia_fire,LC09_L2SP_158014_20260817_02_T1,LC09_L2SP_158014_20260817_02_T1,55,34,EPSG:32643,545445.00,7184175.00,549285.00,7188015.00,75.9969,64.796,spatial_block_4fold,0,1,,,0,299.169,302.044,2.875
l9siberia_r55_c35,landsat9_siberia_fire,LC09_L2SP_158014_20260817_02_T1,LC09_L2SP_158014_20260817_02_T1,55,35,EPSG:32643,549285.00,7184175.00,553125.00,7188015.00,76.0777,64.7955,spatial_block_4fold,0,1,,,0,298.083,301.76,3.6778
l9siberia_r55_c36,landsat9_siberia_fire,LC09_L2SP_158014_20260817_02_T1,LC09_L2SP_158014_20260817_02_T1,55,36,EPSG:32643,553125.00,7184175.00,556965.00,7188015.00,76.1585,64.7949,spatial_block_4fold,0,1,,,0,298.587,302.257,3.6698
l9siberia_r55_c37,landsat9_siberia_fire,LC09_L2SP_158014_20260817_02_T1,LC09_L2SP_158014_20260817_02_T1,55,37,EPSG:32643,556965.00,7184175.00,560805.00,7188015.00,76.2392,64.7942,spatial_block_4fold,0,1,,,0,298.098,302.457,4.35944
l9siberia_r55_c38,landsat9_siberia_fire,LC09_L2SP_158014_20260817_02_T1,LC09_L2SP_158014_20260817_02_T1,55,38,EPSG:32643,560805.00,7184175.00,564645.00,7188015.00,76.32,64.7935,spatial_block_4fold,0,1,,,0,299.882,304.324,4.4415
l9siberia_r55_c39,landsat9_siberia_fire,LC09_L2SP_158014_20260817_02_T1,LC09_L2SP_158014_20260817_02_T1,55,39,EPSG:32643,564645.00,7184175.00,568485.00,7188015.00,76.4008,64.7928,spatial_block_4fold,0,1,,,0,299.44,304.573,5.13208
l9siberia_r55_c41,landsat9_siberia_fire,LC09_L2SP_158014_20260817_02_T1,LC09_L2SP_158014_20260817_02_T1,55,41,EPSG:32643,572325.00,7184175.00,576165.00,7188015.00,76.5624,64.7912,spatial_block_4fold,3,1,,,0,298.903,303.233,4.33038
l9siberia_r55_c42,landsat9_siberia_fire,LC09_L2SP_158014_20260817_02_T1,LC09_L2SP_158014_20260817_02_T1,55,42,EPSG:32643,576165.00,7184175.00,580005.00,7188015.00,76.6431,64.7903,spatial_block_4fold,3,1,,,0,299.281,302.18,2.89874
l9siberia_r55_c43,landsat9_siberia_fire,LC09_L2SP_158014_20260817_02_T1,LC09_L2SP_158014_20260817_02_T1,55,43,EPSG:32643,580005.00,7184175.00,583845.00,7188015.00,76.7239,64.7894,spatial_block_4fold,3,1,,,0,299.253,301.161,1.90717
l9siberia_r55_c44,landsat9_siberia_fire,LC09_L2SP_158014_20260817_02_T1,LC09_L2SP_158014_20260817_02_T1,55,44,EPSG:32643,583845.00,7184175.00,587685.00,7188015.00,76.8047,64.7884,spatial_block_4fold,3,1,,,0,298.028,300.746,2.71844
l9siberia_r55_c45,landsat9_siberia_fire,LC09_L2SP_158014_20260817_02_T1,LC09_L2SP_158014_20260817_02_T1,55,45,EPSG:32643,587685.00,7184175.00,591525.00,7188015.00,76.8854,64.7874,spatial_block_4fold,3,1,,,0,298.05,301.509,3.4588
l9siberia_r55_c46,landsat9_siberia_fire,LC09_L2SP_158014_20260817_02_T1,LC09_L2SP_158014_20260817_02_T1,55,46,EPSG:32643,591525.00,7184175.00,595365.00,7188015.00,76.9661,64.7864,spatial_block_4fold,3,1,,,0,298.161,301.521,3.35992
l9siberia_r55_c47,landsat9_siberia_fire,LC09_L2SP_158014_20260817_02_T1,LC09_L2SP_158014_20260817_02_T1,55,47,EPSG:32643,595365.00,7184175.00,599205.00,7188015.00,77.0469,64.7853,spatial_block_4fold,3,1,,,0,298.062,302.575,4.51373
l9siberia_r55_c48,landsat9_siberia_fire,LC09_L2SP_158014_20260817_02_T1,LC09_L2SP_158014_20260817_02_T1,55,48,EPSG:32643,599205.00,7184175.00,603045.00,7188015.00,77.1276,64.7841,spatial_block_4fold,3,1,,,0,298.474,301.631,3.15744
l9siberia_r55_c49,landsat9_siberia_fire,LC09_L2SP_158014_20260817_02_T1,LC09_L2SP_158014_20260817_02_T1,55,49,EPSG:32643,603045.00,7184175.00,606885.00,7188015.00,77.2083,64.7829,spatial_block_4fold,3,1,,,0,298.54,300.868,2.32846
l9siberia_r56_c25,landsat9_siberia_fire,LC09_L2SP_158014_20260817_02_T1,LC09_L2SP_158014_20260817_02_T1,56,25,EPSG:32643,510885.00,7180335.00,514725.00,7184175.00,75.2692,64.7647,spatial_block_4fold,3,1,,,0,298.059,300.746,2.68661
l9siberia_r56_c26,landsat9_siberia_fire,LC09_L2SP_158014_20260817_02_T1,LC09_L2SP_158014_20260817_02_T1,56,26,EPSG:32643,514725.00,7180335.00,518565.00,7184175.00,75.3499,64.7645,spatial_block_4fold,3,1,,,0,297.012,301.802,4.7905
l9siberia_r56_c27,landsat9_siberia_fire,LC09_L2SP_158014_20260817_02_T1,LC09_L2SP_158014_20260817_02_T1,56,27,EPSG:32643,518565.00,7180335.00,522405.00,7184175.00,75.4306,64.7643,spatial_block_4fold,3,1,,,0,298.184,303.187,5.00336
l9siberia_r56_c28,landsat9_siberia_fire,LC09_L2SP_158014_20260817_02_T1,LC09_L2SP_158014_20260817_02_T1,56,28,EPSG:32643,522405.00,7180335.00,526245.00,7184175.00,75.5113,64.764,spatial_block_4fold,3,1,,,0,296.543,301.616,5.07245
l9siberia_r56_c29,landsat9_siberia_fire,LC09_L2SP_158014_20260817_02_T1,LC09_L2SP_158014_20260817_02_T1,56,29,EPSG:32643,526245.00,7180335.00,530085.00,7184175.00,75.592,64.7637,spatial_block_4fold,3,1,,,0,297.489,300.544,3.0549
l9siberia_r56_c30,landsat9_siberia_fire,LC09_L2SP_158014_20260817_02_T1,LC09_L2SP_158014_20260817_02_T1,56,30,EPSG:32643,530085.00,7180335.00,533925.00,7184175.00,75.6728,64.7634,spatial_block_4fold,0,1,,,0,297.746,301.879,4.1329
l9siberia_r56_c31,landsat9_siberia_fire,LC09_L2SP_158014_20260817_02_T1,LC09_L2SP_158014_20260817_02_T1,56,31,EPSG:32643,533925.00,7180335.00,537765.00,7184175.00,75.7535,64.763,spatial_block_4fold,0,1,,,0,298.687,302.401,3.71375
l9siberia_r56_c32,landsat9_siberia_fire,LC09_L2SP_158014_20260817_02_T1,LC09_L2SP_158014_20260817_02_T1,56,32,EPSG:32643,537765.00,7180335.00,541605.00,7184175.00,75.8342,64.7626,spatial_block_4fold,0,1,,,0,297.702,302.358,4.65643
l9siberia_r56_c33,landsat9_siberia_fire,LC09_L2SP_158014_20260817_02_T1,LC09_L2SP_158014_20260817_02_T1,56,33,EPSG:32643,541605.00,7180335.00,545445.00,7184175.00,75.9149,64.7621,spatial_block_4fold,0,1,,,0,298.143,301.197,3.05447
l9siberia_r56_c34,landsat9_siberia_fire,LC09_L2SP_158014_20260817_02_T1,LC09_L2SP_158014_20260817_02_T1,56,34,EPSG:32643,545445.00,7180335.00,549285.00,7184175.00,75.9956,64.7616,spatial_block_4fold,0,1,,,0,297.805,302.273,4.46716
l9siberia_r56_c35,landsat9_siberia_fire,LC09_L2SP_158014_20260817_02_T1,LC09_L2SP_158014_20260817_02_T1,56,35,EPSG:32643,549285.00,7180335.00,553125.00,7184175.00,76.0763,64.761,spatial_block_4fold,0,1,,,0,298.104,302.547,4.44324
l9siberia_r56_c36,landsat9_siberia_fire,LC09_L2SP_158014_20260817_02_T1,LC09_L2SP_158014_20260817_02_T1,56,36,EPSG:32643,553125.00,7180335.00,556965.00,7184175.00,76.157,64.7604,spatial_block_4fold,0,1,,,0,297.596,303.302,5.70609
l9siberia_r56_c37,landsat9_siberia_fire,LC09_L2SP_158014_20260817_02_T1,LC09_L2SP_158014_20260817_02_T1,56,37,EPSG:32643,556965.00,7180335.00,560805.00,7184175.00,76.2377,64.7598,spatial_block_4fold,0,1,,,0,298.232,302.548,4.31671
l9siberia_r56_c38,landsat9_siberia_fire,LC09_L2SP_158014_20260817_02_T1,LC09_L2SP_158014_20260817_02_T1,56,38,EPSG:32643,560805.00,7180335.00,564645.00,7184175.00,76.3184,64.7591,spatial_block_4fold,0,1,,,1,298.129,319.38,21.251
l9siberia_r56_c39,landsat9_siberia_fire,LC09_L2SP_158014_20260817_02_T1,LC09_L2SP_158014_20260817_02_T1,56,39,EPSG:32643,564645.00,7180335.00,568485.00,7184175.00,76.399,64.7583,spatial_block_4fold,0,1,,,1,301.014,304.303,3.28894
l9siberia_r56_c42,landsat9_siberia_fire,LC09_L2SP_158014_20260817_02_T1,LC09_L2SP_158014_20260817_02_T1,56,42,EPSG:32643,576165.00,7180335.00,580005.00,7184175.00,76.641,64.7558,spatial_block_4fold,3,1,,,0,298.856,303.51,4.65317
l9siberia_r56_c43,landsat9_siberia_fire,LC09_L2SP_158014_20260817_02_T1,LC09_L2SP_158014_20260817_02_T1,56,43,EPSG:32643,580005.00,7180335.00,583845.00,7184175.00,76.7217,64.7549,spatial_block_4fold,3,1,,,1,298.348,301.35,3.00171
l9siberia_r56_c44,landsat9_siberia_fire,LC09_L2SP_158014_20260817_02_T1,LC09_L2SP_158014_20260817_02_T1,56,44,EPSG:32643,583845.00,7180335.00,587685.00,7184175.00,76.8024,64.754,spatial_block_4fold,3,1,,,0,298.077,301.176,3.09924
l9siberia_r56_c45,landsat9_siberia_fire,LC09_L2SP_158014_20260817_02_T1,LC09_L2SP_158014_20260817_02_T1,56,45,EPSG:32643,587685.00,7180335.00,591525.00,7184175.00,76.883,64.753,spatial_block_4fold,3,1,,,0,297.906,301.438,3.53189
l9siberia_r56_c46,landsat9_siberia_fire,LC09_L2SP_158014_20260817_02_T1,LC09_L2SP_158014_20260817_02_T1,56,46,EPSG:32643,591525.00,7180335.00,595365.00,7184175.00,76.9636,64.7519,spatial_block_4fold,3,1,,,0,298.141,300.572,2.43085
l9siberia_r56_c47,landsat9_siberia_fire,LC09_L2SP_158014_20260817_02_T1,LC09_L2SP_158014_20260817_02_T1,56,47,EPSG:32643,595365.00,7180335.00,599205.00,7184175.00,77.0443,64.7508,spatial_block_4fold,3,1,,,0,298.303,301.265,2.96124
l9siberia_r56_c48,landsat9_siberia_fire,LC09_L2SP_158014_20260817_02_T1,LC09_L2SP_158014_20260817_02_T1,56,48,EPSG:32643,599205.00,7180335.00,603045.00,7184175.00,77.1249,64.7497,spatial_block_4fold,3,1,,,0,298.806,300.961,2.15536
l9siberia_r57_c28,landsat9_siberia_fire,LC09_L2SP_158014_20260817_02_T1,LC09_L2SP_158014_20260817_02_T1,57,28,EPSG:32643,522405.00,7176495.00,526245.00,7180335.00,75.5107,64.7296,spatial_block_4fold,3,1,,,0,297.111,299.818,2.70779
l9siberia_r57_c29,landsat9_siberia_fire,LC09_L2SP_158014_20260817_02_T1,LC09_L2SP_158014_20260817_02_T1,57,29,EPSG:32643,526245.00,7176495.00,530085.00,7180335.00,75.5913,64.7293,spatial_block_4fold,3,1,,,0,296.932,299.461,2.52811
l9siberia_r57_c30,landsat9_siberia_fire,LC09_L2SP_158014_20260817_02_T1,LC09_L2SP_158014_20260817_02_T1,57,30,EPSG:32643,530085.00,7176495.00,533925.00,7180335.00,75.6719,64.7289,spatial_block_4fold,0,1,,,0,297.233,301.053,3.82034
l9siberia_r57_c31,landsat9_siberia_fire,LC09_L2SP_158014_20260817_02_T1,LC09_L2SP_158014_20260817_02_T1,57,31,EPSG:32643,533925.00,7176495.00,537765.00,7180335.00,75.7525,64.7285,spatial_block_4fold,0,1,,,0,298.056,300.435,2.37848
l9siberia_r57_c32,landsat9_siberia_fire,LC09_L2SP_158014_20260817_02_T1,LC09_L2SP_158014_20260817_02_T1,57,32,EPSG:32643,537765.00,7176495.00,541605.00,7180335.00,75.8331,64.7281,spatial_block_4fold,0,1,,,0,298.35,301.672,3.32227
l9siberia_r57_c33,landsat9_siberia_fire,LC09_L2SP_158014_20260817_02_T1,LC09_L2SP_158014_20260817_02_T1,57,33,EPSG:32643,541605.00,7176495.00,545445.00,7180335.00,75.9137,64.7276,spatial_block_4fold,0,1,,,0,297.907,301.209,3.30182
l9siberia_r57_c34,landsat9_siberia_fire,LC09_L2SP_158014_20260817_02_T1,LC09_L2SP_158014_20260817_02_T1,57,34,EPSG:32643,545445.00,7176495.00,549285.00,7180335.00,75.9943,64.7271,spatial_block_4fold,0,1,,,0,296.855,299.666,2.81064
l9siberia_r57_c35,landsat9_siberia_fire,LC09_L2SP_158014_20260817_02_T1,LC09_L2SP_158014_20260817_02_T1,57,35,EPSG:32643,549285.00,7176495.00,553125.00,7180335.00,76.0749,64.7266,spatial_block_4fold,0,1,,,0,297.66,300.588,2.92758
l9siberia_r57_c36,landsat9_siberia_fire,LC09_L2SP_158014_20260817_02_T1,LC09_L2SP_158014_20260817_02_T1,57,36,EPSG:32643,553125.00,7176495.00,556965.00,7180335.00,76.1555,64.726,spatial_block_4fold,0,1,,,0,297.343,299.888,2.54562
l9siberia_r57_c37,landsat9_siberia_fire,LC09_L2SP_158014_20260817_02_T1,LC09_L2SP_158014_20260817_02_T1,57,37,EPSG:32643,556965.00,7176495.00,560805.00,7180335.00,76.2361,64.7253,spatial_block_4fold,0,1,,,1,296.981,329.51,32.5298
l9siberia_r57_c38,landsat9_siberia_fire,LC09_L2SP_158014_20260817_02_T1,LC09_L2SP_158014_20260817_02_T1,57,38,EPSG:32643,560805.00,7176495.00,564645.00,7180335.00,76.3167,64.7246,spatial_block_4fold,0,1,,,1,300.291,320.648,20.3577
l9siberia_r57_c39,landsat9_siberia_fire,LC09_L2SP_158014_20260817_02_T1,LC09_L2SP_158014_20260817_02_T1,57,39,EPSG:32643,564645.00,7176495.00,568485.00,7180335.00,76.3973,64.7239,spatial_block_4fold,0,1,,,1,301.805,318.531,16.7258
l9siberia_r57_c42,landsat9_siberia_fire,LC09_L2SP_158014_20260817_02_T1,LC09_L2SP_158014_20260817_02_T1,57,42,EPSG:32643,576165.00,7176495.00,580005.00,7180335.00,76.639,64.7214,spatial_block_4fold,3,1,,,0,298.555,301.657,3.10193
l9siberia_r57_c43,landsat9_siberia_fire,LC09_L2SP_158014_20260817_02_T1,LC09_L2SP_158014_20260817_02_T1,57,43,EPSG:32643,580005.00,7176495.00,583845.00,7180335.00,76.7195,64.7205,spatial_block_4fold,3,1,,,0,298.977,301.746,2.76874
l9siberia_r57_c44,landsat9_siberia_fire,LC09_L2SP_158014_20260817_02_T1,LC09_L2SP_158014_20260817_02_T1,57,44,EPSG:32643,583845.00,7176495.00,587685.00,7180335.00,76.8001,64.7195,spatial_block_4fold,3,1,,,0,298.85,301.785,2.93518
l9siberia_r57_c45,landsat9_siberia_fire,LC09_L2SP_158014_20260817_02_T1,LC09_L2SP_158014_20260817_02_T1,57,45,EPSG:32643,587685.00,7176495.00,591525.00,7180335.00,76.8806,64.7185,spatial_block_4fold,3,1,,,0,298.328,302.281,3.9538
l9siberia_r57_c46,landsat9_siberia_fire,LC09_L2SP_158014_20260817_02_T1,LC09_L2SP_158014_20260817_02_T1,57,46,EPSG:32643,591525.00,7176495.00,595365.00,7180335.00,76.9611,64.7175,spatial_block_4fold,3,1,,,0,298.349,300.618,2.26862
l9siberia_r57_c47,landsat9_siberia_fire,LC09_L2SP_158014_20260817_02_T1,LC09_L2SP_158014_20260817_02_T1,57,47,EPSG:32643,595365.00,7176495.00,599205.00,7180335.00,77.0417,64.7164,spatial_block_4fold,3,1,,,0,298.575,301.019,2.44431
l9siberia_r57_c48,landsat9_siberia_fire,LC09_L2SP_158014_20260817_02_T1,LC09_L2SP_158014_20260817_02_T1,57,48,EPSG:32643,599205.00,7176495.00,603045.00,7180335.00,77.1222,64.7153,spatial_block_4fold,3,1,,,0,297.821,300.653,2.83179
l9siberia_r58_c30,landsat9_siberia_fire,LC09_L2SP_158014_20260817_02_T1,LC09_L2SP_158014_20260817_02_T1,58,30,EPSG:32643,530085.00,7172655.00,533925.00,7176495.00,75.6711,64.6945,spatial_block_4fold,0,1,,,0,297.754,301.245,3.49063
l9siberia_r58_c31,landsat9_siberia_fire,LC09_L2SP_158014_20260817_02_T1,LC09_L2SP_158014_20260817_02_T1,58,31,EPSG:32643,533925.00,7172655.00,537765.00,7176495.00,75.7516,64.6941,spatial_block_4fold,0,1,,,0,297.79,300.055,2.26462
l9siberia_r58_c32,landsat9_siberia_fire,LC09_L2SP_158014_20260817_02_T1,LC09_L2SP_158014_20260817_02_T1,58,32,EPSG:32643,537765.00,7172655.00,541605.00,7176495.00,75.8321,64.6937,spatial_block_4fold,0,1,,,0,298.466,300.924,2.45758
l9siberia_r58_c33,landsat9_siberia_fire,LC09_L2SP_158014_20260817_02_T1,LC09_L2SP_158014_20260817_02_T1,58,33,EPSG:32643,541605.00,7172655.00,545445.00,7176495.00,75.9126,64.6932,spatial_block_4fold,0,1,,,0,297.999,300.837,2.8381
l9siberia_r58_c34,landsat9_siberia_fire,LC09_L2SP_158014_20260817_02_T1,LC09_L2SP_158014_20260817_02_T1,58,34,EPSG:32643,545445.00,7172655.00,549285.00,7176495.00,75.9931,64.6927,spatial_block_4fold,0,1,,,0,298.204,302.463,4.25906
l9siberia_r58_c35,landsat9_siberia_fire,LC09_L2SP_158014_20260817_02_T1,LC09_L2SP_158014_20260817_02_T1,58,35,EPSG:32643,549285.00,7172655.00,553125.00,7176495.00,76.0735,64.6921,spatial_block_4fold,0,1,,,0,297.271,302.6,5.32907
l9siberia_r58_c36,landsat9_siberia_fire,LC09_L2SP_158014_20260817_02_T1,LC09_L2SP_158014_20260817_02_T1,58,36,EPSG:32643,553125.00,7172655.00,556965.00,7176495.00,76.154,64.6915,spatial_block_4fold,0,1,,,1,297.516,317.808,20.2917
l9siberia_r58_c37,landsat9_siberia_fire,LC09_L2SP_158014_20260817_02_T1,LC09_L2SP_158014_20260817_02_T1,58,37,EPSG:32643,556965.00,7172655.00,560805.00,7176495.00,76.2345,64.6909,spatial_block_4fold,0,1,,,0,299.059,302.582,3.5228
l9siberia_r58_c38,landsat9_siberia_fire,LC09_L2SP_158014_20260817_02_T1,LC09_L2SP_158014_20260817_02_T1,58,38,EPSG:32643,560805.00,7172655.00,564645.00,7176495.00,76.315,64.6902,spatial_block_4fold,0,1,,,1,300.147,340.251,40.1035
l9siberia_r58_c39,landsat9_siberia_fire,LC09_L2SP_158014_20260817_02_T1,LC09_L2SP_158014_20260817_02_T1,58,39,EPSG:32643,564645.00,7172655.00,568485.00,7176495.00,76.3955,64.6894,spatial_block_4fold,0,1,,,1,302.758,308.972,6.21429
l9siberia_r58_c42,landsat9_siberia_fire,LC09_L2SP_158014_20260817_02_T1,LC09_L2SP_158014_20260817_02_T1,58,42,EPSG:32643,576165.00,7172655.00,580005.00,7176495.00,76.6369,64.687,spatial_block_4fold,3,1,,,0,299.028,303.021,3.99384
l9siberia_r58_c43,landsat9_siberia_fire,LC09_L2SP_158014_20260817_02_T1,LC09_L2SP_158014_20260817_02_T1,58,43,EPSG:32643,580005.00,7172655.00,583845.00,7176495.00,76.7173,64.686,spatial_block_4fold,3,1,,,1,298.774,308.048,9.27368
l9siberia_r58_c44,landsat9_siberia_fire,LC09_L2SP_158014_20260817_02_T1,LC09_L2SP_158014_20260817_02_T1,58,44,EPSG:32643,583845.00,7172655.00,587685.00,7176495.00,76.7978,64.6851,spatial_block_4fold,3,1,,,0,297.242,301.997,4.75522
l9siberia_r58_c45,landsat9_siberia_fire,LC09_L2SP_158014_20260817_02_T1,LC09_L2SP_158014_20260817_02_T1,58,45,EPSG:32643,587685.00,7172655.00,591525.00,7176495.00,76.8782,64.6841,spatial_block_4fold,3,1,,,0,296.51,302.568,6.05743
l9siberia_r58_c46,landsat9_siberia_fire,LC09_L2SP_158014_20260817_02_T1,LC09_L2SP_158014_20260817_02_T1,58,46,EPSG:32643,591525.00,7172655.00,595365.00,7176495.00,76.9587,64.683,spatial_block_4fold,3,1,,,0,296.284,303.191,6.9071
l9siberia_r58_c47,landsat9_siberia_fire,LC09_L2SP_158014_20260817_02_T1,LC09_L2SP_158014_20260817_02_T1,58,47,EPSG:32643,595365.00,7172655.00,599205.00,7176495.00,77.0391,64.682,spatial_block_4fold,3,1,,,0,297.502,301.26,3.75769
l9siberia_r59_c33,landsat9_siberia_fire,LC09_L2SP_158014_20260817_02_T1,LC09_L2SP_158014_20260817_02_T1,59,33,EPSG:32643,541605.00,7168815.00,545445.00,7172655.00,75.9114,64.6587,spatial_block_4fold,0,1,,,0,298.504,301.281,2.77646
l9siberia_r59_c34,landsat9_siberia_fire,LC09_L2SP_158014_20260817_02_T1,LC09_L2SP_158014_20260817_02_T1,59,34,EPSG:32643,545445.00,7168815.00,549285.00,7172655.00,75.9918,64.6582,spatial_block_4fold,0,1,,,0,299.211,302.167,2.95612
l9siberia_r59_c35,landsat9_siberia_fire,LC09_L2SP_158014_20260817_02_T1,LC09_L2SP_158014_20260817_02_T1,59,35,EPSG:32643,549285.00,7168815.00,553125.00,7172655.00,76.0722,64.6577,spatial_block_4fold,0,1,,,0,299.189,301.634,2.44492
l9siberia_r59_c36,landsat9_siberia_fire,LC09_L2SP_158014_20260817_02_T1,LC09_L2SP_158014_20260817_02_T1,59,36,EPSG:32643,553125.00,7168815.00,556965.00,7172655.00,76.1526,64.6571,spatial_block_4fold,0,1,,,1,299.08,334.158,35.0772
l9siberia_r59_c37,landsat9_siberia_fire,LC09_L2SP_158014_20260817_02_T1,LC09_L2SP_158014_20260817_02_T1,59,37,EPSG:32643,556965.00,7168815.00,560805.00,7172655.00,76.233,64.6564,spatial_block_4fold,0,1,,,1,300.405,317.843,17.4374
l9siberia_r59_c38,landsat9_siberia_fire,LC09_L2SP_158014_20260817_02_T1,LC09_L2SP_158014_20260817_02_T1,59,38,EPSG:32643,560805.00,7168815.00,564645.00,7172655.00,76.3133,64.6557,spatial_block_4fold,0,1,,,0,299.006,301.578,2.57184
l9siberia_r59_c39,landsat9_siberia_fire,LC09_L2SP_158014_20260817_02_T1,LC09_L2SP_158014_20260817_02_T1,59,39,EPSG:32643,564645.00,7168815.00,568485.00,7172655.00,76.3937,64.655,spatial_block_4fold,0,1,,,0,299.649,305.722,6.07306
l9siberia_r59_c41,landsat9_siberia_fire,LC09_L2SP_158014_20260817_02_T1,LC09_L2SP_158014_20260817_02_T1,59,41,EPSG:32643,572325.00,7168815.00,576165.00,7172655.00,76.5544,64.6534,spatial_block_4fold,3,1,,,0,297.789,306.179,8.3898
l9siberia_r59_c42,landsat9_siberia_fire,LC09_L2SP_158014_20260817_02_T1,LC09_L2SP_158014_20260817_02_T1,59,42,EPSG:32643,576165.00,7168815.00,580005.00,7172655.00,76.6348,64.6525,spatial_block_4fold,3,1,,,0,295.834,303.711,7.87677
l9siberia_r59_c43,landsat9_siberia_fire,LC09_L2SP_158014_20260817_02_T1,LC09_L2SP_158014_20260817_02_T1,59,43,EPSG:32643,580005.00,7168815.00,583845.00,7172655.00,76.7152,64.6516,spatial_block_4fold,3,1,,,0,295.519,299.786,4.26688
l9siberia_r59_c44,landsat9_siberia_fire,LC09_L2SP_158014_20260817_02_T1,LC09_L2SP_158014_20260817_02_T1,59,44,EPSG:32643,583845.00,7168815.00,587685.00,7172655.00,76.7955,64.6506,spatial_block_4fold,3,1,,,0,296.515,301.008,4.49304
l9siberia_r59_c45,landsat9_siberia_fire,LC09_L2SP_158014_20260817_02_T1,LC09_L2SP_158014_20260817_02_T1,59,45,EPSG:32643,587685.00,7168815.00,591525.00,7172655.00,76.8758,64.6496,spatial_block_4fold,3,1,,,0,295.995,301.298,5.3038
l9siberia_r59_c46,landsat9_siberia_fire,LC09_L2SP_158014_20260817_02_T1,LC09_L2SP_158014_20260817_02_T1,59,46,EPSG:32643,591525.00,7168815.00,595365.00,7172655.00,76.9562,64.6486,spatial_block_4fold,3,1,,,0,296.434,302.469,6.03482
l9siberia_r60_c35,landsat9_siberia_fire,LC09_L2SP_158014_20260817_02_T1,LC09_L2SP_158014_20260817_02_T1,60,35,EPSG:32643,549285.00,7164975.00,553125.00,7168815.00,76.0708,64.6232,spatial_block_4fold,1,1,,,0,298.168,300.36,2.19238
l9siberia_r60_c36,landsat9_siberia_fire,LC09_L2SP_158014_20260817_02_T1,LC09_L2SP_158014_20260817_02_T1,60,36,EPSG:32643,553125.00,7164975.00,556965.00,7168815.00,76.1511,64.6226,spatial_block_4fold,1,1,,,0,298.399,302.189,3.78986
l9siberia_r60_c37,landsat9_siberia_fire,LC09_L2SP_158014_20260817_02_T1,LC09_L2SP_158014_20260817_02_T1,60,37,EPSG:32643,556965.00,7164975.00,560805.00,7168815.00,76.2314,64.622,spatial_block_4fold,1,1,,,1,298.594,307.269,8.67505
l9siberia_r60_c38,landsat9_siberia_fire,LC09_L2SP_158014_20260817_02_T1,LC09_L2SP_158014_20260817_02_T1,60,38,EPSG:32643,560805.00,7164975.00,564645.00,7168815.00,76.3117,64.6213,spatial_block_4fold,1,1,,,0,297.61,303.461,5.85132
l9siberia_r60_c39,landsat9_siberia_fire,LC09_L2SP_158014_20260817_02_T1,LC09_L2SP_158014_20260817_02_T1,60,39,EPSG:32643,564645.00,7164975.00,568485.00,7168815.00,76.3919,64.6205,spatial_block_4fold,1,1,,,0,296.409,302.62,6.21118
l9siberia_r60_c41,landsat9_siberia_fire,LC09_L2SP_158014_20260817_02_T1,LC09_L2SP_158014_20260817_02_T1,60,41,EPSG:32643,572325.00,7164975.00,576165.00,7168815.00,76.5525,64.6189,spatial_block_4fold,0,1,,,0,299.247,306.099,6.85275
l9siberia_r60_c42,landsat9_siberia_fire,LC09_L2SP_158014_20260817_02_T1,LC09_L2SP_158014_20260817_02_T1,60,42,EPSG:32643,576165.00,7164975.00,580005.00,7168815.00,76.6327,64.6181,spatial_block_4fold,0,1,,,0,298.846,302.77,3.92368
l9siberia_r60_c43,landsat9_siberia_fire,LC09_L2SP_158014_20260817_02_T1,LC09_L2SP_158014_20260817_02_T1,60,43,EPSG:32643,580005.00,7164975.00,583845.00,7168815.00,76.713,64.6172,spatial_block_4fold,0,1,,,0,297.742,302.267,4.52441
l9siberia_r60_c44,landsat9_siberia_fire,LC09_L2SP_158014_20260817_02_T1,LC09_L2SP_158014_20260817_02_T1,60,44,EPSG:32643,583845.00,7164975.00,587685.00,7168815.00,76.7932,64.6162,spatial_block_4fold,0,1,,,0,296.005,300.532,4.52655
l9siberia_r60_c45,landsat9_siberia_fire,LC09_L2SP_158014_20260817_02_T1,LC09_L2SP_158014_20260817_02_T1,60,45,EPSG:32643,587685.00,7164975.00,591525.00,7168815.00,76.8735,64.6152,spatial_block_4fold,0,1,,,0,297.401,301.434,4.03281
l9siberia_r60_c47,landsat9_siberia_fire,LC09_L2SP_158014_20260817_02_T1,LC09_L2SP_158014_20260817_02_T1,60,47,EPSG:32643,595365.00,7164975.00,599205.00,7168815.00,77.0339,64.6131,spatial_block_4fold,0,1,,,0,296.353,301.035,4.68216
l9siberia_r61_c38,landsat9_siberia_fire,LC09_L2SP_158014_20260817_02_T1,LC09_L2SP_158014_20260817_02_T1,61,38,EPSG:32643,560805.00,7161135.00,564645.00,7164975.00,76.31,64.5868,spatial_block_4fold,1,1,,,0,297.749,301.479,3.72986
l9siberia_r61_c41,landsat9_siberia_fire,LC09_L2SP_158014_20260817_02_T1,LC09_L2SP_158014_20260817_02_T1,61,41,EPSG:32643,572325.00,7161135.00,576165.00,7164975.00,76.5505,64.5845,spatial_block_4fold,0,1,,,0,300.289,304.519,4.23047
l9siberia_r61_c42,landsat9_siberia_fire,LC09_L2SP_158014_20260817_02_T1,LC09_L2SP_158014_20260817_02_T1,61,42,EPSG:32643,576165.00,7161135.00,580005.00,7164975.00,76.6307,64.5836,spatial_block_4fold,0,1,,,0,301.58,304.215,2.63516
l9siberia_r61_c44,landsat9_siberia_fire,LC09_L2SP_158014_20260817_02_T1,LC09_L2SP_158014_20260817_02_T1,61,44,EPSG:32643,583845.00,7161135.00,587685.00,7164975.00,76.791,64.5818,spatial_block_4fold,0,1,,,0,298.822,303.531,4.70892
l9siberia_r61_c45,landsat9_siberia_fire,LC09_L2SP_158014_20260817_02_T1,LC09_L2SP_158014_20260817_02_T1,61,45,EPSG:32643,587685.00,7161135.00,591525.00,7164975.00,76.8711,64.5808,spatial_block_4fold,0,1,,,0,298.312,302.572,4.26019
l9siberia_r61_c46,landsat9_siberia_fire,LC09_L2SP_158014_20260817_02_T1,LC09_L2SP_158014_20260817_02_T1,61,46,EPSG:32643,591525.00,7161135.00,595365.00,7164975.00,76.9512,64.5797,spatial_block_4fold,0,1,,,0,297.241,305.411,8.16953
l9siberia_r62_c41,landsat9_siberia_fire,LC09_L2SP_158014_20260817_02_T1,LC09_L2SP_158014_20260817_02_T1,62,41,EPSG:32643,572325.00,7157295.00,576165.00,7161135.00,76.5486,64.55,spatial_block_4fold,0,1,,,0,299.843,304.072,4.22928
l9siberia_r62_c42,landsat9_siberia_fire,LC09_L2SP_158014_20260817_02_T1,LC09_L2SP_158014_20260817_02_T1,62,42,EPSG:32643,576165.00,7157295.00,580005.00,7161135.00,76.6286,64.5492,spatial_block_4fold,0,1,,,0,300.646,303.55,2.90396
l9siberia_r62_c43,landsat9_siberia_fire,LC09_L2SP_158014_20260817_02_T1,LC09_L2SP_158014_20260817_02_T1,62,43,EPSG:32643,580005.00,7157295.00,583845.00,7161135.00,76.7087,64.5483,spatial_block_4fold,0,1,,,0,300.072,303.856,3.7836
l9siberia_r62_c44,landsat9_siberia_fire,LC09_L2SP_158014_20260817_02_T1,LC09_L2SP_158014_20260817_02_T1,62,44,EPSG:32643,583845.00,7157295.00,587685.00,7161135.00,76.7887,64.5473,spatial_block_4fold,0,1,,,0,297.287,303.729,6.44199
l9siberia_r62_c45,landsat9_siberia_fire,LC09_L2SP_158014_20260817_02_T1,LC09_L2SP_158014_20260817_02_T1,62,45,EPSG:32643,587685.00,7157295.00,591525.00,7161135.00,76.8687,64.5463,spatial_block_4fold,0,1,,,0,300.52,303.713,3.19318
l9siberia_r62_c46,landsat9_siberia_fire,LC09_L2SP_158014_20260817_02_T1,LC09_L2SP_158014_20260817_02_T1,62,46,EPSG:32643,591525.00,7157295.00,595365.00,7161135.00,76.9488,64.5453,spatial_block_4fold,0,1,,,0,298.437,302.47,4.03296
l9siberia_r63_c43,landsat9_siberia_fire,LC09_L2SP_158014_20260817_02_T1,LC09_L2SP_158014_20260817_02_T1,63,43,EPSG:32643,580005.00,7153455.00,583845.00,7157295.00,76.7065,64.5138,spatial_block_4fold,0,1,,,0,300.188,302.899,2.71082
l9siberia_r63_c44,landsat9_siberia_fire,LC09_L2SP_158014_20260817_02_T1,LC09_L2SP_158014_20260817_02_T1,63,44,EPSG:32643,583845.00,7153455.00,587685.00,7157295.00,76.7864,64.5129,spatial_block_4fold,0,1,,,0,299.388,303.53,4.14279
l9siberia_r63_c45,landsat9_siberia_fire,LC09_L2SP_158014_20260817_02_T1,LC09_L2SP_158014_20260817_02_T1,63,45,EPSG:32643,587685.00,7153455.00,591525.00,7157295.00,76.8664,64.5119,spatial_block_4fold,0,1,,,0,299.312,303.534,4.22165
l9siberia_r63_c46,landsat9_siberia_fire,LC09_L2SP_158014_20260817_02_T1,LC09_L2SP_158014_20260817_02_T1,63,46,EPSG:32643,591525.00,7153455.00,595365.00,7157295.00,76.9463,64.5109,spatial_block_4fold,0,1,,,0,299.665,307.297,7.63159
