patch_id,row,col,crs,x_min,y_min,x_max,y_max,center_lon,center_lat,fold,n_fire_px,y_fire,thermal_min_K,thermal_median_K,thermal_max_K,thermal_mean_K,thermal_std_K,thermal_contrast_K,oof_rgb,oof_thermal,oof_both,scene
l9siberia_r01_c19,1,19,EPSG:32643,487845.00,7391535.00,491685.00,7395375.00,74.7685,66.6596,0,0,0,295.233,299.787,302.225,299.675,0.944871,2.43832,0.0724389,0.0641416,0.0014197,LC09_L2SP_158014_20260817_02_T1
l9siberia_r01_c20,1,20,EPSG:32643,491685.00,7391535.00,495525.00,7395375.00,74.8554,66.6597,3,0,0,296.324,299.966,301.771,299.962,0.772196,1.80444,0.197528,0.0754892,0.0336737,LC09_L2SP_158014_20260817_02_T1
l9siberia_r02_c18,2,18,EPSG:32643,484005.00,7387695.00,487845.00,7391535.00,74.6821,66.625,0,0,0,296.755,299.343,300.823,299.328,0.594508,1.4798,0.215579,0.0748782,0.0107806,LC09_L2SP_158014_20260817_02_T1
l9siberia_r02_c19,2,19,EPSG:32643,487845.00,7387695.00,491685.00,7391535.00,74.7688,66.6252,0,0,0,296.967,300.516,302.93,300.591,0.849729,2.41406,0.0714852,0.0534903,0.00359146,LC09_L2SP_158014_20260817_02_T1
l9siberia_r02_c20,2,20,EPSG:32643,491685.00,7387695.00,495525.00,7391535.00,74.8556,66.6253,3,0,0,299.364,301.551,303.76,301.554,0.79051,2.20947,0.148672,0.108897,0.0791438,LC09_L2SP_158014_20260817_02_T1
l9siberia_r02_c21,2,21,EPSG:32643,495525.00,7387695.00,499365.00,7391535.00,74.9423,66.6253,3,0,0,296.371,301.028,303.638,301.073,0.78608,2.61005,0.103456,0.0908402,0.051672,LC09_L2SP_158014_20260817_02_T1
l9siberia_r02_c22,2,22,EPSG:32643,499365.00,7387695.00,503205.00,7391535.00,75.029,66.6253,3,0,0,291.251,300.505,302.967,299.895,2.19278,2.46204,0.112253,0.11941,0.0637664,LC09_L2SP_158014_20260817_02_T1
l9siberia_r03_c18,3,18,EPSG:32643,484005.00,7383855.00,487845.00,7387695.00,74.6825,66.5906,0,0,0,293.281,298.619,300.828,298.343,1.12288,2.20856,0.138463,0.0999313,0.0399707,LC09_L2SP_158014_20260817_02_T1
l9siberia_r03_c19,3,19,EPSG:32643,487845.00,7383855.00,491685.00,7387695.00,74.7691,66.5907,0,0,0,293.079,300.022,302.969,300.052,1.21939,2.94727,0.0831789,0.0722063,0.0256244,LC09_L2SP_158014_20260817_02_T1
l9siberia_r03_c20,3,20,EPSG:32643,491685.00,7383855.00,495525.00,7387695.00,74.8558,66.5908,3,0,0,297.735,302.05,304.373,301.985,0.897613,2.32306,0.118041,0.184278,0.111071,LC09_L2SP_158014_20260817_02_T1
l9siberia_r03_c21,3,21,EPSG:32643,495525.00,7383855.00,499365.00,7387695.00,74.9424,66.5909,3,0,0,295.201,301.435,303.596,301.384,0.994897,2.16147,0.0996748,0.11746,0.0851986,LC09_L2SP_158014_20260817_02_T1
l9siberia_r03_c22,3,22,EPSG:32643,499365.00,7383855.00,503205.00,7387695.00,75.029,66.5909,3,0,0,296.241,300.755,302.943,300.232,1.47026,2.18802,0.0984229,0.0939057,0.0415798,LC09_L2SP_158014_20260817_02_T1
l9siberia_r03_c23,3,23,EPSG:32643,503205.00,7383855.00,507045.00,7387695.00,75.1156,66.5908,3,0,0,290.885,300.806,303.128,300.275,2.01572,2.32156,0.120424,0.0892276,0.048855,LC09_L2SP_158014_20260817_02_T1
l9siberia_r03_c24,3,24,EPSG:32643,507045.00,7383855.00,510885.00,7387695.00,75.2022,66.5908,3,0,0,291.817,300.911,303.523,300.886,1.31641,2.61234,0.107055,0.14165,0.0790179,LC09_L2SP_158014_20260817_02_T1
l9siberia_r03_c25,3,25,EPSG:32643,510885.00,7383855.00,514725.00,7387695.00,75.2888,66.5906,3,0,0,297.037,301.112,303.582,301.196,0.771567,2.4696,0.105681,0.0879464,0.0540937,LC09_L2SP_158014_20260817_02_T1
l9siberia_r04_c18,4,18,EPSG:32643,484005.00,7380015.00,487845.00,7383855.00,74.683,66.5561,0,0,0,292.581,300.093,302.166,300.082,0.940651,2.07275,0.0660944,0.0603391,0.0123718,LC09_L2SP_158014_20260817_02_T1
l9siberia_r04_c19,4,19,EPSG:32643,487845.00,7380015.00,491685.00,7383855.00,74.7695,66.5563,0,0,0,292.8,300.267,302.768,300.183,1.04455,2.50046,0.204451,0.074776,0.237761,LC09_L2SP_158014_20260817_02_T1
l9siberia_r04_c20,4,20,EPSG:32643,491685.00,7380015.00,495525.00,7383855.00,74.856,66.5564,3,0,0,298.193,301.415,303.335,301.398,0.861584,1.92026,0.177774,0.0986054,0.154728,LC09_L2SP_158014_20260817_02_T1
l9siberia_r04_c21,4,21,EPSG:32643,495525.00,7380015.00,499365.00,7383855.00,74.9424,66.5564,3,0,0,294.066,301.512,303.721,301.216,1.43495,2.2092,0.0936164,0.181426,0.070217,LC09_L2SP_158014_20260817_02_T1
l9siberia_r04_c22,4,22,EPSG:32643,499365.00,7380015.00,503205.00,7383855.00,75.0289,66.5564,3,0,0,299.229,301.428,304.695,301.43,0.877799,3.26675,0.101481,0.149807,0.0978513,LC09_L2SP_158014_20260817_02_T1
l9siberia_r04_c23,4,23,EPSG:32643,503205.00,7380015.00,507045.00,7383855.00,75.1154,66.5564,3,0,0,291.125,300.732,302.504,300.163,1.93739,1.77225,0.12483,0.0899053,0.0584059,LC09_L2SP_158014_20260817_02_T1
l9siberia_r04_c24,4,24,EPSG:32643,507045.00,7380015.00,510885.00,7383855.00,75.2019,66.5563,3,0,0,292.137,300.393,302.272,300.083,1.33682,1.87866,0.100336,0.0904549,0.0452862,LC09_L2SP_158014_20260817_02_T1
l9siberia_r04_c25,4,25,EPSG:32643,510885.00,7380015.00,514725.00,7383855.00,75.2884,66.5562,3,0,0,291.614,300.416,302.201,300.219,1.35575,1.78476,0.098828,0.078675,0.0303048,LC09_L2SP_158014_20260817_02_T1
l9siberia_r04_c26,4,26,EPSG:32643,514725.00,7380015.00,518565.00,7383855.00,75.3749,66.556,3,0,0,297.128,300.935,302.175,300.895,0.622117,1.23932,0.106797,0.0663851,0.0528233,LC09_L2SP_158014_20260817_02_T1
l9siberia_r04_c27,4,27,EPSG:32643,518565.00,7380015.00,522405.00,7383855.00,75.4614,66.5558,3,0,0,299.088,301.688,305.82,302.104,1.3372,4.13269,0.188481,0.404552,0.321662,LC09_L2SP_158014_20260817_02_T1
l9siberia_r04_c28,4,28,EPSG:32643,522405.00,7380015.00,526245.00,7383855.00,75.5479,66.5555,3,0,0,298.44,304.551,306.804,304.404,1.2682,2.25299,0.272664,0.880349,0.735992,LC09_L2SP_158014_20260817_02_T1
l9siberia_r05_c17,5,17,EPSG:32643,480165.00,7376175.00,484005.00,7380015.00,74.597,66.5215,0,0,0,297.157,300.295,303.874,300.303,0.884793,3.57962,0.121335,0.058789,0.00669671,LC09_L2SP_158014_20260817_02_T1
l9siberia_r05_c18,5,18,EPSG:32643,484005.00,7376175.00,487845.00,7380015.00,74.6834,66.5217,0,0,0,297.27,302.044,304.556,302.015,1.37329,2.51224,0.17263,0.194022,0.26314,LC09_L2SP_158014_20260817_02_T1
l9siberia_r05_c19,5,19,EPSG:32643,487845.00,7376175.00,491685.00,7380015.00,74.7698,66.5218,0,5,1,298.077,303.038,306.347,302.919,1.37502,3.30884,0.112567,0.355443,0.247986,LC09_L2SP_158014_20260817_02_T1
l9siberia_r05_c20,5,20,EPSG:32643,491685.00,7376175.00,495525.00,7380015.00,74.8562,66.5219,3,0,0,298.753,301.718,304.68,301.601,0.868498,2.96179,0.247645,0.106427,0.251859,LC09_L2SP_158014_20260817_02_T1
l9siberia_r05_c21,5,21,EPSG:32643,495525.00,7376175.00,499365.00,7380015.00,74.9425,66.522,3,0,0,298.057,301.116,303.754,301.005,1.08145,2.63751,0.313566,0.145156,0.354841,LC09_L2SP_158014_20260817_02_T1
l9siberia_r05_c22,5,22,EPSG:32643,499365.00,7376175.00,503205.00,7380015.00,75.0289,66.522,3,0,0,298.322,301.127,304.131,301.201,0.961251,3.00378,0.107656,0.113126,0.0715897,LC09_L2SP_158014_20260817_02_T1
l9siberia_r05_c23,5,23,EPSG:32643,503205.00,7376175.00,507045.00,7380015.00,75.1153,66.522,3,0,0,296.184,301.489,303.87,301.418,0.865787,2.38171,0.119903,0.096471,0.0790096,LC09_L2SP_158014_20260817_02_T1
l9siberia_r05_c24,5,24,EPSG:32643,507045.00,7376175.00,510885.00,7380015.00,75.2017,66.5219,3,0,0,290.873,300.691,302.466,299.959,2.38787,1.77454,0.12245,0.0781654,0.0298764,LC09_L2SP_158014_20260817_02_T1
l9siberia_r05_c25,5,25,EPSG:32643,510885.00,7376175.00,514725.00,7380015.00,75.288,66.5217,3,0,0,292.767,300.734,302.48,300.431,1.19288,1.74567,0.10876,0.0988623,0.0363266,LC09_L2SP_158014_20260817_02_T1
l9siberia_r05_c26,5,26,EPSG:32643,514725.00,7376175.00,518565.00,7380015.00,75.3744,66.5215,3,0,0,294.136,300.995,302.825,300.89,0.724603,1.83008,0.0852545,0.0804633,0.0625033,LC09_L2SP_158014_20260817_02_T1
l9siberia_r05_c27,5,27,EPSG:32643,518565.00,7376175.00,522405.00,7380015.00,75.4608,66.5213,3,0,0,297.891,301.497,302.964,301.408,0.745875,1.46719,0.130527,0.0927968,0.0763188,LC09_L2SP_158014_20260817_02_T1
l9siberia_r05_c28,5,28,EPSG:32643,522405.00,7376175.00,526245.00,7380015.00,75.5471,66.521,3,0,0,296.192,301.871,305.175,301.74,0.8215,3.3042,0.192205,0.196396,0.167469,LC09_L2SP_158014_20260817_02_T1
l9siberia_r05_c29,5,29,EPSG:32643,526245.00,7376175.00,530085.00,7380015.00,75.6335,66.5207,3,0,0,292.83,302.23,304.957,301.589,2.26238,2.72632,0.112089,0.510402,0.338815,LC09_L2SP_158014_20260817_02_T1
l9siberia_r05_c30,5,30,EPSG:32643,530085.00,7376175.00,533925.00,7380015.00,75.7199,66.5203,0,0,0,291.65,299.444,303.627,299.143,2.83312,4.18311,0.413232,0.342252,0.388315,LC09_L2SP_158014_20260817_02_T1
l9siberia_r06_c17,6,17,EPSG:32643,480165.00,7372335.00,484005.00,7376175.00,74.5976,66.487,0,0,0,296.383,300.066,305.242,299.94,1.46245,5.1756,0.420259,0.192423,0.508344,LC09_L2SP_158014_20260817_02_T1
l9siberia_r06_c18,6,18,EPSG:32643,484005.00,7372335.00,487845.00,7376175.00,74.6838,66.4872,0,0,0,297.221,303.231,306.967,303.153,1.57014,3.73593,0.093281,0.470148,0.285508,LC09_L2SP_158014_20260817_02_T1
l9siberia_r06_c19,6,19,EPSG:32643,487845.00,7372335.00,491685.00,7376175.00,74.7701,66.4874,0,0,0,295.117,303.242,305.14,302.927,1.23008,1.89758,0.100809,0.350995,0.288873,LC09_L2SP_158014_20260817_02_T1
l9siberia_r06_c20,6,20,EPSG:32643,491685.00,7372335.00,495525.00,7376175.00,74.8564,66.4875,3,0,0,298.581,301.519,304.726,301.518,1.09541,3.2066,0.165181,0.182694,0.11887,LC09_L2SP_158014_20260817_02_T1
l9siberia_r06_c21,6,21,EPSG:32643,495525.00,7372335.00,499365.00,7376175.00,74.9426,66.4875,3,0,0,297.711,299.487,301.972,299.559,0.690879,2.48489,0.242741,0.102604,0.181692,LC09_L2SP_158014_20260817_02_T1
l9siberia_r06_c22,6,22,EPSG:32643,499365.00,7372335.00,503205.00,7376175.00,75.0289,66.4875,3,0,0,294,299.04,300.762,298.995,0.706784,1.72214,0.390184,0.126683,0.116236,LC09_L2SP_158014_20260817_02_T1
l9siberia_r06_c23,6,23,EPSG:32643,503205.00,7372335.00,507045.00,7376175.00,75.1151,66.4875,3,0,0,296.277,300.494,303.117,300.545,0.961158,2.62274,0.124445,0.0822893,0.0644705,LC09_L2SP_158014_20260817_02_T1
l9siberia_r06_c24,6,24,EPSG:32643,507045.00,7372335.00,510885.00,7376175.00,75.2014,66.4874,3,0,0,294.808,300.976,302.801,300.948,0.65249,1.82523,0.120274,0.0696599,0.0335816,LC09_L2SP_158014_20260817_02_T1
l9siberia_r06_c25,6,25,EPSG:32643,510885.00,7372335.00,514725.00,7376175.00,75.2876,66.4873,3,0,0,291.366,300.803,302.743,300.008,2.33546,1.93985,0.116414,0.156261,0.09445,LC09_L2SP_158014_20260817_02_T1
l9siberia_r06_c26,6,26,EPSG:32643,514725.00,7372335.00,518565.00,7376175.00,75.3739,66.4871,3,0,0,291.672,301.127,302.71,300.645,1.73158,1.58282,0.127628,0.180488,0.114196,LC09_L2SP_158014_20260817_02_T1
l9siberia_r06_c27,6,27,EPSG:32643,518565.00,7372335.00,522405.00,7376175.00,75.4601,66.4869,3,0,0,296.478,301.075,302.58,300.975,0.697312,1.50507,0.120538,0.0782437,0.0758784,LC09_L2SP_158014_20260817_02_T1
l9siberia_r06_c28,6,28,EPSG:32643,522405.00,7372335.00,526245.00,7376175.00,75.5464,66.4866,3,0,0,293.524,301.177,303.111,300.801,1.52091,1.9346,0.106314,0.174658,0.0780293,LC09_L2SP_158014_20260817_02_T1
l9siberia_r06_c29,6,29,EPSG:32643,526245.00,7372335.00,530085.00,7376175.00,75.6326,66.4863,3,0,0,292.478,301.37,303.254,300.67,1.84268,1.88422,0.0756224,0.172415,0.0629081,LC09_L2SP_158014_20260817_02_T1
l9siberia_r06_c30,6,30,EPSG:32643,530085.00,7372335.00,533925.00,7376175.00,75.7189,66.4859,0,0,0,295.36,301.038,302.976,300.71,1.52345,1.9386,0.110815,0.123048,0.0361011,LC09_L2SP_158014_20260817_02_T1
l9siberia_r06_c31,6,31,EPSG:32643,533925.00,7372335.00,537765.00,7376175.00,75.8051,66.4855,0,0,0,295.949,301.84,304.208,301.652,1.03531,2.36819,0.182037,0.107493,0.0592446,LC09_L2SP_158014_20260817_02_T1
l9siberia_r06_c32,6,32,EPSG:32643,537765.00,7372335.00,541605.00,7376175.00,75.8914,66.485,0,0,0,300.04,305.286,308.621,304.804,2.19985,3.33441,0.0673789,0.833896,0.776801,LC09_L2SP_158014_20260817_02_T1
l9siberia_r06_c33,6,33,EPSG:32643,541605.00,7372335.00,545445.00,7376175.00,75.9776,66.4845,0,436,1,289.18,304.264,344.604,305.661,4.54949,40.3393,0.653781,0.999192,0.999901,LC09_L2SP_158014_20260817_02_T1
l9siberia_r07_c16,7,16,EPSG:32643,476325.00,7368495.00,480165.00,7372335.00,74.512,66.4523,0,0,0,291.833,300.483,302.702,300.301,1.52542,2.21924,0.0399763,0.0624133,0.036024,LC09_L2SP_158014_20260817_02_T1
l9siberia_r07_c17,7,17,EPSG:32643,480165.00,7368495.00,484005.00,7372335.00,74.5981,66.4526,0,0,0,296.845,300.365,302.054,300.208,0.863114,1.68884,0.102197,0.0546193,0.0306675,LC09_L2SP_158014_20260817_02_T1
l9siberia_r07_c18,7,18,EPSG:32643,484005.00,7368495.00,487845.00,7372335.00,74.6843,66.4528,0,0,0,296.821,304.896,307.198,303.944,2.55125,2.30167,0.255862,0.767687,0.536207,LC09_L2SP_158014_20260817_02_T1
l9siberia_r07_c19,7,19,EPSG:32643,487845.00,7368495.00,491685.00,7372335.00,74.7704,66.4529,0,0,0,299.161,303.89,306.535,303.296,1.81087,2.64444,0.100847,0.596547,0.457449,LC09_L2SP_158014_20260817_02_T1
l9siberia_r07_c20,7,20,EPSG:32643,491685.00,7368495.00,495525.00,7372335.00,74.8565,66.453,3,0,0,298.431,300.248,305.291,300.213,0.755525,5.04358,0.137593,0.094403,0.0759218,LC09_L2SP_158014_20260817_02_T1
l9siberia_r07_c21,7,21,EPSG:32643,495525.00,7368495.00,499365.00,7372335.00,74.9427,66.4531,3,0,0,291.966,299.8,301.193,299.664,0.889979,1.39227,0.11516,0.0860335,0.0404361,LC09_L2SP_158014_20260817_02_T1
l9siberia_r07_c22,7,22,EPSG:32643,499365.00,7368495.00,503205.00,7372335.00,75.0288,66.4531,3,0,0,291.249,298.661,300.762,298.727,0.957122,2.10098,0.389271,0.128224,0.223859,LC09_L2SP_158014_20260817_02_T1
l9siberia_r07_c23,7,23,EPSG:32643,503205.00,7368495.00,507045.00,7372335.00,75.115,66.4531,3,0,0,298.002,299.255,301.543,299.396,0.685411,2.28815,0.480775,0.104799,0.231085,LC09_L2SP_158014_20260817_02_T1
l9siberia_r07_c24,7,24,EPSG:32643,507045.00,7368495.00,510885.00,7372335.00,75.2011,66.453,3,0,0,296.922,300.851,302.889,300.847,0.888682,2.0379,0.158416,0.0753052,0.0420875,LC09_L2SP_158014_20260817_02_T1
l9siberia_r07_c25,7,25,EPSG:32643,510885.00,7368495.00,514725.00,7372335.00,75.2872,66.4528,3,0,0,291.806,300.973,302.291,300.544,1.63523,1.31787,0.108331,0.142509,0.0684809,LC09_L2SP_158014_20260817_02_T1
l9siberia_r07_c26,7,26,EPSG:32643,514725.00,7368495.00,518565.00,7372335.00,75.3734,66.4527,3,0,0,293.029,301.612,303.373,301.618,0.887647,1.76083,0.0973584,0.12639,0.0934995,LC09_L2SP_158014_20260817_02_T1
l9siberia_r07_c27,7,27,EPSG:32643,518565.00,7368495.00,522405.00,7372335.00,75.4595,66.4524,3,0,0,292.46,301.575,303.533,301.29,1.42914,1.95764,0.112504,0.110977,0.0848641,LC09_L2SP_158014_20260817_02_T1
l9siberia_r07_c28,7,28,EPSG:32643,522405.00,7368495.00,526245.00,7372335.00,75.5456,66.4521,3,0,0,292.459,300.752,303.18,300.342,1.74626,2.42743,0.0772713,0.129377,0.062805,LC09_L2SP_158014_20260817_02_T1
l9siberia_r07_c29,7,29,EPSG:32643,526245.00,7368495.00,530085.00,7372335.00,75.6318,66.4518,3,0,0,291.878,300.174,302.534,299.378,2.10176,2.35974,0.0626524,0.172766,0.0904431,LC09_L2SP_158014_20260817_02_T1
l9siberia_r07_c30,7,30,EPSG:32643,530085.00,7368495.00,533925.00,7372335.00,75.7179,66.4514,0,0,0,294.349,301.256,303.591,301.052,1.08391,2.3353,0.0977418,0.0644226,0.00757464,LC09_L2SP_158014_20260817_02_T1
l9siberia_r07_c31,7,31,EPSG:32643,533925.00,7368495.00,537765.00,7372335.00,75.804,66.451,0,0,0,298.022,301.125,304.397,301.086,0.980928,3.27274,0.13173,0.105578,0.0555441,LC09_L2SP_158014_20260817_02_T1
l9siberia_r07_c32,7,32,EPSG:32643,537765.00,7368495.00,541605.00,7372335.00,75.8901,66.4506,0,0,0,298.798,302.015,307.409,302.146,1.48353,5.39426,0.260557,0.235414,0.104216,LC09_L2SP_158014_20260817_02_T1
l9siberia_r07_c33,7,33,EPSG:32643,541605.00,7368495.00,545445.00,7372335.00,75.9763,66.45,0,199,1,299.985,302.197,341.93,303.019,3.47243,39.7323,0.212836,0.942686,0.925752,LC09_L2SP_158014_20260817_02_T1
l9siberia_r07_c34,7,34,EPSG:32643,545445.00,7368495.00,549285.00,7372335.00,76.0624,66.4495,0,81,1,298.661,301.928,325.276,302.377,2.44565,23.3482,0.0416559,0.63527,0.425968,LC09_L2SP_158014_20260817_02_T1
l9siberia_r07_c35,7,35,EPSG:32643,549285.00,7368495.00,553125.00,7372335.00,76.1485,66.4489,0,72,1,293.712,301.041,317.27,300.874,1.79636,16.2283,0.0485226,0.27553,0.0370508,LC09_L2SP_158014_20260817_02_T1
l9siberia_r07_c36,7,36,EPSG:32643,553125.00,7368495.00,556965.00,7372335.00,76.2346,66.4482,0,0,0,295.859,300.36,305.744,300.77,1.73018,5.38318,0.25831,0.217024,0.071614,LC09_L2SP_158014_20260817_02_T1
l9siberia_r08_c16,8,16,EPSG:32643,476325.00,7364655.00,480165.00,7368495.00,74.5127,66.4179,0,0,0,295.349,300.872,302.849,300.783,0.814727,1.97778,0.0398745,0.0518104,0.0190793,LC09_L2SP_158014_20260817_02_T1
l9siberia_r08_c17,8,17,EPSG:32643,480165.00,7364655.00,484005.00,7368495.00,74.5987,66.4181,0,0,0,293.733,300.158,303.357,299.595,1.90545,3.19916,0.160841,0.101646,0.119001,LC09_L2SP_158014_20260817_02_T1
l9siberia_r08_c18,8,18,EPSG:32643,484005.00,7364655.00,487845.00,7368495.00,74.6847,66.4183,0,0,0,295.251,298.994,306.786,299.674,2.41015,7.79172,0.343104,0.350225,0.269386,LC09_L2SP_158014_20260817_02_T1
l9siberia_r08_c19,8,19,EPSG:32643,487845.00,7364655.00,491685.00,7368495.00,74.7707,66.4185,0,0,0,293.093,300.375,303.559,300.197,1.72978,3.18372,0.17365,0.116552,0.0849981,LC09_L2SP_158014_20260817_02_T1
l9siberia_r08_c20,8,20,EPSG:32643,491685.00,7364655.00,495525.00,7368495.00,74.8567,66.4186,3,0,0,292.736,299.604,301.743,299.533,1.01806,2.13895,0.203684,0.102318,0.142904,LC09_L2SP_158014_20260817_02_T1
l9siberia_r08_c21,8,21,EPSG:32643,495525.00,7364655.00,499365.00,7368495.00,74.9428,66.4186,3,0,0,295.37,299.242,301.5,299.181,0.784824,2.25723,0.339374,0.107985,0.270463,LC09_L2SP_158014_20260817_02_T1
l9siberia_r08_c22,8,22,EPSG:32643,499365.00,7364655.00,503205.00,7368495.00,75.0288,66.4186,3,0,0,296.387,299.86,302.48,299.818,0.804962,2.61978,0.47026,0.0836821,0.214086,LC09_L2SP_158014_20260817_02_T1
l9siberia_r08_c23,8,23,EPSG:32643,503205.00,7364655.00,507045.00,7368495.00,75.1148,66.4186,3,0,0,293.621,299.057,301.663,299.053,0.776906,2.60608,0.629567,0.110011,0.362205,LC09_L2SP_158014_20260817_02_T1
l9siberia_r08_c24,8,24,EPSG:32643,507045.00,7364655.00,510885.00,7368495.00,75.2008,66.4185,3,0,0,290.684,298.345,300.602,297.867,1.71621,2.25766,0.802321,0.142277,0.630119,LC09_L2SP_158014_20260817_02_T1
l9siberia_r08_c25,8,25,EPSG:32643,510885.00,7364655.00,514725.00,7368495.00,75.2868,66.4184,3,0,0,292.375,300.829,302.865,300.469,1.52162,2.03604,0.146264,0.136624,0.0753521,LC09_L2SP_158014_20260817_02_T1
l9siberia_r08_c26,8,26,EPSG:32643,514725.00,7364655.00,518565.00,7368495.00,75.3729,66.4182,3,0,0,292.063,301.851,303.526,301.355,1.80363,1.67426,0.0919714,0.21547,0.0969623,LC09_L2SP_158014_20260817_02_T1
l9siberia_r08_c27,8,27,EPSG:32643,518565.00,7364655.00,522405.00,7368495.00,75.4589,66.418,3,0,0,291.935,300.416,303.69,299.92,2.06649,3.27454,0.0458709,0.232451,0.0482183,LC09_L2SP_158014_20260817_02_T1
l9siberia_r08_c28,8,28,EPSG:32643,522405.00,7364655.00,526245.00,7368495.00,75.5449,66.4177,3,0,0,291.898,300.466,303.023,299.98,1.607,2.55679,0.0581711,0.100209,0.0451448,LC09_L2SP_158014_20260817_02_T1
l9siberia_r08_c29,8,29,EPSG:32643,526245.00,7364655.00,530085.00,7368495.00,75.6309,66.4174,3,0,0,292.293,300.199,302.439,299.977,1.22438,2.24002,0.0931619,0.104767,0.0478847,LC09_L2SP_158014_20260817_02_T1
l9siberia_r08_c30,8,30,EPSG:32643,530085.00,7364655.00,533925.00,7368495.00,75.7169,66.417,0,0,0,297.817,300.32,303.812,300.37,0.969375,3.49176,0.11842,0.0596956,0.01759,LC09_L2SP_158014_20260817_02_T1
l9siberia_r08_c31,8,31,EPSG:32643,533925.00,7364655.00,537765.00,7368495.00,75.8029,66.4166,0,0,0,297.566,301.175,303.643,300.997,0.962909,2.46799,0.073912,0.069438,0.0179344,LC09_L2SP_158014_20260817_02_T1
l9siberia_r08_c32,8,32,EPSG:32643,537765.00,7364655.00,541605.00,7368495.00,75.8889,66.4161,0,0,0,296.047,300.935,302.788,300.864,0.755569,1.85312,0.0694111,0.0477693,0.0130134,LC09_L2SP_158014_20260817_02_T1
l9siberia_r08_c33,8,33,EPSG:32643,541605.00,7364655.00,545445.00,7368495.00,75.9749,66.4156,0,0,0,292.63,300.252,302.344,300.18,1.12834,2.09274,0.0538732,0.0660857,0.0116121,LC09_L2SP_158014_20260817_02_T1
l9siberia_r08_c34,8,34,EPSG:32643,545445.00,7364655.00,549285.00,7368495.00,76.0609,66.415,0,0,0,292.088,300.355,303.158,300.119,1.56406,2.80301,0.0469728,0.0663564,0.00695329,LC09_L2SP_158014_20260817_02_T1
l9siberia_r08_c35,8,35,EPSG:32643,549285.00,7364655.00,553125.00,7368495.00,76.1469,66.4144,0,0,0,294.656,301.001,303.04,300.862,1.09526,2.03958,0.132395,0.0712659,0.0176999,LC09_L2SP_158014_20260817_02_T1
l9siberia_r08_c36,8,36,EPSG:32643,553125.00,7364655.00,556965.00,7368495.00,76.2329,66.4138,0,0,0,294.784,300.023,302.687,299.962,0.967448,2.66364,0.0448389,0.0767202,0.00889169,LC09_L2SP_158014_20260817_02_T1
l9siberia_r08_c37,8,37,EPSG:32643,556965.00,7364655.00,560805.00,7368495.00,76.3189,66.4131,0,0,0,291.594,299.163,303.408,298.984,1.97134,4.24478,0.181749,0.135508,0.0275269,LC09_L2SP_158014_20260817_02_T1
l9siberia_r08_c38,8,38,EPSG:32643,560805.00,7364655.00,564645.00,7368495.00,76.4048,66.4123,0,0,0,297.271,301.419,306.867,301.531,1.49182,5.44882,0.511993,0.187463,0.144571,LC09_L2SP_158014_20260817_02_T1
l9siberia_r09_c16,9,16,EPSG:32643,476325.00,7360815.00,480165.00,7364655.00,74.5134,66.3834,0,0,0,291.349,300.093,304.648,299.512,2.2702,4.55515,0.418993,0.201766,0.300159,LC09_L2SP_158014_20260817_02_T1
l9siberia_r09_c17,9,17,EPSG:32643,480165.00,7360815.00,484005.00,7364655.00,74.5992,66.3837,0,0,0,293.52,300.701,304.466,300.417,1.93505,3.76514,0.4903,0.243822,0.622124,LC09_L2SP_158014_20260817_02_T1
l9siberia_r09_c18,9,18,EPSG:32643,484005.00,7360815.00,487845.00,7364655.00,74.6851,66.3839,0,0,0,293.661,300.762,304.342,300.494,2.08831,3.57993,0.321157,0.266006,0.251104,LC09_L2SP_158014_20260817_02_T1
l9siberia_r09_c19,9,19,EPSG:32643,487845.00,7360815.00,491685.00,7364655.00,74.771,66.384,0,0,0,294.708,300.829,303.892,300.188,1.9492,3.06314,0.277527,0.107434,0.0438182,LC09_L2SP_158014_20260817_02_T1
l9siberia_r09_c20,9,20,EPSG:32643,491685.00,7360815.00,495525.00,7364655.00,74.8569,66.3841,3,0,0,293.985,300.497,304.161,300.113,1.90833,3.66367,0.169405,0.154825,0.0713075,LC09_L2SP_158014_20260817_02_T1
l9siberia_r09_c21,9,21,EPSG:32643,495525.00,7360815.00,499365.00,7364655.00,74.9428,66.3842,3,0,0,296.414,300.392,302.52,300.084,1.15932,2.12823,0.324287,0.0675217,0.141034,LC09_L2SP_158014_20260817_02_T1
l9siberia_r09_c22,9,22,EPSG:32643,499365.00,7360815.00,503205.00,7364655.00,75.0287,66.3842,3,0,0,295.003,299.537,302.693,299.498,0.927411,3.15643,0.616553,0.0997708,0.478421,LC09_L2SP_158014_20260817_02_T1
l9siberia_r09_c23,9,23,EPSG:32643,503205.00,7360815.00,507045.00,7364655.00,75.1146,66.3842,3,0,0,290.642,299.634,302.426,299,2.35941,2.7919,0.677074,0.100807,0.371662,LC09_L2SP_158014_20260817_02_T1
l9siberia_r09_c24,9,24,EPSG:32643,507045.00,7360815.00,510885.00,7364655.00,75.2005,66.3841,3,336,1,290.778,298.455,349.109,299.041,4.05995,50.6544,0.696562,0.976033,0.973994,LC09_L2SP_158014_20260817_02_T1
l9siberia_r09_c25,9,25,EPSG:32643,510885.00,7360815.00,514725.00,7364655.00,75.2864,66.3839,3,244,1,290.716,298.687,345.633,299.126,3.83575,46.9468,0.73651,0.974378,0.968264,LC09_L2SP_158014_20260817_02_T1
l9siberia_r09_c26,9,26,EPSG:32643,514725.00,7360815.00,518565.00,7364655.00,75.3723,66.3838,3,80,1,291.217,300.134,316.176,299.081,3.13499,16.0413,0.0460638,0.551745,0.277789,LC09_L2SP_158014_20260817_02_T1
l9siberia_r09_c27,9,27,EPSG:32643,518565.00,7360815.00,522405.00,7364655.00,75.4582,66.3835,3,0,0,291.141,300.029,302.364,299.34,2.36797,2.3353,0.035549,0.178962,0.0369305,LC09_L2SP_158014_20260817_02_T1
l9siberia_r09_c28,9,28,EPSG:32643,522405.00,7360815.00,526245.00,7364655.00,75.5441,66.3832,3,0,0,292.031,300.574,302.924,300.275,1.35586,2.34955,0.0666197,0.0991392,0.0389078,LC09_L2SP_158014_20260817_02_T1
l9siberia_r09_c29,9,29,EPSG:32643,526245.00,7360815.00,530085.00,7364655.00,75.63,66.3829,3,0,0,292.978,299.659,303.267,299.435,1.28382,3.60815,0.0788841,0.0981837,0.0498329,LC09_L2SP_158014_20260817_02_T1
l9siberia_r09_c30,9,30,EPSG:32643,530085.00,7360815.00,533925.00,7364655.00,75.7159,66.3826,0,0,0,294.051,301.16,303.551,301.127,0.878592,2.39029,0.170058,0.0524533,0.0386734,LC09_L2SP_158014_20260817_02_T1
l9siberia_r09_c31,9,31,EPSG:32643,533925.00,7360815.00,537765.00,7364655.00,75.8018,66.3821,0,0,0,298.171,301.897,304.678,302.01,1.16165,2.78183,0.187328,0.115129,0.0225424,LC09_L2SP_158014_20260817_02_T1
l9siberia_r09_c32,9,32,EPSG:32643,537765.00,7360815.00,541605.00,7364655.00,75.8877,66.3817,0,0,0,297.71,301.105,303.481,301.039,0.836827,2.37604,0.0870711,0.0606315,0.0107848,LC09_L2SP_158014_20260817_02_T1
l9siberia_r09_c33,9,33,EPSG:32643,541605.00,7360815.00,545445.00,7364655.00,75.9736,66.3812,0,0,0,291.652,299.777,302.689,299.577,1.39316,2.91223,0.0999538,0.0706136,0.017459,LC09_L2SP_158014_20260817_02_T1
l9siberia_r09_c34,9,34,EPSG:32643,545445.00,7360815.00,549285.00,7364655.00,76.0594,66.3806,0,0,0,292.075,299.611,304.11,299.503,1.58783,4.49878,0.0769517,0.109131,0.008531,LC09_L2SP_158014_20260817_02_T1
l9siberia_r09_c35,9,35,EPSG:32643,549285.00,7360815.00,553125.00,7364655.00,76.1453,66.38,0,0,0,291.672,298.667,301.749,298.356,1.83855,3.08231,0.0986924,0.101912,0.0108855,LC09_L2SP_158014_20260817_02_T1
l9siberia_r09_c36,9,36,EPSG:32643,553125.00,7360815.00,556965.00,7364655.00,76.2312,66.3793,0,0,0,291.619,298.581,302.844,298.445,1.55921,4.26245,0.175241,0.10925,0.00638399,LC09_L2SP_158014_20260817_02_T1
l9siberia_r09_c37,9,37,EPSG:32643,556965.00,7360815.00,560805.00,7364655.00,76.317,66.3786,0,0,0,295.285,300.181,306.712,300.501,1.92605,6.53119,0.236163,0.225463,0.0509794,LC09_L2SP_158014_20260817_02_T1
l9siberia_r09_c38,9,38,EPSG:32643,560805.00,7360815.00,564645.00,7364655.00,76.4029,66.3779,0,34,1,298.272,302.923,327.667,303.023,2.43238,24.7445,0.607525,0.856425,0.621976,LC09_L2SP_158014_20260817_02_T1
l9siberia_r09_c39,9,39,EPSG:32643,564645.00,7360815.00,568485.00,7364655.00,76.4888,66.3771,0,240,1,299.532,304.564,336.387,304.513,3.71529,31.8221,0.654173,0.98575,0.908158,LC09_L2SP_158014_20260817_02_T1
l9siberia_r09_c40,9,40,EPSG:32643,568485.00,7360815.00,572325.00,7364655.00,76.5746,66.3762,3,0,0,294.013,301.578,307.609,301.932,1.99217,6.03085,0.370595,0.537657,0.248701,LC09_L2SP_158014_20260817_02_T1
l9siberia_r10_c15,10,15,EPSG:32643,472485.00,7356975.00,476325.00,7360815.00,74.4282,66.3487,1,0,0,292.945,299.694,305.725,299.849,2.55186,6.03119,0.529495,0.682492,0.611674,LC09_L2SP_158014_20260817_02_T1
l9siberia_r10_c16,10,16,EPSG:32643,476325.00,7356975.00,480165.00,7360815.00,74.514,66.349,1,0,0,293.21,300.238,304.009,300.12,1.71421,3.77017,0.0946671,0.288795,0.395524,LC09_L2SP_158014_20260817_02_T1
l9siberia_r10_c17,10,17,EPSG:32643,480165.00,7356975.00,484005.00,7360815.00,74.5998,66.3492,1,0,0,298.181,299.836,302.058,299.906,0.62971,2.2225,0.0482092,0.0571494,0.0405247,LC09_L2SP_158014_20260817_02_T1
l9siberia_r10_c18,10,18,EPSG:32643,484005.00,7356975.00,487845.00,7360815.00,74.6856,66.3494,1,0,0,293.906,299.409,303.868,299.462,1.05323,4.45877,0.320867,0.124373,0.171077,LC09_L2SP_158014_20260817_02_T1
l9siberia_r10_c19,10,19,EPSG:32643,487845.00,7356975.00,491685.00,7360815.00,74.7714,66.3496,1,0,0,293.109,300.563,304.194,300.239,1.93465,3.63028,0.527243,0.389421,0.564358,LC09_L2SP_158014_20260817_02_T1
l9siberia_r10_c20,10,20,EPSG:32643,491685.00,7356975.00,495525.00,7360815.00,74.8571,66.3497,0,0,0,296.834,300.565,304.158,300.519,1.05389,3.59274,0.129816,0.0825931,0.024775,LC09_L2SP_158014_20260817_02_T1
l9siberia_r10_c21,10,21,EPSG:32643,495525.00,7356975.00,499365.00,7360815.00,74.9429,66.3497,0,0,0,292.256,300.893,302.772,300.461,1.53406,1.87869,0.114812,0.0738403,0.0582285,LC09_L2SP_158014_20260817_02_T1
l9siberia_r10_c22,10,22,EPSG:32643,499365.00,7356975.00,503205.00,7360815.00,75.0287,66.3497,0,0,0,291.267,299.266,302.069,298.707,2.01223,2.80328,0.30605,0.0814645,0.155609,LC09_L2SP_158014_20260817_02_T1
l9siberia_r10_c23,10,23,EPSG:32643,503205.00,7356975.00,507045.00,7360815.00,75.1145,66.3497,0,106,1,290.661,296.504,313.579,296.011,3.12836,17.0746,0.464755,0.212663,0.274156,LC09_L2SP_158014_20260817_02_T1
l9siberia_r10_c24,10,24,EPSG:32643,507045.00,7356975.00,510885.00,7360815.00,75.2003,66.3496,0,254,1,290.745,300.709,314.024,300.257,3.29841,13.3152,0.455604,0.86725,0.772118,LC09_L2SP_158014_20260817_02_T1
l9siberia_r10_c25,10,25,EPSG:32643,510885.00,7356975.00,514725.00,7360815.00,75.2861,66.3495,0,214,1,293.934,300.016,321.843,300.406,2.12019,21.8269,0.634904,0.814172,0.30839,LC09_L2SP_158014_20260817_02_T1
l9siberia_r10_c26,10,26,EPSG:32643,514725.00,7356975.00,518565.00,7360815.00,75.3718,66.3493,0,512,1,293.121,301.835,332.846,303.436,5.09472,31.0111,0.690884,0.998101,0.99908,LC09_L2SP_158014_20260817_02_T1
l9siberia_r10_c27,10,27,EPSG:32643,518565.00,7356975.00,522405.00,7360815.00,75.4576,66.3491,0,0,0,292.71,300.901,305.195,300.533,1.80469,4.29449,0.135938,0.248606,0.0432878,LC09_L2SP_158014_20260817_02_T1
l9siberia_r10_c28,10,28,EPSG:32643,522405.00,7356975.00,526245.00,7360815.00,75.5434,66.3488,0,0,0,291.808,300.619,304.205,300.47,1.50156,3.58563,0.336146,0.0982002,0.0107531,LC09_L2SP_158014_20260817_02_T1
l9siberia_r10_c29,10,29,EPSG:32643,526245.00,7356975.00,530085.00,7360815.00,75.6292,66.3485,0,0,0,292.208,299.569,302.442,299.413,1.54177,2.87256,0.0938162,0.104977,0.00668698,LC09_L2SP_158014_20260817_02_T1
l9siberia_r10_c30,10,30,EPSG:32643,530085.00,7356975.00,533925.00,7360815.00,75.7149,66.3481,2,0,0,298.232,301.221,303.103,301.085,0.815267,1.88181,0.24222,0.122056,0.107505,LC09_L2SP_158014_20260817_02_T1
l9siberia_r10_c31,10,31,EPSG:32643,533925.00,7356975.00,537765.00,7360815.00,75.8007,66.3477,2,0,0,293.516,300.773,303.219,300.669,1.00987,2.44638,0.0661139,0.171209,0.0534552,LC09_L2SP_158014_20260817_02_T1
l9siberia_r10_c32,10,32,EPSG:32643,537765.00,7356975.00,541605.00,7360815.00,75.8865,66.3472,2,0,0,291.858,300.728,303.771,300.335,1.94068,3.04251,0.0481634,0.311384,0.247388,LC09_L2SP_158014_20260817_02_T1
l9siberia_r10_c33,10,33,EPSG:32643,541605.00,7356975.00,545445.00,7360815.00,75.9722,66.3467,2,0,0,292.11,300.51,303.086,300.307,1.49937,2.57639,0.0768375,0.189205,0.042273,LC09_L2SP_158014_20260817_02_T1
l9siberia_r10_c34,10,34,EPSG:32643,545445.00,7356975.00,549285.00,7360815.00,76.058,66.3462,2,0,0,291.167,299.719,304.003,299.029,2.99272,4.28345,0.0786762,0.266744,0.0256339,LC09_L2SP_158014_20260817_02_T1
l9siberia_r10_c35,10,35,EPSG:32643,549285.00,7356975.00,553125.00,7360815.00,76.1437,66.3455,2,0,0,291.199,299.225,301.677,298.786,1.82128,2.45212,0.0766849,0.175643,0.0330159,LC09_L2SP_158014_20260817_02_T1
l9siberia_r10_c36,10,36,EPSG:32643,553125.00,7356975.00,556965.00,7360815.00,76.2295,66.3449,2,0,0,295.095,299.97,302.159,299.796,1.04903,2.18945,0.198326,0.105075,0.0465414,LC09_L2SP_158014_20260817_02_T1
l9siberia_r10_c37,10,37,EPSG:32643,556965.00,7356975.00,560805.00,7360815.00,76.3152,66.3442,2,0,0,290.761,299.441,304.607,299.084,2.17693,5.16614,0.423536,0.182854,0.0620218,LC09_L2SP_158014_20260817_02_T1
l9siberia_r10_c38,10,38,EPSG:32643,560805.00,7356975.00,564645.00,7360815.00,76.401,66.3434,2,0,0,292.145,299.52,306.554,299.798,2.69048,7.03391,0.26316,0.457852,0.0199729,LC09_L2SP_158014_20260817_02_T1
l9siberia_r10_c39,10,39,EPSG:32643,564645.00,7356975.00,568485.00,7360815.00,76.4867,66.3427,2,0,0,291.557,299.607,302.763,298.682,2.47998,3.15601,0.0594403,0.228654,0.00629521,LC09_L2SP_158014_20260817_02_T1
l9siberia_r11_c15,11,15,EPSG:32643,472485.00,7353135.00,476325.00,7356975.00,74.429,66.3143,1,0,0,295.493,299.597,303.624,299.792,1.15269,4.0267,0.0414644,0.0857739,0.0451402,LC09_L2SP_158014_20260817_02_T1
l9siberia_r11_c16,11,16,EPSG:32643,476325.00,7353135.00,480165.00,7356975.00,74.5147,66.3145,1,0,0,294.529,300.353,303.795,300.231,1.17628,3.44241,0.0590611,0.0871907,0.0733785,LC09_L2SP_158014_20260817_02_T1
l9siberia_r11_c17,11,17,EPSG:32643,480165.00,7353135.00,484005.00,7356975.00,74.6003,66.3148,1,0,0,292.799,299.26,302.161,299.104,1.26017,2.90134,0.0302899,0.0955378,0.0199217,LC09_L2SP_158014_20260817_02_T1
l9siberia_r11_c18,11,18,EPSG:32643,484005.00,7353135.00,487845.00,7356975.00,74.686,66.315,1,0,0,293.686,299.767,303.689,299.629,1.24243,3.9223,0.33657,0.135523,0.259656,LC09_L2SP_158014_20260817_02_T1
l9siberia_r11_c19,11,19,EPSG:32643,487845.00,7353135.00,491685.00,7356975.00,74.7717,66.3151,1,0,0,294.341,300.921,305.292,301.259,1.83278,4.37109,0.558193,0.475763,0.572946,LC09_L2SP_158014_20260817_02_T1
l9siberia_r11_c20,11,20,EPSG:32643,491685.00,7353135.00,495525.00,7356975.00,74.8573,66.3152,0,0,0,294.539,300.906,303.711,300.897,0.967437,2.80536,0.136133,0.0587487,0.0205066,LC09_L2SP_158014_20260817_02_T1
l9siberia_r11_c21,11,21,EPSG:32643,495525.00,7353135.00,499365.00,7356975.00,74.943,66.3153,0,0,0,292.698,300.486,302.592,300.264,1.18433,2.10611,0.0850303,0.0711929,0.0268963,LC09_L2SP_158014_20260817_02_T1
l9siberia_r11_c22,11,22,EPSG:32643,499365.00,7353135.00,503205.00,7356975.00,75.0287,66.3153,0,0,0,293.227,299.464,301.956,299.357,1.24647,2.49152,0.134044,0.0956154,0.0345218,LC09_L2SP_158014_20260817_02_T1
l9siberia_r11_c23,11,23,EPSG:32643,503205.00,7353135.00,507045.00,7356975.00,75.1143,66.3153,0,31,1,292.065,298.827,310.587,298.881,1.61212,11.7605,0.312558,0.148372,0.164069,LC09_L2SP_158014_20260817_02_T1
l9siberia_r11_c24,11,24,EPSG:32643,507045.00,7353135.00,510885.00,7356975.00,75.2,66.3152,0,326,1,290.872,300.334,316.751,300.234,4.13127,16.4171,0.646437,0.942039,0.973918,LC09_L2SP_158014_20260817_02_T1
l9siberia_r11_c25,11,25,EPSG:32643,510885.00,7353135.00,514725.00,7356975.00,75.2857,66.315,0,6,1,291.123,302.481,310.305,302.454,3.57421,7.82391,0.507145,0.811913,0.688001,LC09_L2SP_158014_20260817_02_T1
l9siberia_r11_c26,11,26,EPSG:32643,514725.00,7353135.00,518565.00,7356975.00,75.3713,66.3149,0,41,1,294.763,306.279,317.369,304.812,3.0515,11.0901,0.308089,0.964484,0.660391,LC09_L2SP_158014_20260817_02_T1
l9siberia_r11_c27,11,27,EPSG:32643,518565.00,7353135.00,522405.00,7356975.00,75.457,66.3146,0,0,0,292.522,300.724,303.486,300.582,1.36316,2.76215,0.0948976,0.0827018,0.0162684,LC09_L2SP_158014_20260817_02_T1
l9siberia_r11_c28,11,28,EPSG:32643,522405.00,7353135.00,526245.00,7356975.00,75.5426,66.3144,0,0,0,294.854,301.297,304.041,301.196,1.23277,2.74423,0.0165406,0.0985956,0.00986218,LC09_L2SP_158014_20260817_02_T1
l9siberia_r11_c29,11,29,EPSG:32643,526245.00,7353135.00,530085.00,7356975.00,75.6283,66.314,0,0,0,292.759,299.712,302.54,299.56,1.23303,2.82828,0.024833,0.0899241,0.00714738,LC09_L2SP_158014_20260817_02_T1
l9siberia_r11_c30,11,30,EPSG:32643,530085.00,7353135.00,533925.00,7356975.00,75.714,66.3137,2,0,0,292.415,300.579,304.076,300.371,1.65004,3.49695,0.079018,0.186868,0.0645845,LC09_L2SP_158014_20260817_02_T1
l9siberia_r11_c31,11,31,EPSG:32643,533925.00,7353135.00,537765.00,7356975.00,75.7996,66.3132,2,0,0,295.584,301.142,303.572,301.186,0.991282,2.43005,0.0904922,0.189681,0.130164,LC09_L2SP_158014_20260817_02_T1
l9siberia_r11_c32,11,32,EPSG:32643,537765.00,7353135.00,541605.00,7356975.00,75.8853,66.3128,2,0,0,292.71,300.225,303.249,300.193,1.29786,3.02478,0.0581653,0.207749,0.0583499,LC09_L2SP_158014_20260817_02_T1
l9siberia_r11_c33,11,33,EPSG:32643,541605.00,7353135.00,545445.00,7356975.00,75.9709,66.3123,2,0,0,290.826,299.32,303.143,298.538,2.574,3.82297,0.0876764,0.170907,0.0231223,LC09_L2SP_158014_20260817_02_T1
l9siberia_r11_c34,11,34,EPSG:32643,545445.00,7353135.00,549285.00,7356975.00,76.0565,66.3117,2,0,0,291.457,299.473,303.147,298.999,2.04374,3.67371,0.0982024,0.290831,0.0163256,LC09_L2SP_158014_20260817_02_T1
l9siberia_r11_c35,11,35,EPSG:32643,549285.00,7353135.00,553125.00,7356975.00,76.1422,66.3111,2,0,0,291.091,298.435,301.519,297.778,2.32154,3.08459,0.0945271,0.178856,0.026645,LC09_L2SP_158014_20260817_02_T1
l9siberia_r11_c36,11,36,EPSG:32643,553125.00,7353135.00,556965.00,7356975.00,76.2278,66.3105,2,0,0,291.146,297.984,301.718,297.139,2.39219,3.73404,0.17279,0.181569,0.0401149,LC09_L2SP_158014_20260817_02_T1
l9siberia_r11_c37,11,37,EPSG:32643,556965.00,7353135.00,560805.00,7356975.00,76.3134,66.3098,2,0,0,290.775,298.131,301.101,297.06,2.83449,2.97009,0.805417,0.16565,0.432954,LC09_L2SP_158014_20260817_02_T1
l9siberia_r11_c38,11,38,EPSG:32643,560805.00,7353135.00,564645.00,7356975.00,76.3991,66.309,2,16,1,291.23,297.883,311.914,297.422,2.10096,14.0309,0.927726,0.290468,0.782226,LC09_L2SP_158014_20260817_02_T1
l9siberia_r12_c14,12,14,EPSG:32643,468645.00,7349295.00,472485.00,7353135.00,74.3443,66.2795,1,0,0,295.81,299.632,302.613,299.632,1.27986,2.98114,0.113874,0.0727265,0.0303913,LC09_L2SP_158014_20260817_02_T1
l9siberia_r12_c15,12,15,EPSG:32643,472485.00,7349295.00,476325.00,7353135.00,74.4298,66.2798,1,0,0,297.909,300.522,303.032,300.504,0.980534,2.51053,0.0807129,0.117165,0.0846452,LC09_L2SP_158014_20260817_02_T1
l9siberia_r12_c16,12,16,EPSG:32643,476325.00,7349295.00,480165.00,7353135.00,74.5153,66.2801,1,0,0,295.983,299.779,302.961,299.921,1.10077,3.1821,0.0274411,0.131935,0.0655425,LC09_L2SP_158014_20260817_02_T1
l9siberia_r12_c17,12,17,EPSG:32643,480165.00,7349295.00,484005.00,7353135.00,74.6009,66.2803,1,0,0,291.891,299.945,302.439,299.955,1.213,2.49362,0.0137679,0.110494,0.0969697,LC09_L2SP_158014_20260817_02_T1
l9siberia_r12_c18,12,18,EPSG:32643,484005.00,7349295.00,487845.00,7353135.00,74.6864,66.2805,1,0,0,295.532,300.933,303.505,300.883,1.09651,2.57159,0.325819,0.102117,0.265559,LC09_L2SP_158014_20260817_02_T1
l9siberia_r12_c19,12,19,EPSG:32643,487845.00,7349295.00,491685.00,7353135.00,74.772,66.2807,1,0,0,295.322,301.425,304.781,301.2,1.75099,3.35638,0.636843,0.465533,0.587714,LC09_L2SP_158014_20260817_02_T1
l9siberia_r12_c20,12,20,EPSG:32643,491685.00,7349295.00,495525.00,7353135.00,74.8575,66.2808,0,0,0,299.235,301.026,305.321,301.279,1.13014,4.29523,0.185954,0.106363,0.0788601,LC09_L2SP_158014_20260817_02_T1
l9siberia_r12_c21,12,21,EPSG:32643,495525.00,7349295.00,499365.00,7353135.00,74.9431,66.2808,0,0,0,298.375,301.267,305.494,301.132,0.92842,4.2265,0.0797132,0.0695663,0.0354253,LC09_L2SP_158014_20260817_02_T1
l9siberia_r12_c22,12,22,EPSG:32643,499365.00,7349295.00,503205.00,7353135.00,75.0286,66.2808,0,0,0,291.07,299.698,302.833,299.353,2.20206,3.1347,0.197537,0.0958166,0.0169153,LC09_L2SP_158014_20260817_02_T1
l9siberia_r12_c23,12,23,EPSG:32643,503205.00,7349295.00,507045.00,7353135.00,75.1142,66.2808,0,0,0,291.304,299.16,301.73,298.626,2.06626,2.5701,0.0903292,0.0959883,0.0209893,LC09_L2SP_158014_20260817_02_T1
l9siberia_r12_c24,12,24,EPSG:32643,507045.00,7349295.00,510885.00,7353135.00,75.1997,66.2807,0,5,1,290.915,298.954,301.57,298.501,1.99103,2.61523,0.582855,0.138035,0.606869,LC09_L2SP_158014_20260817_02_T1
l9siberia_r12_c25,12,25,EPSG:32643,510885.00,7349295.00,514725.00,7353135.00,75.2853,66.2806,0,239,1,292.5,301.374,333.062,301.733,3.93278,31.6879,0.515479,0.972292,0.951211,LC09_L2SP_158014_20260817_02_T1
l9siberia_r12_c27,12,27,EPSG:32643,518565.00,7349295.00,522405.00,7353135.00,75.4564,66.2802,0,0,0,291.827,300.133,304.214,299.751,2.00189,4.08084,0.0400724,0.252166,0.0246019,LC09_L2SP_158014_20260817_02_T1
l9siberia_r12_c28,12,28,EPSG:32643,522405.00,7349295.00,526245.00,7353135.00,75.5419,66.2799,0,0,0,291.253,299.18,302.034,298.776,2.08781,2.85333,0.0103994,0.104528,0.00729147,LC09_L2SP_158014_20260817_02_T1
l9siberia_r12_c29,12,29,EPSG:32643,526245.00,7349295.00,530085.00,7353135.00,75.6274,66.2796,0,0,0,291.948,298.983,301.35,298.811,1.38104,2.36639,0.0262777,0.119609,0.00877895,LC09_L2SP_158014_20260817_02_T1
l9siberia_r12_c30,12,30,EPSG:32643,530085.00,7349295.00,533925.00,7353135.00,75.713,66.2792,2,0,0,291.875,298.555,302.763,298.536,1.48081,4.20822,0.0726655,0.175508,0.0228822,LC09_L2SP_158014_20260817_02_T1
l9siberia_r12_c31,12,31,EPSG:32643,533925.00,7349295.00,537765.00,7353135.00,75.7985,66.2788,2,0,0,291.676,298.815,301.309,298.614,1.33146,2.49435,0.0617889,0.138319,0.0171389,LC09_L2SP_158014_20260817_02_T1
l9siberia_r12_c32,12,32,EPSG:32643,537765.00,7349295.00,541605.00,7353135.00,75.884,66.2783,2,0,0,292.111,299.678,304.351,299.445,1.93547,4.67328,0.0542806,0.220608,0.036871,LC09_L2SP_158014_20260817_02_T1
l9siberia_r12_c33,12,33,EPSG:32643,541605.00,7349295.00,545445.00,7353135.00,75.9696,66.2778,2,0,0,291.042,299.59,302.883,298.914,2.59647,3.29224,0.0693036,0.280379,0.0592174,LC09_L2SP_158014_20260817_02_T1
l9siberia_r12_c34,12,34,EPSG:32643,545445.00,7349295.00,549285.00,7353135.00,76.0551,66.2773,2,4,1,292.495,300.626,306.974,300.971,2.08863,6.34772,0.0910412,0.457037,0.0706852,LC09_L2SP_158014_20260817_02_T1
l9siberia_r12_c35,12,35,EPSG:32643,549285.00,7349295.00,553125.00,7353135.00,76.1406,66.2767,2,0,0,292.2,299.446,304.109,299.467,1.77808,4.66245,0.0703441,0.363161,0.0373089,LC09_L2SP_158014_20260817_02_T1
l9siberia_r12_c36,12,36,EPSG:32643,553125.00,7349295.00,556965.00,7353135.00,76.2261,66.276,2,0,0,292.254,299.575,304.213,299.439,1.92938,4.63849,0.101084,0.23784,0.0245083,LC09_L2SP_158014_20260817_02_T1
l9siberia_r12_c37,12,37,EPSG:32643,556965.00,7349295.00,560805.00,7353135.00,76.3116,66.2753,2,0,0,291.242,298.477,301.457,297.875,2.24897,2.98016,0.616155,0.170492,0.247956,LC09_L2SP_158014_20260817_02_T1
l9siberia_r12_c38,12,38,EPSG:32643,560805.00,7349295.00,564645.00,7353135.00,76.3971,66.2746,2,104,1,292.13,299.799,314.753,299.898,2.97931,14.9541,0.769973,0.848482,0.934376,LC09_L2SP_158014_20260817_02_T1
l9siberia_r13_c14,13,14,EPSG:32643,468645.00,7345455.00,472485.00,7349295.00,74.3452,66.245,1,0,0,295.7,298.394,302.807,298.593,1.15711,4.41321,0.268229,0.122106,0.035899,LC09_L2SP_158014_20260817_02_T1
l9siberia_r13_c15,13,15,EPSG:32643,472485.00,7345455.00,476325.00,7349295.00,74.4306,66.2454,1,0,0,294.963,300.209,303.2,300.311,1.03952,2.99084,0.0241375,0.103917,0.0507981,LC09_L2SP_158014_20260817_02_T1
l9siberia_r13_c16,13,16,EPSG:32643,476325.00,7345455.00,480165.00,7349295.00,74.516,66.2456,1,0,0,295.484,300.136,302.692,300.22,0.973179,2.55588,0.0180464,0.0929877,0.0689153,LC09_L2SP_158014_20260817_02_T1
l9siberia_r13_c17,13,17,EPSG:32643,480165.00,7345455.00,484005.00,7349295.00,74.6014,66.2459,1,0,0,292.936,299.263,303.029,299.483,1.12528,3.7659,0.0193452,0.0898442,0.0277086,LC09_L2SP_158014_20260817_02_T1
l9siberia_r13_c18,13,18,EPSG:32643,484005.00,7345455.00,487845.00,7349295.00,74.6869,66.2461,1,0,0,292.659,299.829,302.4,299.739,1.09379,2.57028,0.210871,0.0740435,0.0921937,LC09_L2SP_158014_20260817_02_T1
l9siberia_r13_c19,13,19,EPSG:32643,487845.00,7345455.00,491685.00,7349295.00,74.7723,66.2462,1,0,0,293.263,300.267,303.765,299.837,1.93479,3.49808,0.420468,0.290068,0.360139,LC09_L2SP_158014_20260817_02_T1
l9siberia_r13_c20,13,20,EPSG:32643,491685.00,7345455.00,495525.00,7349295.00,74.8577,66.2463,0,0,0,293.852,301.012,305.921,301.061,2.05417,4.90955,0.273167,0.304647,0.451087,LC09_L2SP_158014_20260817_02_T1
l9siberia_r13_c21,13,21,EPSG:32643,495525.00,7345455.00,499365.00,7349295.00,74.9432,66.2464,0,0,0,299.509,301.873,305.856,302.067,1.05823,3.98273,0.162403,0.147184,0.0726159,LC09_L2SP_158014_20260817_02_T1
l9siberia_r13_c22,13,22,EPSG:32643,499365.00,7345455.00,503205.00,7349295.00,75.0286,66.2464,0,0,0,299.241,301.927,303.928,301.858,0.794272,2.00159,0.192122,0.065502,0.0461129,LC09_L2SP_158014_20260817_02_T1
l9siberia_r13_c23,13,23,EPSG:32643,503205.00,7345455.00,507045.00,7349295.00,75.114,66.2464,0,0,0,296.465,301.331,304.551,301.243,0.878881,3.22086,0.105539,0.0553804,0.0192391,LC09_L2SP_158014_20260817_02_T1
l9siberia_r13_c24,13,24,EPSG:32643,507045.00,7345455.00,510885.00,7349295.00,75.1995,66.2463,0,0,0,291.096,298.781,302.403,298.4,2.00913,3.6217,0.277858,0.136663,0.0229916,LC09_L2SP_158014_20260817_02_T1
l9siberia_r13_c25,13,25,EPSG:32643,510885.00,7345455.00,514725.00,7349295.00,75.2849,66.2461,0,37,1,291.319,299.627,319.539,299.348,2.01157,19.9116,0.0889074,0.246251,0.0197257,LC09_L2SP_158014_20260817_02_T1
l9siberia_r13_c26,13,26,EPSG:32643,514725.00,7345455.00,518565.00,7349295.00,75.3703,66.246,0,0,0,295.342,300.379,303.36,300.322,1.05326,2.98141,0.0141986,0.0906907,0.0121963,LC09_L2SP_158014_20260817_02_T1
l9siberia_r13_c27,13,27,EPSG:32643,518565.00,7345455.00,522405.00,7349295.00,75.4557,66.2457,0,0,0,291.425,299.994,303.698,299.626,2.47292,3.70395,0.00903305,0.220459,0.0129718,LC09_L2SP_158014_20260817_02_T1
l9siberia_r13_c28,13,28,EPSG:32643,522405.00,7345455.00,526245.00,7349295.00,75.5412,66.2455,0,0,0,293.791,300.1,303.373,300.118,1.3071,3.27295,0.0096442,0.0953083,0.00815137,LC09_L2SP_158014_20260817_02_T1
l9siberia_r13_c29,13,29,EPSG:32643,526245.00,7345455.00,530085.00,7349295.00,75.6266,66.2451,0,0,0,290.739,298.288,301.985,297.727,2.23695,3.69733,0.0116166,0.101099,0.00408199,LC09_L2SP_158014_20260817_02_T1
l9siberia_r13_c30,13,30,EPSG:32643,530085.00,7345455.00,533925.00,7349295.00,75.712,66.2448,2,0,0,290.651,298.609,301.855,297.677,3.01699,3.24603,0.0489548,0.145441,0.0162077,LC09_L2SP_158014_20260817_02_T1
l9siberia_r13_c31,13,31,EPSG:32643,533925.00,7345455.00,537765.00,7349295.00,75.7974,66.2444,2,0,0,290.605,298.848,301.888,298.003,2.89167,3.04016,0.0563424,0.171692,0.0176739,LC09_L2SP_158014_20260817_02_T1
l9siberia_r13_c32,13,32,EPSG:32643,537765.00,7345455.00,541605.00,7349295.00,75.8828,66.2439,2,0,0,290.268,299.116,302.492,297.114,4.12696,3.37616,0.0593128,0.27327,0.0135944,LC09_L2SP_158014_20260817_02_T1
l9siberia_r13_c33,13,33,EPSG:32643,541605.00,7345455.00,545445.00,7349295.00,75.9683,66.2434,2,0,0,292.254,300.527,304.431,300.388,1.70372,3.90384,0.0701067,0.375424,0.0689848,LC09_L2SP_158014_20260817_02_T1
l9siberia_r13_c34,13,34,EPSG:32643,545445.00,7345455.00,549285.00,7349295.00,76.0537,66.2428,2,0,0,293.3,300.259,305.91,300.627,2.1912,5.65063,0.0923787,0.634445,0.301697,LC09_L2SP_158014_20260817_02_T1
l9siberia_r13_c35,13,35,EPSG:32643,549285.00,7345455.00,553125.00,7349295.00,76.1391,66.2422,2,0,0,293.238,301.012,305.704,301.113,2.04457,4.69177,0.0920994,0.604008,0.200806,LC09_L2SP_158014_20260817_02_T1
l9siberia_r13_c36,13,36,EPSG:32643,553125.00,7345455.00,556965.00,7349295.00,76.2245,66.2416,2,0,0,292.426,300.252,305.749,300.352,2.44903,5.49655,0.098916,0.550235,0.232823,LC09_L2SP_158014_20260817_02_T1
l9siberia_r13_c37,13,37,EPSG:32643,556965.00,7345455.00,560805.00,7349295.00,76.3099,66.2409,2,0,0,292.635,300.142,305.362,300.045,2.21696,5.2204,0.198553,0.44979,0.47968,LC09_L2SP_158014_20260817_02_T1
l9siberia_r14_c14,14,14,EPSG:32643,468645.00,7341615.00,472485.00,7345455.00,74.3461,66.2106,1,0,0,295.064,297.525,300.174,297.529,0.880765,2.64865,0.395696,0.11575,0.0559181,LC09_L2SP_158014_20260817_02_T1
l9siberia_r14_c15,14,15,EPSG:32643,472485.00,7341615.00,476325.00,7345455.00,74.4314,66.2109,1,0,0,297.5,299.656,301.969,299.693,0.838132,2.3125,0.0126031,0.0661196,0.0173396,LC09_L2SP_158014_20260817_02_T1
l9siberia_r14_c16,14,16,EPSG:32643,476325.00,7341615.00,480165.00,7345455.00,74.5167,66.2112,1,0,0,291.934,299.275,301.18,299.153,1.00877,1.90494,0.0349363,0.0625749,0.0129306,LC09_L2SP_158014_20260817_02_T1
l9siberia_r14_c17,14,17,EPSG:32643,480165.00,7341615.00,484005.00,7345455.00,74.602,66.2114,1,0,0,291.411,298.776,300.908,298.623,1.17187,2.13168,0.0194717,0.0894418,0.013881,LC09_L2SP_158014_20260817_02_T1
l9siberia_r14_c18,14,18,EPSG:32643,484005.00,7341615.00,487845.00,7345455.00,74.6873,66.2116,1,0,0,292.412,298.47,300.449,298.386,1.15235,1.97833,0.0047277,0.0999304,0.00612734,LC09_L2SP_158014_20260817_02_T1
l9siberia_r14_c19,14,19,EPSG:32643,487845.00,7341615.00,491685.00,7345455.00,74.7726,66.2118,1,0,0,295.707,298.233,300.647,298.268,0.990201,2.41367,0.0956732,0.0930148,0.0212461,LC09_L2SP_158014_20260817_02_T1
l9siberia_r14_c20,14,20,EPSG:32643,491685.00,7341615.00,495525.00,7345455.00,74.8579,66.2119,0,0,0,295.339,299.051,303.02,298.921,1.14489,3.96878,0.246741,0.109557,0.214717,LC09_L2SP_158014_20260817_02_T1
l9siberia_r14_c21,14,21,EPSG:32643,495525.00,7341615.00,499365.00,7345455.00,74.9432,66.2119,0,0,0,295.382,300.362,302.956,300.044,1.66396,2.59348,0.295976,0.0937037,0.176542,LC09_L2SP_158014_20260817_02_T1
l9siberia_r14_c22,14,22,EPSG:32643,499365.00,7341615.00,503205.00,7345455.00,75.0285,66.2119,0,0,0,294.445,301.423,303.75,301.303,0.958739,2.32794,0.256396,0.0639968,0.0244806,LC09_L2SP_158014_20260817_02_T1
l9siberia_r14_c23,14,23,EPSG:32643,503205.00,7341615.00,507045.00,7345455.00,75.1139,66.2119,0,0,0,295.154,299.523,303.376,299.588,1.08709,3.85321,0.158256,0.0748044,0.00634083,LC09_L2SP_158014_20260817_02_T1
l9siberia_r14_c24,14,24,EPSG:32643,507045.00,7341615.00,510885.00,7345455.00,75.1992,66.2118,0,0,0,291.109,299.044,301.131,298.695,1.46413,2.08655,0.10235,0.10766,0.00783095,LC09_L2SP_158014_20260817_02_T1
l9siberia_r14_c25,14,25,EPSG:32643,510885.00,7341615.00,514725.00,7345455.00,75.2845,66.2117,0,0,0,291.654,299.194,302.552,298.97,1.51706,3.35785,0.0405245,0.095639,0.00724389,LC09_L2SP_158014_20260817_02_T1
l9siberia_r14_c26,14,26,EPSG:32643,514725.00,7341615.00,518565.00,7345455.00,75.3698,66.2115,0,0,0,292.819,300.292,302.837,300.088,1.3903,2.54541,0.0361732,0.0780636,0.00988513,LC09_L2SP_158014_20260817_02_T1
l9siberia_r14_c27,14,27,EPSG:32643,518565.00,7341615.00,522405.00,7345455.00,75.4551,66.2113,0,0,0,291.865,300.786,304.022,300.541,1.64267,3.23621,0.0214242,0.226042,0.0393449,LC09_L2SP_158014_20260817_02_T1
l9siberia_r14_c28,14,28,EPSG:32643,522405.00,7341615.00,526245.00,7345455.00,75.5404,66.211,0,0,0,291.917,300.295,303.752,300.003,1.76122,3.45703,0.0296884,0.129465,0.0109595,LC09_L2SP_158014_20260817_02_T1
l9siberia_r14_c29,14,29,EPSG:32643,526245.00,7341615.00,530085.00,7345455.00,75.6257,66.2107,0,0,0,291.859,300.426,303.422,300.209,1.7576,2.99649,0.118069,0.121321,0.0157353,LC09_L2SP_158014_20260817_02_T1
l9siberia_r14_c30,14,30,EPSG:32643,530085.00,7341615.00,533925.00,7345455.00,75.711,66.2103,2,0,0,291.021,299.391,302.904,298.73,2.41692,3.51331,0.0541977,0.199539,0.0324942,LC09_L2SP_158014_20260817_02_T1
l9siberia_r14_c31,14,31,EPSG:32643,533925.00,7341615.00,537765.00,7345455.00,75.7963,66.2099,2,0,0,290.77,298.779,303.536,297.89,2.84747,4.75769,0.0657772,0.226206,0.0752063,LC09_L2SP_158014_20260817_02_T1
l9siberia_r14_c32,14,32,EPSG:32643,537765.00,7341615.00,541605.00,7345455.00,75.8816,66.2094,2,0,0,290.252,298.922,303.688,297.699,3.75542,4.76587,0.0679822,0.324596,0.0433184,LC09_L2SP_158014_20260817_02_T1
l9siberia_r14_c33,14,33,EPSG:32643,541605.00,7341615.00,545445.00,7345455.00,75.9669,66.2089,2,0,0,291.6,300.006,302.597,299.552,2.05394,2.59174,0.0528743,0.293756,0.0204421,LC09_L2SP_158014_20260817_02_T1
l9siberia_r14_c34,14,34,EPSG:32643,545445.00,7341615.00,549285.00,7345455.00,76.0522,66.2084,2,0,0,291.606,299.127,304.094,298.816,2.06278,4.96664,0.0567156,0.278012,0.0545377,LC09_L2SP_158014_20260817_02_T1
l9siberia_r14_c35,14,35,EPSG:32643,549285.00,7341615.00,553125.00,7345455.00,76.1375,66.2078,2,0,0,291.987,300.338,306.38,300.322,2.29951,6.04132,0.0640862,0.476761,0.128295,LC09_L2SP_158014_20260817_02_T1
l9siberia_r14_c36,14,36,EPSG:32643,553125.00,7341615.00,556965.00,7345455.00,76.2228,66.2071,2,0,0,293.921,299.913,304.975,299.907,1.95329,5.06186,0.0593937,0.413538,0.173321,LC09_L2SP_158014_20260817_02_T1
l9siberia_r14_c49,14,49,EPSG:32643,603045.00,7341615.00,606885.00,7345455.00,77.3309,66.1944,3,0,0,293.253,300.929,303.032,300.416,1.57791,2.1026,0.154941,0.242672,0.208668,LC09_L2SP_158014_20260817_02_T1
l9siberia_r14_c50,14,50,EPSG:32643,606885.00,7341615.00,610725.00,7345455.00,77.4161,66.1931,3,0,0,288.686,300.349,303.371,299.178,3.05249,3.02222,0.55825,0.294855,0.28159,LC09_L2SP_158014_20260817_02_T1
l9siberia_r15_c13,15,13,EPSG:32643,464805.00,7337775.00,468645.00,7341615.00,74.2618,66.1757,1,0,0,293.266,297.937,300.085,297.888,0.842612,2.14795,0.102407,0.107076,0.0102754,LC09_L2SP_158014_20260817_02_T1
l9siberia_r15_c14,15,14,EPSG:32643,468645.00,7337775.00,472485.00,7341615.00,74.3469,66.1761,1,0,0,295.345,297.565,300.573,297.626,0.910254,3.008,0.203968,0.109037,0.0191937,LC09_L2SP_158014_20260817_02_T1
l9siberia_r15_c15,15,15,EPSG:32643,472485.00,7337775.00,476325.00,7341615.00,74.4321,66.1765,1,0,0,296.823,298.994,301.715,299.157,0.975354,2.72037,0.088685,0.0684456,0.00814727,LC09_L2SP_158014_20260817_02_T1
l9siberia_r15_c16,15,16,EPSG:32643,476325.00,7337775.00,480165.00,7341615.00,74.5173,66.1767,1,0,0,293.709,299.446,301.904,299.176,1.27202,2.45786,0.0174218,0.0640588,0.00916595,LC09_L2SP_158014_20260817_02_T1
l9siberia_r15_c17,15,17,EPSG:32643,480165.00,7337775.00,484005.00,7341615.00,74.6025,66.177,1,0,0,291.375,298.594,300.476,298.277,1.48609,1.88226,0.0431319,0.0965,0.0139644,LC09_L2SP_158014_20260817_02_T1
l9siberia_r15_c18,15,18,EPSG:32643,484005.00,7337775.00,487845.00,7341615.00,74.6877,66.1772,1,0,0,292.21,298.291,300.836,298.275,0.954531,2.54538,0.00400412,0.0946853,0.00153272,LC09_L2SP_158014_20260817_02_T1
l9siberia_r15_c19,15,19,EPSG:32643,487845.00,7337775.00,491685.00,7341615.00,74.7729,66.1773,1,0,0,291.776,298.343,300.808,298.212,1.23811,2.46588,0.124464,0.0949841,0.00822517,LC09_L2SP_158014_20260817_02_T1
l9siberia_r15_c20,15,20,EPSG:32643,491685.00,7337775.00,495525.00,7341615.00,74.8581,66.1774,0,0,0,295.789,298.986,301.768,298.819,1.16147,2.78183,0.105923,0.0854199,0.00880323,LC09_L2SP_158014_20260817_02_T1
l9siberia_r15_c21,15,21,EPSG:32643,495525.00,7337775.00,499365.00,7341615.00,74.9433,66.1775,0,0,0,293.708,298.934,302.242,298.771,1.14431,3.30798,0.111147,0.117219,0.101526,LC09_L2SP_158014_20260817_02_T1
l9siberia_r15_c22,15,22,EPSG:32643,499365.00,7337775.00,503205.00,7341615.00,75.0285,66.1775,0,0,0,295.408,299.476,302.773,299.595,1.07829,3.29755,0.0352593,0.085723,0.0135819,LC09_L2SP_158014_20260817_02_T1
l9siberia_r15_c23,15,23,EPSG:32643,503205.00,7337775.00,507045.00,7341615.00,75.1137,66.1775,0,0,0,291.675,299.493,301.616,299.325,1.44375,2.12317,0.0292095,0.0796146,0.00450757,LC09_L2SP_158014_20260817_02_T1
l9siberia_r15_c24,15,24,EPSG:32643,507045.00,7337775.00,510885.00,7341615.00,75.1989,66.1774,0,0,0,290.78,298.545,301.161,297.837,2.29179,2.6156,0.114335,0.0822284,0.0107229,LC09_L2SP_158014_20260817_02_T1
l9siberia_r15_c25,15,25,EPSG:32643,510885.00,7337775.00,514725.00,7341615.00,75.2841,66.1772,0,0,0,292.267,298.534,302.032,298.451,1.54748,3.49802,0.028254,0.138885,0.0126557,LC09_L2SP_158014_20260817_02_T1
l9siberia_r15_c26,15,26,EPSG:32643,514725.00,7337775.00,518565.00,7341615.00,75.3693,66.1771,0,0,0,290.9,299.832,303.255,298.772,2.97353,3.42368,0.0464072,0.0757383,0.00629432,LC09_L2SP_158014_20260817_02_T1
l9siberia_r15_c27,15,27,EPSG:32643,518565.00,7337775.00,522405.00,7341615.00,75.4545,66.1768,0,0,0,297.389,300.765,303.169,300.674,1.02903,2.40356,0.0107015,0.0694742,0.00804874,LC09_L2SP_158014_20260817_02_T1
l9siberia_r15_c28,15,28,EPSG:32643,522405.00,7337775.00,526245.00,7341615.00,75.5397,66.1766,0,0,0,297.002,300.905,304.078,301.055,1.38396,3.17337,0.193932,0.166187,0.0227189,LC09_L2SP_158014_20260817_02_T1
l9siberia_r15_c29,15,29,EPSG:32643,526245.00,7337775.00,530085.00,7341615.00,75.6249,66.1762,0,0,0,291.436,300.57,304.449,300.451,1.9707,3.87927,0.223326,0.267768,0.0504131,LC09_L2SP_158014_20260817_02_T1
l9siberia_r15_c30,15,30,EPSG:32643,530085.00,7337775.00,533925.00,7341615.00,75.7101,66.1759,2,0,0,294.957,299.563,304.784,299.482,1.19472,5.22144,0.116538,0.176442,0.0295571,LC09_L2SP_158014_20260817_02_T1
l9siberia_r15_c31,15,31,EPSG:32643,533925.00,7337775.00,537765.00,7341615.00,75.7953,66.1755,2,0,0,291.216,298.82,303.595,298.4,1.83638,4.77484,0.062432,0.155685,0.0145687,LC09_L2SP_158014_20260817_02_T1
l9siberia_r15_c32,15,32,EPSG:32643,537765.00,7337775.00,541605.00,7341615.00,75.8804,66.175,2,0,0,290.519,296.646,301.64,295.946,2.88044,4.99368,0.0708926,0.172384,0.0199934,LC09_L2SP_158014_20260817_02_T1
l9siberia_r15_c34,15,34,EPSG:32643,545445.00,7337775.00,549285.00,7341615.00,76.0508,66.1739,2,0,0,291.227,299.534,303.565,298.971,2.29392,4.03076,0.0572859,0.231036,0.0166368,LC09_L2SP_158014_20260817_02_T1
l9siberia_r15_c35,15,35,EPSG:32643,549285.00,7337775.00,553125.00,7341615.00,76.136,66.1733,2,0,0,292.079,299.74,304.692,299.451,2.19953,4.95151,0.0492852,0.356104,0.0664932,LC09_L2SP_158014_20260817_02_T1
l9siberia_r15_c55,15,55,EPSG:32643,626085.00,7337775.00,629925.00,7341615.00,77.8379,66.1515,3,0,0,284.583,301.1,304.376,300.283,2.77395,3.27628,0.711542,0.364837,0.34708,LC09_L2SP_158014_20260817_02_T1
l9siberia_r15_c56,15,56,EPSG:32643,629925.00,7337775.00,633765.00,7341615.00,77.9229,66.1499,3,0,0,281.518,299.586,304.264,298.303,4.07049,4.67798,0.73423,0.238814,0.191472,LC09_L2SP_158014_20260817_02_T1
l9siberia_r16_c13,16,13,EPSG:32643,464805.00,7333935.00,468645.00,7337775.00,74.2628,66.1413,1,0,0,295.287,297.848,299.776,297.824,0.557412,1.92801,0.409087,0.112102,0.0134522,LC09_L2SP_158014_20260817_02_T1
l9siberia_r16_c14,16,14,EPSG:32643,468645.00,7333935.00,472485.00,7337775.00,74.3478,66.1417,1,0,0,296.353,298.598,300.783,298.529,1.00097,2.18497,0.298895,0.0772584,0.0104338,LC09_L2SP_158014_20260817_02_T1
l9siberia_r16_c15,16,15,EPSG:32643,472485.00,7333935.00,476325.00,7337775.00,74.4329,66.142,1,0,0,296.634,298.565,299.99,298.518,0.633818,1.42551,0.137657,0.0852363,0.0214002,LC09_L2SP_158014_20260817_02_T1
l9siberia_r16_c16,16,16,EPSG:32643,476325.00,7333935.00,480165.00,7337775.00,74.518,66.1423,1,0,0,292.843,297.493,300.002,297.441,1.02997,2.5087,0.225718,0.115901,0.00981423,LC09_L2SP_158014_20260817_02_T1
l9siberia_r16_c17,16,17,EPSG:32643,480165.00,7333935.00,484005.00,7337775.00,74.6031,66.1425,1,0,0,292.307,297.901,300.602,297.72,1.12556,2.70102,0.0690523,0.122758,0.0221458,LC09_L2SP_158014_20260817_02_T1
l9siberia_r16_c18,16,18,EPSG:32643,484005.00,7333935.00,487845.00,7337775.00,74.6881,66.1427,1,0,0,291.108,298.249,300.297,298.122,1.13683,2.04874,0.321257,0.0997435,0.00958747,LC09_L2SP_158014_20260817_02_T1
l9siberia_r16_c19,16,19,EPSG:32643,487845.00,7333935.00,491685.00,7337775.00,74.7732,66.1429,1,0,0,291.965,298.217,299.951,298.144,0.919879,1.73407,0.288093,0.107691,0.0254078,LC09_L2SP_158014_20260817_02_T1
l9siberia_r16_c20,16,20,EPSG:32643,491685.00,7333935.00,495525.00,7337775.00,74.8583,66.143,0,0,0,292.415,297.788,300.614,297.859,1.22471,2.82562,0.273804,0.0953175,0.0664971,LC09_L2SP_158014_20260817_02_T1
l9siberia_r16_c21,16,21,EPSG:32643,495525.00,7333935.00,499365.00,7337775.00,74.9434,66.143,0,0,0,295.96,298.267,301.489,298.266,1.07724,3.22198,0.290921,0.102801,0.0093031,LC09_L2SP_158014_20260817_02_T1
l9siberia_r16_c22,16,22,EPSG:32643,499365.00,7333935.00,503205.00,7337775.00,75.0285,66.143,0,0,0,295.212,298.23,303.433,298.203,1.29126,5.20245,0.288339,0.138725,0.0259329,LC09_L2SP_158014_20260817_02_T1
l9siberia_r16_c23,16,23,EPSG:32643,503205.00,7333935.00,507045.00,7337775.00,75.1136,66.143,0,0,0,296.166,299.063,302.183,299.214,1.10511,3.12048,0.0146055,0.107378,0.00880459,LC09_L2SP_158014_20260817_02_T1
l9siberia_r16_c24,16,24,EPSG:32643,507045.00,7333935.00,510885.00,7337775.00,75.1986,66.1429,0,0,0,293.702,298.61,303.625,298.692,1.30436,5.01572,0.0113837,0.117172,0.00732482,LC09_L2SP_158014_20260817_02_T1
l9siberia_r16_c25,16,25,EPSG:32643,510885.00,7333935.00,514725.00,7337775.00,75.2837,66.1428,0,0,0,291.843,298.481,302.668,298.373,1.5627,4.18695,0.0287522,0.12439,0.0204853,LC09_L2SP_158014_20260817_02_T1
l9siberia_r16_c26,16,26,EPSG:32643,514725.00,7333935.00,518565.00,7337775.00,75.3688,66.1426,0,0,0,291.063,298.52,301.17,297.927,2.0256,2.65042,0.0308693,0.144081,0.00473081,LC09_L2SP_158014_20260817_02_T1
l9siberia_r16_c27,16,27,EPSG:32643,518565.00,7333935.00,522405.00,7337775.00,75.4539,66.1424,0,0,0,292.951,298.521,301.474,298.421,1.13901,2.95312,0.113682,0.123866,0.0140211,LC09_L2SP_158014_20260817_02_T1
l9siberia_r16_c28,16,28,EPSG:32643,522405.00,7333935.00,526245.00,7337775.00,75.539,66.1421,0,0,0,290.736,297.877,300.795,297.384,1.86442,2.91803,0.141641,0.112122,0.0044729,LC09_L2SP_158014_20260817_02_T1
l9siberia_r16_c29,16,29,EPSG:32643,526245.00,7333935.00,530085.00,7337775.00,75.624,66.1418,0,4,1,292.452,299.433,305.307,299.772,1.78401,5.87347,0.10691,0.151986,0.0116612,LC09_L2SP_158014_20260817_02_T1
l9siberia_r16_c30,16,30,EPSG:32643,530085.00,7333935.00,533925.00,7337775.00,75.7091,66.1414,2,0,0,291.804,299.088,307.273,299.177,1.97227,8.18475,0.074319,0.296269,0.0246271,LC09_L2SP_158014_20260817_02_T1
l9siberia_r16_c31,16,31,EPSG:32643,533925.00,7333935.00,537765.00,7337775.00,75.7942,66.141,2,0,0,291.066,298.272,300.012,297.763,1.72656,1.7392,0.0693632,0.164643,0.0120855,LC09_L2SP_158014_20260817_02_T1
l9siberia_r16_c34,16,34,EPSG:32643,545445.00,7333935.00,549285.00,7337775.00,76.0494,66.1395,2,0,0,291.478,298.752,302.552,298.638,1.5764,3.79971,0.0579041,0.185132,0.0286344,LC09_L2SP_158014_20260817_02_T1
l9siberia_r16_c38,16,38,EPSG:32643,560805.00,7333935.00,564645.00,7337775.00,76.3896,66.1368,2,0,0,293.133,301.147,304.495,300.958,1.40344,3.34827,0.144343,0.19036,0.132162,LC09_L2SP_158014_20260817_02_T1
l9siberia_r16_c39,16,39,EPSG:32643,564645.00,7333935.00,568485.00,7337775.00,76.4746,66.136,2,0,0,296.138,301.839,304.921,301.704,1.55992,3.08258,0.561273,0.261182,0.478486,LC09_L2SP_158014_20260817_02_T1
l9siberia_r16_c48,16,48,EPSG:32643,599205.00,7333935.00,603045.00,7337775.00,77.2396,66.1268,3,0,0,282.898,299.476,302.622,298.197,3.22831,3.14551,0.410123,0.208949,0.0599108,LC09_L2SP_158014_20260817_02_T1
l9siberia_r16_c56,16,56,EPSG:32643,629925.00,7333935.00,633765.00,7337775.00,77.919,66.1155,3,0,0,284.508,300.02,304.131,299.651,2.82272,4.11108,0.491502,0.412088,0.16232,LC09_L2SP_158014_20260817_02_T1
l9siberia_r16_c57,16,57,EPSG:32643,633765.00,7333935.00,637605.00,7337775.00,78.0039,66.1139,3,0,0,279.067,299.337,303.335,297.863,5.23657,3.99799,0.8293,0.190941,0.220548,LC09_L2SP_158014_20260817_02_T1
l9siberia_r16_c58,16,58,EPSG:32643,637605.00,7333935.00,641445.00,7337775.00,78.0887,66.1122,3,0,0,280.859,298.62,302.421,297.994,3.06748,3.80057,0.439296,0.167693,0.0925539,LC09_L2SP_158014_20260817_02_T1
l9siberia_r16_c59,16,59,EPSG:32643,641445.00,7333935.00,645285.00,7337775.00,78.1736,66.1105,3,0,0,281.044,296.071,302.681,295.448,2.96078,6.60986,0.659707,0.169708,0.0460167,LC09_L2SP_158014_20260817_02_T1
l9siberia_r16_c60,16,60,EPSG:32643,645285.00,7333935.00,649125.00,7337775.00,78.2584,66.1087,3,0,0,281.394,297.438,304.485,296.559,3.66767,7.0473,0.748172,0.295135,0.517194,LC09_L2SP_158014_20260817_02_T1
l9siberia_r17_c13,17,13,EPSG:32643,464805.00,7330095.00,468645.00,7333935.00,74.2638,66.1068,1,0,0,296.051,298.338,300.848,298.443,0.861723,2.50986,0.263541,0.0850619,0.0101351,LC09_L2SP_158014_20260817_02_T1
l9siberia_r17_c14,17,14,EPSG:32643,468645.00,7330095.00,472485.00,7333935.00,74.3487,66.1072,1,0,0,296.839,299.252,301.446,299.176,0.800504,2.19376,0.185104,0.0592979,0.0206595,LC09_L2SP_158014_20260817_02_T1
l9siberia_r17_c15,17,15,EPSG:32643,472485.00,7330095.00,476325.00,7333935.00,74.4337,66.1076,1,0,0,295.288,297.991,300.481,298.103,0.861518,2.49008,0.137825,0.0975899,0.0610171,LC09_L2SP_158014_20260817_02_T1
l9siberia_r17_c16,17,16,EPSG:32643,476325.00,7330095.00,480165.00,7333935.00,74.5186,66.1079,1,0,0,292.78,295.961,298.651,295.981,0.903276,2.69016,0.262308,0.129246,0.0454105,LC09_L2SP_158014_20260817_02_T1
l9siberia_r17_c17,17,17,EPSG:32643,480165.00,7330095.00,484005.00,7333935.00,74.6036,66.1081,1,0,0,291.551,296.67,298.802,296.581,1.06205,2.1315,0.325247,0.135904,0.0308322,LC09_L2SP_158014_20260817_02_T1
l9siberia_r17_c18,17,18,EPSG:32643,484005.00,7330095.00,487845.00,7333935.00,74.6886,66.1083,1,0,0,291.086,297.169,299.227,296.816,1.39881,2.05722,0.664265,0.135991,0.133565,LC09_L2SP_158014_20260817_02_T1
l9siberia_r17_c19,17,19,EPSG:32643,487845.00,7330095.00,491685.00,7333935.00,74.7735,66.1084,1,0,0,291.555,297.843,299.833,297.641,1.13502,1.98981,0.298929,0.119198,0.0287172,LC09_L2SP_158014_20260817_02_T1
l9siberia_r17_c20,17,20,EPSG:32643,491685.00,7330095.00,495525.00,7333935.00,74.8585,66.1085,0,0,0,291.044,297.44,299.518,297.082,1.4986,2.07785,0.133245,0.103425,0.0432192,LC09_L2SP_158014_20260817_02_T1
l9siberia_r17_c21,17,21,EPSG:32643,495525.00,7330095.00,499365.00,7333935.00,74.9435,66.1086,0,0,0,291.732,297.498,299.654,297.401,1.10614,2.1561,0.139693,0.10193,0.00665523,LC09_L2SP_158014_20260817_02_T1
l9siberia_r17_c22,17,22,EPSG:32643,499365.00,7330095.00,503205.00,7333935.00,75.0284,66.1086,0,0,0,291.702,297.395,302.274,297.344,1.427,4.87891,0.248868,0.100431,0.0164151,LC09_L2SP_158014_20260817_02_T1
l9siberia_r17_c23,17,23,EPSG:32643,503205.00,7330095.00,507045.00,7333935.00,75.1134,66.1086,0,0,0,295.337,298.649,303.297,298.591,1.59177,4.64771,0.280455,0.132228,0.0322683,LC09_L2SP_158014_20260817_02_T1
l9siberia_r17_c24,17,24,EPSG:32643,507045.00,7330095.00,510885.00,7333935.00,75.1984,66.1085,0,0,0,297.727,299.434,302.144,299.483,0.805149,2.71002,0.0104823,0.0803832,0.00433882,LC09_L2SP_158014_20260817_02_T1
l9siberia_r17_c25,17,25,EPSG:32643,510885.00,7330095.00,514725.00,7333935.00,75.2833,66.1083,0,0,0,294.589,299.552,302.96,299.552,0.836075,3.40808,0.0992541,0.0867379,0.00729754,LC09_L2SP_158014_20260817_02_T1
l9siberia_r17_c26,17,26,EPSG:32643,514725.00,7330095.00,518565.00,7333935.00,75.3683,66.1082,0,0,0,291.21,299.725,301.918,299.472,1.31348,2.1933,0.172336,0.0730563,0.0112087,LC09_L2SP_158014_20260817_02_T1
l9siberia_r17_c27,17,27,EPSG:32643,518565.00,7330095.00,522405.00,7333935.00,75.4533,66.1079,0,0,0,290.645,298.336,301.633,297.867,2.20066,3.29691,0.119816,0.0834201,0.00460284,LC09_L2SP_158014_20260817_02_T1
l9siberia_r17_c28,17,28,EPSG:32643,522405.00,7330095.00,526245.00,7333935.00,75.5382,66.1077,0,0,0,290.718,297.768,301.077,297.441,1.63712,3.30933,0.0829386,0.0890713,0.00358791,LC09_L2SP_158014_20260817_02_T1
l9siberia_r17_c29,17,29,EPSG:32643,526245.00,7330095.00,530085.00,7333935.00,75.6232,66.1073,0,0,0,290.53,297.606,300.842,296.794,2.27321,3.23605,0.155129,0.0751206,0.0114415,LC09_L2SP_158014_20260817_02_T1
l9siberia_r17_c30,17,30,EPSG:32643,530085.00,7330095.00,533925.00,7333935.00,75.7081,66.107,2,0,0,290.65,297.945,300.856,297.394,1.91229,2.91113,0.0751032,0.175391,0.0176983,LC09_L2SP_158014_20260817_02_T1
l9siberia_r17_c31,17,31,EPSG:32643,533925.00,7330095.00,537765.00,7333935.00,75.7931,66.1066,2,0,0,290.277,298.602,301.049,297.719,2.62259,2.44757,0.115721,0.129788,0.0233799,LC09_L2SP_158014_20260817_02_T1
l9siberia_r17_c33,17,33,EPSG:32643,541605.00,7330095.00,545445.00,7333935.00,75.963,66.1056,2,0,0,290.594,298.426,302.478,297.765,2.44892,4.05151,0.0637863,0.172481,0.0408987,LC09_L2SP_158014_20260817_02_T1
l9siberia_r17_c38,17,38,EPSG:32643,560805.00,7330095.00,564645.00,7333935.00,76.3877,66.1024,2,0,0,294.733,299.945,304.384,299.945,1.69241,4.43863,0.459267,0.441274,0.511395,LC09_L2SP_158014_20260817_02_T1
l9siberia_r17_c57,17,57,EPSG:32643,633765.00,7330095.00,637605.00,7333935.00,77.9998,66.0795,3,0,0,294.545,298.992,304.004,299.208,1.58735,5.01221,0.330644,0.24581,0.0129809,LC09_L2SP_158014_20260817_02_T1
l9siberia_r17_c58,17,58,EPSG:32643,637605.00,7330095.00,641445.00,7333935.00,78.0845,66.0778,3,0,0,292.334,298.363,303.862,298.676,1.85378,5.49878,0.396655,0.264026,0.0294059,LC09_L2SP_158014_20260817_02_T1
l9siberia_r17_c59,17,59,EPSG:32643,641445.00,7330095.00,645285.00,7333935.00,78.1693,66.0761,3,0,0,280.745,296.942,303.186,295.991,3.23299,6.2442,0.947162,0.22286,0.350506,LC09_L2SP_158014_20260817_02_T1
l9siberia_r17_c60,17,60,EPSG:32643,645285.00,7330095.00,649125.00,7333935.00,78.254,66.0743,3,0,0,283.512,297.285,303.317,296.757,2.62034,6.03156,0.726382,0.206501,0.471048,LC09_L2SP_158014_20260817_02_T1
l9siberia_r17_c61,17,61,EPSG:32643,649125.00,7330095.00,652965.00,7333935.00,78.3387,66.0725,3,0,0,292.134,301.754,310.715,302.077,5.46802,8.96091,0.625261,0.991175,0.98409,LC09_L2SP_158014_20260817_02_T1
l9siberia_r17_c62,17,62,EPSG:32643,652965.00,7330095.00,656805.00,7333935.00,78.4234,66.0706,3,0,0,281.248,300.952,311.061,300.34,6.59728,10.1093,0.773873,0.986225,0.994109,LC09_L2SP_158014_20260817_02_T1
l9siberia_r18_c12,18,12,EPSG:32643,460965.00,7326255.00,464805.00,7330095.00,74.1799,66.072,1,0,0,296.633,299.287,301.005,299.199,0.717505,1.71796,0.00575201,0.0536803,0.00234371,LC09_L2SP_158014_20260817_02_T1
l9siberia_r18_c13,18,13,EPSG:32643,464805.00,7326255.00,468645.00,7330095.00,74.2648,66.0724,1,0,0,296.614,298.798,301.014,298.795,0.760126,2.21579,0.162785,0.0742543,0.0172862,LC09_L2SP_158014_20260817_02_T1
l9siberia_r18_c14,18,14,EPSG:32643,468645.00,7326255.00,472485.00,7330095.00,74.3496,66.0728,1,0,0,295.974,298.387,300.976,298.412,0.839216,2.58865,0.236732,0.0883821,0.012361,LC09_L2SP_158014_20260817_02_T1
l9siberia_r18_c15,18,15,EPSG:32643,472485.00,7326255.00,476325.00,7330095.00,74.4344,66.0731,1,0,0,291.165,297.262,299.871,297.069,1.60337,2.60886,0.181792,0.113834,0.0176066,LC09_L2SP_158014_20260817_02_T1
l9siberia_r18_c16,18,16,EPSG:32643,476325.00,7326255.00,480165.00,7330095.00,74.5193,66.0734,1,0,0,291.837,296.16,298.172,296.117,0.768353,2.01169,0.188414,0.137073,0.140514,LC09_L2SP_158014_20260817_02_T1
l9siberia_r18_c17,18,17,EPSG:32643,480165.00,7326255.00,484005.00,7330095.00,74.6041,66.0736,1,0,0,290.603,296.678,298.858,296.533,1.08061,2.17987,0.38162,0.138791,0.132773,LC09_L2SP_158014_20260817_02_T1
l9siberia_r18_c18,18,18,EPSG:32643,484005.00,7326255.00,487845.00,7330095.00,74.689,66.0738,1,0,0,289.844,296.277,297.865,295.536,2.04026,1.58813,0.41278,0.126511,0.0180313,LC09_L2SP_158014_20260817_02_T1
l9siberia_r18_c19,18,19,EPSG:32643,487845.00,7326255.00,491685.00,7330095.00,74.7738,66.074,1,0,0,290.44,297.285,299.12,296.745,1.73615,1.83517,0.576515,0.132406,0.0614935,LC09_L2SP_158014_20260817_02_T1
l9siberia_r18_c20,18,20,EPSG:32643,491685.00,7326255.00,495525.00,7330095.00,74.8587,66.0741,0,0,0,290.88,298.547,300.372,298.157,1.37841,1.82532,0.117052,0.130654,0.0108063,LC09_L2SP_158014_20260817_02_T1
l9siberia_r18_c21,18,21,EPSG:32643,495525.00,7326255.00,499365.00,7330095.00,74.9435,66.0741,0,0,0,291.172,297.85,301.58,297.695,1.39018,3.72949,0.0704885,0.127295,0.0145876,LC09_L2SP_158014_20260817_02_T1
l9siberia_r18_c22,18,22,EPSG:32643,499365.00,7326255.00,503205.00,7330095.00,75.0284,66.0741,0,0,0,291.543,298.403,302.483,298.137,1.62728,4.07993,0.147217,0.14204,0.0219915,LC09_L2SP_158014_20260817_02_T1
l9siberia_r18_c23,18,23,EPSG:32643,503205.00,7326255.00,507045.00,7330095.00,75.1132,66.0741,0,0,0,295.413,298.667,302.045,298.588,1.40385,3.37796,0.182181,0.10994,0.0191451,LC09_L2SP_158014_20260817_02_T1
l9siberia_r18_c24,18,24,EPSG:32643,507045.00,7326255.00,510885.00,7330095.00,75.1981,66.074,0,0,0,295.536,298.955,302.205,298.864,0.996528,3.24969,0.171438,0.102368,0.00880328,LC09_L2SP_158014_20260817_02_T1
l9siberia_r18_c25,18,25,EPSG:32643,510885.00,7326255.00,514725.00,7330095.00,75.283,66.0739,0,0,0,296.408,299.272,301.707,299.199,0.793076,2.43506,0.163564,0.0852356,0.0178866,LC09_L2SP_158014_20260817_02_T1
l9siberia_r18_c26,18,26,EPSG:32643,514725.00,7326255.00,518565.00,7330095.00,75.3678,66.0737,0,0,0,296.949,299.576,302.247,299.576,0.841141,2.67068,0.40266,0.0711129,0.0386576,LC09_L2SP_158014_20260817_02_T1
l9siberia_r18_c27,18,27,EPSG:32643,518565.00,7326255.00,522405.00,7330095.00,75.4527,66.0735,0,0,0,297.827,299.79,302.008,299.777,0.629582,2.21747,0.347757,0.0656826,0.019215,LC09_L2SP_158014_20260817_02_T1
l9siberia_r18_c56,18,56,EPSG:32643,629925.00,7326255.00,633765.00,7330095.00,77.9111,66.0467,3,0,0,282.011,301.87,307.374,301.412,4.06246,5.504,0.784822,0.845762,0.901608,LC09_L2SP_158014_20260817_02_T1
l9siberia_r18_c57,18,57,EPSG:32643,633765.00,7326255.00,637605.00,7330095.00,77.9957,66.0451,3,0,0,284.162,302.267,305.649,301.551,2.92686,3.38232,0.670655,0.853248,0.737581,LC09_L2SP_158014_20260817_02_T1
l9siberia_r18_c58,18,58,EPSG:32643,637605.00,7326255.00,641445.00,7330095.00,78.0804,66.0434,3,0,0,292.615,302.114,305.55,300.876,3.2728,3.43597,0.622628,0.620142,0.536384,LC09_L2SP_158014_20260817_02_T1
l9siberia_r18_c59,18,59,EPSG:32643,641445.00,7326255.00,645285.00,7330095.00,78.165,66.0417,3,0,0,285.173,297.452,303.408,297.069,2.00607,5.95596,0.54286,0.184691,0.0323641,LC09_L2SP_158014_20260817_02_T1
l9siberia_r18_c60,18,60,EPSG:32643,645285.00,7326255.00,649125.00,7330095.00,78.2496,66.0399,3,0,0,283.345,296.134,303.327,295.444,3.10096,7.19342,0.626531,0.234234,0.154418,LC09_L2SP_158014_20260817_02_T1
l9siberia_r18_c61,18,61,EPSG:32643,649125.00,7326255.00,652965.00,7330095.00,78.3342,66.0381,3,0,0,283.566,296.976,307.224,297.312,3.07667,10.2482,0.753567,0.310492,0.0946615,LC09_L2SP_158014_20260817_02_T1
l9siberia_r18_c62,18,62,EPSG:32643,652965.00,7326255.00,656805.00,7330095.00,78.4188,66.0363,3,0,0,280.041,301.816,309.923,300.298,6.62236,8.10724,0.791949,0.938081,0.975281,LC09_L2SP_158014_20260817_02_T1
l9siberia_r18_c63,18,63,EPSG:32643,656805.00,7326255.00,660645.00,7330095.00,78.5034,66.0344,3,0,0,278.87,301.075,307.079,299.551,6.22612,6.00452,0.782447,0.796383,0.904205,LC09_L2SP_158014_20260817_02_T1
l9siberia_r19_c12,19,12,EPSG:32643,460965.00,7322415.00,464805.00,7326255.00,74.181,66.0375,1,0,0,297.239,298.735,301.4,298.788,0.619204,2.66446,0.00306331,0.0758576,0.00280577,LC09_L2SP_158014_20260817_02_T1
l9siberia_r19_c13,19,13,EPSG:32643,464805.00,7322415.00,468645.00,7326255.00,74.2657,66.038,1,0,0,296.869,298.407,300.932,298.515,0.641786,2.52484,0.0154381,0.0867182,0.00245231,LC09_L2SP_158014_20260817_02_T1
l9siberia_r19_c14,19,14,EPSG:32643,468645.00,7322415.00,472485.00,7326255.00,74.3505,66.0383,1,0,0,291.196,297.258,299.707,297.107,1.11514,2.44907,0.121734,0.122235,0.0288069,LC09_L2SP_158014_20260817_02_T1
l9siberia_r19_c15,19,15,EPSG:32643,472485.00,7322415.00,476325.00,7326255.00,74.4352,66.0387,1,0,0,291.322,296.376,298.745,296.308,0.96033,2.36938,0.27678,0.137263,0.0287338,LC09_L2SP_158014_20260817_02_T1
l9siberia_r19_c16,19,16,EPSG:32643,476325.00,7322415.00,480165.00,7326255.00,74.5199,66.039,1,0,0,293.238,296.876,298.888,296.8,0.805509,2.01157,0.22964,0.129149,0.0850662,LC09_L2SP_158014_20260817_02_T1
l9siberia_r19_c17,19,17,EPSG:32643,480165.00,7322415.00,484005.00,7326255.00,74.6047,66.0392,1,0,0,293.12,297.427,298.934,297.394,0.669767,1.50748,0.276025,0.118699,0.194047,LC09_L2SP_158014_20260817_02_T1
l9siberia_r19_c18,19,18,EPSG:32643,484005.00,7322415.00,487845.00,7326255.00,74.6894,66.0394,1,193,1,290.531,297.868,328.208,298.531,3.58092,30.3401,0.267418,0.935341,0.906861,LC09_L2SP_158014_20260817_02_T1
l9siberia_r19_c19,19,19,EPSG:32643,487845.00,7322415.00,491685.00,7326255.00,74.7741,66.0395,1,139,1,290.863,298.983,326.44,299.659,3.14405,27.457,0.415043,0.898898,0.89044,LC09_L2SP_158014_20260817_02_T1
l9siberia_r19_c20,19,20,EPSG:32643,491685.00,7322415.00,495525.00,7326255.00,74.8589,66.0396,0,0,0,294.205,298.392,301.491,298.378,1.00653,3.09827,0.100359,0.114132,0.00861837,LC09_L2SP_158014_20260817_02_T1
l9siberia_r19_c21,19,21,EPSG:32643,495525.00,7322415.00,499365.00,7326255.00,74.9436,66.0397,0,0,0,291.42,297.614,300.34,297.483,1.30225,2.72595,0.0773029,0.102925,0.00497029,LC09_L2SP_158014_20260817_02_T1
l9siberia_r19_c22,19,22,EPSG:32643,499365.00,7322415.00,503205.00,7326255.00,75.0284,66.0397,0,0,0,291.583,297.852,300.564,297.702,1.10748,2.7117,0.0865955,0.126806,0.0117423,LC09_L2SP_158014_20260817_02_T1
l9siberia_r19_c23,19,23,EPSG:32643,503205.00,7322415.00,507045.00,7326255.00,75.1131,66.0397,0,0,0,295.239,298.795,301.116,298.712,1.1301,2.32108,0.0538395,0.0948747,0.00775529,LC09_L2SP_158014_20260817_02_T1
l9siberia_r19_c24,19,24,EPSG:32643,507045.00,7322415.00,510885.00,7326255.00,75.1978,66.0396,0,0,0,295.611,298.072,300.436,298.061,0.828463,2.3645,0.0428236,0.12116,0.00958918,LC09_L2SP_158014_20260817_02_T1
l9siberia_r19_c25,19,25,EPSG:32643,510885.00,7322415.00,514725.00,7326255.00,75.2826,66.0394,0,0,0,296.028,298.714,302.793,298.705,1.08607,4.07916,0.159773,0.116503,0.0152009,LC09_L2SP_158014_20260817_02_T1
l9siberia_r19_c26,19,26,EPSG:32643,514725.00,7322415.00,518565.00,7326255.00,75.3673,66.0393,0,0,0,295.731,298.842,301.951,298.618,0.999198,3.10959,0.127988,0.0952223,0.0047782,LC09_L2SP_158014_20260817_02_T1
l9siberia_r19_c34,19,34,EPSG:32643,545445.00,7322415.00,549285.00,7326255.00,76.0451,66.0362,2,0,0,295.703,300.273,304.351,300.201,1.90146,4.07837,0.606447,0.227121,0.306642,LC09_L2SP_158014_20260817_02_T1
l9siberia_r19_c35,19,35,EPSG:32643,549285.00,7322415.00,553125.00,7326255.00,76.1298,66.0356,2,0,0,296.166,300.673,305.611,300.77,1.42558,4.93796,0.31594,0.222612,0.287831,LC09_L2SP_158014_20260817_02_T1
l9siberia_r19_c36,19,36,EPSG:32643,553125.00,7322415.00,556965.00,7326255.00,76.2145,66.0349,2,0,0,294.169,300.312,305.385,300.576,1.94963,5.07358,0.0239547,0.303617,0.0513142,LC09_L2SP_158014_20260817_02_T1
l9siberia_r19_c37,19,37,EPSG:32643,556965.00,7322415.00,560805.00,7326255.00,76.2992,66.0342,2,0,0,291.546,298.975,302.685,298.542,1.91063,3.7095,0.221175,0.225111,0.0342142,LC09_L2SP_158014_20260817_02_T1
l9siberia_r19_c54,19,54,EPSG:32643,622245.00,7322415.00,626085.00,7326255.00,77.7381,66.0154,3,0,0,293.943,301.332,304.503,301.08,1.779,3.17075,0.487626,0.566078,0.305155,LC09_L2SP_158014_20260817_02_T1
l9siberia_r19_c55,19,55,EPSG:32643,626085.00,7322415.00,629925.00,7326255.00,77.8226,66.0138,3,0,0,288.448,302.65,305.198,301.479,3.0337,2.54837,0.873076,0.776524,0.56558,LC09_L2SP_158014_20260817_02_T1
l9siberia_r19_c56,19,56,EPSG:32643,629925.00,7322415.00,633765.00,7326255.00,77.9072,66.0123,3,0,0,286.467,302.595,306.623,301.104,4.02419,4.0278,0.758658,0.894231,0.888843,LC09_L2SP_158014_20260817_02_T1
l9siberia_r19_c57,19,57,EPSG:32643,633765.00,7322415.00,637605.00,7326255.00,77.9917,66.0107,3,0,0,288.29,301.284,304.659,300.523,2.65782,3.37494,0.659603,0.795221,0.704365,LC09_L2SP_158014_20260817_02_T1
l9siberia_r19_c58,19,58,EPSG:32643,637605.00,7322415.00,641445.00,7326255.00,78.0762,66.009,3,0,0,289.824,302.049,305.824,301.367,2.7007,3.77502,0.662138,0.726508,0.534998,LC09_L2SP_158014_20260817_02_T1
l9siberia_r19_c59,19,59,EPSG:32643,641445.00,7322415.00,645285.00,7326255.00,78.1607,66.0073,3,0,0,284.051,298.531,304.874,298.351,3.31139,6.34286,0.577562,0.428866,0.31016,LC09_L2SP_158014_20260817_02_T1
l9siberia_r19_c60,19,60,EPSG:32643,645285.00,7322415.00,649125.00,7326255.00,78.2452,66.0055,3,0,0,291.904,297.311,300.582,297.281,1.1656,3.27084,0.111588,0.165002,0.0077031,LC09_L2SP_158014_20260817_02_T1
l9siberia_r19_c61,19,61,EPSG:32643,649125.00,7322415.00,652965.00,7326255.00,78.3297,66.0037,3,0,0,282.053,296.8,303.125,296.124,3.32805,6.3255,0.687434,0.224658,0.176456,LC09_L2SP_158014_20260817_02_T1
l9siberia_r19_c62,19,62,EPSG:32643,652965.00,7322415.00,656805.00,7326255.00,78.4142,66.0019,3,0,0,286.322,298.412,307.927,298.726,3.76907,9.51477,0.814169,0.65226,0.78452,LC09_L2SP_158014_20260817_02_T1
l9siberia_r20_c11,20,11,EPSG:32643,457125.00,7318575.00,460965.00,7322415.00,74.0975,66.0026,3,0,0,295.293,298.069,300.304,298.082,0.591409,2.23523,0.0589912,0.146171,0.0140873,LC09_L2SP_158014_20260817_02_T1
l9siberia_r20_c12,20,12,EPSG:32643,460965.00,7318575.00,464805.00,7322415.00,74.1821,66.0031,3,0,0,296.779,298.501,300.152,298.512,0.569364,1.65164,0.0718003,0.135427,0.0124202,LC09_L2SP_158014_20260817_02_T1
l9siberia_r20_c13,20,13,EPSG:32643,464805.00,7318575.00,468645.00,7322415.00,74.2667,66.0035,3,0,0,291.201,297.929,301.046,297.676,1.5344,3.11676,0.0180642,0.13795,0.00904366,LC09_L2SP_158014_20260817_02_T1
l9siberia_r20_c14,20,14,EPSG:32643,468645.00,7318575.00,472485.00,7322415.00,74.3514,66.0039,3,0,0,291.369,297.003,299.227,296.879,1.31902,2.22357,0.0424653,0.159203,0.0133431,LC09_L2SP_158014_20260817_02_T1
l9siberia_r20_c15,20,15,EPSG:32643,472485.00,7318575.00,476325.00,7322415.00,74.436,66.0042,3,0,0,292.018,297.846,303.497,297.814,1.37812,5.65137,0.235821,0.147656,0.115679,LC09_L2SP_158014_20260817_02_T1
l9siberia_r20_c16,20,16,EPSG:32643,476325.00,7318575.00,480165.00,7322415.00,74.5206,66.0045,3,0,0,295.293,298.677,300.975,298.504,0.986242,2.29819,0.271784,0.12019,0.203346,LC09_L2SP_158014_20260817_02_T1
l9siberia_r20_c17,20,17,EPSG:32643,480165.00,7318575.00,484005.00,7322415.00,74.6052,66.0047,3,0,0,293.03,298.121,300.498,298.129,0.905143,2.37711,0.377085,0.133906,0.192407,LC09_L2SP_158014_20260817_02_T1
l9siberia_r20_c18,20,18,EPSG:32643,484005.00,7318575.00,487845.00,7322415.00,74.6898,66.0049,3,103,1,293.776,298.967,322.382,299.604,2.33499,23.4153,0.304264,0.61226,0.469318,LC09_L2SP_158014_20260817_02_T1
l9siberia_r20_c19,20,19,EPSG:32643,487845.00,7318575.00,491685.00,7322415.00,74.7744,66.0051,3,4,1,292.033,300.6,304.979,300.664,1.76014,4.37915,0.352303,0.322971,0.431426,LC09_L2SP_158014_20260817_02_T1
l9siberia_r20_c20,20,20,EPSG:32643,491685.00,7318575.00,495525.00,7322415.00,74.8591,66.0052,3,0,0,291.306,299.928,304.447,299.899,2.06223,4.51859,0.0962702,0.12927,0.0589996,LC09_L2SP_158014_20260817_02_T1
l9siberia_r20_c21,20,21,EPSG:32643,495525.00,7318575.00,499365.00,7322415.00,74.9437,66.0052,3,0,0,291.69,298.351,303.757,298.415,1.82685,5.40576,0.0759952,0.141341,0.016658,LC09_L2SP_158014_20260817_02_T1
l9siberia_r20_c22,20,22,EPSG:32643,499365.00,7318575.00,503205.00,7322415.00,75.0283,66.0052,3,0,0,291.399,297.121,301.445,296.826,1.46124,4.32358,0.0867716,0.170153,0.0109808,LC09_L2SP_158014_20260817_02_T1
l9siberia_r20_c23,20,23,EPSG:32643,503205.00,7318575.00,507045.00,7322415.00,75.1129,66.0052,3,0,0,293.664,299.273,301.658,299.033,1.34037,2.38501,0.136155,0.0914905,0.0227543,LC09_L2SP_158014_20260817_02_T1
l9siberia_r20_c24,20,24,EPSG:32643,507045.00,7318575.00,510885.00,7322415.00,75.1976,66.0051,3,0,0,295.993,298.339,301.482,298.315,0.799704,3.14276,0.0793772,0.136095,0.0141258,LC09_L2SP_158014_20260817_02_T1
l9siberia_r20_c25,20,25,EPSG:32643,510885.00,7318575.00,514725.00,7322415.00,75.2822,66.005,3,0,0,295.931,298.269,300.548,298.261,0.677877,2.27945,0.105744,0.139074,0.051172,LC09_L2SP_158014_20260817_02_T1
l9siberia_r20_c26,20,26,EPSG:32643,514725.00,7318575.00,518565.00,7322415.00,75.3668,66.0048,3,0,0,293.07,298.439,300.579,298.374,0.909729,2.13998,0.230801,0.126939,0.0308115,LC09_L2SP_158014_20260817_02_T1
l9siberia_r20_c37,20,37,EPSG:32643,556965.00,7318575.00,560805.00,7322415.00,76.2975,65.9998,2,0,0,291.42,298.895,304.678,298.623,2.3142,5.78284,0.516397,0.275184,0.27257,LC09_L2SP_158014_20260817_02_T1
l9siberia_r20_c38,20,38,EPSG:32643,560805.00,7318575.00,564645.00,7322415.00,76.3821,65.999,2,0,0,291.32,298.736,302.303,298.044,2.2885,3.56616,0.585461,0.187808,0.183576,LC09_L2SP_158014_20260817_02_T1
l9siberia_r20_c54,20,54,EPSG:32643,622245.00,7318575.00,626085.00,7322415.00,77.7344,65.981,3,0,0,292.783,301.485,304.484,300.625,2.66389,2.99988,0.491283,0.653805,0.406726,LC09_L2SP_158014_20260817_02_T1
l9siberia_r20_c55,20,55,EPSG:32643,626085.00,7318575.00,629925.00,7322415.00,77.8188,65.9794,3,0,0,283.379,300.904,304.107,299.53,3.88768,3.20248,0.770372,0.740201,0.924908,LC09_L2SP_158014_20260817_02_T1
l9siberia_r20_c56,20,56,EPSG:32643,629925.00,7318575.00,633765.00,7322415.00,77.9032,65.9779,3,0,0,292.744,301.665,303.903,300.345,2.95437,2.23871,0.432258,0.61384,0.378514,LC09_L2SP_158014_20260817_02_T1
l9siberia_r20_c57,20,57,EPSG:32643,633765.00,7318575.00,637605.00,7322415.00,77.9877,65.9763,3,0,0,282.29,301.245,303.945,299.805,3.9635,2.69995,0.736672,0.663443,0.553698,LC09_L2SP_158014_20260817_02_T1
l9siberia_r20_c58,20,58,EPSG:32643,637605.00,7318575.00,641445.00,7322415.00,78.0721,65.9746,3,0,0,282.826,301.817,307.376,300.506,3.61041,5.55927,0.726609,0.808942,0.705784,LC09_L2SP_158014_20260817_02_T1
l9siberia_r20_c59,20,59,EPSG:32643,641445.00,7318575.00,645285.00,7322415.00,78.1565,65.9729,3,0,0,284.913,301.659,307.155,301.273,2.94032,5.49612,0.604479,0.716629,0.783799,LC09_L2SP_158014_20260817_02_T1
l9siberia_r20_c60,20,60,EPSG:32643,645285.00,7318575.00,649125.00,7322415.00,78.2409,65.9711,3,0,0,289.099,296.859,303.614,296.815,1.50616,6.75528,0.381251,0.192379,0.0142097,LC09_L2SP_158014_20260817_02_T1
l9siberia_r20_c61,20,61,EPSG:32643,649125.00,7318575.00,652965.00,7322415.00,78.3252,65.9693,3,2,1,290.221,298.234,304.604,297.862,2.75115,6.37021,0.512702,0.456963,0.395182,LC09_L2SP_158014_20260817_02_T1
l9siberia_r20_c62,20,62,EPSG:32643,652965.00,7318575.00,656805.00,7322415.00,78.4096,65.9675,3,3,1,281.704,300.544,306.012,298.982,5.92671,5.4682,0.563557,0.680566,0.627415,LC09_L2SP_158014_20260817_02_T1
l9siberia_r21_c11,21,11,EPSG:32643,457125.00,7314735.00,460965.00,7318575.00,74.0987,65.9682,3,0,0,296.944,299.167,300.638,299.17,0.6038,1.4707,0.133169,0.106947,0.0278767,LC09_L2SP_158014_20260817_02_T1
l9siberia_r21_c12,21,12,EPSG:32643,460965.00,7314735.00,464805.00,7318575.00,74.1832,65.9686,3,0,0,297.69,299.264,301.556,299.308,0.620941,2.29202,0.110532,0.101745,0.0328944,LC09_L2SP_158014_20260817_02_T1
l9siberia_r21_c13,21,13,EPSG:32643,464805.00,7314735.00,468645.00,7318575.00,74.2677,65.9691,3,0,0,295.598,298.933,301.617,298.941,1.01536,2.68469,0.0265971,0.114796,0.0181209,LC09_L2SP_158014_20260817_02_T1
l9siberia_r21_c14,21,14,EPSG:32643,468645.00,7314735.00,472485.00,7318575.00,74.3522,65.9694,3,0,0,296.268,299.125,301.353,299.109,0.929846,2.22733,0.0644322,0.108488,0.0212763,LC09_L2SP_158014_20260817_02_T1
l9siberia_r21_c15,21,15,EPSG:32643,472485.00,7314735.00,476325.00,7318575.00,74.4367,65.9698,3,0,0,295.014,299.541,304.667,299.645,1.00646,5.12564,0.0347191,0.126915,0.0244514,LC09_L2SP_158014_20260817_02_T1
l9siberia_r21_c16,21,16,EPSG:32643,476325.00,7314735.00,480165.00,7318575.00,74.5212,65.9701,3,0,0,296.646,299.976,306.172,299.999,1.06653,6.19653,0.18402,0.157559,0.164994,LC09_L2SP_158014_20260817_02_T1
l9siberia_r21_c17,21,17,EPSG:32643,480165.00,7314735.00,484005.00,7318575.00,74.6057,65.9703,3,0,0,294.936,298.229,301.958,298.243,1.25639,3.72845,0.271599,0.139627,0.223897,LC09_L2SP_158014_20260817_02_T1
l9siberia_r21_c18,21,18,EPSG:32643,484005.00,7314735.00,487845.00,7318575.00,74.6902,65.9705,3,0,0,295.278,298.681,301.669,298.68,1.07627,2.98785,0.351764,0.118221,0.251252,LC09_L2SP_158014_20260817_02_T1
l9siberia_r21_c19,21,19,EPSG:32643,487845.00,7314735.00,491685.00,7318575.00,74.7748,65.9706,3,0,0,296.25,300.363,302.786,300.052,1.12327,2.42303,0.298167,0.116367,0.334356,LC09_L2SP_158014_20260817_02_T1
l9siberia_r21_c20,21,20,EPSG:32643,491685.00,7314735.00,495525.00,7318575.00,74.8593,65.9707,3,0,0,296.566,300.731,303.898,300.748,1.05183,3.16626,0.287497,0.143867,0.268846,LC09_L2SP_158014_20260817_02_T1
l9siberia_r21_c21,21,21,EPSG:32643,495525.00,7314735.00,499365.00,7318575.00,74.9438,65.9708,3,0,0,291.352,299.836,305.904,299.741,1.37284,6.06897,0.190024,0.115728,0.0965605,LC09_L2SP_158014_20260817_02_T1
l9siberia_r21_c22,21,22,EPSG:32643,499365.00,7314735.00,503205.00,7318575.00,75.0283,65.9708,3,0,0,293.274,299.16,301.965,299.008,1.27313,2.80508,0.103306,0.113107,0.0268657,LC09_L2SP_158014_20260817_02_T1
l9siberia_r21_c23,21,23,EPSG:32643,503205.00,7314735.00,507045.00,7318575.00,75.1128,65.9708,3,0,0,296.229,299.633,302.042,299.568,0.829299,2.40891,0.122488,0.100759,0.0442686,LC09_L2SP_158014_20260817_02_T1
l9siberia_r21_c24,21,24,EPSG:32643,507045.00,7314735.00,510885.00,7318575.00,75.1973,65.9707,3,0,0,297.255,299.391,302.195,299.412,0.80626,2.80411,0.272288,0.0961846,0.03976,LC09_L2SP_158014_20260817_02_T1
l9siberia_r21_c25,21,25,EPSG:32643,510885.00,7314735.00,514725.00,7318575.00,75.2818,65.9705,3,0,0,291.93,298.8,301.957,298.829,1.16576,3.15689,0.455987,0.11851,0.0849443,LC09_L2SP_158014_20260817_02_T1
l9siberia_r21_c26,21,26,EPSG:32643,514725.00,7314735.00,518565.00,7318575.00,75.3663,65.9704,3,0,0,290.577,297.731,299.776,297.458,1.406,2.04492,0.421887,0.16098,0.0656422,LC09_L2SP_158014_20260817_02_T1
l9siberia_r21_c37,21,37,EPSG:32643,556965.00,7314735.00,560805.00,7318575.00,76.2957,65.9653,2,0,0,290.96,299.559,302.958,298.655,2.78492,3.39957,0.253521,0.232204,0.0433577,LC09_L2SP_158014_20260817_02_T1
l9siberia_r21_c38,21,38,EPSG:32643,560805.00,7314735.00,564645.00,7318575.00,76.3802,65.9646,2,39,1,291.324,299.412,317.217,299.502,2.85835,17.8055,0.421148,0.813926,0.539497,LC09_L2SP_158014_20260817_02_T1
l9siberia_r21_c53,21,53,EPSG:32643,618405.00,7314735.00,622245.00,7318575.00,77.6464,65.948,3,0,0,292.336,300.014,304.628,298.968,2.86615,4.61487,0.278036,0.275357,0.2621,LC09_L2SP_158014_20260817_02_T1
l9siberia_r21_c54,21,54,EPSG:32643,622245.00,7314735.00,626085.00,7318575.00,77.7307,65.9466,3,0,0,292.389,299.45,303.573,298.148,3.49271,4.12292,0.5395,0.527446,0.259235,LC09_L2SP_158014_20260817_02_T1
l9siberia_r21_c55,21,55,EPSG:32643,626085.00,7314735.00,629925.00,7318575.00,77.815,65.945,3,0,0,291.659,298.389,304.008,297.413,4.213,5.61877,0.617346,0.368739,0.181898,LC09_L2SP_158014_20260817_02_T1
l9siberia_r21_c56,21,56,EPSG:32643,629925.00,7314735.00,633765.00,7318575.00,77.8993,65.9435,3,0,0,291.676,301.602,304.375,300.872,2.30691,2.7735,0.311582,0.563671,0.438136,LC09_L2SP_158014_20260817_02_T1
l9siberia_r21_c57,21,57,EPSG:32643,633765.00,7314735.00,637605.00,7318575.00,77.9837,65.9418,3,0,0,285.642,300.614,304.859,299.067,3.77488,4.24573,0.67121,0.633559,0.409485,LC09_L2SP_158014_20260817_02_T1
l9siberia_r21_c58,21,58,EPSG:32643,637605.00,7314735.00,641445.00,7318575.00,78.0679,65.9402,3,0,0,290.99,302.19,306.532,301.882,2.88511,4.34222,0.755014,0.880936,0.749187,LC09_L2SP_158014_20260817_02_T1
l9siberia_r21_c60,21,60,EPSG:32643,645285.00,7314735.00,649125.00,7318575.00,78.2365,65.9367,3,0,0,284.778,297.625,302.751,297.302,2.28317,5.12604,0.742098,0.247732,0.346314,LC09_L2SP_158014_20260817_02_T1
l9siberia_r21_c61,21,61,EPSG:32643,649125.00,7314735.00,652965.00,7318575.00,78.3208,65.9349,3,0,0,282.517,297.044,304.061,296.751,2.89886,7.01733,0.659251,0.28195,0.124141,LC09_L2SP_158014_20260817_02_T1
l9siberia_r21_c62,21,62,EPSG:32643,652965.00,7314735.00,656805.00,7318575.00,78.405,65.9331,3,0,0,282.691,297.799,303.599,297.375,2.6781,5.79944,0.572062,0.174222,0.0967724,LC09_L2SP_158014_20260817_02_T1
l9siberia_r22_c11,22,11,EPSG:32643,457125.00,7310895.00,460965.00,7314735.00,74.1,65.9337,3,0,0,297.623,299.508,302.214,299.499,0.661964,2.70621,0.0876053,0.0894879,0.0299522,LC09_L2SP_158014_20260817_02_T1
l9siberia_r22_c12,22,12,EPSG:32643,460965.00,7310895.00,464805.00,7314735.00,74.1843,65.9342,3,0,0,297.868,299.254,302.498,299.293,0.624735,3.24393,0.113541,0.113892,0.0350988,LC09_L2SP_158014_20260817_02_T1
l9siberia_r22_c13,22,13,EPSG:32643,464805.00,7310895.00,468645.00,7314735.00,74.2687,65.9346,3,0,0,294.225,299.196,303.209,299.274,0.877159,4.01306,0.094995,0.131329,0.0344198,LC09_L2SP_158014_20260817_02_T1
l9siberia_r22_c14,22,14,EPSG:32643,468645.00,7310895.00,472485.00,7314735.00,74.3531,65.935,3,0,0,297.004,300.054,304.207,300.191,1.11318,4.15277,0.123437,0.160903,0.0859395,LC09_L2SP_158014_20260817_02_T1
l9siberia_r22_c15,22,15,EPSG:32643,472485.00,7310895.00,476325.00,7314735.00,74.4375,65.9353,3,0,0,298.089,300.693,304.685,300.715,0.883333,3.99118,0.0803688,0.0903604,0.0456883,LC09_L2SP_158014_20260817_02_T1
l9siberia_r22_c16,22,16,EPSG:32643,476325.00,7310895.00,480165.00,7314735.00,74.5219,65.9356,3,0,0,295.592,300.47,302.643,300.27,1.15782,2.1731,0.0320984,0.0923867,0.0295617,LC09_L2SP_158014_20260817_02_T1
l9siberia_r22_c17,22,17,EPSG:32643,480165.00,7310895.00,484005.00,7314735.00,74.6063,65.9358,3,0,0,295.073,298.542,303.293,298.749,1.35946,4.7507,0.282753,0.180722,0.189141,LC09_L2SP_158014_20260817_02_T1
l9siberia_r22_c18,22,18,EPSG:32643,484005.00,7310895.00,487845.00,7314735.00,74.6907,65.936,3,0,0,297.177,299.516,301.852,299.599,0.920057,2.33597,0.269802,0.0905868,0.2075,LC09_L2SP_158014_20260817_02_T1
l9siberia_r22_c19,22,19,EPSG:32643,487845.00,7310895.00,491685.00,7314735.00,74.7751,65.9362,3,0,0,291.341,299.363,301.622,298.98,1.63028,2.25912,0.29902,0.114137,0.179804,LC09_L2SP_158014_20260817_02_T1
l9siberia_r22_c20,22,20,EPSG:32643,491685.00,7310895.00,495525.00,7314735.00,74.8594,65.9363,3,0,0,292.016,299.492,301.817,299.284,1.35563,2.32556,0.261911,0.0977801,0.2234,LC09_L2SP_158014_20260817_02_T1
l9siberia_r22_c21,22,21,EPSG:32643,495525.00,7310895.00,499365.00,7314735.00,74.9438,65.9363,3,0,0,294.929,298.413,301.398,298.45,0.991537,2.98456,0.295652,0.131974,0.196947,LC09_L2SP_158014_20260817_02_T1
l9siberia_r22_c22,22,22,EPSG:32643,499365.00,7310895.00,503205.00,7314735.00,75.0282,65.9363,3,0,0,294.198,298.151,300.97,298.181,1.05751,2.8183,0.15934,0.129774,0.0275941,LC09_L2SP_158014_20260817_02_T1
l9siberia_r22_c24,22,24,EPSG:32643,507045.00,7310895.00,510885.00,7314735.00,75.197,65.9362,3,0,0,293.923,299.719,302.703,299.48,0.962421,2.98401,0.360075,0.0943069,0.0749496,LC09_L2SP_158014_20260817_02_T1
l9siberia_r22_c25,22,25,EPSG:32643,510885.00,7310895.00,514725.00,7314735.00,75.2814,65.9361,3,0,0,291.465,298.433,301.659,298.414,0.877957,3.22568,0.1608,0.140106,0.0356598,LC09_L2SP_158014_20260817_02_T1
l9siberia_r22_c36,22,36,EPSG:32643,553125.00,7310895.00,556965.00,7314735.00,76.2096,65.9316,2,0,0,293.027,300.643,304.13,300.48,1.55938,3.48679,0.0702888,0.266906,0.0283695,LC09_L2SP_158014_20260817_02_T1
l9siberia_r22_c37,22,37,EPSG:32643,556965.00,7310895.00,560805.00,7314735.00,76.294,65.9309,2,0,0,293.917,301.294,305.503,301.294,1.55837,4.20856,0.0693609,0.259485,0.0409855,LC09_L2SP_158014_20260817_02_T1
l9siberia_r22_c38,22,38,EPSG:32643,560805.00,7310895.00,564645.00,7314735.00,76.3783,65.9302,2,0,0,292.598,300.875,305.063,300.817,1.41341,4.1886,0.0732746,0.31633,0.114411,LC09_L2SP_158014_20260817_02_T1
l9siberia_r22_c39,22,39,EPSG:32643,564645.00,7310895.00,568485.00,7314735.00,76.4627,65.9294,2,0,0,287.375,300.98,306.717,300.984,1.82296,5.73682,0.839362,0.443696,0.809028,LC09_L2SP_158014_20260817_02_T1
l9siberia_r22_c40,22,40,EPSG:32643,568485.00,7310895.00,572325.00,7314735.00,76.547,65.9286,2,96,1,284.531,299.737,323.745,300.201,3.35862,24.0079,0.916994,0.9479,0.989526,LC09_L2SP_158014_20260817_02_T1
l9siberia_r22_c52,22,52,EPSG:32643,614565.00,7310895.00,618405.00,7314735.00,77.5586,65.915,3,0,0,292.7,299.526,302.421,298.718,2.49193,2.8956,0.442734,0.196277,0.181495,LC09_L2SP_158014_20260817_02_T1
l9siberia_r22_c53,22,53,EPSG:32643,618405.00,7310895.00,622245.00,7314735.00,77.6428,65.9136,3,0,0,292.064,299.736,303.133,298.797,2.6505,3.39661,0.53215,0.304112,0.250227,LC09_L2SP_158014_20260817_02_T1
l9siberia_r22_c54,22,54,EPSG:32643,622245.00,7310895.00,626085.00,7314735.00,77.727,65.9121,3,0,0,291.975,299.311,303.468,298.297,3.1562,4.15689,0.568832,0.343271,0.137537,LC09_L2SP_158014_20260817_02_T1
l9siberia_r22_c55,22,55,EPSG:32643,626085.00,7310895.00,629925.00,7314735.00,77.8112,65.9106,3,0,0,291.725,297.588,302.934,297.092,3.40489,5.34555,0.744087,0.273506,0.0503315,LC09_L2SP_158014_20260817_02_T1
l9siberia_r22_c56,22,56,EPSG:32643,629925.00,7310895.00,633765.00,7314735.00,77.8955,65.9091,3,0,0,291.951,300.501,303.213,299.808,2.26989,2.71252,0.0669396,0.245269,0.139355,LC09_L2SP_158014_20260817_02_T1
l9siberia_r22_c57,22,57,EPSG:32643,633765.00,7310895.00,637605.00,7314735.00,77.9796,65.9074,3,0,0,289.901,300.941,304.143,299.594,3.23968,3.20139,0.522681,0.329698,0.103762,LC09_L2SP_158014_20260817_02_T1
l9siberia_r22_c58,22,58,EPSG:32643,637605.00,7310895.00,641445.00,7314735.00,78.0638,65.9058,3,0,0,285.838,301.781,305.456,300.139,4.17518,3.67453,0.847229,0.587583,0.480408,LC09_L2SP_158014_20260817_02_T1
l9siberia_r22_c60,22,60,EPSG:32643,645285.00,7310895.00,649125.00,7314735.00,78.2322,65.9023,3,3,1,291.192,298.249,305.242,298.184,3.15571,6.99359,0.425693,0.508255,0.210363,LC09_L2SP_158014_20260817_02_T1
l9siberia_r22_c61,22,61,EPSG:32643,649125.00,7310895.00,652965.00,7314735.00,78.3163,65.9005,3,0,0,287.297,297.592,299.93,297.181,1.73779,2.33789,0.27824,0.154848,0.0155133,LC09_L2SP_158014_20260817_02_T1
l9siberia_r23_c10,23,10,EPSG:32643,453285.00,7307055.00,457125.00,7310895.00,74.0169,65.8987,3,0,0,296.835,298.696,301.824,298.703,0.680918,3.12796,0.114695,0.125816,0.0316698,LC09_L2SP_158014_20260817_02_T1
l9siberia_r23_c11,23,11,EPSG:32643,457125.00,7307055.00,460965.00,7310895.00,74.1012,65.8993,3,0,0,297.17,299.745,304.839,299.907,1.03213,5.09467,0.114538,0.125024,0.0587463,LC09_L2SP_158014_20260817_02_T1
l9siberia_r23_c12,23,12,EPSG:32643,460965.00,7307055.00,464805.00,7310895.00,74.1854,65.8997,3,0,0,297.391,299.415,303.722,299.464,0.81693,4.30707,0.0990987,0.117826,0.0387474,LC09_L2SP_158014_20260817_02_T1
l9siberia_r23_c13,23,13,EPSG:32643,464805.00,7307055.00,468645.00,7310895.00,74.2697,65.9002,3,0,0,297.431,299.352,301.349,299.339,0.613647,1.99689,0.162653,0.0963994,0.0420003,LC09_L2SP_158014_20260817_02_T1
l9siberia_r23_c14,23,14,EPSG:32643,468645.00,7307055.00,472485.00,7310895.00,74.354,65.9005,3,0,0,295.455,299.857,303.247,299.948,0.964366,3.39075,0.145438,0.125133,0.0578216,LC09_L2SP_158014_20260817_02_T1
l9siberia_r23_c15,23,15,EPSG:32643,472485.00,7307055.00,476325.00,7310895.00,74.4382,65.9009,3,0,0,293.885,300.726,303.378,300.705,1.06591,2.65253,0.49785,0.139271,0.120526,LC09_L2SP_158014_20260817_02_T1
l9siberia_r23_c16,23,16,EPSG:32643,476325.00,7307055.00,480165.00,7310895.00,74.5225,65.9012,3,0,0,295.123,301.179,305.831,300.711,2.2444,4.65225,0.0584166,0.260075,0.0693962,LC09_L2SP_158014_20260817_02_T1
l9siberia_r23_c17,23,17,EPSG:32643,480165.00,7307055.00,484005.00,7310895.00,74.6068,65.9014,3,0,0,294.605,299.34,303.238,299.477,1.28779,3.89828,0.13361,0.13398,0.0311544,LC09_L2SP_158014_20260817_02_T1
l9siberia_r23_c18,23,18,EPSG:32643,484005.00,7307055.00,487845.00,7310895.00,74.6911,65.9016,3,0,0,296.545,299.625,301.685,299.605,0.755977,2.06015,0.174151,0.0906665,0.137405,LC09_L2SP_158014_20260817_02_T1
l9siberia_r23_c19,23,19,EPSG:32643,487845.00,7307055.00,491685.00,7310895.00,74.7754,65.9017,3,0,0,294.25,299.098,301.618,299.051,0.935631,2.52023,0.293439,0.104593,0.152394,LC09_L2SP_158014_20260817_02_T1
l9siberia_r23_c20,23,20,EPSG:32643,491685.00,7307055.00,495525.00,7310895.00,74.8596,65.9018,3,0,0,291.839,298.977,301.304,298.601,1.37876,2.3269,0.280221,0.115016,0.164669,LC09_L2SP_158014_20260817_02_T1
l9siberia_r23_c21,23,21,EPSG:32643,495525.00,7307055.00,499365.00,7310895.00,74.9439,65.9019,3,0,0,292.285,297.319,300.596,297.172,1.28145,3.27618,0.281357,0.149918,0.139725,LC09_L2SP_158014_20260817_02_T1
l9siberia_r23_c22,23,22,EPSG:32643,499365.00,7307055.00,503205.00,7310895.00,75.0282,65.9019,3,0,0,293.195,297.71,299.693,297.752,0.777131,1.98315,0.24296,0.158762,0.161661,LC09_L2SP_158014_20260817_02_T1
l9siberia_r23_c24,23,24,EPSG:32643,507045.00,7307055.00,510885.00,7310895.00,75.1968,65.9018,3,0,0,290.716,297.412,300.444,297.236,1.80112,3.03235,0.481598,0.155579,0.117454,LC09_L2SP_158014_20260817_02_T1
l9siberia_r23_c25,23,25,EPSG:32643,510885.00,7307055.00,514725.00,7310895.00,75.2811,65.9016,3,0,0,290.566,297.879,300.019,297.413,1.74347,2.13934,0.40621,0.160831,0.0502372,LC09_L2SP_158014_20260817_02_T1
l9siberia_r23_c37,23,37,EPSG:32643,556965.00,7307055.00,560805.00,7310895.00,76.2922,65.8965,2,0,0,293.223,301.717,306.97,301.894,1.66393,5.25253,0.0693855,0.732977,0.254121,LC09_L2SP_158014_20260817_02_T1
l9siberia_r23_c38,23,38,EPSG:32643,560805.00,7307055.00,564645.00,7310895.00,76.3765,65.8957,2,0,0,291.52,299.989,304.235,299.455,2.46844,4.24597,0.0479806,0.342722,0.0423891,LC09_L2SP_158014_20260817_02_T1
l9siberia_r23_c39,23,39,EPSG:32643,564645.00,7307055.00,568485.00,7310895.00,76.4607,65.8949,2,0,0,291.898,300.637,305.185,300.24,1.78795,4.54742,0.116357,0.289154,0.121264,LC09_L2SP_158014_20260817_02_T1
l9siberia_r23_c40,23,40,EPSG:32643,568485.00,7307055.00,572325.00,7310895.00,76.545,65.8941,2,258,1,294.89,300.749,356.903,301.617,4.82213,56.1541,0.907996,0.986474,0.994127,LC09_L2SP_158014_20260817_02_T1
l9siberia_r23_c41,23,41,EPSG:32643,572325.00,7307055.00,576165.00,7310895.00,76.6292,65.8932,2,108,1,293.375,304.044,316.313,303.656,2.99412,12.2689,0.689467,0.985982,0.997236,LC09_L2SP_158014_20260817_02_T1
l9siberia_r23_c42,23,42,EPSG:32643,576165.00,7307055.00,580005.00,7310895.00,76.7134,65.8923,2,165,1,291.983,301.118,328.682,300.629,3.50631,27.5638,0.832975,0.961915,0.985569,LC09_L2SP_158014_20260817_02_T1
l9siberia_r23_c43,23,43,EPSG:32643,580005.00,7307055.00,583845.00,7310895.00,76.7976,65.8914,2,135,1,291.898,301.404,311.96,300.476,3.24699,10.556,0.0764043,0.623575,0.0899304,LC09_L2SP_158014_20260817_02_T1
l9siberia_r23_c52,23,52,EPSG:32643,614565.00,7307055.00,618405.00,7310895.00,77.5551,65.8806,3,0,0,291.553,297.436,302.251,296.691,3.34852,4.81543,0.586799,0.14091,0.0171787,LC09_L2SP_158014_20260817_02_T1
l9siberia_r23_c53,23,53,EPSG:32643,618405.00,7307055.00,622245.00,7310895.00,77.6393,65.8792,3,0,0,291.287,298.028,302.63,296.701,3.48102,4.60159,0.765275,0.146094,0.0600842,LC09_L2SP_158014_20260817_02_T1
l9siberia_r23_c54,23,54,EPSG:32643,622245.00,7307055.00,626085.00,7310895.00,77.7234,65.8777,3,0,0,291.885,299.388,303.227,297.76,3.53345,3.8389,0.605804,0.216366,0.0894047,LC09_L2SP_158014_20260817_02_T1
l9siberia_r23_c55,23,55,EPSG:32643,626085.00,7307055.00,629925.00,7310895.00,77.8075,65.8762,3,0,0,293.6,301.075,304.005,300.558,1.9346,2.92935,0.128978,0.516445,0.32389,LC09_L2SP_158014_20260817_02_T1
l9siberia_r23_c56,23,56,EPSG:32643,629925.00,7307055.00,633765.00,7310895.00,77.8916,65.8746,3,0,0,293.251,301.152,304.087,300.705,2.04406,2.93454,0.145961,0.657496,0.313477,LC09_L2SP_158014_20260817_02_T1
l9siberia_r23_c57,23,57,EPSG:32643,633765.00,7307055.00,637605.00,7310895.00,77.9756,65.873,3,0,0,293.054,301.334,304.654,300.783,2.3394,3.32025,0.151019,0.4763,0.257185,LC09_L2SP_158014_20260817_02_T1
l9siberia_r23_c58,23,58,EPSG:32643,637605.00,7307055.00,641445.00,7310895.00,78.0597,65.8714,3,0,0,286.896,300.174,303.868,299.183,3.20854,3.69403,0.678793,0.584042,0.507552,LC09_L2SP_158014_20260817_02_T1
l9siberia_r23_c59,23,59,EPSG:32643,641445.00,7307055.00,645285.00,7310895.00,78.1438,65.8697,3,0,0,287.203,301.585,307.07,300.858,3.19613,5.48529,0.503948,0.906765,0.798356,LC09_L2SP_158014_20260817_02_T1
l9siberia_r23_c60,23,60,EPSG:32643,645285.00,7307055.00,649125.00,7310895.00,78.2278,65.8679,3,0,0,281.34,298.219,308.694,297.791,3.45638,10.4758,0.62734,0.359476,0.196157,LC09_L2SP_158014_20260817_02_T1
l9siberia_r23_c61,23,61,EPSG:32643,649125.00,7307055.00,652965.00,7310895.00,78.3119,65.8661,3,0,0,286.774,298.111,303.175,297.56,2.21347,5.06366,0.426191,0.168492,0.119359,LC09_L2SP_158014_20260817_02_T1
l9siberia_r24_c10,24,10,EPSG:32643,453285.00,7303215.00,457125.00,7307055.00,74.0182,65.8643,3,0,0,296.644,298.982,302.155,298.932,0.651274,3.1734,0.105404,0.116105,0.0134886,LC09_L2SP_158014_20260817_02_T1
l9siberia_r24_c11,24,11,EPSG:32643,457125.00,7303215.00,460965.00,7307055.00,74.1024,65.8648,3,0,0,296.487,299.325,300.972,299.255,0.677774,1.64767,0.130877,0.0948653,0.0272283,LC09_L2SP_158014_20260817_02_T1
l9siberia_r24_c12,24,12,EPSG:32643,460965.00,7303215.00,464805.00,7307055.00,74.1865,65.8653,3,0,0,297.133,299.161,304.253,299.216,0.765318,5.09238,0.131425,0.12396,0.0361931,LC09_L2SP_158014_20260817_02_T1
l9siberia_r24_c13,24,13,EPSG:32643,464805.00,7303215.00,468645.00,7307055.00,74.2707,65.8657,3,0,0,297.826,299.6,301.357,299.581,0.574635,1.75702,0.116521,0.0924148,0.0353049,LC09_L2SP_158014_20260817_02_T1
l9siberia_r24_c14,24,14,EPSG:32643,468645.00,7303215.00,472485.00,7307055.00,74.3548,65.8661,3,0,0,297.766,299.92,302.445,299.903,0.803619,2.52509,0.134756,0.0859677,0.0472832,LC09_L2SP_158014_20260817_02_T1
l9siberia_r24_c15,24,15,EPSG:32643,472485.00,7303215.00,476325.00,7307055.00,74.439,65.8664,3,0,0,295.332,300.97,306.018,300.63,1.85524,5.04755,0.565225,0.224666,0.137696,LC09_L2SP_158014_20260817_02_T1
l9siberia_r24_c16,24,16,EPSG:32643,476325.00,7303215.00,480165.00,7307055.00,74.5232,65.8667,3,0,0,292.015,299.28,304.333,299.275,2.22159,5.0528,0.223164,0.222607,0.142423,LC09_L2SP_158014_20260817_02_T1
l9siberia_r24_c17,24,17,EPSG:32643,480165.00,7303215.00,484005.00,7307055.00,74.6073,65.8669,3,0,0,294.879,299.434,302.882,299.312,1.3688,3.44855,0.140731,0.153504,0.0608728,LC09_L2SP_158014_20260817_02_T1
l9siberia_r24_c19,24,19,EPSG:32643,487845.00,7303215.00,491685.00,7307055.00,74.7757,65.8673,3,0,0,295.777,299.899,306.079,299.993,1.4725,6.18036,0.31493,0.187662,0.221542,LC09_L2SP_158014_20260817_02_T1
l9siberia_r24_c20,24,20,EPSG:32643,491685.00,7303215.00,495525.00,7307055.00,74.8598,65.8674,3,0,0,296.208,299.631,303.331,299.642,1.27857,3.70001,0.263125,0.117835,0.196849,LC09_L2SP_158014_20260817_02_T1
l9siberia_r24_c21,24,21,EPSG:32643,495525.00,7303215.00,499365.00,7307055.00,74.944,65.8674,3,0,0,291.361,297.643,300.281,297.615,1.264,2.63721,0.291942,0.138417,0.114901,LC09_L2SP_158014_20260817_02_T1
l9siberia_r24_c22,24,22,EPSG:32643,499365.00,7303215.00,503205.00,7307055.00,75.0282,65.8674,3,0,0,293.325,297.337,299.717,297.318,0.906507,2.38058,0.296711,0.159069,0.12363,LC09_L2SP_158014_20260817_02_T1
l9siberia_r24_c23,24,23,EPSG:32643,503205.00,7303215.00,507045.00,7307055.00,75.1123,65.8674,3,0,0,295.812,297.418,299.256,297.429,0.593312,1.8385,0.259827,0.166774,0.142297,LC09_L2SP_158014_20260817_02_T1
l9siberia_r24_c24,24,24,EPSG:32643,507045.00,7303215.00,510885.00,7307055.00,75.1965,65.8673,3,0,0,290.012,296.532,299.311,296.301,1.35835,2.77911,0.331395,0.180706,0.117423,LC09_L2SP_158014_20260817_02_T1
l9siberia_r24_c25,24,25,EPSG:32643,510885.00,7303215.00,514725.00,7307055.00,75.2807,65.8672,3,0,0,290.234,296.522,298.662,296.337,1.28353,2.13956,0.433618,0.180627,0.134191,LC09_L2SP_158014_20260817_02_T1
l9siberia_r24_c35,24,35,EPSG:32643,549285.00,7303215.00,553125.00,7307055.00,76.1222,65.8633,2,0,0,295.696,299.312,303.413,299.312,1.25828,4.10144,0.315114,0.198577,0.0757225,LC09_L2SP_158014_20260817_02_T1
l9siberia_r24_c36,24,36,EPSG:32643,553125.00,7303215.00,556965.00,7307055.00,76.2064,65.8627,2,0,0,291.138,297.601,305.058,297.521,2.55057,7.45663,0.546018,0.309614,0.25096,LC09_L2SP_158014_20260817_02_T1
l9siberia_r24_c37,24,37,EPSG:32643,556965.00,7303215.00,560805.00,7307055.00,76.2905,65.862,2,0,0,291.116,299.641,302.454,298.947,2.29291,2.8139,0.0843647,0.197884,0.0106682,LC09_L2SP_158014_20260817_02_T1
l9siberia_r24_c38,24,38,EPSG:32643,560805.00,7303215.00,564645.00,7307055.00,76.3746,65.8613,2,0,0,290.738,299.364,302.554,298.392,3.04431,3.19003,0.0521589,0.276259,0.0329842,LC09_L2SP_158014_20260817_02_T1
l9siberia_r24_c39,24,39,EPSG:32643,564645.00,7303215.00,568485.00,7307055.00,76.4588,65.8605,2,0,0,293.074,301.186,303.119,300.903,1.38812,1.93301,0.0566805,0.200239,0.0146749,LC09_L2SP_158014_20260817_02_T1
l9siberia_r24_c40,24,40,EPSG:32643,568485.00,7303215.00,572325.00,7307055.00,76.5429,65.8597,2,18,1,293.107,301.446,309.491,301.027,1.83984,8.0455,0.214711,0.551435,0.234054,LC09_L2SP_158014_20260817_02_T1
l9siberia_r24_c41,24,41,EPSG:32643,572325.00,7303215.00,576165.00,7307055.00,76.627,65.8588,2,227,1,296.917,301.567,330.882,302.37,3.43283,29.3148,0.367032,0.976643,0.9868,LC09_L2SP_158014_20260817_02_T1
l9siberia_r24_c42,24,42,EPSG:32643,576165.00,7303215.00,580005.00,7307055.00,76.7111,65.8579,2,7,1,293.852,303.143,309.633,302.639,2.55685,6.49036,0.266917,0.933895,0.61297,LC09_L2SP_158014_20260817_02_T1
l9siberia_r24_c43,24,43,EPSG:32643,580005.00,7303215.00,583845.00,7307055.00,76.7952,65.8569,2,107,1,292.605,301.614,314.518,301.456,2.5039,12.9047,0.0629294,0.82899,0.334188,LC09_L2SP_158014_20260817_02_T1
l9siberia_r24_c44,24,44,EPSG:32643,583845.00,7303215.00,587685.00,7307055.00,76.8793,65.8559,2,0,0,293.355,300.981,303.805,300.479,1.92097,2.82407,0.0732027,0.390731,0.124555,LC09_L2SP_158014_20260817_02_T1
l9siberia_r24_c45,24,45,EPSG:32643,587685.00,7303215.00,591525.00,7307055.00,76.9634,65.8549,2,13,1,292.342,299.863,307.663,298.775,3.00075,7.80042,0.0655105,0.544784,0.0418653,LC09_L2SP_158014_20260817_02_T1
l9siberia_r24_c47,24,47,EPSG:32643,595365.00,7303215.00,599205.00,7307055.00,77.1315,65.8526,2,0,0,293.116,300.986,303.889,300.622,1.83117,2.90289,0.0596632,0.332109,0.0138307,LC09_L2SP_158014_20260817_02_T1
l9siberia_r24_c50,24,50,EPSG:32643,606885.00,7303215.00,610725.00,7307055.00,77.3837,65.8489,3,0,0,291.217,299.347,301.917,298.125,3.05593,2.56961,0.126688,0.112998,0.0158799,LC09_L2SP_158014_20260817_02_T1
l9siberia_r24_c51,24,51,EPSG:32643,610725.00,7303215.00,614565.00,7307055.00,77.4677,65.8476,3,0,0,291.723,299.698,301.95,298.297,3.06114,2.25159,0.329322,0.16425,0.0948654,LC09_L2SP_158014_20260817_02_T1
l9siberia_r24_c52,24,52,EPSG:32643,614565.00,7303215.00,618405.00,7307055.00,77.5517,65.8462,3,0,0,291.401,297.14,302.449,296.318,3.56634,5.30902,0.663562,0.183953,0.0654511,LC09_L2SP_158014_20260817_02_T1
l9siberia_r24_c53,24,53,EPSG:32643,618405.00,7303215.00,622245.00,7307055.00,77.6357,65.8448,3,0,0,291.67,298.931,302.954,297.755,3.43468,4.0238,0.774403,0.167048,0.112328,LC09_L2SP_158014_20260817_02_T1
l9siberia_r24_c54,24,54,EPSG:32643,622245.00,7303215.00,626085.00,7307055.00,77.7197,65.8433,3,0,0,292.228,300.001,302.925,298.752,3.1459,2.92398,0.511746,0.234803,0.0604148,LC09_L2SP_158014_20260817_02_T1
l9siberia_r24_c55,24,55,EPSG:32643,626085.00,7303215.00,629925.00,7307055.00,77.8037,65.8418,3,0,0,292.559,301.317,304.457,300.58,2.50165,3.1402,0.692879,0.494689,0.259339,LC09_L2SP_158014_20260817_02_T1
l9siberia_r24_c56,24,56,EPSG:32643,629925.00,7303215.00,633765.00,7307055.00,77.8877,65.8402,3,0,0,287.042,300.626,305.044,299.533,3.13501,4.41772,0.477065,0.714127,0.44036,LC09_L2SP_158014_20260817_02_T1
l9siberia_r24_c57,24,57,EPSG:32643,633765.00,7303215.00,637605.00,7307055.00,77.9717,65.8386,3,0,0,292.948,301.212,303.503,300.211,2.57299,2.29117,0.234057,0.449215,0.27582,LC09_L2SP_158014_20260817_02_T1
l9siberia_r24_c58,24,58,EPSG:32643,637605.00,7303215.00,641445.00,7307055.00,78.0556,65.837,3,0,0,284.383,301.17,304.625,300.37,3.13942,3.45432,0.51217,0.65636,0.527859,LC09_L2SP_158014_20260817_02_T1
l9siberia_r24_c59,24,59,EPSG:32643,641445.00,7303215.00,645285.00,7307055.00,78.1396,65.8353,3,0,0,290.378,302.152,306.22,301.259,2.89255,4.06812,0.38191,0.814587,0.656174,LC09_L2SP_158014_20260817_02_T1
l9siberia_r24_c60,24,60,EPSG:32643,645285.00,7303215.00,649125.00,7307055.00,78.2235,65.8335,3,0,0,292.033,298.409,304.528,298.122,2.55493,6.11884,0.614997,0.320412,0.300043,LC09_L2SP_158014_20260817_02_T1
l9siberia_r25_c10,25,10,EPSG:32643,453285.00,7299375.00,457125.00,7303215.00,74.0195,65.8299,3,0,0,296.792,298.783,300.253,298.727,0.680431,1.47003,0.0574642,0.123996,0.00951886,LC09_L2SP_158014_20260817_02_T1
l9siberia_r25_c11,25,11,EPSG:32643,457125.00,7299375.00,460965.00,7303215.00,74.1036,65.8304,3,0,0,296.422,298.962,300.477,298.897,0.609902,1.51489,0.0344445,0.116175,0.00782115,LC09_L2SP_158014_20260817_02_T1
l9siberia_r25_c12,25,12,EPSG:32643,460965.00,7299375.00,464805.00,7303215.00,74.1876,65.8308,3,0,0,297.007,298.874,300.755,298.867,0.628286,1.88046,0.166481,0.118273,0.0299209,LC09_L2SP_158014_20260817_02_T1
l9siberia_r25_c13,25,13,EPSG:32643,464805.00,7299375.00,468645.00,7303215.00,74.2716,65.8313,3,0,0,297.289,299.301,302.024,299.26,0.720569,2.72351,0.342509,0.112215,0.0469324,LC09_L2SP_158014_20260817_02_T1
l9siberia_r25_c14,25,14,EPSG:32643,468645.00,7299375.00,472485.00,7303215.00,74.3557,65.8316,3,0,0,294.353,299.01,302.895,299.052,1.44917,3.88513,0.186879,0.126053,0.0534418,LC09_L2SP_158014_20260817_02_T1
l9siberia_r25_c15,25,15,EPSG:32643,472485.00,7299375.00,476325.00,7303215.00,74.4397,65.832,3,0,0,292.199,298.437,304.047,298.629,1.83378,5.60995,0.163761,0.174437,0.0507881,LC09_L2SP_158014_20260817_02_T1
l9siberia_r25_c16,25,16,EPSG:32643,476325.00,7299375.00,480165.00,7303215.00,74.5238,65.8323,3,0,0,296.95,299.696,303.139,299.677,0.986387,3.4425,0.107116,0.129675,0.0362608,LC09_L2SP_158014_20260817_02_T1
l9siberia_r25_c17,25,17,EPSG:32643,480165.00,7299375.00,484005.00,7303215.00,74.6078,65.8325,3,0,0,292.711,299.695,301.813,299.459,1.07646,2.11826,0.129715,0.0915339,0.0325098,LC09_L2SP_158014_20260817_02_T1
l9siberia_r25_c18,25,18,EPSG:32643,484005.00,7299375.00,487845.00,7303215.00,74.6919,65.8327,3,0,0,292.274,300.209,303.019,300.048,1.36944,2.80997,0.111375,0.101082,0.0621982,LC09_L2SP_158014_20260817_02_T1
l9siberia_r25_c19,25,19,EPSG:32643,487845.00,7299375.00,491685.00,7303215.00,74.776,65.8328,3,0,0,295.548,300.654,306.599,300.63,2.48559,5.94495,0.278816,0.452807,0.303778,LC09_L2SP_158014_20260817_02_T1
l9siberia_r25_c20,25,20,EPSG:32643,491685.00,7299375.00,495525.00,7303215.00,74.86,65.8329,3,0,0,296.73,300.024,304.72,300.018,1.35861,4.69577,0.300093,0.19812,0.247087,LC09_L2SP_158014_20260817_02_T1
l9siberia_r25_c21,25,21,EPSG:32643,495525.00,7299375.00,499365.00,7303215.00,74.9441,65.833,3,0,0,296.155,299.177,302.617,299.237,0.968349,3.44012,0.347251,0.108546,0.187442,LC09_L2SP_158014_20260817_02_T1
l9siberia_r25_c22,25,22,EPSG:32643,499365.00,7299375.00,503205.00,7303215.00,75.0281,65.833,3,0,0,290.431,296.896,300.247,296.564,1.7459,3.35068,0.300353,0.163228,0.121016,LC09_L2SP_158014_20260817_02_T1
l9siberia_r25_c23,25,23,EPSG:32643,503205.00,7299375.00,507045.00,7303215.00,75.1122,65.833,3,0,0,292.706,296.553,299.369,296.546,0.816961,2.81598,0.298429,0.172785,0.113422,LC09_L2SP_158014_20260817_02_T1
l9siberia_r25_c24,25,24,EPSG:32643,507045.00,7299375.00,510885.00,7303215.00,75.1962,65.8329,3,0,0,289.924,295.663,297.316,295.304,1.42026,1.65298,0.316978,0.170471,0.0931807,LC09_L2SP_158014_20260817_02_T1
l9siberia_r25_c35,25,35,EPSG:32643,549285.00,7299375.00,553125.00,7303215.00,76.1207,65.8289,2,0,0,292.168,298.348,300.877,298.053,1.4135,2.52835,0.38009,0.148187,0.104941,LC09_L2SP_158014_20260817_02_T1
l9siberia_r25_c36,25,36,EPSG:32643,553125.00,7299375.00,556965.00,7303215.00,76.2048,65.8283,2,0,0,294.344,298.3,300.889,298.316,0.738517,2.58899,0.407558,0.128204,0.20368,LC09_L2SP_158014_20260817_02_T1
l9siberia_r25_c37,25,37,EPSG:32643,556965.00,7299375.00,560805.00,7303215.00,76.2888,65.8276,2,0,0,293.184,297.83,302.986,298.22,1.68991,5.15598,0.573044,0.179027,0.23603,LC09_L2SP_158014_20260817_02_T1
l9siberia_r25_c38,25,38,EPSG:32643,560805.00,7299375.00,564645.00,7303215.00,76.3728,65.8268,2,0,0,295.473,301.639,304.181,301.454,1.33993,2.54205,0.075587,0.256219,0.0844683,LC09_L2SP_158014_20260817_02_T1
l9siberia_r25_c39,25,39,EPSG:32643,564645.00,7299375.00,568485.00,7303215.00,76.4568,65.8261,2,0,0,294.952,302.635,305.538,302.433,1.45765,2.90228,0.077495,0.406225,0.0720944,LC09_L2SP_158014_20260817_02_T1
l9siberia_r25_c40,25,40,EPSG:32643,568485.00,7299375.00,572325.00,7303215.00,76.5408,65.8252,2,0,0,292.023,301.562,304.666,301.139,2.08857,3.10403,0.0850662,0.287699,0.0334437,LC09_L2SP_158014_20260817_02_T1
l9siberia_r25_c41,25,41,EPSG:32643,572325.00,7299375.00,576165.00,7303215.00,76.6248,65.8244,2,0,0,291.723,300.839,303.286,299.746,2.83375,2.44644,0.0590166,0.405284,0.0386822,LC09_L2SP_158014_20260817_02_T1
l9siberia_r25_c42,25,42,EPSG:32643,576165.00,7299375.00,580005.00,7303215.00,76.7088,65.8235,2,0,0,293.134,300.69,307.591,300.548,1.94868,6.90021,0.0527254,0.561945,0.133024,LC09_L2SP_158014_20260817_02_T1
l9siberia_r25_c43,25,43,EPSG:32643,580005.00,7299375.00,583845.00,7303215.00,76.7928,65.8225,2,0,0,292.957,299.567,303.42,299.418,2.08113,3.85382,0.0390898,0.334185,0.0540414,LC09_L2SP_158014_20260817_02_T1
l9siberia_r25_c44,25,44,EPSG:32643,583845.00,7299375.00,587685.00,7303215.00,76.8768,65.8215,2,6,1,293.114,300.197,306.365,300.005,2.33036,6.16739,0.0904929,0.638822,0.288859,LC09_L2SP_158014_20260817_02_T1
l9siberia_r25_c45,25,45,EPSG:32643,587685.00,7299375.00,591525.00,7303215.00,76.9607,65.8204,2,0,0,293.282,300.708,304.308,300.058,2.39217,3.60016,0.0552593,0.67308,0.107696,LC09_L2SP_158014_20260817_02_T1
l9siberia_r25_c46,25,46,EPSG:32643,591525.00,7299375.00,595365.00,7303215.00,77.0447,65.8193,2,0,0,293.894,301.56,305.039,301.196,1.8305,3.47943,0.093456,0.45117,0.122181,LC09_L2SP_158014_20260817_02_T1
l9siberia_r25_c47,25,47,EPSG:32643,595365.00,7299375.00,599205.00,7303215.00,77.1287,65.8182,2,0,0,293.163,301.463,304.56,300.934,1.74763,3.09756,0.236095,0.413792,0.301857,LC09_L2SP_158014_20260817_02_T1
l9siberia_r25_c48,25,48,EPSG:32643,599205.00,7299375.00,603045.00,7303215.00,77.2126,65.817,2,2,1,294.204,300.866,309.622,300.75,1.60405,8.75558,0.227777,0.432363,0.216669,LC09_L2SP_158014_20260817_02_T1
l9siberia_r25_c49,25,49,EPSG:32643,603045.00,7299375.00,606885.00,7303215.00,77.2965,65.8158,2,0,0,291.442,300.327,306.257,299.272,3.50601,5.92947,0.152499,0.583502,0.123742,LC09_L2SP_158014_20260817_02_T1
l9siberia_r25_c50,25,50,EPSG:32643,606885.00,7299375.00,610725.00,7303215.00,77.3805,65.8145,3,0,0,291.505,301.139,307.538,300.081,3.29895,6.39893,0.342702,0.230751,0.227246,LC09_L2SP_158014_20260817_02_T1
l9siberia_r25_c51,25,51,EPSG:32643,610725.00,7299375.00,614565.00,7303215.00,77.4644,65.8132,3,0,0,291.929,301.035,303.803,299.832,3.09808,2.76813,0.289577,0.228435,0.196832,LC09_L2SP_158014_20260817_02_T1
l9siberia_r25_c52,25,52,EPSG:32643,614565.00,7299375.00,618405.00,7303215.00,77.5483,65.8118,3,0,0,293.415,301.348,303.166,301.007,1.51205,1.81726,0.193022,0.256495,0.107755,LC09_L2SP_158014_20260817_02_T1
l9siberia_r25_c53,25,53,EPSG:32643,618405.00,7299375.00,622245.00,7303215.00,77.6322,65.8104,3,0,0,291.577,298.841,303.425,297.358,4.08165,4.58435,0.75463,0.34749,0.156779,LC09_L2SP_158014_20260817_02_T1
l9siberia_r25_c54,25,54,EPSG:32643,622245.00,7299375.00,626085.00,7303215.00,77.7161,65.8089,3,0,0,292.028,300.654,303.231,299.464,3.02591,2.57709,0.187028,0.488707,0.237022,LC09_L2SP_158014_20260817_02_T1
l9siberia_r25_c55,25,55,EPSG:32643,626085.00,7299375.00,629925.00,7303215.00,77.8,65.8074,3,0,0,292.445,301.188,304.129,300.005,2.84371,2.94028,0.214112,0.44892,0.234791,LC09_L2SP_158014_20260817_02_T1
l9siberia_r25_c56,25,56,EPSG:32643,629925.00,7299375.00,633765.00,7303215.00,77.8838,65.8058,3,0,0,293.274,301.263,304.146,300.616,2.03739,2.88327,0.199921,0.445588,0.227902,LC09_L2SP_158014_20260817_02_T1
l9siberia_r25_c57,25,57,EPSG:32643,633765.00,7299375.00,637605.00,7303215.00,77.9677,65.8042,3,0,0,293.113,301.69,304.059,300.81,2.29188,2.36877,0.169339,0.486066,0.283635,LC09_L2SP_158014_20260817_02_T1
l9siberia_r25_c58,25,58,EPSG:32643,637605.00,7299375.00,641445.00,7303215.00,78.0515,65.8026,3,0,0,288.161,301.649,305.961,300.809,2.74023,4.31186,0.567758,0.68297,0.379064,LC09_L2SP_158014_20260817_02_T1
l9siberia_r25_c59,25,59,EPSG:32643,641445.00,7299375.00,645285.00,7303215.00,78.1354,65.8009,3,0,0,292.935,301.581,304.987,300.926,2.69823,3.40607,0.550971,0.693399,0.467358,LC09_L2SP_158014_20260817_02_T1
l9siberia_r25_c60,25,60,EPSG:32643,645285.00,7299375.00,649125.00,7303215.00,78.2192,65.7991,3,0,0,291.957,299.159,304.424,298.668,2.59326,5.2655,0.532064,0.33487,0.269409,LC09_L2SP_158014_20260817_02_T1
l9siberia_r26_c09,26,9,EPSG:32643,449445.00,7295535.00,453285.00,7299375.00,73.9369,65.7948,3,0,0,296.841,298.463,300.608,298.524,0.605712,2.14499,0.0216419,0.135678,0.00731313,LC09_L2SP_158014_20260817_02_T1
l9siberia_r26_c10,26,10,EPSG:32643,453285.00,7295535.00,457125.00,7299375.00,74.0208,65.7954,3,0,0,295.286,298.368,300.842,298.327,0.657237,2.47348,0.0124531,0.138649,0.00695838,LC09_L2SP_158014_20260817_02_T1
l9siberia_r26_c11,26,11,EPSG:32643,457125.00,7295535.00,460965.00,7299375.00,74.1048,65.7959,3,0,0,296.076,298.642,300.191,298.559,0.663783,1.5488,0.116405,0.12478,0.01532,LC09_L2SP_158014_20260817_02_T1
l9siberia_r26_c12,26,12,EPSG:32643,460965.00,7295535.00,464805.00,7299375.00,74.1887,65.7964,3,0,0,292.71,298.39,300.595,298.292,1.08186,2.20511,0.525203,0.128707,0.150899,LC09_L2SP_158014_20260817_02_T1
l9siberia_r26_c13,26,13,EPSG:32643,464805.00,7295535.00,468645.00,7299375.00,74.2726,65.7968,3,0,0,293.359,297.882,302.097,297.789,1.58908,4.21561,0.643743,0.139203,0.194198,LC09_L2SP_158014_20260817_02_T1
l9siberia_r26_c14,26,14,EPSG:32643,468645.00,7295535.00,472485.00,7299375.00,74.3566,65.7972,3,0,0,293.217,299.826,303.073,299.413,1.67926,3.24692,0.122372,0.111608,0.0418552,LC09_L2SP_158014_20260817_02_T1
l9siberia_r26_c15,26,15,EPSG:32643,472485.00,7295535.00,476325.00,7299375.00,74.4405,65.7975,3,0,0,293.827,300.478,303.089,300.168,1.48387,2.61111,0.153697,0.0904551,0.0640948,LC09_L2SP_158014_20260817_02_T1
l9siberia_r26_c16,26,16,EPSG:32643,476325.00,7295535.00,480165.00,7299375.00,74.5244,65.7978,3,0,0,293.28,299.829,303.939,299.381,1.8093,4.10999,0.0618195,0.158769,0.049559,LC09_L2SP_158014_20260817_02_T1
l9siberia_r26_c17,26,17,EPSG:32643,480165.00,7295535.00,484005.00,7299375.00,74.6084,65.798,3,0,0,291.107,299.294,301.982,299.009,1.62994,2.68814,0.111286,0.118351,0.024084,LC09_L2SP_158014_20260817_02_T1
l9siberia_r26_c18,26,18,EPSG:32643,484005.00,7295535.00,487845.00,7299375.00,74.6923,65.7982,3,0,0,292.199,299.298,302.075,298.951,1.35263,2.7775,0.114423,0.121331,0.0336032,LC09_L2SP_158014_20260817_02_T1
l9siberia_r26_c19,26,19,EPSG:32643,487845.00,7295535.00,491685.00,7299375.00,74.7763,65.7984,3,0,0,291.865,299.173,303.739,299.114,1.33827,4.56653,0.116655,0.185751,0.0340258,LC09_L2SP_158014_20260817_02_T1
l9siberia_r26_c20,26,20,EPSG:32643,491685.00,7295535.00,495525.00,7299375.00,74.8602,65.7985,3,0,0,291.97,301.322,305.82,301.099,2.44611,4.49734,0.131425,0.375728,0.227338,LC09_L2SP_158014_20260817_02_T1
l9siberia_r26_c21,26,21,EPSG:32643,495525.00,7295535.00,499365.00,7299375.00,74.9441,65.7985,3,0,0,296.651,300.528,303.94,300.398,1.32564,3.41229,0.107407,0.185146,0.108423,LC09_L2SP_158014_20260817_02_T1
l9siberia_r26_c22,26,22,EPSG:32643,499365.00,7295535.00,503205.00,7299375.00,75.0281,65.7985,3,0,0,292.062,299.493,302.977,299.372,1.43382,3.48428,0.300729,0.12913,0.206974,LC09_L2SP_158014_20260817_02_T1
l9siberia_r26_c23,26,23,EPSG:32643,503205.00,7295535.00,507045.00,7299375.00,75.112,65.7985,3,0,0,291.395,296.962,301.542,297.195,1.58391,4.57999,0.312414,0.151182,0.112909,LC09_L2SP_158014_20260817_02_T1
l9siberia_r26_c24,26,24,EPSG:32643,507045.00,7295535.00,510885.00,7299375.00,75.196,65.7984,3,0,0,290.125,296.454,303.115,296.689,2.1133,6.66174,0.304473,0.182979,0.124993,LC09_L2SP_158014_20260817_02_T1
l9siberia_r26_c26,26,26,EPSG:32643,514725.00,7295535.00,518565.00,7299375.00,75.3639,65.7981,3,0,0,291.228,296.423,299.19,296.063,1.47784,2.76709,0.308899,0.160157,0.0920658,LC09_L2SP_158014_20260817_02_T1
l9siberia_r26_c35,26,35,EPSG:32643,549285.00,7295535.00,553125.00,7299375.00,76.1192,65.7944,2,0,0,294.555,298.252,300.562,298.279,0.657351,2.31015,0.425534,0.134302,0.109234,LC09_L2SP_158014_20260817_02_T1
l9siberia_r26_c36,26,36,EPSG:32643,553125.00,7295535.00,556965.00,7299375.00,76.2032,65.7938,2,0,0,295.816,297.772,300.435,297.819,0.848121,2.66272,0.373596,0.136596,0.175765,LC09_L2SP_158014_20260817_02_T1
l9siberia_r26_c37,26,37,EPSG:32643,556965.00,7295535.00,560805.00,7299375.00,76.2871,65.7931,2,0,0,294.522,297.031,298.847,297.082,0.635663,1.81604,0.609132,0.164521,0.192314,LC09_L2SP_158014_20260817_02_T1
l9siberia_r26_c38,26,38,EPSG:32643,560805.00,7295535.00,564645.00,7299375.00,76.371,65.7924,2,0,0,294.333,297.683,303.842,298.136,1.92013,6.15909,0.728453,0.230163,0.413146,LC09_L2SP_158014_20260817_02_T1
l9siberia_r26_c39,26,39,EPSG:32643,564645.00,7295535.00,568485.00,7299375.00,76.4549,65.7916,2,0,0,294.907,300.072,305.472,300.072,2.13854,5.40012,0.445811,0.469219,0.522373,LC09_L2SP_158014_20260817_02_T1
l9siberia_r26_c40,26,40,EPSG:32643,568485.00,7295535.00,572325.00,7299375.00,76.5388,65.7908,2,0,0,292.762,300.973,305.695,300.666,2.18731,4.72238,0.0872654,0.488173,0.252141,LC09_L2SP_158014_20260817_02_T1
l9siberia_r26_c41,26,41,EPSG:32643,572325.00,7295535.00,576165.00,7299375.00,76.6226,65.7899,2,0,0,292.135,300.733,306.915,300.339,2.24004,6.18176,0.112413,0.715735,0.285329,LC09_L2SP_158014_20260817_02_T1
l9siberia_r26_c42,26,42,EPSG:32643,576165.00,7295535.00,580005.00,7299375.00,76.7065,65.789,2,0,0,292.778,300.64,307.939,300.56,1.98185,7.29828,0.0553928,0.527211,0.0265261,LC09_L2SP_158014_20260817_02_T1
l9siberia_r26_c43,26,43,EPSG:32643,580005.00,7295535.00,583845.00,7299375.00,76.7904,65.7881,2,0,0,292.383,300.672,303.256,300.116,2.11796,2.58374,0.058452,0.296764,0.0539709,LC09_L2SP_158014_20260817_02_T1
l9siberia_r26_c44,26,44,EPSG:32643,583845.00,7295535.00,587685.00,7299375.00,76.8743,65.7871,2,0,0,293.558,301.422,303.868,300.785,2.1287,2.44574,0.063424,0.583293,0.239814,LC09_L2SP_158014_20260817_02_T1
l9siberia_r26_c45,26,45,EPSG:32643,587685.00,7295535.00,591525.00,7299375.00,76.9581,65.786,2,0,0,294.613,300.554,304.36,300.204,1.93628,3.80554,0.0517643,0.469612,0.133371,LC09_L2SP_158014_20260817_02_T1
l9siberia_r26_c46,26,46,EPSG:32643,591525.00,7295535.00,595365.00,7299375.00,77.042,65.7849,2,0,0,293.099,300.986,304.355,300.647,1.97281,3.36823,0.153652,0.299704,0.164734,LC09_L2SP_158014_20260817_02_T1
l9siberia_r26_c50,26,50,EPSG:32643,606885.00,7295535.00,610725.00,7299375.00,77.3773,65.7801,3,0,0,296.78,301.7,309.352,301.812,1.6201,7.65179,0.442736,0.499785,0.396234,LC09_L2SP_158014_20260817_02_T1
l9siberia_r26_c51,26,51,EPSG:32643,610725.00,7295535.00,614565.00,7299375.00,77.4611,65.7787,3,0,0,292.793,301.154,308.648,300.894,2.00385,7.49393,0.217478,0.568955,0.327891,LC09_L2SP_158014_20260817_02_T1
l9siberia_r26_c52,26,52,EPSG:32643,614565.00,7295535.00,618405.00,7299375.00,77.5449,65.7774,3,0,0,292.26,301.223,303.746,300.148,3.06944,2.52328,0.563461,0.55779,0.433684,LC09_L2SP_158014_20260817_02_T1
l9siberia_r26_c53,26,53,EPSG:32643,618405.00,7295535.00,622245.00,7299375.00,77.6287,65.776,3,0,0,292.142,300.938,303.717,299.849,2.87465,2.77911,0.606892,0.397793,0.198997,LC09_L2SP_158014_20260817_02_T1
l9siberia_r26_c54,26,54,EPSG:32643,622245.00,7295535.00,626085.00,7299375.00,77.7125,65.7745,3,0,0,291.994,299.824,303.335,298.517,3.51223,3.51093,0.529334,0.399486,0.165699,LC09_L2SP_158014_20260817_02_T1
l9siberia_r26_c55,26,55,EPSG:32643,626085.00,7295535.00,629925.00,7299375.00,77.7962,65.773,3,0,0,292.58,301.407,303.934,300.089,3.06535,2.52728,0.0767097,0.510022,0.25146,LC09_L2SP_158014_20260817_02_T1
l9siberia_r26_c56,26,56,EPSG:32643,629925.00,7295535.00,633765.00,7299375.00,77.88,65.7714,3,0,0,292.564,300.933,302.94,299.967,2.58998,2.00681,0.377253,0.376509,0.242363,LC09_L2SP_158014_20260817_02_T1
l9siberia_r26_c57,26,57,EPSG:32643,633765.00,7295535.00,637605.00,7299375.00,77.9637,65.7698,3,0,0,292.836,301.346,304.703,300.696,2.21738,3.35693,0.0583689,0.399349,0.212578,LC09_L2SP_158014_20260817_02_T1
l9siberia_r26_c58,26,58,EPSG:32643,637605.00,7295535.00,641445.00,7299375.00,78.0475,65.7682,3,0,0,292.338,301.628,304.332,300.156,3.46528,2.70331,0.220471,0.518754,0.171255,LC09_L2SP_158014_20260817_02_T1
l9siberia_r26_c59,26,59,EPSG:32643,641445.00,7295535.00,645285.00,7299375.00,78.1312,65.7665,3,0,0,292.505,301.803,308.557,301.399,2.6973,6.75354,0.313558,0.780564,0.456022,LC09_L2SP_158014_20260817_02_T1
l9siberia_r26_c60,26,60,EPSG:32643,645285.00,7295535.00,649125.00,7299375.00,78.2149,65.7647,3,0,0,292.018,298.666,304.702,298.155,2.67713,6.03629,0.463631,0.27043,0.0321228,LC09_L2SP_158014_20260817_02_T1
l9siberia_r27_c09,27,9,EPSG:32643,449445.00,7291695.00,453285.00,7295535.00,73.9383,65.7604,3,0,0,297.182,298.649,301.382,298.719,0.772109,2.73291,0.113273,0.116899,0.0113454,LC09_L2SP_158014_20260817_02_T1
l9siberia_r27_c10,27,10,EPSG:32643,453285.00,7291695.00,457125.00,7295535.00,74.0221,65.761,3,0,0,297.023,299.294,303.828,299.61,1.25867,4.53455,0.0451394,0.128783,0.0163562,LC09_L2SP_158014_20260817_02_T1
l9siberia_r27_c11,27,11,EPSG:32643,457125.00,7291695.00,460965.00,7295535.00,74.106,65.7615,3,0,0,294.102,299.614,302.297,299.338,1.45119,2.68292,0.0803448,0.103741,0.0328615,LC09_L2SP_158014_20260817_02_T1
l9siberia_r27_c12,27,12,EPSG:32643,460965.00,7291695.00,464805.00,7295535.00,74.1898,65.7619,3,0,0,293.007,297.975,302.046,298.034,1.79699,4.07111,0.288924,0.134891,0.0895678,LC09_L2SP_158014_20260817_02_T1
l9siberia_r27_c13,27,13,EPSG:32643,464805.00,7291695.00,468645.00,7295535.00,74.2736,65.7624,3,0,0,292.311,296.267,301.373,296.847,2.0535,5.10574,0.72808,0.133386,0.463128,LC09_L2SP_158014_20260817_02_T1
l9siberia_r27_c14,27,14,EPSG:32643,468645.00,7291695.00,472485.00,7295535.00,74.3574,65.7627,3,45,1,293.862,300.004,305.711,299.53,2.25655,5.70709,0.681835,0.22057,0.318602,LC09_L2SP_158014_20260817_02_T1
l9siberia_r27_c15,27,15,EPSG:32643,472485.00,7291695.00,476325.00,7295535.00,74.4412,65.7631,3,3,1,299.067,302.21,309.035,302.981,1.93507,6.82443,0.629044,0.689875,0.545433,LC09_L2SP_158014_20260817_02_T1
l9siberia_r27_c16,27,16,EPSG:32643,476325.00,7291695.00,480165.00,7295535.00,74.5251,65.7634,3,0,0,291.946,300.328,302.231,299.885,1.51901,1.90265,0.198002,0.0883107,0.0452559,LC09_L2SP_158014_20260817_02_T1
l9siberia_r27_c17,27,17,EPSG:32643,480165.00,7291695.00,484005.00,7295535.00,74.6089,65.7636,3,0,0,292.929,299.544,302.538,299.044,1.78873,2.99414,0.135646,0.126523,0.0450738,LC09_L2SP_158014_20260817_02_T1
l9siberia_r27_c18,27,18,EPSG:32643,484005.00,7291695.00,487845.00,7295535.00,74.6927,65.7638,3,0,0,292.814,300.091,301.778,299.854,1.07535,1.68735,0.100053,0.0749635,0.030139,LC09_L2SP_158014_20260817_02_T1
l9siberia_r27_c19,27,19,EPSG:32643,487845.00,7291695.00,491685.00,7295535.00,74.7766,65.7639,3,0,0,291.79,299.065,301.437,298.609,1.64394,2.37213,0.0901676,0.131907,0.0308049,LC09_L2SP_158014_20260817_02_T1
l9siberia_r27_c20,27,20,EPSG:32643,491685.00,7291695.00,495525.00,7295535.00,74.8604,65.764,3,0,0,291.774,299.248,305.053,298.989,1.86819,5.80518,0.096389,0.147861,0.0340961,LC09_L2SP_158014_20260817_02_T1
l9siberia_r27_c21,27,21,EPSG:32643,495525.00,7291695.00,499365.00,7295535.00,74.9442,65.7641,3,0,0,292.049,299.883,305.162,299.398,2.37603,5.27863,0.0900516,0.21298,0.0754309,LC09_L2SP_158014_20260817_02_T1
l9siberia_r27_c22,27,22,EPSG:32643,499365.00,7291695.00,503205.00,7295535.00,75.0281,65.7641,3,0,0,292.182,300.27,303.835,300.067,1.64169,3.56467,0.141797,0.180907,0.0583273,LC09_L2SP_158014_20260817_02_T1
l9siberia_r27_c23,27,23,EPSG:32643,503205.00,7291695.00,507045.00,7295535.00,75.1119,65.764,3,0,0,294.03,299.733,301.71,299.618,1.02563,1.97726,0.25634,0.107475,0.0416679,LC09_L2SP_158014_20260817_02_T1
l9siberia_r27_c34,27,34,EPSG:32643,545445.00,7291695.00,549285.00,7295535.00,76.0339,65.7606,2,0,0,296.926,299.839,303.475,299.839,0.877449,3.63577,0.460744,0.150234,0.135032,LC09_L2SP_158014_20260817_02_T1
l9siberia_r27_c35,27,35,EPSG:32643,549285.00,7291695.00,553125.00,7295535.00,76.1178,65.76,2,0,0,294.795,299.055,302.236,298.961,1.22592,3.18149,0.484507,0.155889,0.0874344,LC09_L2SP_158014_20260817_02_T1
l9siberia_r27_c36,27,36,EPSG:32643,553125.00,7291695.00,556965.00,7295535.00,76.2016,65.7594,2,0,0,294.802,299.056,303.868,299.271,1.81063,4.81207,0.186834,0.291212,0.136328,LC09_L2SP_158014_20260817_02_T1
l9siberia_r27_c37,27,37,EPSG:32643,556965.00,7291695.00,560805.00,7295535.00,76.2853,65.7587,2,0,0,292.53,299.366,304.947,299.576,2.34102,5.58069,0.775981,0.38039,0.686785,LC09_L2SP_158014_20260817_02_T1
l9siberia_r27_c38,27,38,EPSG:32643,560805.00,7291695.00,564645.00,7295535.00,76.3691,65.758,2,0,0,294.161,298.547,302.055,298.488,1.38869,3.5087,0.933093,0.143439,0.559554,LC09_L2SP_158014_20260817_02_T1
l9siberia_r27_c39,27,39,EPSG:32643,564645.00,7291695.00,568485.00,7295535.00,76.4529,65.7572,2,0,0,291.973,298.419,300.9,298.291,1.5983,2.48062,0.855618,0.123985,0.347535,LC09_L2SP_158014_20260817_02_T1
l9siberia_r27_c40,27,40,EPSG:32643,568485.00,7291695.00,572325.00,7295535.00,76.5367,65.7564,2,0,0,292.455,299.978,302.926,299.818,1.19184,2.94867,0.503087,0.131961,0.219851,LC09_L2SP_158014_20260817_02_T1
l9siberia_r27_c41,27,41,EPSG:32643,572325.00,7291695.00,576165.00,7295535.00,76.6205,65.7555,2,109,1,291.905,300.966,326.548,300.728,2.5965,25.5821,0.500556,0.734606,0.546725,LC09_L2SP_158014_20260817_02_T1
l9siberia_r27_c42,27,42,EPSG:32643,576165.00,7291695.00,580005.00,7295535.00,76.7042,65.7546,2,0,0,291.538,301.014,304.443,300.297,2.82278,3.42908,0.105312,0.477165,0.113836,LC09_L2SP_158014_20260817_02_T1
l9siberia_r27_c43,27,43,EPSG:32643,580005.00,7291695.00,583845.00,7295535.00,76.788,65.7536,2,0,0,292.666,300.499,304.199,300.068,2.09947,3.70047,0.143364,0.426632,0.120237,LC09_L2SP_158014_20260817_02_T1
l9siberia_r27_c47,27,47,EPSG:32643,595365.00,7291695.00,599205.00,7295535.00,77.123,65.7493,2,0,0,294.015,301.924,309.09,302.141,2.26331,7.16531,0.0606102,0.783684,0.125992,LC09_L2SP_158014_20260817_02_T1
l9siberia_r27_c50,27,50,EPSG:32643,606885.00,7291695.00,610725.00,7295535.00,77.3741,65.7456,3,0,0,294.306,300.172,308.408,300.516,2.69844,8.23611,0.537771,0.684509,0.47992,LC09_L2SP_158014_20260817_02_T1
l9siberia_r27_c51,27,51,EPSG:32643,610725.00,7291695.00,614565.00,7295535.00,77.4578,65.7443,3,0,0,293.098,301.342,308.079,300.834,2.62763,6.73627,0.273919,0.593248,0.413384,LC09_L2SP_158014_20260817_02_T1
l9siberia_r27_c52,27,52,EPSG:32643,614565.00,7291695.00,618405.00,7295535.00,77.5415,65.743,3,0,0,292.727,301.491,304.539,300.523,2.90193,3.04776,0.626544,0.697628,0.594451,LC09_L2SP_158014_20260817_02_T1
l9siberia_r27_c53,27,53,EPSG:32643,618405.00,7291695.00,622245.00,7295535.00,77.6252,65.7415,3,0,0,292.176,301.381,303.511,300.162,3.0624,2.12949,0.394643,0.490232,0.247156,LC09_L2SP_158014_20260817_02_T1
l9siberia_r27_c54,27,54,EPSG:32643,622245.00,7291695.00,626085.00,7295535.00,77.7089,65.7401,3,0,0,292.331,301.424,304.957,300.387,2.8551,3.53284,0.11922,0.497003,0.271092,LC09_L2SP_158014_20260817_02_T1
l9siberia_r27_c55,27,55,EPSG:32643,626085.00,7291695.00,629925.00,7295535.00,77.7925,65.7386,3,0,0,293.46,302.371,304.195,301.711,1.821,1.82474,0.0949334,0.581891,0.301996,LC09_L2SP_158014_20260817_02_T1
l9siberia_r27_c56,27,56,EPSG:32643,629925.00,7291695.00,633765.00,7295535.00,77.8762,65.737,3,0,0,292.905,301.249,303.141,300.529,2.26098,1.89206,0.0592162,0.250219,0.196624,LC09_L2SP_158014_20260817_02_T1
l9siberia_r27_c57,27,57,EPSG:32643,633765.00,7291695.00,637605.00,7295535.00,77.9598,65.7354,3,0,0,295.664,301.588,304.388,301.427,1.22815,2.80066,0.0907712,0.275546,0.0562923,LC09_L2SP_158014_20260817_02_T1
l9siberia_r27_c58,27,58,EPSG:32643,637605.00,7291695.00,641445.00,7295535.00,78.0434,65.7338,3,0,0,292.328,301.981,309.847,301.688,3.5511,7.86664,0.708731,0.774277,0.428369,LC09_L2SP_158014_20260817_02_T1
l9siberia_r27_c59,27,59,EPSG:32643,641445.00,7291695.00,645285.00,7295535.00,78.127,65.7321,3,0,0,292.708,301.499,308.693,301.144,2.57039,7.19412,0.0647123,0.81377,0.334705,LC09_L2SP_158014_20260817_02_T1
l9siberia_r28_c08,28,8,EPSG:32643,445605.00,7287855.00,449445.00,7291695.00,73.8561,65.7254,3,0,0,297.237,298.547,300.055,298.554,0.46042,1.50732,0.123349,0.144877,0.0136907,LC09_L2SP_158014_20260817_02_T1
l9siberia_r28_c09,28,9,EPSG:32643,449445.00,7287855.00,453285.00,7291695.00,73.9398,65.726,3,0,0,295.431,298.873,301.38,298.86,0.7668,2.5072,0.0752401,0.114698,0.0119867,LC09_L2SP_158014_20260817_02_T1
l9siberia_r28_c10,28,10,EPSG:32643,453285.00,7287855.00,457125.00,7291695.00,74.0234,65.7265,3,0,0,294.027,298.621,302.29,298.429,1.43306,3.66904,0.16711,0.131362,0.0326186,LC09_L2SP_158014_20260817_02_T1
l9siberia_r28_c11,28,11,EPSG:32643,457125.00,7287855.00,460965.00,7291695.00,74.1071,65.727,3,0,0,292.731,298.142,304.354,298.302,1.88621,6.21173,0.175442,0.170136,0.0449596,LC09_L2SP_158014_20260817_02_T1
l9siberia_r28_c12,28,12,EPSG:32643,460965.00,7287855.00,464805.00,7291695.00,74.1909,65.7275,3,0,0,291.9,297.214,300.948,297.246,1.55469,3.7345,0.668983,0.142251,0.105291,LC09_L2SP_158014_20260817_02_T1
l9siberia_r28_c13,28,13,EPSG:32643,464805.00,7287855.00,468645.00,7291695.00,74.2746,65.7279,3,0,0,294.757,299.826,306.25,300.342,2.57073,6.42453,0.713712,0.402482,0.7011,LC09_L2SP_158014_20260817_02_T1
l9siberia_r28_c14,28,14,EPSG:32643,468645.00,7287855.00,472485.00,7291695.00,74.3583,65.7283,3,50,1,293.399,299.042,311.189,299.43,3.21037,12.1473,0.706066,0.754939,0.923159,LC09_L2SP_158014_20260817_02_T1
l9siberia_r28_c15,28,15,EPSG:32643,472485.00,7287855.00,476325.00,7291695.00,74.442,65.7286,3,0,0,294.981,300.023,305.66,299.97,1.24071,5.63693,0.217536,0.140318,0.103382,LC09_L2SP_158014_20260817_02_T1
l9siberia_r28_c16,28,16,EPSG:32643,476325.00,7287855.00,480165.00,7291695.00,74.5257,65.7289,3,0,0,291.807,300.074,302.043,299.537,1.72524,1.96951,0.154646,0.0977271,0.0337208,LC09_L2SP_158014_20260817_02_T1
l9siberia_r28_c17,28,17,EPSG:32643,480165.00,7287855.00,484005.00,7291695.00,74.6094,65.7291,3,0,0,296.801,300.204,302.454,300.177,0.688358,2.25006,0.163226,0.0734753,0.0494665,LC09_L2SP_158014_20260817_02_T1
l9siberia_r28_c18,28,18,EPSG:32643,484005.00,7287855.00,487845.00,7291695.00,74.6931,65.7293,3,0,0,294.592,299.268,303.041,298.545,1.77465,3.77313,0.104121,0.13177,0.0277615,LC09_L2SP_158014_20260817_02_T1
l9siberia_r28_c19,28,19,EPSG:32643,487845.00,7287855.00,491685.00,7291695.00,74.7769,65.7295,3,0,0,291.447,299.544,302.365,299.312,1.44408,2.82147,0.123047,0.116196,0.0539441,LC09_L2SP_158014_20260817_02_T1
l9siberia_r28_c20,28,20,EPSG:32643,491685.00,7287855.00,495525.00,7291695.00,74.8606,65.7296,3,0,0,292.043,298.889,302.923,298.542,1.64479,4.03421,0.0508445,0.129332,0.0482823,LC09_L2SP_158014_20260817_02_T1
l9siberia_r28_c21,28,21,EPSG:32643,495525.00,7287855.00,499365.00,7291695.00,74.9443,65.7296,3,0,0,294.409,299.328,305.458,299.521,1.68238,6.13049,0.0751011,0.277303,0.129289,LC09_L2SP_158014_20260817_02_T1
l9siberia_r28_c22,28,22,EPSG:32643,499365.00,7287855.00,503205.00,7291695.00,75.028,65.7296,3,0,0,293.608,299.971,305.634,299.786,1.47819,5.66348,0.0955056,0.185493,0.0682696,LC09_L2SP_158014_20260817_02_T1
l9siberia_r28_c23,28,23,EPSG:32643,503205.00,7287855.00,507045.00,7291695.00,75.1117,65.7296,3,0,0,292.71,299.602,304.117,299.536,1.15063,4.51505,0.130701,0.111852,0.036765,LC09_L2SP_158014_20260817_02_T1
l9siberia_r28_c34,28,34,EPSG:32643,545445.00,7287855.00,549285.00,7291695.00,76.0326,65.7261,2,0,0,295.502,300.792,304.206,300.604,2.01386,3.414,0.395236,0.386842,0.351321,LC09_L2SP_158014_20260817_02_T1
l9siberia_r28_c35,28,35,EPSG:32643,549285.00,7287855.00,553125.00,7291695.00,76.1163,65.7256,2,0,0,296.018,300.589,303.272,300.383,1.34238,2.68359,0.346281,0.295679,0.320458,LC09_L2SP_158014_20260817_02_T1
l9siberia_r28_c36,28,36,EPSG:32643,553125.00,7287855.00,556965.00,7291695.00,76.2,65.7249,2,0,0,294.654,301.419,305.81,301.312,1.74134,4.39075,0.479368,0.504501,0.569733,LC09_L2SP_158014_20260817_02_T1
l9siberia_r28_c37,28,37,EPSG:32643,556965.00,7287855.00,560805.00,7291695.00,76.2836,65.7242,2,0,0,296.108,302.848,305.516,302.453,1.62966,2.66815,0.516431,0.416615,0.692972,LC09_L2SP_158014_20260817_02_T1
l9siberia_r28_c38,28,38,EPSG:32643,560805.00,7287855.00,564645.00,7291695.00,76.3673,65.7235,2,0,0,295.324,299.212,302.405,299.208,0.952749,3.19339,0.563639,0.170802,0.242968,LC09_L2SP_158014_20260817_02_T1
l9siberia_r28_c39,28,39,EPSG:32643,564645.00,7287855.00,568485.00,7291695.00,76.451,65.7227,2,0,0,291.317,297.136,301.783,297.159,2.07412,4.64703,0.920526,0.167013,0.630355,LC09_L2SP_158014_20260817_02_T1
l9siberia_r28_c40,28,40,EPSG:32643,568485.00,7287855.00,572325.00,7291695.00,76.5347,65.7219,2,397,1,290.948,298.174,355.922,298.603,4.47933,57.7476,0.822653,0.991566,0.994492,LC09_L2SP_158014_20260817_02_T1
l9siberia_r28_c41,28,41,EPSG:32643,572325.00,7287855.00,576165.00,7291695.00,76.6183,65.7211,2,126,1,291.485,300.839,320.777,300.587,2.89975,19.9385,0.113684,0.8675,0.469189,LC09_L2SP_158014_20260817_02_T1
l9siberia_r28_c42,28,42,EPSG:32643,576165.00,7287855.00,580005.00,7291695.00,76.702,65.7201,2,85,1,292.289,302.424,311.027,302.004,3.14316,8.60248,0.155326,0.950751,0.832576,LC09_L2SP_158014_20260817_02_T1
l9siberia_r28_c43,28,43,EPSG:32643,580005.00,7287855.00,583845.00,7291695.00,76.7856,65.7192,2,0,0,291.232,300.44,303.457,298.921,3.58518,3.01733,0.0923458,0.410682,0.0445701,LC09_L2SP_158014_20260817_02_T1
l9siberia_r28_c44,28,44,EPSG:32643,583845.00,7287855.00,587685.00,7291695.00,76.8693,65.7182,2,0,0,291.911,301.666,304.469,300.787,2.66066,2.80261,0.0724076,0.349155,0.0167152,LC09_L2SP_158014_20260817_02_T1
l9siberia_r28_c45,28,45,EPSG:32643,587685.00,7287855.00,591525.00,7291695.00,76.9529,65.7171,2,0,0,291.669,301.041,304.698,299.931,2.92805,3.65649,0.0543183,0.343724,0.0353572,LC09_L2SP_158014_20260817_02_T1
l9siberia_r28_c46,28,46,EPSG:32643,591525.00,7287855.00,595365.00,7291695.00,77.0365,65.7161,2,0,0,292.37,301.2,303.802,300.514,2.15076,2.60208,0.0517852,0.326834,0.00866623,LC09_L2SP_158014_20260817_02_T1
l9siberia_r28_c47,28,47,EPSG:32643,595365.00,7287855.00,599205.00,7291695.00,77.1202,65.7149,2,0,0,292.394,300.78,306.454,300.153,2.48913,5.6741,0.0442497,0.452777,0.0105878,LC09_L2SP_158014_20260817_02_T1
l9siberia_r28_c48,28,48,EPSG:32643,599205.00,7287855.00,603045.00,7291695.00,77.2038,65.7137,2,0,0,292.873,301.533,305.391,301.366,1.76321,3.85718,0.0545078,0.435467,0.0177048,LC09_L2SP_158014_20260817_02_T1
l9siberia_r28_c50,28,50,EPSG:32643,606885.00,7287855.00,610725.00,7291695.00,77.371,65.7112,3,0,0,296.572,301.466,304.06,301.471,1.00482,2.59406,0.589811,0.142123,0.115237,LC09_L2SP_158014_20260817_02_T1
l9siberia_r28_c51,28,51,EPSG:32643,610725.00,7287855.00,614565.00,7291695.00,77.4546,65.7099,3,0,0,293.691,301.568,304.837,300.939,2.16952,3.26825,0.437527,0.469154,0.374766,LC09_L2SP_158014_20260817_02_T1
l9siberia_r28_c52,28,52,EPSG:32643,614565.00,7287855.00,618405.00,7291695.00,77.5381,65.7085,3,0,0,293.18,301.514,308.438,301.268,3.03949,6.92471,0.587998,0.947861,0.851204,LC09_L2SP_158014_20260817_02_T1
l9siberia_r28_c53,28,53,EPSG:32643,618405.00,7287855.00,622245.00,7291695.00,77.6217,65.7071,3,0,0,292.865,302.042,308.971,301.799,2.81094,6.92902,0.493354,0.904174,0.534617,LC09_L2SP_158014_20260817_02_T1
l9siberia_r28_c54,28,54,EPSG:32643,622245.00,7287855.00,626085.00,7291695.00,77.7053,65.7057,3,0,0,293.515,301.396,304.131,300.99,1.77545,2.73538,0.0581492,0.408347,0.251321,LC09_L2SP_158014_20260817_02_T1
l9siberia_r28_c55,28,55,EPSG:32643,626085.00,7287855.00,629925.00,7291695.00,77.7888,65.7042,3,0,0,294.021,301.331,305.782,300.989,1.85194,4.45093,0.0930831,0.411642,0.139446,LC09_L2SP_158014_20260817_02_T1
l9siberia_r28_c56,28,56,EPSG:32643,629925.00,7287855.00,633765.00,7291695.00,77.8723,65.7026,3,0,0,294.375,299.257,304.764,299.892,2.38689,5.50778,0.248836,0.36291,0.0191139,LC09_L2SP_158014_20260817_02_T1
l9siberia_r28_c57,28,57,EPSG:32643,633765.00,7287855.00,637605.00,7291695.00,77.9559,65.701,3,0,0,294.257,297.813,307.06,299.237,2.73504,9.24731,0.104024,0.492344,0.0148693,LC09_L2SP_158014_20260817_02_T1
l9siberia_r28_c58,28,58,EPSG:32643,637605.00,7287855.00,641445.00,7291695.00,78.0394,65.6994,3,0,0,294.997,297.752,303.81,298.349,1.71838,6.05862,0.0503882,0.244471,0.00399023,LC09_L2SP_158014_20260817_02_T1
l9siberia_r28_c59,28,59,EPSG:32643,641445.00,7287855.00,645285.00,7291695.00,78.1229,65.6977,3,0,0,294.829,297.9,303.582,298.079,1.34926,5.68121,0.0290883,0.194934,0.00383902,LC09_L2SP_158014_20260817_02_T1
l9siberia_r29_c08,29,8,EPSG:32643,445605.00,7284015.00,449445.00,7287855.00,73.8576,65.6909,3,0,0,296.308,298.532,301.036,298.519,0.644301,2.50342,0.0316998,0.126922,0.00609751,LC09_L2SP_158014_20260817_02_T1
l9siberia_r29_c09,29,9,EPSG:32643,449445.00,7284015.00,453285.00,7287855.00,73.9412,65.6915,3,0,0,294.295,298.137,303.585,298.386,1.75111,5.44882,0.30571,0.16312,0.0315145,LC09_L2SP_158014_20260817_02_T1
l9siberia_r29_c10,29,10,EPSG:32643,453285.00,7284015.00,457125.00,7287855.00,74.0247,65.6921,3,0,0,294.132,299.47,303.361,299.299,1.44889,3.89081,0.0663,0.139399,0.0283535,LC09_L2SP_158014_20260817_02_T1
l9siberia_r29_c11,29,11,EPSG:32643,457125.00,7284015.00,460965.00,7287855.00,74.1083,65.6926,3,0,0,297.203,300.313,303.434,300.259,1.25134,3.12112,0.136119,0.184474,0.0994313,LC09_L2SP_158014_20260817_02_T1
l9siberia_r29_c12,29,12,EPSG:32643,460965.00,7284015.00,464805.00,7287855.00,74.1919,65.693,3,64,1,294.097,299.761,316.428,299.712,1.70596,16.6662,0.379997,0.342075,0.288595,LC09_L2SP_158014_20260817_02_T1
l9siberia_r29_c13,29,13,EPSG:32643,464805.00,7284015.00,468645.00,7287855.00,74.2755,65.6935,3,89,1,295.656,302.059,313.117,301.623,2.70623,11.0582,0.877353,0.902844,0.961392,LC09_L2SP_158014_20260817_02_T1
l9siberia_r29_c14,29,14,EPSG:32643,468645.00,7284015.00,472485.00,7287855.00,74.3591,65.6938,3,128,1,293.72,302.635,317.453,302.212,2.69613,14.8177,0.396797,0.947148,0.740645,LC09_L2SP_158014_20260817_02_T1
l9siberia_r29_c15,29,15,EPSG:32643,472485.00,7284015.00,476325.00,7287855.00,74.4427,65.6942,3,518,1,293.083,300.477,370.351,302.339,8.09187,69.8733,0.627795,0.99987,0.998915,LC09_L2SP_158014_20260817_02_T1
l9siberia_r29_c16,29,16,EPSG:32643,476325.00,7284015.00,480165.00,7287855.00,74.5263,65.6944,3,0,0,290.414,298.91,301.388,297.838,2.688,2.47809,0.104416,0.113446,0.0163889,LC09_L2SP_158014_20260817_02_T1
l9siberia_r29_c17,29,17,EPSG:32643,480165.00,7284015.00,484005.00,7287855.00,74.6099,65.6947,3,0,0,290.859,298.95,301.263,298.37,2.00662,2.31277,0.108341,0.144672,0.0275038,LC09_L2SP_158014_20260817_02_T1
l9siberia_r29_c18,29,18,EPSG:32643,484005.00,7284015.00,487845.00,7287855.00,74.6935,65.6949,3,0,0,295.529,299.09,302.387,299.138,0.752035,3.2973,0.124736,0.115495,0.031136,LC09_L2SP_158014_20260817_02_T1
l9siberia_r29_c19,29,19,EPSG:32643,487845.00,7284015.00,491685.00,7287855.00,74.7772,65.695,3,0,0,294.933,298.751,302.892,298.505,1.64287,4.14069,0.101111,0.105896,0.0493324,LC09_L2SP_158014_20260817_02_T1
l9siberia_r29_c20,29,20,EPSG:32643,491685.00,7284015.00,495525.00,7287855.00,74.8608,65.6951,3,0,0,294.007,299.088,302.586,298.88,1.14333,3.49786,0.0664709,0.117662,0.035,LC09_L2SP_158014_20260817_02_T1
l9siberia_r29_c22,29,22,EPSG:32643,499365.00,7284015.00,503205.00,7287855.00,75.028,65.6952,3,0,0,291.96,299.792,302.738,299.41,1.60888,2.94586,0.0840002,0.127973,0.0998935,LC09_L2SP_158014_20260817_02_T1
l9siberia_r29_c34,29,34,EPSG:32643,545445.00,7284015.00,549285.00,7287855.00,76.0312,65.6917,2,42,1,298.22,302.252,307.889,302.059,1.53392,5.63705,0.580304,0.355878,0.494804,LC09_L2SP_158014_20260817_02_T1
l9siberia_r29_c35,29,35,EPSG:32643,549285.00,7284015.00,553125.00,7287855.00,76.1148,65.6911,2,0,0,297.66,300.896,304.076,300.907,1.31452,3.18027,0.146782,0.219531,0.149322,LC09_L2SP_158014_20260817_02_T1
l9siberia_r29_c36,29,36,EPSG:32643,553125.00,7284015.00,556965.00,7287855.00,76.1984,65.6905,2,0,0,295.464,299.401,303.723,299.624,1.29066,4.32166,0.0647192,0.368849,0.0873569,LC09_L2SP_158014_20260817_02_T1
l9siberia_r29_c37,29,37,EPSG:32643,556965.00,7284015.00,560805.00,7287855.00,76.2819,65.6898,2,0,0,296.679,302.185,304.797,301.873,1.45909,2.61285,0.582031,0.193041,0.475391,LC09_L2SP_158014_20260817_02_T1
l9siberia_r29_c38,29,38,EPSG:32643,560805.00,7284015.00,564645.00,7287855.00,76.3655,65.6891,2,0,0,292.574,299.376,302.214,299.302,1.21513,2.83725,0.0621655,0.198657,0.0230365,LC09_L2SP_158014_20260817_02_T1
l9siberia_r29_c39,29,39,EPSG:32643,564645.00,7284015.00,568485.00,7287855.00,76.4491,65.6883,2,0,0,292.672,299.72,302.503,299.648,1.34792,2.78308,0.460229,0.194189,0.0880512,LC09_L2SP_158014_20260817_02_T1
l9siberia_r29_c40,29,40,EPSG:32643,568485.00,7284015.00,572325.00,7287855.00,76.5326,65.6875,2,266,1,292.306,300.071,341.659,299.722,4.01099,41.5885,0.867731,0.97749,0.993009,LC09_L2SP_158014_20260817_02_T1
l9siberia_r29_c41,29,41,EPSG:32643,572325.00,7284015.00,576165.00,7287855.00,76.6162,65.6866,2,170,1,291.282,299.081,316.167,298.728,3.05532,17.0863,0.844439,0.850063,0.935058,LC09_L2SP_158014_20260817_02_T1
l9siberia_r29_c42,29,42,EPSG:32643,576165.00,7284015.00,580005.00,7287855.00,76.6997,65.6857,2,40,1,293.477,302.741,309.198,302.485,2.09186,6.45688,0.253064,0.840162,0.418611,LC09_L2SP_158014_20260817_02_T1
l9siberia_r29_c43,29,43,EPSG:32643,580005.00,7284015.00,583845.00,7287855.00,76.7833,65.6848,2,3,1,292.01,300.354,308.052,300.046,2.73823,7.69803,0.0708814,0.638853,0.065081,LC09_L2SP_158014_20260817_02_T1
l9siberia_r29_c44,29,44,EPSG:32643,583845.00,7284015.00,587685.00,7287855.00,76.8668,65.6838,2,0,0,291.507,300.823,303.711,299.414,3.33698,2.88864,0.0463294,0.318587,0.0125565,LC09_L2SP_158014_20260817_02_T1
l9siberia_r29_c45,29,45,EPSG:32643,587685.00,7284015.00,591525.00,7287855.00,76.9503,65.6827,2,0,0,290.814,300.391,303.234,298.079,4.25059,2.84317,0.0605527,0.320012,0.00619153,LC09_L2SP_158014_20260817_02_T1
l9siberia_r29_c46,29,46,EPSG:32643,591525.00,7284015.00,595365.00,7287855.00,77.0338,65.6816,2,0,0,291.27,300.466,303.72,298.348,4.03542,3.25375,0.0685005,0.287815,0.0103699,LC09_L2SP_158014_20260817_02_T1
l9siberia_r29_c47,29,47,EPSG:32643,595365.00,7284015.00,599205.00,7287855.00,77.1173,65.6805,2,0,0,292.106,299.144,302.571,298.574,2.44798,3.42679,0.0393078,0.340259,0.0152905,LC09_L2SP_158014_20260817_02_T1
l9siberia_r29_c50,29,50,EPSG:32643,606885.00,7284015.00,610725.00,7287855.00,77.3678,65.6768,3,0,0,294.014,302.041,304.671,301.845,1.32366,2.62955,0.346331,0.309489,0.333744,LC09_L2SP_158014_20260817_02_T1
l9siberia_r29_c51,29,51,EPSG:32643,610725.00,7284015.00,614565.00,7287855.00,77.4513,65.6755,3,0,0,293.08,302.152,304.399,301.485,2.12069,2.24734,0.139209,0.484197,0.276227,LC09_L2SP_158014_20260817_02_T1
l9siberia_r29_c52,29,52,EPSG:32643,614565.00,7284015.00,618405.00,7287855.00,77.5348,65.6741,3,0,0,293.211,302.463,304.362,301.872,1.91311,1.89926,0.226691,0.499965,0.314973,LC09_L2SP_158014_20260817_02_T1
l9siberia_r29_c53,29,53,EPSG:32643,618405.00,7284015.00,622245.00,7287855.00,77.6182,65.6727,3,0,0,293.833,299.802,305.922,299.632,1.718,6.12027,0.0382569,0.360297,0.0175495,LC09_L2SP_158014_20260817_02_T1
l9siberia_r29_c54,29,54,EPSG:32643,622245.00,7284015.00,626085.00,7287855.00,77.7017,65.6712,3,0,0,293.542,299.134,303.838,299.247,1.64369,4.70398,0.312499,0.207759,0.0303558,LC09_L2SP_158014_20260817_02_T1
l9siberia_r29_c55,29,55,EPSG:32643,626085.00,7284015.00,629925.00,7287855.00,77.7851,65.6697,3,0,0,294.501,298.177,303.123,298.47,1.66461,4.94531,0.102033,0.18532,0.0107467,LC09_L2SP_158014_20260817_02_T1
l9siberia_r29_c56,29,56,EPSG:32643,629925.00,7284015.00,633765.00,7287855.00,77.8685,65.6682,3,0,0,292.83,297.177,300.124,296.883,1.43231,2.94769,0.133913,0.160863,0.00214761,LC09_L2SP_158014_20260817_02_T1
l9siberia_r29_c57,29,57,EPSG:32643,633765.00,7284015.00,637605.00,7287855.00,77.9519,65.6666,3,0,0,292.86,298.418,303.098,298.498,1.69161,4.67923,0.0926279,0.132107,0.00889642,LC09_L2SP_158014_20260817_02_T1
l9siberia_r29_c58,29,58,EPSG:32643,637605.00,7284015.00,641445.00,7287855.00,78.0353,65.665,3,0,0,293.155,298.145,305.257,298.495,1.81627,7.11148,0.155946,0.254931,0.00989654,LC09_L2SP_158014_20260817_02_T1
l9siberia_r29_c59,29,59,EPSG:32643,641445.00,7284015.00,645285.00,7287855.00,78.1187,65.6633,3,0,0,294.197,297.558,301.615,297.558,1.1483,4.05753,0.0619462,0.159434,0.00300939,LC09_L2SP_158014_20260817_02_T1
l9siberia_r30_c08,30,8,EPSG:32643,445605.00,7280175.00,449445.00,7284015.00,73.8591,65.6565,3,0,0,294.754,298.867,301.257,298.863,0.793444,2.3898,0.0577686,0.116446,0.00664475,LC09_L2SP_158014_20260817_02_T1
l9siberia_r30_c09,30,9,EPSG:32643,449445.00,7280175.00,453285.00,7284015.00,73.9426,65.6571,3,0,0,293.804,298.914,303.364,298.527,1.84972,4.44989,0.0636331,0.154179,0.0136433,LC09_L2SP_158014_20260817_02_T1
l9siberia_r30_c10,30,10,EPSG:32643,453285.00,7280175.00,457125.00,7284015.00,74.026,65.6576,0,0,0,296.927,299.295,301.669,299.35,0.609898,2.37451,0.0762265,0.0870866,0.0106539,LC09_L2SP_158014_20260817_02_T1
l9siberia_r30_c11,30,11,EPSG:32643,457125.00,7280175.00,460965.00,7284015.00,74.1095,65.6581,0,0,0,295.966,299.903,304.077,299.872,1.10782,4.17413,0.155357,0.12621,0.0233042,LC09_L2SP_158014_20260817_02_T1
l9siberia_r30_c12,30,12,EPSG:32643,460965.00,7280175.00,464805.00,7284015.00,74.193,65.6586,0,0,0,293.577,300.275,306.187,300.158,1.55137,5.91254,0.0990598,0.146949,0.016046,LC09_L2SP_158014_20260817_02_T1
l9siberia_r30_c13,30,13,EPSG:32643,464805.00,7280175.00,468645.00,7284015.00,74.2765,65.659,0,8,1,296.585,300.617,312.611,300.348,1.29967,11.9945,0.0754953,0.118739,0.0184196,LC09_L2SP_158014_20260817_02_T1
l9siberia_r30_c14,30,14,EPSG:32643,468645.00,7280175.00,472485.00,7284015.00,74.36,65.6594,0,358,1,294.084,302.495,322.922,302.411,3.84506,20.4273,0.421526,0.966035,0.97938,LC09_L2SP_158014_20260817_02_T1
l9siberia_r30_c15,30,15,EPSG:32643,472485.00,7280175.00,476325.00,7284015.00,74.4435,65.6597,0,62,1,293.451,300.145,313.321,300.541,2.26975,13.1762,0.251786,0.470548,0.149969,LC09_L2SP_158014_20260817_02_T1
l9siberia_r30_c16,30,16,EPSG:32643,476325.00,7280175.00,480165.00,7284015.00,74.527,65.66,0,0,0,291.625,299.741,301.728,299.324,1.66076,1.9874,0.132417,0.0879829,0.0115386,LC09_L2SP_158014_20260817_02_T1
l9siberia_r30_c17,30,17,EPSG:32643,480165.00,7280175.00,484005.00,7284015.00,74.6105,65.6602,0,0,0,291.537,298.548,300.523,298.234,1.31646,1.9751,0.207252,0.136936,0.00938947,LC09_L2SP_158014_20260817_02_T1
l9siberia_r30_c18,30,18,EPSG:32643,484005.00,7280175.00,487845.00,7284015.00,74.6939,65.6604,0,0,0,290.679,297.866,299.941,297.075,2.0644,2.07556,0.28094,0.106816,0.007283,LC09_L2SP_158014_20260817_02_T1
l9siberia_r30_c19,30,19,EPSG:32643,487845.00,7280175.00,491685.00,7284015.00,74.7774,65.6606,0,0,0,291.032,298.744,301.987,298.686,1.39373,3.24304,0.188759,0.109861,0.0145365,LC09_L2SP_158014_20260817_02_T1
l9siberia_r30_c20,30,20,EPSG:32643,491685.00,7280175.00,495525.00,7284015.00,74.8609,65.6607,3,0,0,295.072,298.965,302.349,299.021,0.817632,3.38467,0.0968146,0.123911,0.0242925,LC09_L2SP_158014_20260817_02_T1
l9siberia_r30_c21,30,21,EPSG:32643,495525.00,7280175.00,499365.00,7284015.00,74.9444,65.6607,3,0,0,292.785,299.04,302.844,299.077,1.11102,3.80414,0.0822635,0.150118,0.0222892,LC09_L2SP_158014_20260817_02_T1
l9siberia_r30_c33,30,33,EPSG:32643,541605.00,7280175.00,545445.00,7284015.00,75.9463,65.6578,1,0,0,291.697,300.372,304.422,300.479,1.86369,4.05042,0.543622,0.4533,0.610427,LC09_L2SP_158014_20260817_02_T1
l9siberia_r30_c34,30,34,EPSG:32643,545445.00,7280175.00,549285.00,7284015.00,76.0298,65.6573,1,0,0,291.923,301.214,304.277,300.665,2.30403,3.0629,0.584282,0.504295,0.756952,LC09_L2SP_158014_20260817_02_T1
l9siberia_r30_c35,30,35,EPSG:32643,549285.00,7280175.00,553125.00,7284015.00,76.1133,65.6567,1,0,0,291.289,298.944,303.344,298.602,1.55438,4.40067,0.456199,0.0874904,0.0553655,LC09_L2SP_158014_20260817_02_T1
l9siberia_r30_c36,30,36,EPSG:32643,553125.00,7280175.00,556965.00,7284015.00,76.1968,65.656,1,0,0,291.674,300.2,304.167,300.363,1.73845,3.96664,0.114684,0.164197,0.108341,LC09_L2SP_158014_20260817_02_T1
l9siberia_r30_c37,30,37,EPSG:32643,556965.00,7280175.00,560805.00,7284015.00,76.2802,65.6554,1,0,0,297.82,299.762,303.351,300.01,1.03029,3.58936,0.2953,0.087101,0.11552,LC09_L2SP_158014_20260817_02_T1
l9siberia_r30_c38,30,38,EPSG:32643,560805.00,7280175.00,564645.00,7284015.00,76.3637,65.6546,1,0,0,296.588,299.522,302.041,299.562,0.877612,2.51929,0.0990605,0.0716855,0.0345623,LC09_L2SP_158014_20260817_02_T1
l9siberia_r30_c39,30,39,EPSG:32643,564645.00,7280175.00,568485.00,7284015.00,76.4471,65.6539,1,0,0,292.53,299.449,301.8,299.287,1.30635,2.35092,0.264458,0.0766541,0.058997,LC09_L2SP_158014_20260817_02_T1
l9siberia_r30_c40,30,40,EPSG:32643,568485.00,7280175.00,572325.00,7284015.00,76.5306,65.653,2,0,0,293.227,299.549,302.153,299.398,1.18809,2.60428,0.0844943,0.173512,0.0610329,LC09_L2SP_158014_20260817_02_T1
l9siberia_r30_c41,30,41,EPSG:32643,572325.00,7280175.00,576165.00,7284015.00,76.614,65.6522,2,142,1,292.268,300.094,320.546,299.925,2.75441,20.4527,0.578842,0.878294,0.931795,LC09_L2SP_158014_20260817_02_T1
l9siberia_r30_c42,30,42,EPSG:32643,576165.00,7280175.00,580005.00,7284015.00,76.6975,65.6513,2,144,1,292.059,299.902,319.553,299.689,2.99549,19.6503,0.933918,0.891843,0.975742,LC09_L2SP_158014_20260817_02_T1
l9siberia_r30_c43,30,43,EPSG:32643,580005.00,7280175.00,583845.00,7284015.00,76.7809,65.6503,2,206,1,292.127,302.788,333.343,302.517,3.76788,30.5554,0.639055,0.995015,0.998964,LC09_L2SP_158014_20260817_02_T1
l9siberia_r30_c44,30,44,EPSG:32643,583845.00,7280175.00,587685.00,7284015.00,76.8643,65.6493,2,70,1,291.588,301.671,314.182,302.029,2.877,12.5108,0.303165,0.882724,0.767236,LC09_L2SP_158014_20260817_02_T1
l9siberia_r30_c45,30,45,EPSG:32643,587685.00,7280175.00,591525.00,7284015.00,76.9477,65.6483,2,0,0,291.194,300.006,302.403,299.326,2.47629,2.39755,0.0546098,0.170734,0.010384,LC09_L2SP_158014_20260817_02_T1
l9siberia_r30_c46,30,46,EPSG:32643,591525.00,7280175.00,595365.00,7284015.00,77.0311,65.6472,2,0,0,291.793,300.091,304.396,299.688,1.7527,4.30515,0.059771,0.173517,0.00789372,LC09_L2SP_158014_20260817_02_T1
l9siberia_r30_c47,30,47,EPSG:32643,595365.00,7280175.00,599205.00,7284015.00,77.1145,65.6461,2,0,0,292.85,300.285,302.791,299.834,1.69148,2.50632,0.0539346,0.215782,0.0138827,LC09_L2SP_158014_20260817_02_T1
l9siberia_r30_c48,30,48,EPSG:32643,599205.00,7280175.00,603045.00,7284015.00,77.1979,65.6449,2,0,0,292.473,300.498,303.452,299.661,2.37277,2.95334,0.0586665,0.294469,0.0111766,LC09_L2SP_158014_20260817_02_T1
l9siberia_r30_c50,30,50,EPSG:32643,606885.00,7280175.00,610725.00,7284015.00,77.3647,65.6424,1,0,0,292.09,300.263,303.116,299.655,2.43065,2.85284,0.083002,0.282798,0.152723,LC09_L2SP_158014_20260817_02_T1
l9siberia_r30_c51,30,51,EPSG:32643,610725.00,7280175.00,614565.00,7284015.00,77.448,65.6411,1,0,0,296.682,300.942,303,300.803,1.0822,2.05811,0.248672,0.175485,0.073913,LC09_L2SP_158014_20260817_02_T1
l9siberia_r30_c52,30,52,EPSG:32643,614565.00,7280175.00,618405.00,7284015.00,77.5314,65.6397,1,0,0,293.659,301.41,303.488,300.882,1.75221,2.07837,0.0226118,0.219438,0.0339627,LC09_L2SP_158014_20260817_02_T1
l9siberia_r30_c53,30,53,EPSG:32643,618405.00,7280175.00,622245.00,7284015.00,77.6147,65.6383,1,0,0,293.413,301.124,303.516,300.235,2.09796,2.39151,0.0234452,0.415681,0.0819628,LC09_L2SP_158014_20260817_02_T1
l9siberia_r30_c54,30,54,EPSG:32643,622245.00,7280175.00,626085.00,7284015.00,77.6981,65.6368,1,0,0,292.608,300.766,303.445,299.918,2.48222,2.67944,0.0136464,0.407673,0.0512011,LC09_L2SP_158014_20260817_02_T1
l9siberia_r30_c55,30,55,EPSG:32643,626085.00,7280175.00,629925.00,7284015.00,77.7814,65.6353,1,0,0,293.421,300.662,303.133,299.994,1.70389,2.47018,0.178416,0.17148,0.0514893,LC09_L2SP_158014_20260817_02_T1
l9siberia_r30_c56,30,56,EPSG:32643,629925.00,7280175.00,633765.00,7284015.00,77.8647,65.6338,1,0,0,294.193,301.022,304.161,300.712,1.68824,3.13962,0.208334,0.260949,0.0701671,LC09_L2SP_158014_20260817_02_T1
l9siberia_r30_c57,30,57,EPSG:32643,633765.00,7280175.00,637605.00,7284015.00,77.948,65.6322,1,0,0,293.269,301.983,307.729,301.577,2.18261,5.74622,0.256986,0.755006,0.261043,LC09_L2SP_158014_20260817_02_T1
l9siberia_r30_c58,30,58,EPSG:32643,637605.00,7280175.00,641445.00,7284015.00,78.0313,65.6306,1,0,0,293.113,300.401,306.315,299.798,2.98364,5.91434,0.0160257,0.752258,0.0706645,LC09_L2SP_158014_20260817_02_T1
l9siberia_r31_c07,31,7,EPSG:32643,441765.00,7276335.00,445605.00,7280175.00,73.7773,65.6214,3,0,0,296.417,298.162,300.1,298.186,0.555664,1.93866,0.0166543,0.149281,0.00466741,LC09_L2SP_158014_20260817_02_T1
l9siberia_r31_c08,31,8,EPSG:32643,445605.00,7276335.00,449445.00,7280175.00,73.8606,65.622,3,0,0,292.983,297.368,299.97,297.184,1.26646,2.60281,0.146433,0.167265,0.00782573,LC09_L2SP_158014_20260817_02_T1
l9siberia_r31_c09,31,9,EPSG:32643,449445.00,7276335.00,453285.00,7280175.00,73.944,65.6226,3,0,0,294.44,298.651,302.446,298.449,1.31343,3.79471,0.0353327,0.144244,0.0134931,LC09_L2SP_158014_20260817_02_T1
l9siberia_r31_c10,31,10,EPSG:32643,453285.00,7276335.00,457125.00,7280175.00,74.0273,65.6232,0,0,0,296.513,299.576,301.789,299.501,0.811218,2.21283,0.127389,0.0709108,0.00776239,LC09_L2SP_158014_20260817_02_T1
l9siberia_r31_c11,31,11,EPSG:32643,457125.00,7276335.00,460965.00,7280175.00,74.1107,65.6237,0,0,0,297.617,299.398,301.469,299.468,0.682171,2.07117,0.0266995,0.0824903,0.0063522,LC09_L2SP_158014_20260817_02_T1
l9siberia_r31_c12,31,12,EPSG:32643,460965.00,7276335.00,464805.00,7280175.00,74.1941,65.6241,0,0,0,297.17,300.148,303.167,300.147,0.87619,3.01849,0.0182592,0.0848031,0.00818494,LC09_L2SP_158014_20260817_02_T1
l9siberia_r31_c13,31,13,EPSG:32643,464805.00,7276335.00,468645.00,7280175.00,74.2774,65.6246,0,0,0,296.525,300.521,304.038,300.498,1.30221,3.51648,0.0308405,0.125957,0.0150531,LC09_L2SP_158014_20260817_02_T1
l9siberia_r31_c14,31,14,EPSG:32643,468645.00,7276335.00,472485.00,7280175.00,74.3608,65.6249,0,0,0,296.954,299.885,302.142,299.855,0.856829,2.25632,0.00917753,0.0675993,0.00331442,LC09_L2SP_158014_20260817_02_T1
l9siberia_r31_c15,31,15,EPSG:32643,472485.00,7276335.00,476325.00,7280175.00,74.4442,65.6253,0,0,0,297.042,299.809,301.879,299.715,0.825022,2.06979,0.0496887,0.0781113,0.0050468,LC09_L2SP_158014_20260817_02_T1
l9siberia_r31_c16,31,16,EPSG:32643,476325.00,7276335.00,480165.00,7280175.00,74.5276,65.6255,0,0,0,296.069,299.687,301.626,299.492,1.10783,1.93958,0.152617,0.0759872,0.013958,LC09_L2SP_158014_20260817_02_T1
l9siberia_r31_c17,31,17,EPSG:32643,480165.00,7276335.00,484005.00,7280175.00,74.611,65.6258,0,0,0,293.995,298.976,301.404,298.851,0.9428,2.42776,0.214196,0.112774,0.0230459,LC09_L2SP_158014_20260817_02_T1
l9siberia_r31_c18,31,18,EPSG:32643,484005.00,7276335.00,487845.00,7280175.00,74.6944,65.626,0,0,0,292.336,298.838,301.433,298.739,0.951411,2.59464,0.158873,0.117038,0.0115618,LC09_L2SP_158014_20260817_02_T1
l9siberia_r31_c19,31,19,EPSG:32643,487845.00,7276335.00,491685.00,7280175.00,74.7777,65.6261,0,0,0,294.017,298.428,300.712,298.307,1.05818,2.28418,0.148404,0.103428,0.0123583,LC09_L2SP_158014_20260817_02_T1
l9siberia_r31_c20,31,20,EPSG:32643,491685.00,7276335.00,495525.00,7280175.00,74.8611,65.6262,3,0,0,294.433,298.899,301.711,298.891,0.86745,2.81198,0.104757,0.117498,0.0346893,LC09_L2SP_158014_20260817_02_T1
l9siberia_r31_c33,31,33,EPSG:32643,541605.00,7276335.00,545445.00,7280175.00,75.9451,65.6233,1,156,1,292.524,299.217,316.56,299.416,2.11839,17.3426,0.457744,0.731135,0.471794,LC09_L2SP_158014_20260817_02_T1
l9siberia_r31_c34,31,34,EPSG:32643,545445.00,7276335.00,549285.00,7280175.00,76.0285,65.6228,1,0,0,291.142,299.042,302.189,298.676,1.93259,3.14655,0.580947,0.114983,0.347682,LC09_L2SP_158014_20260817_02_T1
l9siberia_r31_c35,31,35,EPSG:32643,549285.00,7276335.00,553125.00,7280175.00,76.1118,65.6222,1,0,0,296.2,298.695,301.06,298.642,0.811896,2.36469,0.686716,0.0795417,0.473846,LC09_L2SP_158014_20260817_02_T1
l9siberia_r31_c36,31,36,EPSG:32643,553125.00,7276335.00,556965.00,7280175.00,76.1952,65.6216,1,0,0,296.584,298.619,301.999,298.761,1.07692,3.38013,0.424816,0.0848121,0.0446733,LC09_L2SP_158014_20260817_02_T1
l9siberia_r31_c37,31,37,EPSG:32643,556965.00,7276335.00,560805.00,7280175.00,76.2785,65.6209,1,0,0,296.655,299.861,302.11,299.922,0.74851,2.24884,0.256507,0.0531744,0.0609015,LC09_L2SP_158014_20260817_02_T1
l9siberia_r31_c38,31,38,EPSG:32643,560805.00,7276335.00,564645.00,7280175.00,76.3619,65.6202,1,0,0,292.895,299.743,302.403,299.651,1.19777,2.65924,0.135076,0.0842008,0.0332618,LC09_L2SP_158014_20260817_02_T1
l9siberia_r31_c39,31,39,EPSG:32643,564645.00,7276335.00,568485.00,7280175.00,76.4452,65.6194,1,0,0,292.258,298.732,300.876,298.422,1.37534,2.14417,0.096119,0.0972193,0.0298016,LC09_L2SP_158014_20260817_02_T1
l9siberia_r31_c40,31,40,EPSG:32643,568485.00,7276335.00,572325.00,7280175.00,76.5286,65.6186,2,0,0,292.644,298.557,300.618,298.362,1.11827,2.06097,0.097706,0.126217,0.0202146,LC09_L2SP_158014_20260817_02_T1
l9siberia_r31_c41,31,41,EPSG:32643,572325.00,7276335.00,576165.00,7280175.00,76.6119,65.6177,2,0,0,292.05,299.522,301.764,299.041,1.65422,2.24252,0.0705484,0.129634,0.0152078,LC09_L2SP_158014_20260817_02_T1
l9siberia_r31_c42,31,42,EPSG:32643,576165.00,7276335.00,580005.00,7280175.00,76.6952,65.6168,2,0,0,291.934,299.993,302.346,298.903,2.65275,2.35376,0.060094,0.199323,0.0271676,LC09_L2SP_158014_20260817_02_T1
l9siberia_r31_c43,31,43,EPSG:32643,580005.00,7276335.00,583845.00,7280175.00,76.7785,65.6159,2,245,1,292.399,300.32,329.791,300.214,3.84805,29.4704,0.219141,0.973053,0.905877,LC09_L2SP_158014_20260817_02_T1
l9siberia_r31_c44,31,44,EPSG:32643,583845.00,7276335.00,587685.00,7280175.00,76.8618,65.6149,2,104,1,293.288,300.458,317.568,300.632,2.81892,17.1104,0.145564,0.805347,0.584382,LC09_L2SP_158014_20260817_02_T1
l9siberia_r31_c45,31,45,EPSG:32643,587685.00,7276335.00,591525.00,7280175.00,76.9451,65.6138,2,0,0,291.846,300.537,302.383,299.591,2.41824,1.84564,0.0430041,0.188935,0.0132177,LC09_L2SP_158014_20260817_02_T1
l9siberia_r31_c46,31,46,EPSG:32643,591525.00,7276335.00,595365.00,7280175.00,77.0284,65.6128,2,0,0,291.998,300.554,302.628,299.84,2.21223,2.07373,0.0501796,0.14686,0.0203564,LC09_L2SP_158014_20260817_02_T1
l9siberia_r31_c47,31,47,EPSG:32643,595365.00,7276335.00,599205.00,7280175.00,77.1117,65.6116,2,0,0,292.378,299.926,302.008,299.378,1.86309,2.08145,0.0627132,0.164358,0.0106278,LC09_L2SP_158014_20260817_02_T1
l9siberia_r31_c48,31,48,EPSG:32643,599205.00,7276335.00,603045.00,7280175.00,77.195,65.6104,2,0,0,293.042,301.005,304.029,300.503,1.8278,3.02353,0.0615348,0.238702,0.0173213,LC09_L2SP_158014_20260817_02_T1
l9siberia_r31_c49,31,49,EPSG:32643,603045.00,7276335.00,606885.00,7280175.00,77.2783,65.6092,2,0,0,292.797,300.735,303.124,300.36,1.57547,2.38889,0.0524245,0.274426,0.046623,LC09_L2SP_158014_20260817_02_T1
l9siberia_r31_c50,31,50,EPSG:32643,606885.00,7276335.00,610725.00,7280175.00,77.3615,65.608,1,0,0,292.213,299.614,302.415,299.134,2.19995,2.8006,0.107675,0.122008,0.0508784,LC09_L2SP_158014_20260817_02_T1
l9siberia_r31_c51,31,51,EPSG:32643,610725.00,7276335.00,614565.00,7280175.00,77.4448,65.6066,1,0,0,295.253,300.932,303.789,300.516,1.65575,2.85742,0.0582384,0.164774,0.0408611,LC09_L2SP_158014_20260817_02_T1
l9siberia_r31_c52,31,52,EPSG:32643,614565.00,7276335.00,618405.00,7280175.00,77.528,65.6053,1,0,0,292.977,300.994,303.699,300.211,2.15264,2.70557,0.0510698,0.312383,0.055619,LC09_L2SP_158014_20260817_02_T1
l9siberia_r31_c53,31,53,EPSG:32643,618405.00,7276335.00,622245.00,7280175.00,77.6113,65.6039,1,0,0,292.74,300.876,303.172,300.121,2.25335,2.29556,0.0918558,0.347504,0.0981322,LC09_L2SP_158014_20260817_02_T1
l9siberia_r31_c54,31,54,EPSG:32643,622245.00,7276335.00,626085.00,7280175.00,77.6945,65.6024,1,0,0,292.054,299.989,303.436,299.159,2.98433,3.44714,0.05736,0.655392,0.0844798,LC09_L2SP_158014_20260817_02_T1
l9siberia_r31_c55,31,55,EPSG:32643,626085.00,7276335.00,629925.00,7280175.00,77.7777,65.6009,1,0,0,291.915,300.105,303.605,298.611,3.5592,3.49969,0.387201,0.244934,0.0809658,LC09_L2SP_158014_20260817_02_T1
l9siberia_r31_c56,31,56,EPSG:32643,629925.00,7276335.00,633765.00,7280175.00,77.8609,65.5994,1,0,0,292.314,300.766,302.136,299.856,2.25749,1.3696,0.297066,0.220779,0.157371,LC09_L2SP_158014_20260817_02_T1
l9siberia_r31_c57,31,57,EPSG:32643,633765.00,7276335.00,637605.00,7280175.00,77.9441,65.5978,1,0,0,293.394,301.502,303.431,301.246,1.4443,1.92905,0.0494429,0.222562,0.0858036,LC09_L2SP_158014_20260817_02_T1
l9siberia_r31_c58,31,58,EPSG:32643,637605.00,7276335.00,641445.00,7280175.00,78.0273,65.5962,1,0,0,293.692,297.233,303.63,297.865,1.89638,6.39703,0.00152788,0.179531,0.00219505,LC09_L2SP_158014_20260817_02_T1
l9siberia_r32_c07,32,7,EPSG:32643,441765.00,7272495.00,445605.00,7276335.00,73.7789,65.5869,3,0,0,294.236,297.415,299.144,297.153,1.0747,1.72861,0.0220015,0.170853,0.00615542,LC09_L2SP_158014_20260817_02_T1
l9siberia_r32_c08,32,8,EPSG:32643,445605.00,7272495.00,449445.00,7276335.00,73.8621,65.5876,3,0,0,293.73,299.233,303.479,298.678,2.59999,4.24603,0.200671,0.112408,0.0349801,LC09_L2SP_158014_20260817_02_T1
l9siberia_r32_c09,32,9,EPSG:32643,449445.00,7272495.00,453285.00,7276335.00,73.9454,65.5882,3,0,0,295.59,299.55,303.999,299.591,1.04535,4.44925,0.0602435,0.129363,0.0245186,LC09_L2SP_158014_20260817_02_T1
l9siberia_r32_c10,32,10,EPSG:32643,453285.00,7272495.00,457125.00,7276335.00,74.0286,65.5887,0,0,0,297.572,299.478,302.567,299.498,0.727999,3.08838,0.182316,0.0769347,0.0133512,LC09_L2SP_158014_20260817_02_T1
l9siberia_r32_c11,32,11,EPSG:32643,457125.00,7272495.00,460965.00,7276335.00,74.1119,65.5892,0,0,0,297.945,299.611,301.924,299.694,0.722453,2.31305,0.0365041,0.0712178,0.00766128,LC09_L2SP_158014_20260817_02_T1
l9siberia_r32_c12,32,12,EPSG:32643,460965.00,7272495.00,464805.00,7276335.00,74.1951,65.5897,0,0,0,296.817,299.716,301.658,299.761,0.630224,1.94107,0.121899,0.0651342,0.00455522,LC09_L2SP_158014_20260817_02_T1
l9siberia_r32_c13,32,13,EPSG:32643,464805.00,7272495.00,468645.00,7276335.00,74.2784,65.5901,0,0,0,295.835,299.874,302.937,299.926,0.889817,3.06226,0.0218727,0.077717,0.00704963,LC09_L2SP_158014_20260817_02_T1
l9siberia_r32_c14,32,14,EPSG:32643,468645.00,7272495.00,472485.00,7276335.00,74.3617,65.5905,0,0,0,297.406,299.721,302.946,299.79,0.778866,3.22519,0.0230535,0.0706035,0.00332329,LC09_L2SP_158014_20260817_02_T1
l9siberia_r32_c15,32,15,EPSG:32643,472485.00,7272495.00,476325.00,7276335.00,74.4449,65.5908,0,0,0,293.116,299.887,302.172,299.878,0.804878,2.28485,0.0510151,0.0656185,0.0056998,LC09_L2SP_158014_20260817_02_T1
l9siberia_r32_c16,32,16,EPSG:32643,476325.00,7272495.00,480165.00,7276335.00,74.5282,65.5911,0,0,0,294.898,298.67,302.33,298.723,0.95739,3.66049,0.114606,0.117004,0.0115831,LC09_L2SP_158014_20260817_02_T1
l9siberia_r32_c17,32,17,EPSG:32643,480165.00,7272495.00,484005.00,7276335.00,74.6115,65.5913,0,0,0,291.684,298.515,301.224,298.479,1.09535,2.70932,0.0803723,0.127191,0.0110621,LC09_L2SP_158014_20260817_02_T1
l9siberia_r32_c18,32,18,EPSG:32643,484005.00,7272495.00,487845.00,7276335.00,74.6948,65.5915,0,0,0,294.901,298.648,301.349,298.73,0.710808,2.70047,0.0861088,0.116764,0.00914373,LC09_L2SP_158014_20260817_02_T1
l9siberia_r32_c19,32,19,EPSG:32643,487845.00,7272495.00,491685.00,7276335.00,74.778,65.5917,0,0,0,294.639,298.766,301.411,298.795,0.748982,2.64526,0.134008,0.117102,0.00726407,LC09_L2SP_158014_20260817_02_T1
l9siberia_r32_c33,32,33,EPSG:32643,541605.00,7272495.00,545445.00,7276335.00,75.9438,65.5889,1,0,0,293.907,299.218,301.389,298.982,1.2831,2.1705,0.637672,0.0660862,0.226175,LC09_L2SP_158014_20260817_02_T1
l9siberia_r32_c34,32,34,EPSG:32643,545445.00,7272495.00,549285.00,7276335.00,76.0271,65.5884,1,0,0,291.359,299.171,301.19,298.997,1.29247,2.01846,0.282182,0.0644319,0.0532951,LC09_L2SP_158014_20260817_02_T1
l9siberia_r32_c35,32,35,EPSG:32643,549285.00,7272495.00,553125.00,7276335.00,76.1104,65.5878,1,0,0,292.472,299.821,301.825,299.627,1.15113,2.00412,0.539149,0.0722645,0.355447,LC09_L2SP_158014_20260817_02_T1
l9siberia_r32_c36,32,36,EPSG:32643,553125.00,7272495.00,556965.00,7276335.00,76.1936,65.5871,1,0,0,292.03,297.832,301.932,298.09,1.3447,4.09991,0.509172,0.0953409,0.373434,LC09_L2SP_158014_20260817_02_T1
l9siberia_r32_c37,32,37,EPSG:32643,556965.00,7272495.00,560805.00,7276335.00,76.2768,65.5865,1,0,0,295.149,297.515,300.743,297.581,1.22587,3.22839,0.568412,0.105027,0.152897,LC09_L2SP_158014_20260817_02_T1
l9siberia_r32_c38,32,38,EPSG:32643,560805.00,7272495.00,564645.00,7276335.00,76.3601,65.5857,1,0,0,292.44,299.162,302.058,299.081,1.26368,2.89523,0.0994728,0.0861575,0.0274303,LC09_L2SP_158014_20260817_02_T1
l9siberia_r32_c39,32,39,EPSG:32643,564645.00,7272495.00,568485.00,7276335.00,76.4433,65.585,1,0,0,291.969,299.012,301.145,298.508,1.74817,2.13284,0.109281,0.0890117,0.0288388,LC09_L2SP_158014_20260817_02_T1
l9siberia_r32_c40,32,40,EPSG:32643,568485.00,7272495.00,572325.00,7276335.00,76.5265,65.5842,2,0,0,292.766,298.465,300.818,298.313,1.01881,2.35236,0.102068,0.129018,0.0386249,LC09_L2SP_158014_20260817_02_T1
l9siberia_r32_c41,32,41,EPSG:32643,572325.00,7272495.00,576165.00,7276335.00,76.6098,65.5833,2,0,0,292.608,298.855,301.341,298.711,1.15484,2.48553,0.357122,0.129457,0.115864,LC09_L2SP_158014_20260817_02_T1
l9siberia_r32_c42,32,42,EPSG:32643,576165.00,7272495.00,580005.00,7276335.00,76.693,65.5824,2,0,0,293.066,299.306,304.31,299.169,1.40884,5.00443,0.179318,0.199062,0.0755719,LC09_L2SP_158014_20260817_02_T1
l9siberia_r32_c43,32,43,EPSG:32643,580005.00,7272495.00,583845.00,7276335.00,76.7762,65.5815,2,0,0,292.218,299.562,302.417,299.059,1.97294,2.85437,0.051907,0.137049,0.0270182,LC09_L2SP_158014_20260817_02_T1
l9siberia_r32_c44,32,44,EPSG:32643,583845.00,7272495.00,587685.00,7276335.00,76.8594,65.5805,2,0,0,292.162,300.225,302.591,299.289,2.37217,2.36612,0.0524415,0.260916,0.0310992,LC09_L2SP_158014_20260817_02_T1
l9siberia_r32_c45,32,45,EPSG:32643,587685.00,7272495.00,591525.00,7276335.00,76.9426,65.5794,2,0,0,292.638,299.935,303.862,299.61,1.72639,3.92691,0.0724478,0.194219,0.0346539,LC09_L2SP_158014_20260817_02_T1
l9siberia_r32_c46,32,46,EPSG:32643,591525.00,7272495.00,595365.00,7276335.00,77.0258,65.5783,2,0,0,292.027,299.924,302.396,299.295,2.05078,2.47214,0.0646884,0.192261,0.0187489,LC09_L2SP_158014_20260817_02_T1
l9siberia_r32_c47,32,47,EPSG:32643,595365.00,7272495.00,599205.00,7276335.00,77.1089,65.5772,2,0,0,291.575,299.417,303.807,298.383,2.71152,4.38974,0.0624292,0.34753,0.0186717,LC09_L2SP_158014_20260817_02_T1
l9siberia_r32_c48,32,48,EPSG:32643,599205.00,7272495.00,603045.00,7276335.00,77.1921,65.576,2,0,0,292.329,300.709,304.134,299.866,2.36384,3.42545,0.084485,0.26334,0.0202997,LC09_L2SP_158014_20260817_02_T1
l9siberia_r32_c49,32,49,EPSG:32643,603045.00,7272495.00,606885.00,7276335.00,77.2753,65.5748,2,0,0,292.477,300.368,302.925,299.425,2.64676,2.55615,0.0750841,0.185905,0.0475859,LC09_L2SP_158014_20260817_02_T1
l9siberia_r32_c50,32,50,EPSG:32643,606885.00,7272495.00,610725.00,7276335.00,77.3584,65.5735,1,0,0,294.839,299.514,305.078,299.281,2.27287,5.56387,0.225463,0.439141,0.117172,LC09_L2SP_158014_20260817_02_T1
l9siberia_r32_c51,32,51,EPSG:32643,610725.00,7272495.00,614565.00,7276335.00,77.4416,65.5722,1,0,0,292.063,301.683,304.076,300.353,3.16532,2.39328,0.0589382,0.43923,0.0945703,LC09_L2SP_158014_20260817_02_T1
l9siberia_r32_c52,32,52,EPSG:32643,614565.00,7272495.00,618405.00,7276335.00,77.5247,65.5709,1,0,0,292.118,301.218,303.364,300.173,2.5847,2.14624,0.123924,0.646952,0.230568,LC09_L2SP_158014_20260817_02_T1
l9siberia_r32_c53,32,53,EPSG:32643,618405.00,7272495.00,622245.00,7276335.00,77.6078,65.5695,1,0,0,291.458,300.612,304.449,298.956,3.77251,3.83719,0.124843,0.612336,0.244367,LC09_L2SP_158014_20260817_02_T1
l9siberia_r32_c54,32,54,EPSG:32643,622245.00,7272495.00,626085.00,7276335.00,77.6909,65.568,1,0,0,291.978,301.097,303.844,300.139,2.78874,2.74738,0.302018,0.575519,0.144844,LC09_L2SP_158014_20260817_02_T1
l9siberia_r32_c55,32,55,EPSG:32643,626085.00,7272495.00,629925.00,7276335.00,77.774,65.5665,1,0,0,292.553,300.665,302.818,299.771,2.39615,2.15265,0.264114,0.409363,0.122076,LC09_L2SP_158014_20260817_02_T1
l9siberia_r32_c56,32,56,EPSG:32643,629925.00,7272495.00,633765.00,7276335.00,77.8571,65.565,1,0,0,293.156,301.363,303.047,301.189,1.202,1.68375,0.233738,0.137764,0.144039,LC09_L2SP_158014_20260817_02_T1
l9siberia_r32_c57,32,57,EPSG:32643,633765.00,7272495.00,637605.00,7276335.00,77.9402,65.5634,1,0,0,293.159,300.414,303.292,300.132,1.7628,2.8779,0.0176302,0.141338,0.0171402,LC09_L2SP_158014_20260817_02_T1
l9siberia_r33_c06,33,6,EPSG:32643,437925.00,7268655.00,441765.00,7272495.00,73.6974,65.5518,3,0,0,295.881,297.256,299.403,297.282,0.455154,2.14679,0.0131539,0.172836,0.0026822,LC09_L2SP_158014_20260817_02_T1
l9siberia_r33_c07,33,7,EPSG:32643,441765.00,7268655.00,445605.00,7272495.00,73.7805,65.5525,3,0,0,292.555,296.666,298.781,296.384,0.941235,2.11551,0.0834884,0.181807,0.00203238,LC09_L2SP_158014_20260817_02_T1
l9siberia_r33_c08,33,8,EPSG:32643,445605.00,7268655.00,449445.00,7272495.00,73.8636,65.5531,3,0,0,293.734,299.186,303.633,298.915,1.84022,4.44699,0.0140799,0.156471,0.0111011,LC09_L2SP_158014_20260817_02_T1
l9siberia_r33_c09,33,9,EPSG:32643,449445.00,7268655.00,453285.00,7272495.00,73.9468,65.5537,3,0,0,296.298,300.149,304.061,300.124,1.36776,3.91168,0.0650962,0.14551,0.0316836,LC09_L2SP_158014_20260817_02_T1
l9siberia_r33_c10,33,10,EPSG:32643,453285.00,7268655.00,457125.00,7272495.00,74.0299,65.5543,0,0,0,297.188,299.517,304.125,299.754,1.12999,4.608,0.166641,0.119562,0.0197222,LC09_L2SP_158014_20260817_02_T1
l9siberia_r33_c11,33,11,EPSG:32643,457125.00,7268655.00,460965.00,7272495.00,74.1131,65.5548,0,0,0,297.24,299.364,302.545,299.412,0.586157,3.18054,0.0844769,0.0801545,0.00337749,LC09_L2SP_158014_20260817_02_T1
l9siberia_r33_c12,33,12,EPSG:32643,460965.00,7268655.00,464805.00,7272495.00,74.1962,65.5552,0,0,0,297.342,299.422,301.306,299.391,0.766079,1.88464,0.120291,0.0763914,0.00435022,LC09_L2SP_158014_20260817_02_T1
l9siberia_r33_c13,33,13,EPSG:32643,464805.00,7268655.00,468645.00,7272495.00,74.2794,65.5557,0,0,0,297.557,299.6,301.137,299.632,0.594158,1.53635,0.0210805,0.069122,0.0025542,LC09_L2SP_158014_20260817_02_T1
l9siberia_r33_c14,33,14,EPSG:32643,468645.00,7268655.00,472485.00,7272495.00,74.3625,65.556,0,0,0,294.34,299.345,302.281,299.384,0.903786,2.93643,0.0221502,0.0843472,0.00511458,LC09_L2SP_158014_20260817_02_T1
l9siberia_r33_c15,33,15,EPSG:32643,472485.00,7268655.00,476325.00,7272495.00,74.4457,65.5564,0,0,0,291.372,298.928,302.038,298.821,1.17668,3.11035,0.0469591,0.112972,0.00436246,LC09_L2SP_158014_20260817_02_T1
l9siberia_r33_c16,33,16,EPSG:32643,476325.00,7268655.00,480165.00,7272495.00,74.5288,65.5566,0,0,0,294.05,298.256,302.953,298.429,0.949902,4.69772,0.141084,0.13361,0.00646597,LC09_L2SP_158014_20260817_02_T1
l9siberia_r33_c17,33,17,EPSG:32643,480165.00,7268655.00,484005.00,7272495.00,74.612,65.5569,0,0,0,295.374,298.018,301.952,298.019,0.656379,3.93378,0.054749,0.12625,0.00496916,LC09_L2SP_158014_20260817_02_T1
l9siberia_r33_c18,33,18,EPSG:32643,484005.00,7268655.00,487845.00,7272495.00,74.6952,65.5571,0,0,0,290.473,297.952,302.939,297.323,2.29132,4.98761,0.183486,0.0929859,0.0051644,LC09_L2SP_158014_20260817_02_T1
l9siberia_r33_c22,33,22,EPSG:32643,499365.00,7268655.00,503205.00,7272495.00,75.0278,65.5574,3,0,0,290.818,298.379,301.123,297.731,2.05366,2.74417,0.0395216,0.145565,0.0234018,LC09_L2SP_158014_20260817_02_T1
l9siberia_r33_c32,33,32,EPSG:32643,537765.00,7268655.00,541605.00,7272495.00,75.8594,65.5549,1,0,0,287.771,300.873,304.025,300.172,2.6099,3.15195,0.517106,0.287715,0.459497,LC09_L2SP_158014_20260817_02_T1
l9siberia_r33_c33,33,33,EPSG:32643,541605.00,7268655.00,545445.00,7272495.00,75.9426,65.5544,1,493,1,288.864,297.922,361.901,300.187,9.14868,63.9794,0.500067,0.999907,0.999937,LC09_L2SP_158014_20260817_02_T1
l9siberia_r33_c34,33,34,EPSG:32643,545445.00,7268655.00,549285.00,7272495.00,76.0257,65.5539,1,41,1,295.354,299.457,312.622,299.7,1.60731,13.1648,0.667383,0.500419,0.645891,LC09_L2SP_158014_20260817_02_T1
l9siberia_r33_c35,33,35,EPSG:32643,549285.00,7268655.00,553125.00,7272495.00,76.1089,65.5533,1,115,1,297.112,299.712,328.433,300.207,2.58165,28.7202,0.422832,0.824826,0.881001,LC09_L2SP_158014_20260817_02_T1
l9siberia_r33_c36,33,36,EPSG:32643,553125.00,7268655.00,556965.00,7272495.00,76.192,65.5527,1,0,0,297.136,299.305,303.15,299.329,0.685591,3.845,0.177216,0.0701642,0.0867396,LC09_L2SP_158014_20260817_02_T1
l9siberia_r33_c37,33,37,EPSG:32643,556965.00,7268655.00,560805.00,7272495.00,76.2752,65.552,1,0,0,295.008,298.05,300.636,297.82,1.45999,2.586,0.605533,0.090885,0.674617,LC09_L2SP_158014_20260817_02_T1
l9siberia_r33_c38,33,38,EPSG:32643,560805.00,7268655.00,564645.00,7272495.00,76.3583,65.5513,1,162,1,294.344,298.376,320.093,299.728,3.71878,21.7175,0.728216,0.929147,0.955693,LC09_L2SP_158014_20260817_02_T1
l9siberia_r33_c39,33,39,EPSG:32643,564645.00,7268655.00,568485.00,7272495.00,76.4414,65.5505,1,28,1,294.67,298.532,306.501,298.686,1.48694,7.96912,0.478411,0.255766,0.131011,LC09_L2SP_158014_20260817_02_T1
l9siberia_r33_c40,33,40,EPSG:32643,568485.00,7268655.00,572325.00,7272495.00,76.5245,65.5497,2,30,1,293.148,298.587,305.608,298.497,1.38136,7.02097,0.0816472,0.211388,0.0213151,LC09_L2SP_158014_20260817_02_T1
l9siberia_r33_c41,33,41,EPSG:32643,572325.00,7268655.00,576165.00,7272495.00,76.6076,65.5489,2,0,0,292.776,298.715,300.603,298.531,1.11364,1.88773,0.0539289,0.130688,0.0162418,LC09_L2SP_158014_20260817_02_T1
l9siberia_r33_c42,33,42,EPSG:32643,576165.00,7268655.00,580005.00,7272495.00,76.6907,65.548,2,0,0,292.02,299.059,300.619,298.575,1.78038,1.55945,0.111365,0.108743,0.0274189,LC09_L2SP_158014_20260817_02_T1
l9siberia_r33_c43,33,43,EPSG:32643,580005.00,7268655.00,583845.00,7272495.00,76.7738,65.547,2,0,0,291.874,298.684,300.44,298.098,1.86291,1.7562,0.194628,0.132606,0.0415111,LC09_L2SP_158014_20260817_02_T1
l9siberia_r33_c44,33,44,EPSG:32643,583845.00,7268655.00,587685.00,7272495.00,76.8569,65.546,2,0,0,292.128,299.185,302.709,298.851,1.99597,3.52478,0.14687,0.158021,0.0300881,LC09_L2SP_158014_20260817_02_T1
l9siberia_r33_c45,33,45,EPSG:32643,587685.00,7268655.00,591525.00,7272495.00,76.94,65.545,2,0,0,292.221,299.738,302.364,299.19,2.08553,2.62573,0.0591222,0.179668,0.0392369,LC09_L2SP_158014_20260817_02_T1
l9siberia_r33_c46,33,46,EPSG:32643,591525.00,7268655.00,595365.00,7272495.00,77.0231,65.5439,2,0,0,295.464,299.547,302.09,299.326,1.51112,2.54327,0.0273292,0.116982,0.0107828,LC09_L2SP_158014_20260817_02_T1
l9siberia_r33_c47,33,47,EPSG:32643,595365.00,7268655.00,599205.00,7272495.00,77.1062,65.5428,2,0,0,292.882,300.318,302.046,299.999,1.23799,1.72836,0.0729292,0.11156,0.037655,LC09_L2SP_158014_20260817_02_T1
l9siberia_r33_c48,33,48,EPSG:32643,599205.00,7268655.00,603045.00,7272495.00,77.1892,65.5416,2,0,0,291.773,299.38,303.645,298.581,2.46273,4.26514,0.0680465,0.154687,0.0427492,LC09_L2SP_158014_20260817_02_T1
l9siberia_r33_c49,33,49,EPSG:32643,603045.00,7268655.00,606885.00,7272495.00,77.2723,65.5404,2,0,0,292.052,298.234,303.619,298.412,2.10823,5.38531,0.0596958,0.179625,0.0214999,LC09_L2SP_158014_20260817_02_T1
l9siberia_r33_c50,33,50,EPSG:32643,606885.00,7268655.00,610725.00,7272495.00,77.3553,65.5391,1,0,0,291.855,300.185,305.047,299.232,2.72474,4.86115,0.0717392,0.324889,0.164383,LC09_L2SP_158014_20260817_02_T1
l9siberia_r33_c51,33,51,EPSG:32643,610725.00,7268655.00,614565.00,7272495.00,77.4383,65.5378,1,0,0,292.277,301.196,306.578,300.296,2.95893,5.38217,0.0230942,0.797684,0.229716,LC09_L2SP_158014_20260817_02_T1
l9siberia_r33_c52,33,52,EPSG:32643,614565.00,7268655.00,618405.00,7272495.00,77.5214,65.5364,1,0,0,292.038,300.618,306.681,299.189,3.9083,6.06329,0.0932833,0.757964,0.268025,LC09_L2SP_158014_20260817_02_T1
l9siberia_r33_c53,33,53,EPSG:32643,618405.00,7268655.00,622245.00,7272495.00,77.6044,65.535,1,0,0,292.161,301.778,303.56,300.159,3.39464,1.7814,0.0701548,0.743885,0.323249,LC09_L2SP_158014_20260817_02_T1
l9siberia_r33_c54,33,54,EPSG:32643,622245.00,7268655.00,626085.00,7272495.00,77.6874,65.5336,1,0,0,292.828,301.462,303.743,300.895,2.01497,2.28085,0.0259767,0.75202,0.0720837,LC09_L2SP_158014_20260817_02_T1
l9siberia_r33_c55,33,55,EPSG:32643,626085.00,7268655.00,629925.00,7272495.00,77.7704,65.5321,1,0,0,292.372,300.848,304.068,299.814,2.76196,3.2196,0.0620981,0.602239,0.102646,LC09_L2SP_158014_20260817_02_T1
l9siberia_r33_c56,33,56,EPSG:32643,629925.00,7268655.00,633765.00,7272495.00,77.8534,65.5306,1,0,0,293.664,301.383,303.72,301.248,1.43057,2.33698,0.26474,0.308745,0.180616,LC09_L2SP_158014_20260817_02_T1
l9siberia_r33_c57,33,57,EPSG:32643,633765.00,7268655.00,637605.00,7272495.00,77.9363,65.529,1,0,0,293.648,300.328,305.254,299.775,1.84772,4.92566,0.0203816,0.162066,0.0283549,LC09_L2SP_158014_20260817_02_T1
l9siberia_r34_c06,34,6,EPSG:32643,437925.00,7264815.00,441765.00,7268655.00,73.6991,65.5173,3,0,0,292.712,297.069,298.515,296.837,0.938789,1.44583,0.0613955,0.17549,0.00384869,LC09_L2SP_158014_20260817_02_T1
l9siberia_r34_c07,34,7,EPSG:32643,441765.00,7264815.00,445605.00,7268655.00,73.7821,65.518,3,0,0,292.984,296.355,301.258,296.639,1.5785,4.90259,0.0341513,0.150274,0.00652794,LC09_L2SP_158014_20260817_02_T1
l9siberia_r34_c08,34,8,EPSG:32643,445605.00,7264815.00,449445.00,7268655.00,73.8651,65.5187,3,0,0,294.702,298.373,303.877,298.812,2.00506,5.50452,0.00640838,0.228269,0.0324024,LC09_L2SP_158014_20260817_02_T1
l9siberia_r34_c09,34,9,EPSG:32643,449445.00,7264815.00,453285.00,7268655.00,73.9481,65.5193,3,0,0,296.936,301.977,304.15,301.501,1.51885,2.17291,0.0058587,0.238978,0.0357479,LC09_L2SP_158014_20260817_02_T1
l9siberia_r34_c10,34,10,EPSG:32643,453285.00,7264815.00,457125.00,7268655.00,74.0312,65.5198,0,0,0,297.363,300.095,303.993,300.404,1.74243,3.8985,0.170652,0.109344,0.0138714,LC09_L2SP_158014_20260817_02_T1
l9siberia_r34_c11,34,11,EPSG:32643,457125.00,7264815.00,460965.00,7268655.00,74.1142,65.5203,0,0,0,296.148,298.732,301.946,298.681,0.872898,3.21317,0.0357561,0.0936313,0.00240225,LC09_L2SP_158014_20260817_02_T1
l9siberia_r34_c12,34,12,EPSG:32643,460965.00,7264815.00,464805.00,7268655.00,74.1973,65.5208,0,0,0,297.387,299.308,301.148,299.304,0.669762,1.84015,0.0931303,0.0787548,0.00265312,LC09_L2SP_158014_20260817_02_T1
l9siberia_r34_c13,34,13,EPSG:32643,464805.00,7264815.00,468645.00,7268655.00,74.2803,65.5212,0,0,0,295.993,299.267,301.283,299.306,0.630407,2.01605,0.0198506,0.0767046,0.00302966,LC09_L2SP_158014_20260817_02_T1
l9siberia_r34_c14,34,14,EPSG:32643,468645.00,7264815.00,472485.00,7268655.00,74.3634,65.5216,0,0,0,295.614,299.016,301.992,299.042,0.726408,2.97607,0.00855656,0.102541,0.00437182,LC09_L2SP_158014_20260817_02_T1
l9siberia_r34_c15,34,15,EPSG:32643,472485.00,7264815.00,476325.00,7268655.00,74.4464,65.5219,0,0,0,296.219,298.207,301.249,298.312,0.969183,3.04233,0.0261624,0.112259,0.00191912,LC09_L2SP_158014_20260817_02_T1
l9siberia_r34_c16,34,16,EPSG:32643,476325.00,7264815.00,480165.00,7268655.00,74.5295,65.5222,0,0,0,295.983,298.335,300.748,298.282,0.612594,2.4126,0.105003,0.121475,0.00560455,LC09_L2SP_158014_20260817_02_T1
l9siberia_r34_c17,34,17,EPSG:32643,480165.00,7264815.00,484005.00,7268655.00,74.6125,65.5224,0,0,0,292.4,298.685,301.397,298.747,0.755605,2.71225,0.0778653,0.121191,0.00783567,LC09_L2SP_158014_20260817_02_T1
l9siberia_r34_c18,34,18,EPSG:32643,484005.00,7264815.00,487845.00,7268655.00,74.6956,65.5226,0,0,0,291.039,298.091,300.81,297.326,2.41387,2.7189,0.177843,0.111024,0.00876516,LC09_L2SP_158014_20260817_02_T1
l9siberia_r34_c19,34,19,EPSG:32643,487845.00,7264815.00,491685.00,7268655.00,74.7786,65.5228,0,0,0,292.075,299.062,303.48,298.802,1.82109,4.41724,0.203853,0.161799,0.00811019,LC09_L2SP_158014_20260817_02_T1
l9siberia_r34_c20,34,20,EPSG:32643,491685.00,7264815.00,495525.00,7268655.00,74.8617,65.5229,3,0,0,291.526,298.774,302.272,298.429,1.60083,3.49878,0.0699717,0.172633,0.0342286,LC09_L2SP_158014_20260817_02_T1
l9siberia_r34_c32,34,32,EPSG:32643,537765.00,7264815.00,541605.00,7268655.00,75.8583,65.5205,1,0,0,293.902,300.362,303.599,300.269,1.29968,3.237,0.332352,0.126403,0.244471,LC09_L2SP_158014_20260817_02_T1
l9siberia_r34_c33,34,33,EPSG:32643,541605.00,7264815.00,545445.00,7268655.00,75.9414,65.52,1,132,1,292.655,300.622,326.211,300.647,2.93383,25.5897,0.59559,0.886442,0.925102,LC09_L2SP_158014_20260817_02_T1
l9siberia_r34_c34,34,34,EPSG:32643,545445.00,7264815.00,549285.00,7268655.00,76.0244,65.5195,1,400,1,296.172,301.079,330.136,301.996,3.74727,29.0566,0.716421,0.997936,0.999721,LC09_L2SP_158014_20260817_02_T1
l9siberia_r34_c35,34,35,EPSG:32643,549285.00,7264815.00,553125.00,7268655.00,76.1074,65.5189,1,190,1,295.583,304.331,317.368,303.581,2.99664,13.037,0.697921,0.992839,0.990805,LC09_L2SP_158014_20260817_02_T1
l9siberia_r34_c36,34,36,EPSG:32643,553125.00,7264815.00,556965.00,7268655.00,76.1904,65.5183,1,155,1,295.89,301.087,313.731,301.234,2.46268,12.6433,0.727274,0.919656,0.879705,LC09_L2SP_158014_20260817_02_T1
l9siberia_r34_c37,34,37,EPSG:32643,556965.00,7264815.00,560805.00,7268655.00,76.2735,65.5176,1,23,1,296.667,300.017,312.431,300.717,2.36453,12.4146,0.310089,0.821209,0.637452,LC09_L2SP_158014_20260817_02_T1
l9siberia_r34_c38,34,38,EPSG:32643,560805.00,7264815.00,564645.00,7268655.00,76.3565,65.5169,1,438,1,296.353,300.662,352.965,302.248,5.88305,52.3025,0.811384,0.999572,0.999829,LC09_L2SP_158014_20260817_02_T1
l9siberia_r34_c39,34,39,EPSG:32643,564645.00,7264815.00,568485.00,7268655.00,76.4395,65.5161,1,154,1,295.981,303.228,318.669,302.801,3.32646,15.4407,0.700449,0.99376,0.996973,LC09_L2SP_158014_20260817_02_T1
l9siberia_r34_c40,34,40,EPSG:32643,568485.00,7264815.00,572325.00,7268655.00,76.5225,65.5153,2,137,1,296.382,300.361,315.794,301.686,3.3039,15.433,0.519798,0.932885,0.955833,LC09_L2SP_158014_20260817_02_T1
l9siberia_r34_c41,34,41,EPSG:32643,572325.00,7264815.00,576165.00,7268655.00,76.6055,65.5144,2,0,0,292.972,299.12,301.977,299.191,1.18843,2.85709,0.0838335,0.124858,0.0628077,LC09_L2SP_158014_20260817_02_T1
l9siberia_r34_c42,34,42,EPSG:32643,576165.00,7264815.00,580005.00,7268655.00,76.6885,65.5135,2,0,0,292.052,298.272,303.598,298.419,1.66885,5.32547,0.265304,0.213817,0.177968,LC09_L2SP_158014_20260817_02_T1
l9siberia_r34_c43,34,43,EPSG:32643,580005.00,7264815.00,583845.00,7268655.00,76.7715,65.5126,2,0,0,294.033,298.469,303.094,298.362,1.35043,4.62439,0.2157,0.179724,0.0481455,LC09_L2SP_158014_20260817_02_T1
l9siberia_r34_c44,34,44,EPSG:32643,583845.00,7264815.00,587685.00,7268655.00,76.8545,65.5116,2,0,0,290.914,297.422,300.716,295.797,3.33983,3.29453,0.233101,0.155785,0.0246839,LC09_L2SP_158014_20260817_02_T1
l9siberia_r34_c45,34,45,EPSG:32643,587685.00,7264815.00,591525.00,7268655.00,76.9374,65.5105,2,0,0,292.533,298.503,301.59,298.257,1.17619,3.08646,0.118833,0.144483,0.0375368,LC09_L2SP_158014_20260817_02_T1
l9siberia_r34_c46,34,46,EPSG:32643,591525.00,7264815.00,595365.00,7268655.00,77.0204,65.5095,2,0,0,294.31,297.931,301.235,297.939,1.31158,3.30463,0.0940311,0.14257,0.0150855,LC09_L2SP_158014_20260817_02_T1
l9siberia_r34_c47,34,47,EPSG:32643,595365.00,7264815.00,599205.00,7268655.00,77.1034,65.5083,2,0,0,293.377,299.17,301.252,298.823,1.51041,2.08246,0.0516897,0.128857,0.0153293,LC09_L2SP_158014_20260817_02_T1
l9siberia_r34_c48,34,48,EPSG:32643,599205.00,7264815.00,603045.00,7268655.00,77.1863,65.5072,2,0,0,292.285,297.759,301.802,297.875,1.75061,4.04312,0.0259858,0.179839,0.0132058,LC09_L2SP_158014_20260817_02_T1
l9siberia_r34_c49,34,49,EPSG:32643,603045.00,7264815.00,606885.00,7268655.00,77.2693,65.5059,2,0,0,291.139,297.871,302.59,297.544,3.30384,4.71869,0.0452453,0.218102,0.0108668,LC09_L2SP_158014_20260817_02_T1
l9siberia_r34_c50,34,50,EPSG:32643,606885.00,7264815.00,610725.00,7268655.00,77.3522,65.5047,1,0,0,292.484,299.243,303.046,298.74,2.62204,3.80313,0.0999337,0.173483,0.0369596,LC09_L2SP_158014_20260817_02_T1
l9siberia_r34_c51,34,51,EPSG:32643,610725.00,7264815.00,614565.00,7268655.00,77.4351,65.5034,1,0,0,292.105,301.502,303.823,300.145,3.20687,2.32077,0.0168221,0.776427,0.294665,LC09_L2SP_158014_20260817_02_T1
l9siberia_r34_c52,34,52,EPSG:32643,614565.00,7264815.00,618405.00,7268655.00,77.518,65.502,1,0,0,293.035,301.617,304.092,301.232,1.91121,2.47498,0.125269,0.70573,0.528958,LC09_L2SP_158014_20260817_02_T1
l9siberia_r34_c53,34,53,EPSG:32643,618405.00,7264815.00,622245.00,7268655.00,77.601,65.5006,1,0,0,292.333,301.861,304.025,300.406,3.3783,2.16437,0.208606,0.718859,0.351209,LC09_L2SP_158014_20260817_02_T1
l9siberia_r34_c54,34,54,EPSG:32643,622245.00,7264815.00,626085.00,7268655.00,77.6838,65.4992,1,0,0,292.156,300.64,303.839,299.642,3.02522,3.19815,0.101132,0.632429,0.171296,LC09_L2SP_158014_20260817_02_T1
l9siberia_r34_c55,34,55,EPSG:32643,626085.00,7264815.00,629925.00,7268655.00,77.7667,65.4977,1,0,0,292.47,301.881,304.611,301.056,2.63779,2.72995,0.0969932,0.614025,0.271587,LC09_L2SP_158014_20260817_02_T1
l9siberia_r34_c56,34,56,EPSG:32643,629925.00,7264815.00,633765.00,7268655.00,77.8496,65.4961,1,0,0,293.6,301.293,305.196,301.129,1.69244,3.90347,0.0830365,0.332616,0.103159,LC09_L2SP_158014_20260817_02_T1
l9siberia_r34_c57,34,57,EPSG:32643,633765.00,7264815.00,637605.00,7268655.00,77.9325,65.4946,1,0,0,293.76,299.531,302.947,299.02,2.18931,3.41599,0.0103705,0.189692,0.0260927,LC09_L2SP_158014_20260817_02_T1
l9siberia_r35_c06,35,6,EPSG:32643,437925.00,7260975.00,441765.00,7264815.00,73.7008,65.4829,3,0,0,292.711,296.315,302.276,296.461,1.67808,5.96112,0.0536663,0.170702,0.0058611,LC09_L2SP_158014_20260817_02_T1
l9siberia_r35_c07,35,7,EPSG:32643,441765.00,7260975.00,445605.00,7264815.00,73.7837,65.4836,3,0,0,296.245,298.141,301.423,298.177,0.732182,3.28171,0.0091552,0.15013,0.00539639,LC09_L2SP_158014_20260817_02_T1
l9siberia_r35_c08,35,8,EPSG:32643,445605.00,7260975.00,449445.00,7264815.00,73.8666,65.4842,3,0,0,296.048,298.762,302.464,299.05,1.27338,3.70245,0.00358626,0.1433,0.00594373,LC09_L2SP_158014_20260817_02_T1
l9siberia_r35_c09,35,9,EPSG:32643,449445.00,7260975.00,453285.00,7264815.00,73.9495,65.4848,3,0,0,297.25,299.295,303.899,299.855,1.58911,4.60352,0.0169294,0.147088,0.00737306,LC09_L2SP_158014_20260817_02_T1
l9siberia_r35_c10,35,10,EPSG:32643,453285.00,7260975.00,457125.00,7264815.00,74.0325,65.4854,0,0,0,296.502,298.304,302.184,298.384,0.884644,3.88058,0.0385074,0.117513,0.00268321,LC09_L2SP_158014_20260817_02_T1
l9siberia_r35_c11,35,11,EPSG:32643,457125.00,7260975.00,460965.00,7264815.00,74.1154,65.4859,0,0,0,295.391,298.116,301.647,298.156,0.692209,3.53168,0.0610187,0.120923,0.00185419,LC09_L2SP_158014_20260817_02_T1
l9siberia_r35_c12,35,12,EPSG:32643,460965.00,7260975.00,464805.00,7264815.00,74.1983,65.4863,0,0,0,295.333,299.024,301.253,298.988,0.69358,2.22931,0.0554293,0.0946779,0.00358112,LC09_L2SP_158014_20260817_02_T1
l9siberia_r35_c13,35,13,EPSG:32643,464805.00,7260975.00,468645.00,7264815.00,74.2813,65.4868,0,0,0,297.123,298.951,301.364,298.936,0.633893,2.4129,0.0371074,0.0913977,0.00300212,LC09_L2SP_158014_20260817_02_T1
l9siberia_r35_c14,35,14,EPSG:32643,468645.00,7260975.00,472485.00,7264815.00,74.3642,65.4871,0,0,0,295.324,298.748,300.456,298.649,0.723419,1.70776,0.0573263,0.101632,0.00410267,LC09_L2SP_158014_20260817_02_T1
l9siberia_r35_c15,35,15,EPSG:32643,472485.00,7260975.00,476325.00,7264815.00,74.4471,65.4875,0,0,0,295.946,297.779,300.2,297.763,0.553645,2.42126,0.0503128,0.115658,0.00267738,LC09_L2SP_158014_20260817_02_T1
l9siberia_r35_c16,35,16,EPSG:32643,476325.00,7260975.00,480165.00,7264815.00,74.5301,65.4877,0,0,0,294.107,297.86,299.697,297.84,0.689274,1.83707,0.0725378,0.133556,0.00589286,LC09_L2SP_158014_20260817_02_T1
l9siberia_r35_c17,35,17,EPSG:32643,480165.00,7260975.00,484005.00,7264815.00,74.613,65.488,0,0,0,292.526,298.589,301.888,298.498,1.24387,3.29834,0.0586468,0.137592,0.00591237,LC09_L2SP_158014_20260817_02_T1
l9siberia_r35_c18,35,18,EPSG:32643,484005.00,7260975.00,487845.00,7264815.00,74.696,65.4882,0,0,0,291.655,298.637,302.565,298.138,1.85172,3.92755,0.135611,0.180894,0.0101122,LC09_L2SP_158014_20260817_02_T1
l9siberia_r35_c19,35,19,EPSG:32643,487845.00,7260975.00,491685.00,7264815.00,74.7789,65.4883,0,0,0,290.742,298.376,301.436,297.304,2.59983,3.06076,0.101254,0.0700795,0.00722223,LC09_L2SP_158014_20260817_02_T1
l9siberia_r35_c32,35,32,EPSG:32643,537765.00,7260975.00,541605.00,7264815.00,75.8572,65.486,1,0,0,292.998,299.767,303.17,299.659,1.26068,3.4032,0.17835,0.0781898,0.0433141,LC09_L2SP_158014_20260817_02_T1
l9siberia_r35_c33,35,33,EPSG:32643,541605.00,7260975.00,545445.00,7264815.00,75.9401,65.4856,1,0,0,294.475,299.447,302.178,299.426,1.03647,2.73077,0.123513,0.0768061,0.0251119,LC09_L2SP_158014_20260817_02_T1
l9siberia_r35_c34,35,34,EPSG:32643,545445.00,7260975.00,549285.00,7264815.00,76.023,65.485,1,12,1,293.111,299.9,304.783,299.822,1.28758,4.88327,0.604811,0.0828423,0.385256,LC09_L2SP_158014_20260817_02_T1
l9siberia_r35_c35,35,35,EPSG:32643,549285.00,7260975.00,553125.00,7264815.00,76.106,65.4844,1,406,1,295.237,302.016,325.623,303.17,4.32534,23.6066,0.750035,0.999666,0.999878,LC09_L2SP_158014_20260817_02_T1
l9siberia_r35_c36,35,36,EPSG:32643,553125.00,7260975.00,556965.00,7264815.00,76.1889,65.4838,1,82,1,298.669,305.133,317.596,305.117,2.33478,12.4625,0.288804,0.997485,0.668241,LC09_L2SP_158014_20260817_02_T1
l9siberia_r35_c37,35,37,EPSG:32643,556965.00,7260975.00,560805.00,7264815.00,76.2718,65.4831,1,33,1,298.294,304.88,319.548,304.72,1.69028,14.6686,0.712678,0.986239,0.953864,LC09_L2SP_158014_20260817_02_T1
l9siberia_r35_c38,35,38,EPSG:32643,560805.00,7260975.00,564645.00,7264815.00,76.3547,65.4824,1,14,1,296.497,305.143,308.956,304.68,2.10061,3.81339,0.959045,0.987687,0.935499,LC09_L2SP_158014_20260817_02_T1
l9siberia_r35_c39,35,39,EPSG:32643,564645.00,7260975.00,568485.00,7264815.00,76.4376,65.4816,1,0,0,298.755,305.936,309.046,305.574,1.45909,3.11044,0.951355,0.994064,0.977694,LC09_L2SP_158014_20260817_02_T1
l9siberia_r35_c41,35,41,EPSG:32643,572325.00,7260975.00,576165.00,7264815.00,76.6034,65.48,2,0,0,292.227,300.327,303.939,300.037,2.00272,3.61203,0.264791,0.293365,0.212193,LC09_L2SP_158014_20260817_02_T1
l9siberia_r35_c42,35,42,EPSG:32643,576165.00,7260975.00,580005.00,7264815.00,76.6863,65.4791,2,0,0,292.462,300.232,303.242,299.671,2.24491,3.00937,0.135484,0.252415,0.227599,LC09_L2SP_158014_20260817_02_T1
l9siberia_r35_c43,35,43,EPSG:32643,580005.00,7260975.00,583845.00,7264815.00,76.7692,65.4781,2,0,0,291.714,298.871,302.235,298.399,2.08306,3.36401,0.128562,0.213053,0.0451885,LC09_L2SP_158014_20260817_02_T1
l9siberia_r35_c44,35,44,EPSG:32643,583845.00,7260975.00,587685.00,7264815.00,76.852,65.4772,2,0,0,292.184,298.716,305.177,298.62,2.15639,6.46124,0.107854,0.269929,0.10783,LC09_L2SP_158014_20260817_02_T1
l9siberia_r35_c45,35,45,EPSG:32643,587685.00,7260975.00,591525.00,7264815.00,76.9349,65.4761,2,0,0,292.387,297.433,301.115,297.487,1.59281,3.68152,0.168009,0.130644,0.0197713,LC09_L2SP_158014_20260817_02_T1
l9siberia_r35_c46,35,46,EPSG:32643,591525.00,7260975.00,595365.00,7264815.00,77.0178,65.475,2,0,0,292.526,297.237,300.526,297.097,1.21437,3.28949,0.604874,0.168828,0.149014,LC09_L2SP_158014_20260817_02_T1
l9siberia_r35_c47,35,47,EPSG:32643,595365.00,7260975.00,599205.00,7264815.00,77.1006,65.4739,2,0,0,292.94,297.654,299.601,297.465,1.16004,1.94714,0.112027,0.160155,0.0216952,LC09_L2SP_158014_20260817_02_T1
l9siberia_r35_c48,35,48,EPSG:32643,599205.00,7260975.00,603045.00,7264815.00,77.1835,65.4727,2,0,0,292.65,297.632,302.582,297.822,1.55303,4.94962,0.0844909,0.182285,0.0188325,LC09_L2SP_158014_20260817_02_T1
l9siberia_r35_c49,35,49,EPSG:32643,603045.00,7260975.00,606885.00,7264815.00,77.2663,65.4715,2,0,0,291.193,298.38,302.861,297.535,3.70479,4.48053,0.099382,0.233556,0.0178596,LC09_L2SP_158014_20260817_02_T1
l9siberia_r35_c50,35,50,EPSG:32643,606885.00,7260975.00,610725.00,7264815.00,77.3491,65.4703,1,0,0,292.674,300.999,303.223,300.226,2.16153,2.22424,0.0195569,0.305001,0.0305419,LC09_L2SP_158014_20260817_02_T1
l9siberia_r35_c51,35,51,EPSG:32643,610725.00,7260975.00,614565.00,7264815.00,77.4319,65.4689,1,0,0,292.325,299.078,303.767,299.164,2.91713,4.68918,0.0575204,0.367172,0.117621,LC09_L2SP_158014_20260817_02_T1
l9siberia_r35_c52,35,52,EPSG:32643,614565.00,7260975.00,618405.00,7264815.00,77.5147,65.4676,1,0,0,292.296,300.585,303.578,299.441,3.20999,2.99286,0.0829266,0.651138,0.3324,LC09_L2SP_158014_20260817_02_T1
l9siberia_r35_c53,35,53,EPSG:32643,618405.00,7260975.00,622245.00,7264815.00,77.5975,65.4662,1,0,0,291.533,300.748,303.977,298.991,3.69147,3.22916,0.259772,0.541291,0.220802,LC09_L2SP_158014_20260817_02_T1
l9siberia_r35_c54,35,54,EPSG:32643,622245.00,7260975.00,626085.00,7264815.00,77.6803,65.4648,1,0,0,293.054,301.518,303.45,301.025,1.71115,1.93231,0.260815,0.540211,0.385656,LC09_L2SP_158014_20260817_02_T1
l9siberia_r35_c55,35,55,EPSG:32643,626085.00,7260975.00,629925.00,7264815.00,77.7631,65.4633,1,0,0,289.124,300.569,302.913,300.436,1.40972,2.34338,0.227706,0.0919819,0.0848351,LC09_L2SP_158014_20260817_02_T1
l9siberia_r35_c56,35,56,EPSG:32643,629925.00,7260975.00,633765.00,7264815.00,77.8459,65.4617,1,0,0,293.464,300.283,305.348,300.456,1.77762,5.06543,0.449812,0.244676,0.135475,LC09_L2SP_158014_20260817_02_T1
l9siberia_r36_c05,36,5,EPSG:32643,434085.00,7257135.00,437925.00,7260975.00,73.6197,65.4477,3,0,0,291.838,296.104,300.986,296.193,1.52648,4.8822,0.161474,0.163032,0.0202932,LC09_L2SP_158014_20260817_02_T1
l9siberia_r36_c06,36,6,EPSG:32643,437925.00,7257135.00,441765.00,7260975.00,73.7025,65.4485,3,0,0,295.125,297.884,302.297,298.108,1.46569,4.41309,0.0645301,0.17112,0.0109499,LC09_L2SP_158014_20260817_02_T1
l9siberia_r36_c07,36,7,EPSG:32643,441765.00,7257135.00,445605.00,7260975.00,73.7853,65.4491,3,0,0,295.522,298.266,303.146,298.656,1.55847,4.88004,0.0215059,0.169347,0.010581,LC09_L2SP_158014_20260817_02_T1
l9siberia_r36_c08,36,8,EPSG:32643,445605.00,7257135.00,449445.00,7260975.00,73.8681,65.4498,3,0,0,296.151,298.188,301.804,298.269,0.699638,3.61612,0.00871541,0.148645,0.00456189,LC09_L2SP_158014_20260817_02_T1
l9siberia_r36_c09,36,9,EPSG:32643,449445.00,7257135.00,453285.00,7260975.00,73.9509,65.4504,3,0,0,296.693,298.305,299.803,298.264,0.64473,1.49762,0.0338247,0.140312,0.00451886,LC09_L2SP_158014_20260817_02_T1
l9siberia_r36_c10,36,10,EPSG:32643,453285.00,7257135.00,457125.00,7260975.00,74.0337,65.4509,0,0,0,296.3,298.457,301.955,298.614,0.951805,3.49725,0.0275804,0.126629,0.00309999,LC09_L2SP_158014_20260817_02_T1
l9siberia_r36_c11,36,11,EPSG:32643,457125.00,7257135.00,460965.00,7260975.00,74.1166,65.4514,0,0,0,296.538,298.878,301.685,298.87,0.806137,2.80698,0.137711,0.122699,0.0118444,LC09_L2SP_158014_20260817_02_T1
l9siberia_r36_c12,36,12,EPSG:32643,460965.00,7257135.00,464805.00,7260975.00,74.1994,65.4519,0,0,0,296.988,299.207,302.36,299.224,0.749817,3.15302,0.0666946,0.0952267,0.00481103,LC09_L2SP_158014_20260817_02_T1
l9siberia_r36_c13,36,13,EPSG:32643,464805.00,7257135.00,468645.00,7260975.00,74.2822,65.4523,0,0,0,296.314,299.018,300.966,299.021,0.622563,1.94751,0.0521381,0.0953709,0.00467906,LC09_L2SP_158014_20260817_02_T1
l9siberia_r36_c14,36,14,EPSG:32643,468645.00,7257135.00,472485.00,7260975.00,74.365,65.4527,0,0,0,296.623,298.034,300.736,298.139,0.701307,2.70203,0.0350634,0.109951,0.0031865,LC09_L2SP_158014_20260817_02_T1
l9siberia_r36_c15,36,15,EPSG:32643,472485.00,7257135.00,476325.00,7260975.00,74.4479,65.453,0,0,0,293.306,298.131,301.502,298.186,0.709704,3.37082,0.0600798,0.12696,0.00318205,LC09_L2SP_158014_20260817_02_T1
l9siberia_r36_c16,36,16,EPSG:32643,476325.00,7257135.00,480165.00,7260975.00,74.5307,65.4533,0,0,0,291.44,297.933,303.637,297.749,1.46215,5.7037,0.0735685,0.131767,0.00991798,LC09_L2SP_158014_20260817_02_T1
l9siberia_r36_c17,36,17,EPSG:32643,480165.00,7257135.00,484005.00,7260975.00,74.6135,65.4535,0,0,0,296.239,299.217,302.293,299.243,0.749713,3.07623,0.00404135,0.0894359,0.0049043,LC09_L2SP_158014_20260817_02_T1
l9siberia_r36_c18,36,18,EPSG:32643,484005.00,7257135.00,487845.00,7260975.00,74.6964,65.4537,0,0,0,293.522,298.746,301.028,298.666,0.9691,2.28204,0.00812098,0.115747,0.00487364,LC09_L2SP_158014_20260817_02_T1
l9siberia_r36_c31,36,31,EPSG:32643,533925.00,7257135.00,537765.00,7260975.00,75.7732,65.452,1,0,0,293.114,299.328,301.325,299.132,1.13712,1.99747,0.0384472,0.0755995,0.0136712,LC09_L2SP_158014_20260817_02_T1
l9siberia_r36_c32,36,32,EPSG:32643,537765.00,7257135.00,541605.00,7260975.00,75.8561,65.4516,1,0,0,295.445,299.794,303.433,299.747,0.749736,3.63843,0.245337,0.0582406,0.0174052,LC09_L2SP_158014_20260817_02_T1
l9siberia_r36_c33,36,33,EPSG:32643,541605.00,7257135.00,545445.00,7260975.00,75.9389,65.4511,1,0,0,296.094,299.814,305.046,300.007,1.0461,5.23145,0.154908,0.143427,0.0410651,LC09_L2SP_158014_20260817_02_T1
l9siberia_r36_c34,36,34,EPSG:32643,545445.00,7257135.00,549285.00,7260975.00,76.0217,65.4506,1,0,0,298.046,300.106,302.249,300.116,0.640722,2.14322,0.227033,0.0520167,0.0305947,LC09_L2SP_158014_20260817_02_T1
l9siberia_r36_c35,36,35,EPSG:32643,549285.00,7257135.00,553125.00,7260975.00,76.1045,65.45,1,0,0,298.14,300.273,302.19,300.246,0.594716,1.9176,0.286385,0.0458289,0.0625746,LC09_L2SP_158014_20260817_02_T1
l9siberia_r36_c36,36,36,EPSG:32643,553125.00,7257135.00,556965.00,7260975.00,76.1873,65.4494,1,162,1,298.082,300.591,319.39,301.219,2.18081,18.7983,0.793508,0.911344,0.953595,LC09_L2SP_158014_20260817_02_T1
l9siberia_r36_c37,36,37,EPSG:32643,556965.00,7257135.00,560805.00,7260975.00,76.2701,65.4487,1,147,1,298.285,300.54,320.127,301.615,2.55695,19.5866,0.845947,0.925326,0.925467,LC09_L2SP_158014_20260817_02_T1
l9siberia_r36_c38,36,38,EPSG:32643,560805.00,7257135.00,564645.00,7260975.00,76.3529,65.448,1,167,1,294.201,303.026,324.585,302.709,2.43169,21.5592,0.777004,0.97156,0.906855,LC09_L2SP_158014_20260817_02_T1
l9siberia_r36_c39,36,39,EPSG:32643,564645.00,7257135.00,568485.00,7260975.00,76.4357,65.4472,1,113,1,296.931,304.124,322.721,303.93,2.47712,18.5969,0.674599,0.986836,0.828149,LC09_L2SP_158014_20260817_02_T1
l9siberia_r36_c40,36,40,EPSG:32643,568485.00,7257135.00,572325.00,7260975.00,76.5185,65.4464,2,0,0,292.626,300.682,307.891,301.262,2.47781,7.20938,0.090227,0.537728,0.165067,LC09_L2SP_158014_20260817_02_T1
l9siberia_r36_c41,36,41,EPSG:32643,572325.00,7257135.00,576165.00,7260975.00,76.6013,65.4455,2,0,0,292.089,300.256,302.798,299.961,1.60199,2.54126,0.0448185,0.193609,0.0256302,LC09_L2SP_158014_20260817_02_T1
l9siberia_r36_c42,36,42,EPSG:32643,576165.00,7257135.00,580005.00,7260975.00,76.6841,65.4446,2,0,0,291.848,300.302,303.453,299.887,2.06315,3.15057,0.0589868,0.227239,0.0834539,LC09_L2SP_158014_20260817_02_T1
l9siberia_r36_c43,36,43,EPSG:32643,580005.00,7257135.00,583845.00,7260975.00,76.7668,65.4437,2,0,0,292.288,299.68,302.506,299.325,1.60351,2.82626,0.0496964,0.23896,0.057364,LC09_L2SP_158014_20260817_02_T1
l9siberia_r36_c44,36,44,EPSG:32643,583845.00,7257135.00,587685.00,7260975.00,76.8496,65.4427,2,0,0,291.727,299.056,302.173,297.996,2.72887,3.11716,0.148266,0.194156,0.0825209,LC09_L2SP_158014_20260817_02_T1
l9siberia_r36_c45,36,45,EPSG:32643,587685.00,7257135.00,591525.00,7260975.00,76.9324,65.4417,2,0,0,292.119,298.815,302.594,298.643,1.9513,3.77887,0.0468039,0.137555,0.0247518,LC09_L2SP_158014_20260817_02_T1
l9siberia_r36_c46,36,46,EPSG:32643,591525.00,7257135.00,595365.00,7260975.00,77.0151,65.4406,2,0,0,292.01,297.881,300.394,297.583,1.85163,2.51343,0.0929854,0.139987,0.0186591,LC09_L2SP_158014_20260817_02_T1
l9siberia_r36_c47,36,47,EPSG:32643,595365.00,7257135.00,599205.00,7260975.00,77.0978,65.4395,2,0,0,294.539,297.248,300.515,297.37,1.20274,3.26657,0.31171,0.17831,0.0314142,LC09_L2SP_158014_20260817_02_T1
l9siberia_r36_c48,36,48,EPSG:32643,599205.00,7257135.00,603045.00,7260975.00,77.1806,65.4383,2,0,0,291.881,296.918,299.765,296.754,1.79324,2.84698,0.315392,0.154428,0.0279639,LC09_L2SP_158014_20260817_02_T1
l9siberia_r36_c49,36,49,EPSG:32643,603045.00,7257135.00,606885.00,7260975.00,77.2633,65.4371,2,0,0,291.81,298.88,301.663,298.361,1.82552,2.78345,0.171105,0.169101,0.0559156,LC09_L2SP_158014_20260817_02_T1
l9siberia_r36_c50,36,50,EPSG:32643,606885.00,7257135.00,610725.00,7260975.00,77.346,65.4358,1,0,0,291.626,299.651,302.976,298.574,3.16366,3.32449,0.0667391,0.215746,0.0407021,LC09_L2SP_158014_20260817_02_T1
l9siberia_r36_c51,36,51,EPSG:32643,610725.00,7257135.00,614565.00,7260975.00,77.4287,65.4345,1,0,0,291.425,300.649,303.741,298.741,4.07426,3.09198,0.0725827,0.547996,0.173139,LC09_L2SP_158014_20260817_02_T1
l9siberia_r36_c52,36,52,EPSG:32643,614565.00,7257135.00,618405.00,7260975.00,77.5114,65.4332,1,0,0,292.799,301.193,304.168,300.387,2.62159,2.9751,0.0326762,0.652121,0.134628,LC09_L2SP_158014_20260817_02_T1
l9siberia_r36_c53,36,53,EPSG:32643,618405.00,7257135.00,622245.00,7260975.00,77.5941,65.4318,1,0,0,292.631,300.88,303.753,300.394,1.75781,2.87265,0.120948,0.247243,0.156354,LC09_L2SP_158014_20260817_02_T1
l9siberia_r36_c54,36,54,EPSG:32643,622245.00,7257135.00,626085.00,7260975.00,77.6768,65.4303,1,0,0,292.945,301.489,303.796,301.132,1.623,2.30695,0.442416,0.407861,0.398665,LC09_L2SP_158014_20260817_02_T1
l9siberia_r36_c55,36,55,EPSG:32643,626085.00,7257135.00,629925.00,7260975.00,77.7595,65.4289,1,0,0,296.706,301.087,303.843,300.993,0.844539,2.75674,0.0287125,0.0896373,0.0401053,LC09_L2SP_158014_20260817_02_T1
l9siberia_r36_c56,36,56,EPSG:32643,629925.00,7257135.00,633765.00,7260975.00,77.8421,65.4273,1,9,1,293.347,300.47,303.935,300.287,1.67302,3.46478,0.0164893,0.175201,0.0993761,LC09_L2SP_158014_20260817_02_T1
l9siberia_r37_c05,37,5,EPSG:32643,434085.00,7253295.00,437925.00,7257135.00,73.6215,65.4133,3,0,0,295.416,297.604,300.659,297.614,0.630053,3.05582,0.00267149,0.163723,0.00376183,LC09_L2SP_158014_20260817_02_T1
l9siberia_r37_c06,37,6,EPSG:32643,437925.00,7253295.00,441765.00,7257135.00,73.7042,65.414,3,0,0,296.611,298.084,299.088,298.039,0.469723,1.00385,0.0415743,0.157579,0.00682529,LC09_L2SP_158014_20260817_02_T1
l9siberia_r37_c07,37,7,EPSG:32643,441765.00,7253295.00,445605.00,7257135.00,73.7869,65.4147,3,0,0,295.741,298.219,303.838,298.45,1.12757,5.61942,0.0776755,0.218445,0.0165508,LC09_L2SP_158014_20260817_02_T1
l9siberia_r37_c08,37,8,EPSG:32643,445605.00,7253295.00,449445.00,7257135.00,73.8696,65.4153,3,0,0,295.877,299.283,303.622,299.512,1.63059,4.33911,0.0246432,0.249385,0.0252701,LC09_L2SP_158014_20260817_02_T1
l9siberia_r37_c09,37,9,EPSG:32643,449445.00,7253295.00,453285.00,7257135.00,73.9523,65.4159,3,0,0,294.956,299.799,303.68,299.715,1.61631,3.88138,0.00915006,0.184185,0.0177547,LC09_L2SP_158014_20260817_02_T1
l9siberia_r37_c10,37,10,EPSG:32643,453285.00,7253295.00,457125.00,7257135.00,74.035,65.4165,0,0,0,296.418,299.898,302.72,299.888,1.01176,2.8226,0.0274941,0.10186,0.0123626,LC09_L2SP_158014_20260817_02_T1
l9siberia_r37_c11,37,11,EPSG:32643,457125.00,7253295.00,460965.00,7257135.00,74.1177,65.417,0,0,0,297.657,299.54,303.414,299.754,1.16296,3.8743,0.05958,0.0805856,0.00750833,LC09_L2SP_158014_20260817_02_T1
l9siberia_r37_c12,37,12,EPSG:32643,460965.00,7253295.00,464805.00,7257135.00,74.2004,65.4174,0,0,0,296.782,299.239,301.759,299.301,0.758761,2.5195,0.0851397,0.0933195,0.00728471,LC09_L2SP_158014_20260817_02_T1
l9siberia_r37_c13,37,13,EPSG:32643,464805.00,7253295.00,468645.00,7257135.00,74.2831,65.4179,0,0,0,297.193,299.559,303.803,299.553,0.902295,4.24405,0.174937,0.085352,0.0181501,LC09_L2SP_158014_20260817_02_T1
l9siberia_r37_c14,37,14,EPSG:32643,468645.00,7253295.00,472485.00,7257135.00,74.3659,65.4182,0,0,0,296.987,298.634,301.421,298.644,0.588237,2.78729,0.0622085,0.113157,0.00500903,LC09_L2SP_158014_20260817_02_T1
l9siberia_r37_c15,37,15,EPSG:32643,472485.00,7253295.00,476325.00,7257135.00,74.4486,65.4186,0,0,0,291.942,298.396,300.83,298.362,0.77015,2.4343,0.0600035,0.117348,0.00312121,LC09_L2SP_158014_20260817_02_T1
l9siberia_r37_c16,37,16,EPSG:32643,476325.00,7253295.00,480165.00,7257135.00,74.5313,65.4188,0,0,0,292.711,298.692,300.796,298.695,0.797976,2.10455,0.00790252,0.112413,0.0035177,LC09_L2SP_158014_20260817_02_T1
l9siberia_r37_c17,37,17,EPSG:32643,480165.00,7253295.00,484005.00,7257135.00,74.614,65.4191,0,0,0,294.346,298.813,301.937,298.739,0.813508,3.12347,0.00624004,0.104141,0.00431062,LC09_L2SP_158014_20260817_02_T1
l9siberia_r37_c18,37,18,EPSG:32643,484005.00,7253295.00,487845.00,7257135.00,74.6968,65.4193,0,0,0,292.596,298.657,300.988,298.601,0.848385,2.33075,0.00897771,0.115456,0.0051413,LC09_L2SP_158014_20260817_02_T1
l9siberia_r37_c23,37,23,EPSG:32643,503205.00,7253295.00,507045.00,7257135.00,75.1104,65.4195,3,0,0,292.08,298.68,301.4,298.343,1.59567,2.72046,0.0665193,0.124307,0.0231007,LC09_L2SP_158014_20260817_02_T1
l9siberia_r37_c31,37,31,EPSG:32643,533925.00,7253295.00,537765.00,7257135.00,75.7722,65.4176,1,0,0,297.367,299.685,301.344,299.626,0.750588,1.65936,0.236881,0.0617246,0.0386511,LC09_L2SP_158014_20260817_02_T1
l9siberia_r37_c32,37,32,EPSG:32643,537765.00,7253295.00,541605.00,7257135.00,75.8549,65.4171,1,0,0,297.049,299.72,301.654,299.675,0.703217,1.93396,0.198811,0.0534015,0.0320498,LC09_L2SP_158014_20260817_02_T1
l9siberia_r37_c33,37,33,EPSG:32643,541605.00,7253295.00,545445.00,7257135.00,75.9376,65.4167,1,0,0,297.418,299.707,301.715,299.654,0.642579,2.00763,0.218198,0.0504591,0.0580884,LC09_L2SP_158014_20260817_02_T1
l9siberia_r37_c34,37,34,EPSG:32643,545445.00,7253295.00,549285.00,7257135.00,76.0204,65.4161,1,0,0,297.506,299.927,301.245,299.893,0.615745,1.31784,0.217953,0.0456187,0.0569459,LC09_L2SP_158014_20260817_02_T1
l9siberia_r37_c35,37,35,EPSG:32643,549285.00,7253295.00,553125.00,7257135.00,76.1031,65.4155,1,0,0,297.779,300.116,302.114,300.067,0.690005,1.99771,0.219409,0.0536323,0.0307873,LC09_L2SP_158014_20260817_02_T1
l9siberia_r37_c36,37,36,EPSG:32643,553125.00,7253295.00,556965.00,7257135.00,76.1858,65.4149,1,0,0,298.359,300.746,302.283,300.696,0.620514,1.5372,0.285007,0.057831,0.0735224,LC09_L2SP_158014_20260817_02_T1
l9siberia_r37_c37,37,37,EPSG:32643,556965.00,7253295.00,560805.00,7257135.00,76.2685,65.4142,1,0,0,298.131,300.261,301.796,300.247,0.622893,1.53519,0.329666,0.0522162,0.091799,LC09_L2SP_158014_20260817_02_T1
l9siberia_r37_c38,37,38,EPSG:32643,560805.00,7253295.00,564645.00,7257135.00,76.3511,65.4135,1,0,0,293.648,299.366,302.294,299.224,0.935888,2.92767,0.188793,0.0666911,0.0240027,LC09_L2SP_158014_20260817_02_T1
l9siberia_r37_c39,37,39,EPSG:32643,564645.00,7253295.00,568485.00,7257135.00,76.4338,65.4128,1,0,0,294.632,299.965,305.764,299.941,1.04079,5.79895,0.106995,0.068867,0.045081,LC09_L2SP_158014_20260817_02_T1
l9siberia_r37_c40,37,40,EPSG:32643,568485.00,7253295.00,572325.00,7257135.00,76.5165,65.412,2,0,0,292.275,300.01,302.302,299.565,1.69529,2.29245,0.0669036,0.141437,0.0161614,LC09_L2SP_158014_20260817_02_T1
l9siberia_r37_c41,37,41,EPSG:32643,572325.00,7253295.00,576165.00,7257135.00,76.5992,65.4111,2,0,0,292.414,300.097,302.081,299.737,1.33885,1.98459,0.0471589,0.136139,0.0146442,LC09_L2SP_158014_20260817_02_T1
l9siberia_r37_c42,37,42,EPSG:32643,576165.00,7253295.00,580005.00,7257135.00,76.6819,65.4102,2,0,0,292.463,300.569,302.103,300.166,1.4758,1.53409,0.0469494,0.120834,0.015572,LC09_L2SP_158014_20260817_02_T1
l9siberia_r37_c43,37,43,EPSG:32643,580005.00,7253295.00,583845.00,7257135.00,76.7645,65.4093,2,0,0,292.497,300.112,301.831,299.674,1.58827,1.71936,0.0481699,0.186504,0.0321413,LC09_L2SP_158014_20260817_02_T1
l9siberia_r37_c44,37,44,EPSG:32643,583845.00,7253295.00,587685.00,7257135.00,76.8472,65.4083,2,0,0,291.216,299.705,306.551,299.294,1.87622,6.84598,0.0547265,0.230438,0.0784515,LC09_L2SP_158014_20260817_02_T1
l9siberia_r37_c45,37,45,EPSG:32643,587685.00,7253295.00,591525.00,7257135.00,76.9298,65.4072,2,0,0,292.575,299.299,303.414,298.948,2.0787,4.11517,0.0726938,0.237222,0.0466148,LC09_L2SP_158014_20260817_02_T1
l9siberia_r37_c46,37,46,EPSG:32643,591525.00,7253295.00,595365.00,7257135.00,77.0125,65.4062,2,0,0,292.625,299.135,303.138,298.616,2.04142,4.00372,0.0835298,0.183309,0.0715171,LC09_L2SP_158014_20260817_02_T1
l9siberia_r37_c47,37,47,EPSG:32643,595365.00,7253295.00,599205.00,7257135.00,77.0951,65.405,2,0,0,292.692,298.578,303.919,298.41,2.01171,5.34177,0.0630967,0.280917,0.0980116,LC09_L2SP_158014_20260817_02_T1
l9siberia_r37_c48,37,48,EPSG:32643,599205.00,7253295.00,603045.00,7257135.00,77.1777,65.4039,2,0,0,291.538,297.81,301.377,297.257,2.32815,3.56711,0.644686,0.224639,0.637909,LC09_L2SP_158014_20260817_02_T1
l9siberia_r37_c49,37,49,EPSG:32643,603045.00,7253295.00,606885.00,7257135.00,77.2603,65.4027,2,0,0,291.734,298.176,301.87,297.322,2.77145,3.69443,0.742448,0.153562,0.452655,LC09_L2SP_158014_20260817_02_T1
l9siberia_r37_c50,37,50,EPSG:32643,606885.00,7253295.00,610725.00,7257135.00,77.3429,65.4014,1,0,0,291.137,299.726,303.24,298.435,3.23407,3.51404,0.261763,0.210447,0.0966517,LC09_L2SP_158014_20260817_02_T1
l9siberia_r37_c51,37,51,EPSG:32643,610725.00,7253295.00,614565.00,7257135.00,77.4255,65.4001,1,218,1,291.942,300.675,321.254,300.385,3.78252,20.5792,0.608673,0.969824,0.884747,LC09_L2SP_158014_20260817_02_T1
l9siberia_r37_c52,37,52,EPSG:32643,614565.00,7253295.00,618405.00,7257135.00,77.5081,65.3988,1,99,1,292.139,301.391,318.683,299.714,4.14986,17.2929,0.256861,0.895545,0.574359,LC09_L2SP_158014_20260817_02_T1
l9siberia_r37_c53,37,53,EPSG:32643,618405.00,7253295.00,622245.00,7257135.00,77.5907,65.3974,1,0,0,293.326,300.891,303.748,300.483,1.61109,2.85733,0.179057,0.395334,0.172896,LC09_L2SP_158014_20260817_02_T1
l9siberia_r37_c54,37,54,EPSG:32643,622245.00,7253295.00,626085.00,7257135.00,77.6733,65.3959,1,0,0,292.601,300.535,302.664,300.173,1.58358,2.12973,0.312052,0.132525,0.165555,LC09_L2SP_158014_20260817_02_T1
l9siberia_r37_c55,37,55,EPSG:32643,626085.00,7253295.00,629925.00,7257135.00,77.7558,65.3944,1,0,0,296.749,300.664,303.14,300.592,0.978059,2.4762,0.0403771,0.106531,0.0204364,LC09_L2SP_158014_20260817_02_T1
l9siberia_r37_c56,37,56,EPSG:32643,629925.00,7253295.00,633765.00,7257135.00,77.8384,65.3929,1,0,0,296.403,300.18,304.819,300.18,1.21508,4.63879,0.00618823,0.181975,0.00785393,LC09_L2SP_158014_20260817_02_T1
l9siberia_r38_c05,38,5,EPSG:32643,434085.00,7249455.00,437925.00,7253295.00,73.6233,65.3788,3,0,0,295.712,297.568,300.241,297.572,0.636376,2.67261,0.00412532,0.15711,0.00305758,LC09_L2SP_158014_20260817_02_T1
l9siberia_r38_c06,38,6,EPSG:32643,437925.00,7249455.00,441765.00,7253295.00,73.7059,65.3796,3,0,0,296.135,298.095,299.465,298.05,0.453198,1.3703,0.0037246,0.160128,0.00328607,LC09_L2SP_158014_20260817_02_T1
l9siberia_r38_c07,38,7,EPSG:32643,441765.00,7249455.00,445605.00,7253295.00,73.7885,65.3802,3,0,0,295.963,298.3,303.857,298.401,0.869468,5.55627,0.0896332,0.162047,0.0151801,LC09_L2SP_158014_20260817_02_T1
l9siberia_r38_c08,38,8,EPSG:32643,445605.00,7249455.00,449445.00,7253295.00,73.8711,65.3809,3,0,0,295.938,298.595,301.88,298.659,0.802328,3.28412,0.0152368,0.132765,0.00784959,LC09_L2SP_158014_20260817_02_T1
l9siberia_r38_c09,38,9,EPSG:32643,449445.00,7249455.00,453285.00,7253295.00,73.9537,65.3815,3,0,0,292.612,299.64,302.379,299.559,1.14983,2.73944,0.00127657,0.100239,0.0128109,LC09_L2SP_158014_20260817_02_T1
l9siberia_r38_c10,38,10,EPSG:32643,453285.00,7249455.00,457125.00,7253295.00,74.0363,65.382,0,0,0,293.134,299.697,302.531,299.605,1.38263,2.8342,0.0310231,0.0890766,0.00965375,LC09_L2SP_158014_20260817_02_T1
l9siberia_r38_c11,38,11,EPSG:32643,457125.00,7249455.00,460965.00,7253295.00,74.1189,65.3825,0,0,0,297.508,300,302.464,300.023,0.832603,2.46393,0.0343117,0.0662049,0.0109035,LC09_L2SP_158014_20260817_02_T1
l9siberia_r38_c12,38,12,EPSG:32643,460965.00,7249455.00,464805.00,7253295.00,74.2015,65.383,0,0,0,296.952,298.867,304.915,299.246,1.45459,6.04846,0.101065,0.1472,0.00731235,LC09_L2SP_158014_20260817_02_T1
l9siberia_r38_c13,38,13,EPSG:32643,464805.00,7249455.00,468645.00,7253295.00,74.2841,65.3834,0,0,0,292.838,298.321,305.565,298.935,1.60245,7.24384,0.0717998,0.178606,0.00849341,LC09_L2SP_158014_20260817_02_T1
l9siberia_r38_c14,38,14,EPSG:32643,468645.00,7249455.00,472485.00,7253295.00,74.3667,65.3838,0,0,0,297.637,298.566,301.391,298.579,0.418379,2.82501,0.0735039,0.120711,0.00515878,LC09_L2SP_158014_20260817_02_T1
l9siberia_r38_c15,38,15,EPSG:32643,472485.00,7249455.00,476325.00,7253295.00,74.4493,65.3841,0,0,0,297.589,298.563,300.626,298.61,0.42376,2.06332,0.0484468,0.113661,0.00183615,LC09_L2SP_158014_20260817_02_T1
l9siberia_r38_c16,38,16,EPSG:32643,476325.00,7249455.00,480165.00,7253295.00,74.5319,65.3844,0,0,0,296.859,298.682,300.575,298.716,0.529813,1.89276,0.00612034,0.107368,0.00403027,LC09_L2SP_158014_20260817_02_T1
l9siberia_r38_c17,38,17,EPSG:32643,480165.00,7249455.00,484005.00,7253295.00,74.6145,65.3846,0,0,0,293.301,298.056,300.286,297.99,0.808968,2.23035,0.0155733,0.109094,0.00468958,LC09_L2SP_158014_20260817_02_T1
l9siberia_r38_c18,38,18,EPSG:32643,484005.00,7249455.00,487845.00,7253295.00,74.6972,65.3848,0,0,0,292.934,298.315,300.795,298.326,0.60179,2.4794,0.061926,0.134584,0.00698693,LC09_L2SP_158014_20260817_02_T1
l9siberia_r38_c31,38,31,EPSG:32643,533925.00,7249455.00,537765.00,7253295.00,75.7712,65.3831,1,0,0,297.05,299.62,301.673,299.612,0.672372,2.05334,0.286855,0.0562682,0.0528203,LC09_L2SP_158014_20260817_02_T1
l9siberia_r38_c32,38,32,EPSG:32643,537765.00,7249455.00,541605.00,7253295.00,75.8538,65.3827,1,0,0,296.331,298.597,300.46,298.526,0.857748,1.86261,0.0272354,0.0811815,0.0105048,LC09_L2SP_158014_20260817_02_T1
l9siberia_r38_c33,38,33,EPSG:32643,541605.00,7249455.00,545445.00,7253295.00,75.9364,65.3822,1,0,0,297.306,299.115,301.135,299.098,0.67224,2.0195,0.0887727,0.0680363,0.0201649,LC09_L2SP_158014_20260817_02_T1
l9siberia_r38_c34,38,34,EPSG:32643,545445.00,7249455.00,549285.00,7253295.00,76.019,65.3817,1,0,0,297.237,299.71,301.472,299.69,0.702661,1.76242,0.26696,0.0584968,0.0662008,LC09_L2SP_158014_20260817_02_T1
l9siberia_r38_c35,38,35,EPSG:32643,549285.00,7249455.00,553125.00,7253295.00,76.1016,65.3811,1,0,0,297.494,300.132,301.523,300.046,0.659849,1.39157,0.282953,0.0485998,0.0717778,LC09_L2SP_158014_20260817_02_T1
l9siberia_r38_c36,38,36,EPSG:32643,553125.00,7249455.00,556965.00,7253295.00,76.1842,65.3805,1,0,0,296.854,299.867,301.855,299.818,0.795066,1.98798,0.298914,0.0630073,0.0696166,LC09_L2SP_158014_20260817_02_T1
l9siberia_r38_c37,38,37,EPSG:32643,556965.00,7249455.00,560805.00,7253295.00,76.2668,65.3798,1,0,0,296.427,300.275,304.406,300.188,1.22951,4.13068,0.210279,0.147783,0.13226,LC09_L2SP_158014_20260817_02_T1
l9siberia_r38_c38,38,38,EPSG:32643,560805.00,7249455.00,564645.00,7253295.00,76.3494,65.3791,1,0,0,297.54,300.179,303.017,300.197,0.764436,2.83746,0.0853994,0.0611452,0.0317686,LC09_L2SP_158014_20260817_02_T1
l9siberia_r38_c39,38,39,EPSG:32643,564645.00,7249455.00,568485.00,7253295.00,76.432,65.3783,1,0,0,292.7,300.009,302.376,299.875,1.04495,2.36652,0.0606051,0.0582234,0.0222449,LC09_L2SP_158014_20260817_02_T1
l9siberia_r38_c40,38,40,EPSG:32643,568485.00,7249455.00,572325.00,7253295.00,76.5145,65.3775,2,0,0,291.533,299.502,303.377,298.883,2.06586,3.87482,0.084119,0.16164,0.0222882,LC09_L2SP_158014_20260817_02_T1
l9siberia_r38_c41,38,41,EPSG:32643,572325.00,7249455.00,576165.00,7253295.00,76.5971,65.3767,2,0,0,291.448,299.331,301.79,298.419,2.56787,2.45926,0.0586095,0.143207,0.0121132,LC09_L2SP_158014_20260817_02_T1
l9siberia_r38_c42,38,42,EPSG:32643,576165.00,7249455.00,580005.00,7253295.00,76.6797,65.3758,2,0,0,291.739,300.004,302.442,299.213,2.32028,2.43777,0.0429646,0.14901,0.010859,LC09_L2SP_158014_20260817_02_T1
l9siberia_r38_c43,38,43,EPSG:32643,580005.00,7249455.00,583845.00,7253295.00,76.7622,65.3748,2,0,0,292.452,300.352,302.216,299.807,1.77262,1.86365,0.0500948,0.129627,0.0131876,LC09_L2SP_158014_20260817_02_T1
l9siberia_r38_c44,38,44,EPSG:32643,583845.00,7249455.00,587685.00,7253295.00,76.8448,65.3738,2,0,0,292.248,300.086,306.757,299.821,2.53177,6.6709,0.0525272,0.54567,0.122732,LC09_L2SP_158014_20260817_02_T1
l9siberia_r38_c45,38,45,EPSG:32643,587685.00,7249455.00,591525.00,7253295.00,76.9273,65.3728,2,0,0,292.379,299.101,306.074,298.364,2.82143,6.97305,0.0484803,0.465816,0.0857672,LC09_L2SP_158014_20260817_02_T1
l9siberia_r38_c46,38,46,EPSG:32643,591525.00,7249455.00,595365.00,7253295.00,77.0098,65.3717,2,0,0,291.46,296.353,301.76,296.093,3.27856,5.40714,0.131973,0.211709,0.040398,LC09_L2SP_158014_20260817_02_T1
l9siberia_r38_c47,38,47,EPSG:32643,595365.00,7249455.00,599205.00,7253295.00,77.0924,65.3706,2,0,0,292.715,300.501,303.384,299.666,2.50935,2.88327,0.0382594,0.497327,0.125866,LC09_L2SP_158014_20260817_02_T1
l9siberia_r38_c48,38,48,EPSG:32643,599205.00,7249455.00,603045.00,7253295.00,77.1749,65.3694,2,0,0,292.461,299.966,303.562,299.534,2.17027,3.5957,0.0334861,0.427053,0.0845762,LC09_L2SP_158014_20260817_02_T1
l9siberia_r38_c49,38,49,EPSG:32643,603045.00,7249455.00,606885.00,7253295.00,77.2574,65.3682,2,0,0,292.273,299.021,303.033,298.593,2.13397,4.01215,0.129339,0.177014,0.0561963,LC09_L2SP_158014_20260817_02_T1
l9siberia_r38_c50,38,50,EPSG:32643,606885.00,7249455.00,610725.00,7253295.00,77.3399,65.367,1,236,1,292.081,300.996,314.803,300.967,3.55654,13.8073,0.555625,0.973409,0.969851,LC09_L2SP_158014_20260817_02_T1
l9siberia_r38_c51,38,51,EPSG:32643,610725.00,7249455.00,614565.00,7253295.00,77.4224,65.3657,1,177,1,291.746,303.194,319.504,302.819,3.97973,16.3098,0.703948,0.999239,0.997484,LC09_L2SP_158014_20260817_02_T1
l9siberia_r38_c52,38,52,EPSG:32643,614565.00,7249455.00,618405.00,7253295.00,77.5049,65.3643,1,264,1,293.242,302.572,314.477,302.673,3.4324,11.9046,0.58178,0.993491,0.81995,LC09_L2SP_158014_20260817_02_T1
l9siberia_r38_c53,38,53,EPSG:32643,618405.00,7249455.00,622245.00,7253295.00,77.5873,65.3629,1,0,0,287.266,299.746,304.365,298.942,2.70662,4.61914,0.32564,0.380961,0.218736,LC09_L2SP_158014_20260817_02_T1
l9siberia_r38_c54,38,54,EPSG:32643,622245.00,7249455.00,626085.00,7253295.00,77.6698,65.3615,1,0,0,288.872,300.434,302.679,299.37,2.74447,2.24475,0.46668,0.308857,0.385532,LC09_L2SP_158014_20260817_02_T1
l9siberia_r38_c55,38,55,EPSG:32643,626085.00,7249455.00,629925.00,7253295.00,77.7522,65.36,1,0,0,284.58,298.507,303.525,297.817,3.05533,5.01791,0.178608,0.199365,0.0856367,LC09_L2SP_158014_20260817_02_T1
l9siberia_r39_c04,39,4,EPSG:32643,430245.00,7245615.00,434085.00,7249455.00,73.5426,65.3436,3,0,0,295.644,298.695,301.087,298.643,0.871338,2.39215,0.0791092,0.120942,0.0805628,LC09_L2SP_158014_20260817_02_T1
l9siberia_r39_c05,39,5,EPSG:32643,434085.00,7245615.00,437925.00,7249455.00,73.6251,65.3444,3,0,0,295.622,297.748,299.273,297.692,0.582396,1.52502,0.030231,0.160776,0.00844747,LC09_L2SP_158014_20260817_02_T1
l9siberia_r39_c06,39,6,EPSG:32643,437925.00,7245615.00,441765.00,7249455.00,73.7076,65.3451,3,0,0,295.739,297.815,299.631,297.788,0.57174,1.81665,0.0143384,0.160406,0.0042652,LC09_L2SP_158014_20260817_02_T1
l9siberia_r39_c07,39,7,EPSG:32643,441765.00,7245615.00,445605.00,7249455.00,73.7901,65.3458,3,0,0,296.456,298.315,305.711,298.427,0.940142,7.39566,0.0069865,0.179077,0.0142505,LC09_L2SP_158014_20260817_02_T1
l9siberia_r39_c08,39,8,EPSG:32643,445605.00,7245615.00,449445.00,7249455.00,73.8726,65.3464,3,0,0,297.444,298.743,301.495,298.775,0.544386,2.75174,0.0131565,0.126471,0.00569771,LC09_L2SP_158014_20260817_02_T1
l9siberia_r39_c09,39,9,EPSG:32643,449445.00,7245615.00,453285.00,7249455.00,73.955,65.347,3,0,0,296.954,298.509,300.985,298.615,0.721716,2.47571,0.00107778,0.128248,0.006855,LC09_L2SP_158014_20260817_02_T1
l9siberia_r39_c10,39,10,EPSG:32643,453285.00,7245615.00,457125.00,7249455.00,74.0375,65.3476,0,0,0,294.65,298.746,301.954,298.794,0.688784,3.20813,0.0213768,0.123269,0.00593222,LC09_L2SP_158014_20260817_02_T1
l9siberia_r39_c11,39,11,EPSG:32643,457125.00,7245615.00,460965.00,7249455.00,74.12,65.3481,0,0,0,297.269,299.387,301.738,299.434,0.792304,2.35031,0.0163189,0.0777223,0.00493143,LC09_L2SP_158014_20260817_02_T1
l9siberia_r39_c12,39,12,EPSG:32643,460965.00,7245615.00,464805.00,7249455.00,74.2025,65.3485,0,0,0,296.62,298.703,300.87,298.653,0.674889,2.16638,0.0270548,0.108006,0.00186063,LC09_L2SP_158014_20260817_02_T1
l9siberia_r39_c13,39,13,EPSG:32643,464805.00,7245615.00,468645.00,7249455.00,74.285,65.349,0,0,0,296.338,298.001,300.122,298.005,0.617004,2.1214,0.0195892,0.119079,0.00742983,LC09_L2SP_158014_20260817_02_T1
l9siberia_r39_c14,39,14,EPSG:32643,468645.00,7245615.00,472485.00,7249455.00,74.3675,65.3493,0,0,0,297.173,298.535,300.689,298.541,0.439618,2.15353,0.0757173,0.117499,0.00275729,LC09_L2SP_158014_20260817_02_T1
l9siberia_r39_c15,39,15,EPSG:32643,472485.00,7245615.00,476325.00,7249455.00,74.45,65.3497,0,0,0,297.772,298.793,302.111,298.822,0.418857,3.31781,0.0450639,0.109693,0.00247794,LC09_L2SP_158014_20260817_02_T1
l9siberia_r39_c16,39,16,EPSG:32643,476325.00,7245615.00,480165.00,7249455.00,74.5325,65.3499,0,0,0,297.54,298.763,301.513,298.785,0.53198,2.7504,0.0122772,0.115608,0.00629742,LC09_L2SP_158014_20260817_02_T1
l9siberia_r39_c17,39,17,EPSG:32643,480165.00,7245615.00,484005.00,7249455.00,74.615,65.3502,0,0,0,296.62,298.546,300.87,298.558,0.492573,2.32446,0.00983271,0.118888,0.00634127,LC09_L2SP_158014_20260817_02_T1
l9siberia_r39_c18,39,18,EPSG:32643,484005.00,7245615.00,487845.00,7249455.00,74.6976,65.3503,0,0,0,296.36,298.703,305.35,298.829,0.873708,6.64697,0.0336026,0.162449,0.00764032,LC09_L2SP_158014_20260817_02_T1
l9siberia_r39_c32,39,32,EPSG:32643,537765.00,7245615.00,541605.00,7249455.00,75.8527,65.3482,1,0,0,296.323,298.729,300.957,298.679,0.790913,2.22797,0.112469,0.0789003,0.0260552,LC09_L2SP_158014_20260817_02_T1
l9siberia_r39_c33,39,33,EPSG:32643,541605.00,7245615.00,545445.00,7249455.00,75.9352,65.3478,1,0,0,296.817,299.02,301.03,298.996,0.841047,2.0105,0.0844953,0.0693802,0.00827039,LC09_L2SP_158014_20260817_02_T1
l9siberia_r39_c34,39,34,EPSG:32643,545445.00,7245615.00,549285.00,7249455.00,76.0177,65.3472,1,0,0,297.068,299.437,301.268,299.395,0.796259,1.83133,0.218974,0.055625,0.0392567,LC09_L2SP_158014_20260817_02_T1
l9siberia_r39_c35,39,35,EPSG:32643,549285.00,7245615.00,553125.00,7249455.00,76.1002,65.3466,1,0,0,297.293,299.618,301.392,299.613,0.756312,1.77411,0.24694,0.051049,0.0358673,LC09_L2SP_158014_20260817_02_T1
l9siberia_r39_c36,39,36,EPSG:32643,553125.00,7245615.00,556965.00,7249455.00,76.1827,65.346,1,0,0,297.263,299.337,301.536,299.302,0.751878,2.19904,0.124232,0.0608799,0.0225403,LC09_L2SP_158014_20260817_02_T1
l9siberia_r39_c37,39,37,EPSG:32643,556965.00,7245615.00,560805.00,7249455.00,76.2651,65.3454,1,0,0,296.28,299.538,301.65,299.458,0.95816,2.1124,0.0796423,0.061334,0.0277775,LC09_L2SP_158014_20260817_02_T1
l9siberia_r39_c38,39,38,EPSG:32643,560805.00,7245615.00,564645.00,7249455.00,76.3476,65.3446,1,0,0,296.089,300.305,304.492,300.197,1.51049,4.18723,0.0748542,0.229213,0.132923,LC09_L2SP_158014_20260817_02_T1
l9siberia_r39_c39,39,39,EPSG:32643,564645.00,7245615.00,568485.00,7249455.00,76.4301,65.3439,1,0,0,296.245,300.847,305.303,300.855,1.47375,4.45572,0.224366,0.324491,0.149629,LC09_L2SP_158014_20260817_02_T1
l9siberia_r39_c40,39,40,EPSG:32643,568485.00,7245615.00,572325.00,7249455.00,76.5125,65.3431,2,0,0,293.188,300.324,304.762,300.149,1.47867,4.43793,0.0961785,0.12646,0.0442686,LC09_L2SP_158014_20260817_02_T1
l9siberia_r39_c41,39,41,EPSG:32643,572325.00,7245615.00,576165.00,7249455.00,76.595,65.3422,2,0,0,292.57,299.959,301.655,299.775,0.957501,1.69608,0.0529317,0.0951879,0.0110587,LC09_L2SP_158014_20260817_02_T1
l9siberia_r39_c42,39,42,EPSG:32643,576165.00,7245615.00,580005.00,7249455.00,76.6775,65.3413,2,0,0,291.88,299.849,301.734,299.082,2.087,1.88486,0.0522291,0.157005,0.0132066,LC09_L2SP_158014_20260817_02_T1
l9siberia_r39_c43,39,43,EPSG:32643,580005.00,7245615.00,583845.00,7249455.00,76.7599,65.3404,2,0,0,292.267,299.979,302.005,299.501,1.68665,2.0253,0.0418101,0.175165,0.0188878,LC09_L2SP_158014_20260817_02_T1
l9siberia_r39_c44,39,44,EPSG:32643,583845.00,7245615.00,587685.00,7249455.00,76.8423,65.3394,2,0,0,292.465,299.334,301.775,298.988,1.54897,2.44019,0.0440179,0.155572,0.0195104,LC09_L2SP_158014_20260817_02_T1
l9siberia_r39_c45,39,45,EPSG:32643,587685.00,7245615.00,591525.00,7249455.00,76.9248,65.3384,2,0,0,292.047,298.953,300.855,298.119,2.15159,1.90118,0.0537774,0.15764,0.0113654,LC09_L2SP_158014_20260817_02_T1
l9siberia_r39_c46,39,46,EPSG:32643,591525.00,7245615.00,595365.00,7249455.00,77.0072,65.3373,2,0,0,291.323,298.802,302.84,297.696,3.27807,4.03882,0.121625,0.321372,0.0544859,LC09_L2SP_158014_20260817_02_T1
l9siberia_r39_c47,39,47,EPSG:32643,595365.00,7245615.00,599205.00,7249455.00,77.0896,65.3362,2,0,0,292.693,300.815,303.878,300.385,1.9124,3.06305,0.054262,0.300009,0.0265118,LC09_L2SP_158014_20260817_02_T1
l9siberia_r39_c48,39,48,EPSG:32643,599205.00,7245615.00,603045.00,7249455.00,77.172,65.335,2,0,0,292.442,300.229,303.688,299.471,2.486,3.45825,0.0748081,0.380376,0.0612354,LC09_L2SP_158014_20260817_02_T1
l9siberia_r39_c49,39,49,EPSG:32643,603045.00,7245615.00,606885.00,7249455.00,77.2544,65.3338,2,0,0,292.971,299.402,303.051,299.335,2.05355,3.64914,0.0309189,0.322717,0.0165715,LC09_L2SP_158014_20260817_02_T1
l9siberia_r39_c50,39,50,EPSG:32643,606885.00,7245615.00,610725.00,7249455.00,77.3368,65.3326,1,0,0,292.614,299.02,303.458,298.854,2.22949,4.43851,0.0213982,0.384993,0.0363442,LC09_L2SP_158014_20260817_02_T1
l9siberia_r39_c51,39,51,EPSG:32643,610725.00,7245615.00,614565.00,7249455.00,77.4192,65.3313,1,0,0,293.095,301.315,308.756,300.926,2.49739,7.44073,0.0521523,0.839656,0.185233,LC09_L2SP_158014_20260817_02_T1
l9siberia_r39_c52,39,52,EPSG:32643,614565.00,7245615.00,618405.00,7249455.00,77.5016,65.3299,1,79,1,293.253,303.821,316.231,303.094,4.16974,12.4102,0.165087,0.997246,0.661494,LC09_L2SP_158014_20260817_02_T1
l9siberia_r39_c53,39,53,EPSG:32643,618405.00,7245615.00,622245.00,7249455.00,77.5839,65.3285,1,33,1,292.232,301.222,310.913,301.102,3.25031,9.69116,0.0928351,0.881256,0.251673,LC09_L2SP_158014_20260817_02_T1
l9siberia_r39_c54,39,54,EPSG:32643,622245.00,7245615.00,626085.00,7249455.00,77.6663,65.3271,1,0,0,293.713,301.436,303.569,301.025,1.49022,2.13336,0.117482,0.281099,0.0448613,LC09_L2SP_158014_20260817_02_T1
l9siberia_r39_c55,39,55,EPSG:32643,626085.00,7245615.00,629925.00,7249455.00,77.7486,65.3256,1,0,0,288.388,301.166,304.096,300.494,2.33305,2.93008,0.0727537,0.497286,0.122643,LC09_L2SP_158014_20260817_02_T1
l9siberia_r40_c04,40,4,EPSG:32643,430245.00,7241775.00,434085.00,7245615.00,73.5446,65.3092,1,0,0,290.33,296.646,300.429,296.877,1.9573,3.78232,0.0668632,0.107426,0.00871518,LC09_L2SP_158014_20260817_02_T1
l9siberia_r40_c05,40,5,EPSG:32643,434085.00,7241775.00,437925.00,7245615.00,73.6269,65.3099,1,0,0,296.491,298.335,301.042,298.362,0.688605,2.707,0.0948189,0.0931002,0.00500343,LC09_L2SP_158014_20260817_02_T1
l9siberia_r40_c06,40,6,EPSG:32643,437925.00,7241775.00,441765.00,7245615.00,73.7093,65.3107,1,0,0,296.801,298.4,300.594,298.379,0.573536,2.19388,0.134914,0.0986288,0.0050439,LC09_L2SP_158014_20260817_02_T1
l9siberia_r40_c07,40,7,EPSG:32643,441765.00,7241775.00,445605.00,7245615.00,73.7916,65.3114,1,0,0,296.633,298.067,299.521,298.083,0.502179,1.45425,0.227743,0.109652,0.0198925,LC09_L2SP_158014_20260817_02_T1
l9siberia_r40_c08,40,8,EPSG:32643,445605.00,7241775.00,449445.00,7245615.00,73.874,65.312,1,0,0,296.219,298.501,300.126,298.485,0.665813,1.62436,0.00303913,0.0908834,0.00234788,LC09_L2SP_158014_20260817_02_T1
l9siberia_r40_c09,40,9,EPSG:32643,449445.00,7241775.00,453285.00,7245615.00,73.9564,65.3126,1,0,0,295.545,298.069,300.093,298.117,0.607938,2.02359,0.00192964,0.104025,0.000643687,LC09_L2SP_158014_20260817_02_T1
l9siberia_r40_c10,40,10,EPSG:32643,453285.00,7241775.00,457125.00,7245615.00,74.0388,65.3131,3,0,0,297.121,298.831,301.116,298.857,0.562029,2.28528,0.00719601,0.122713,0.00871146,LC09_L2SP_158014_20260817_02_T1
l9siberia_r40_c11,40,11,EPSG:32643,457125.00,7241775.00,460965.00,7245615.00,74.1212,65.3136,3,0,0,294.824,298.955,301.301,298.965,0.598788,2.34564,0.0444674,0.118016,0.00889303,LC09_L2SP_158014_20260817_02_T1
l9siberia_r40_c13,40,13,EPSG:32643,464805.00,7241775.00,468645.00,7245615.00,74.286,65.3145,3,0,0,296.218,298.264,303.445,298.309,0.672547,5.18066,0.0955178,0.15629,0.0208626,LC09_L2SP_158014_20260817_02_T1
l9siberia_r40_c15,40,15,EPSG:32643,472485.00,7241775.00,476325.00,7245615.00,74.4507,65.3152,3,0,0,296.65,298.407,302.584,298.562,0.877842,4.17731,0.114946,0.156084,0.0209694,LC09_L2SP_158014_20260817_02_T1
l9siberia_r40_c16,40,16,EPSG:32643,476325.00,7241775.00,480165.00,7245615.00,74.5331,65.3155,3,0,0,296.944,298.681,301.591,298.656,0.595741,2.91034,0.0316583,0.134854,0.00932259,LC09_L2SP_158014_20260817_02_T1
l9siberia_r40_c17,40,17,EPSG:32643,480165.00,7241775.00,484005.00,7245615.00,74.6156,65.3157,3,0,0,297.614,299.11,303.116,299.269,0.8882,4.00558,0.0568257,0.126892,0.0196648,LC09_L2SP_158014_20260817_02_T1
l9siberia_r40_c18,40,18,EPSG:32643,484005.00,7241775.00,487845.00,7245615.00,74.698,65.3159,3,0,0,296.043,298.916,329.337,300.633,4.39794,30.4212,0.0816566,0.994869,0.969888,LC09_L2SP_158014_20260817_02_T1
l9siberia_r40_c25,40,25,EPSG:32643,510885.00,7241775.00,514725.00,7245615.00,75.2748,65.3159,0,0,0,294.296,299.585,307.365,299.427,1.1343,7.78006,0.138976,0.12093,0.0157266,LC09_L2SP_158014_20260817_02_T1
l9siberia_r40_c33,40,33,EPSG:32643,541605.00,7241775.00,545445.00,7245615.00,75.934,65.3133,3,0,0,296.606,299.282,301.654,299.286,0.823408,2.37201,0.176894,0.0936584,0.0179116,LC09_L2SP_158014_20260817_02_T1
l9siberia_r40_c34,40,34,EPSG:32643,545445.00,7241775.00,549285.00,7245615.00,76.0164,65.3128,3,0,0,296.193,298.976,303.087,298.998,0.793105,4.11105,0.0289526,0.121446,0.00587871,LC09_L2SP_158014_20260817_02_T1
l9siberia_r40_c35,40,35,EPSG:32643,549285.00,7241775.00,553125.00,7245615.00,76.0987,65.3122,3,0,0,296.677,298.217,300.219,298.242,0.614442,2.00208,0.0122073,0.144703,0.00309926,LC09_L2SP_158014_20260817_02_T1
l9siberia_r40_c36,40,36,EPSG:32643,553125.00,7241775.00,556965.00,7245615.00,76.1811,65.3116,3,0,0,296.725,298.894,301.499,298.891,0.717368,2.60559,0.0431081,0.113231,0.00764498,LC09_L2SP_158014_20260817_02_T1
l9siberia_r40_c37,40,37,EPSG:32643,556965.00,7241775.00,560805.00,7245615.00,76.2635,65.3109,3,0,0,296.729,298.751,301.267,298.733,0.737327,2.51654,0.0258487,0.114128,0.00633731,LC09_L2SP_158014_20260817_02_T1
l9siberia_r40_c38,40,38,EPSG:32643,560805.00,7241775.00,564645.00,7245615.00,76.3458,65.3102,3,0,0,296.945,299.231,302.051,299.181,0.909095,2.82022,0.0347958,0.104396,0.0107108,LC09_L2SP_158014_20260817_02_T1
l9siberia_r40_c39,40,39,EPSG:32643,564645.00,7241775.00,568485.00,7245615.00,76.4282,65.3094,3,0,0,295.059,299.708,301.687,299.633,0.897718,1.97888,0.0579882,0.0989835,0.016487,LC09_L2SP_158014_20260817_02_T1
l9siberia_r40_c40,40,40,EPSG:32643,568485.00,7241775.00,572325.00,7245615.00,76.5106,65.3086,0,0,0,296.411,300.169,304.573,300.018,1.46163,4.40445,0.189242,0.140823,0.0239214,LC09_L2SP_158014_20260817_02_T1
l9siberia_r40_c41,40,41,EPSG:32643,572325.00,7241775.00,576165.00,7245615.00,76.5929,65.3078,0,0,0,294.003,300.117,305.35,299.952,1.68863,5.23331,0.187921,0.142925,0.0149355,LC09_L2SP_158014_20260817_02_T1
l9siberia_r40_c42,40,42,EPSG:32643,576165.00,7241775.00,580005.00,7245615.00,76.6753,65.3069,0,0,0,292.85,300.103,302.455,299.75,1.32833,2.35275,0.112238,0.0755564,0.00571437,LC09_L2SP_158014_20260817_02_T1
l9siberia_r40_c43,40,43,EPSG:32643,580005.00,7241775.00,583845.00,7245615.00,76.7576,65.306,0,0,0,291.724,299.699,302.01,298.888,2.47035,2.31128,0.0965329,0.0953646,0.00849747,LC09_L2SP_158014_20260817_02_T1
l9siberia_r40_c44,40,44,EPSG:32643,583845.00,7241775.00,587685.00,7245615.00,76.8399,65.305,0,0,0,292.182,299.13,301.107,298.238,2.22001,1.97736,0.0620399,0.0854966,0.00783151,LC09_L2SP_158014_20260817_02_T1
l9siberia_r40_c45,40,45,EPSG:32643,587685.00,7241775.00,591525.00,7245615.00,76.9223,65.3039,0,0,0,291.383,298.834,300.97,297.071,3.13317,2.13565,0.0531043,0.0415632,0.00228067,LC09_L2SP_158014_20260817_02_T1
l9siberia_r40_c46,40,46,EPSG:32643,591525.00,7241775.00,595365.00,7245615.00,77.0046,65.3029,0,0,0,290.985,297.577,301.678,296.059,3.72842,4.10135,0.0254397,0.0232961,0.0025954,LC09_L2SP_158014_20260817_02_T1
l9siberia_r40_c47,40,47,EPSG:32643,595365.00,7241775.00,599205.00,7245615.00,77.0869,65.3018,0,0,0,291.592,299.944,303.046,298.393,3.19285,3.10248,0.161452,0.131616,0.0242913,LC09_L2SP_158014_20260817_02_T1
l9siberia_r40_c48,40,48,EPSG:32643,599205.00,7241775.00,603045.00,7245615.00,77.1692,65.3006,0,0,0,292.13,300.62,303.249,299.392,2.77756,2.62839,0.108024,0.146034,0.045416,LC09_L2SP_158014_20260817_02_T1
l9siberia_r40_c49,40,49,EPSG:32643,603045.00,7241775.00,606885.00,7245615.00,77.2515,65.2994,0,0,0,292.939,298.83,302.915,298.913,1.70841,4.08521,0.0201912,0.200708,0.0117149,LC09_L2SP_158014_20260817_02_T1
l9siberia_r40_c50,40,50,EPSG:32643,606885.00,7241775.00,610725.00,7245615.00,77.3338,65.2981,2,0,0,292.49,299.538,303.273,299.196,2.52635,3.73535,0.0430387,0.384361,0.0354956,LC09_L2SP_158014_20260817_02_T1
l9siberia_r40_c51,40,51,EPSG:32643,610725.00,7241775.00,614565.00,7245615.00,77.416,65.2968,2,16,1,291.695,300.799,316.843,299.276,3.57309,16.0441,0.0443264,0.666646,0.0255017,LC09_L2SP_158014_20260817_02_T1
l9siberia_r40_c52,40,52,EPSG:32643,614565.00,7241775.00,618405.00,7245615.00,77.4983,65.2955,2,0,0,292.474,300.407,303.479,299.808,1.99714,3.07199,0.0343416,0.223939,0.00878446,LC09_L2SP_158014_20260817_02_T1
l9siberia_r40_c53,40,53,EPSG:32643,618405.00,7241775.00,622245.00,7245615.00,77.5806,65.2941,2,0,0,292.661,300.356,303.067,299.567,2.04434,2.71072,0.0445411,0.111019,0.00823777,LC09_L2SP_158014_20260817_02_T1
l9siberia_r40_c54,40,54,EPSG:32643,622245.00,7241775.00,626085.00,7245615.00,77.6628,65.2927,2,0,0,294.646,300.138,303.43,299.834,1.66148,3.29221,0.0635866,0.125169,0.0147637,LC09_L2SP_158014_20260817_02_T1
l9siberia_r41_c03,41,3,EPSG:32643,426405.00,7237935.00,430245.00,7241775.00,73.4642,65.2739,1,0,0,290.764,296.656,299.3,296.633,1.31011,2.64392,0.0668222,0.127825,0.00856058,LC09_L2SP_158014_20260817_02_T1
l9siberia_r41_c04,41,4,EPSG:32643,430245.00,7237935.00,434085.00,7241775.00,73.5465,65.2747,1,0,0,290.447,296.058,299.796,295.932,1.14511,3.73737,0.0494316,0.139897,0.0119625,LC09_L2SP_158014_20260817_02_T1
l9siberia_r41_c05,41,5,EPSG:32643,434085.00,7237935.00,437925.00,7241775.00,73.6287,65.2755,1,0,0,291.332,296.389,300.017,296.601,1.3878,3.62869,0.0799262,0.126676,0.0104803,LC09_L2SP_158014_20260817_02_T1
l9siberia_r41_c06,41,6,EPSG:32643,437925.00,7237935.00,441765.00,7241775.00,73.711,65.2762,1,0,0,295.664,298.485,300.071,298.437,0.608374,1.58636,0.0776405,0.0957854,0.00696411,LC09_L2SP_158014_20260817_02_T1
l9siberia_r41_c07,41,7,EPSG:32643,441765.00,7237935.00,445605.00,7241775.00,73.7932,65.2769,1,0,0,296.511,298.339,299.783,298.34,0.550716,1.44461,0.104399,0.0974527,0.00465926,LC09_L2SP_158014_20260817_02_T1
l9siberia_r41_c08,41,8,EPSG:32643,445605.00,7237935.00,449445.00,7241775.00,73.8755,65.2775,1,0,0,296.997,298.628,300.061,298.623,0.541124,1.43304,0.159837,0.0890445,0.0125728,LC09_L2SP_158014_20260817_02_T1
l9siberia_r41_c09,41,9,EPSG:32643,449445.00,7237935.00,453285.00,7241775.00,73.9578,65.2781,1,0,0,297.126,298.715,300.394,298.709,0.535888,1.67871,0.0213339,0.0817589,0.00606089,LC09_L2SP_158014_20260817_02_T1
l9siberia_r41_c10,41,10,EPSG:32643,453285.00,7237935.00,457125.00,7241775.00,74.04,65.2787,3,0,0,297.09,298.642,301.134,298.641,0.527102,2.49258,0.00227849,0.132734,0.0104935,LC09_L2SP_158014_20260817_02_T1
l9siberia_r41_c11,41,11,EPSG:32643,457125.00,7237935.00,460965.00,7241775.00,74.1223,65.2792,3,0,0,297.122,298.775,301.049,298.795,0.649668,2.2738,0.0303323,0.127166,0.00712015,LC09_L2SP_158014_20260817_02_T1
l9siberia_r41_c12,41,12,EPSG:32643,460965.00,7237935.00,464805.00,7241775.00,74.2046,65.2796,3,0,0,296.515,298.316,301.121,298.363,0.630667,2.80496,0.0375144,0.139571,0.00696187,LC09_L2SP_158014_20260817_02_T1
l9siberia_r41_c15,41,15,EPSG:32643,472485.00,7237935.00,476325.00,7241775.00,74.4515,65.2807,3,0,0,295.363,298.432,303.495,298.802,1.37848,5.06223,0.224012,0.171444,0.0309093,LC09_L2SP_158014_20260817_02_T1
l9siberia_r41_c16,41,16,EPSG:32643,476325.00,7237935.00,480165.00,7241775.00,74.5338,65.281,3,0,0,295.791,298.347,301.3,298.404,0.694724,2.95331,0.0522673,0.146359,0.0151521,LC09_L2SP_158014_20260817_02_T1
l9siberia_r41_c17,41,17,EPSG:32643,480165.00,7237935.00,484005.00,7241775.00,74.6161,65.2813,3,0,0,296.534,298.822,300.131,298.796,0.532482,1.3089,0.123175,0.123458,0.0225658,LC09_L2SP_158014_20260817_02_T1
l9siberia_r41_c18,41,18,EPSG:32643,484005.00,7237935.00,487845.00,7241775.00,74.6983,65.2814,3,0,0,291.333,298.416,307.945,298.187,1.71387,9.52835,0.0821232,0.189904,0.0275556,LC09_L2SP_158014_20260817_02_T1
l9siberia_r41_c19,41,19,EPSG:32643,487845.00,7237935.00,491685.00,7241775.00,74.7806,65.2816,3,0,0,295.169,297.959,300.065,297.844,1.04251,2.10614,0.0810419,0.137412,0.0244052,LC09_L2SP_158014_20260817_02_T1
l9siberia_r41_c25,41,25,EPSG:32643,510885.00,7237935.00,514725.00,7241775.00,75.2744,65.2815,0,0,0,292.643,299.113,302.962,299.013,1.1096,3.84833,0.0525284,0.136167,0.0113304,LC09_L2SP_158014_20260817_02_T1
l9siberia_r41_c30,41,30,EPSG:32643,530085.00,7237935.00,533925.00,7241775.00,75.6859,65.2802,3,0,0,296.128,298.685,301.254,298.685,0.874372,2.56885,0.124463,0.109388,0.0183769,LC09_L2SP_158014_20260817_02_T1
l9siberia_r41_c31,41,31,EPSG:32643,533925.00,7237935.00,537765.00,7241775.00,75.7682,65.2798,3,0,0,295.973,299.117,302.266,299.05,1.08704,3.14911,0.108252,0.107718,0.0192005,LC09_L2SP_158014_20260817_02_T1
l9siberia_r41_c34,41,34,EPSG:32643,545445.00,7237935.00,549285.00,7241775.00,76.015,65.2783,3,0,0,297.811,299.357,302.117,299.44,0.655846,2.76056,0.101432,0.114621,0.0111485,LC09_L2SP_158014_20260817_02_T1
l9siberia_r41_c35,41,35,EPSG:32643,549285.00,7237935.00,553125.00,7241775.00,76.0973,65.2777,3,0,0,296.795,299.326,301.421,299.296,0.759692,2.09497,0.0529074,0.0995761,0.00669241,LC09_L2SP_158014_20260817_02_T1
l9siberia_r41_c36,41,36,EPSG:32643,553125.00,7237935.00,556965.00,7241775.00,76.1796,65.2771,3,0,0,296.374,298.976,301.571,298.934,0.747901,2.59442,0.0317155,0.120139,0.0101404,LC09_L2SP_158014_20260817_02_T1
l9siberia_r41_c37,41,37,EPSG:32643,556965.00,7237935.00,560805.00,7241775.00,76.2618,65.2765,3,0,0,291.735,298.708,302.508,298.244,2.06392,3.79947,0.117099,0.129465,0.0223174,LC09_L2SP_158014_20260817_02_T1
l9siberia_r41_c38,41,38,EPSG:32643,560805.00,7237935.00,564645.00,7241775.00,76.3441,65.2757,3,0,0,292.082,298.88,301.895,298.31,2.06144,3.01483,0.052448,0.127366,0.0213748,LC09_L2SP_158014_20260817_02_T1
l9siberia_r41_c39,41,39,EPSG:32643,564645.00,7237935.00,568485.00,7241775.00,76.4263,65.275,3,0,0,292.862,299.31,301.753,299.044,1.24812,2.44263,0.0395954,0.107149,0.0228688,LC09_L2SP_158014_20260817_02_T1
l9siberia_r41_c40,41,40,EPSG:32643,568485.00,7237935.00,572325.00,7241775.00,76.5086,65.2742,0,0,0,296.788,299.37,301.611,299.302,0.704554,2.24133,0.0248725,0.0755877,0.0062432,LC09_L2SP_158014_20260817_02_T1
l9siberia_r41_c41,41,41,EPSG:32643,572325.00,7237935.00,576165.00,7241775.00,76.5908,65.2733,0,0,0,293.364,299.029,303.183,299.125,1.40037,4.15485,0.0657694,0.129621,0.0111064,LC09_L2SP_158014_20260817_02_T1
l9siberia_r41_c42,41,42,EPSG:32643,576165.00,7237935.00,580005.00,7241775.00,76.6731,65.2725,0,0,0,293.915,299.901,304.496,299.614,1.45405,4.59503,0.243282,0.0974026,0.0205604,LC09_L2SP_158014_20260817_02_T1
l9siberia_r41_c43,41,43,EPSG:32643,580005.00,7237935.00,583845.00,7241775.00,76.7553,65.2715,0,0,0,292.647,299.002,301.23,298.686,1.46317,2.22787,0.0590671,0.0860293,0.0115721,LC09_L2SP_158014_20260817_02_T1
l9siberia_r41_c44,41,44,EPSG:32643,583845.00,7237935.00,587685.00,7241775.00,76.8375,65.2705,0,0,0,292.549,298.548,302.049,298.278,1.53625,3.50156,0.0746778,0.0962718,0.00657543,LC09_L2SP_158014_20260817_02_T1
l9siberia_r41_c45,41,45,EPSG:32643,587685.00,7237935.00,591525.00,7241775.00,76.9198,65.2695,0,0,0,291.93,298.91,301.213,298.384,1.82253,2.30319,0.081013,0.111882,0.00630884,LC09_L2SP_158014_20260817_02_T1
l9siberia_r41_c46,41,46,EPSG:32643,591525.00,7237935.00,595365.00,7241775.00,77.002,65.2684,0,0,0,292.738,299.816,301.91,299.349,1.6185,2.09476,0.159791,0.0911895,0.0160381,LC09_L2SP_158014_20260817_02_T1
l9siberia_r41_c47,41,47,EPSG:32643,595365.00,7237935.00,599205.00,7241775.00,77.0842,65.2673,0,0,0,292.266,299.815,302.532,299.011,2.38409,2.71686,0.10456,0.165134,0.0173441,LC09_L2SP_158014_20260817_02_T1
l9siberia_r41_c48,41,48,EPSG:32643,599205.00,7237935.00,603045.00,7241775.00,77.1664,65.2662,0,0,0,291.97,298.821,303.018,298.777,2.40533,4.19727,0.0163914,0.104147,0.0124518,LC09_L2SP_158014_20260817_02_T1
l9siberia_r41_c49,41,49,EPSG:32643,603045.00,7237935.00,606885.00,7241775.00,77.2485,65.265,0,0,0,293.766,299.735,303.227,299.677,1.51366,3.49216,0.0865549,0.117018,0.014553,LC09_L2SP_158014_20260817_02_T1
l9siberia_r41_c50,41,50,EPSG:32643,606885.00,7237935.00,610725.00,7241775.00,77.3307,65.2637,2,0,0,292.05,299.79,303.567,298.874,3.1822,3.77658,0.0446113,0.356877,0.0174168,LC09_L2SP_158014_20260817_02_T1
l9siberia_r41_c51,41,51,EPSG:32643,610725.00,7237935.00,614565.00,7241775.00,77.4129,65.2624,2,0,0,292.412,300.215,302.691,299.117,2.5925,2.47531,0.0456611,0.39455,0.00814079,LC09_L2SP_158014_20260817_02_T1
l9siberia_r41_c52,41,52,EPSG:32643,614565.00,7237935.00,618405.00,7241775.00,77.4951,65.2611,2,0,0,292.672,300.022,302.242,299.584,1.83211,2.22083,0.0457532,0.171396,0.0133972,LC09_L2SP_158014_20260817_02_T1
l9siberia_r41_c53,41,53,EPSG:32643,618405.00,7237935.00,622245.00,7241775.00,77.5772,65.2597,2,0,0,292.225,300.252,302.542,299.139,2.7568,2.29001,0.0536056,0.202775,0.0052768,LC09_L2SP_158014_20260817_02_T1
l9siberia_r41_c54,41,54,EPSG:32643,622245.00,7237935.00,626085.00,7241775.00,77.6593,65.2583,2,0,0,292.357,300.865,303.378,299.952,2.62257,2.51315,0.0724421,0.15683,0.0108411,LC09_L2SP_158014_20260817_02_T1
l9siberia_r42_c03,42,3,EPSG:32643,426405.00,7234095.00,430245.00,7237935.00,73.4662,65.2395,1,7,1,292.859,298.379,302.615,298.347,1.72619,4.23538,0.0312224,0.125121,0.00921998,LC09_L2SP_158014_20260817_02_T1
l9siberia_r42_c04,42,4,EPSG:32643,430245.00,7234095.00,434085.00,7237935.00,73.5483,65.2403,1,0,0,293.236,298.282,300.015,297.843,1.13727,1.73254,0.0457513,0.106673,0.0140764,LC09_L2SP_158014_20260817_02_T1
l9siberia_r42_c05,42,5,EPSG:32643,434085.00,7234095.00,437925.00,7237935.00,73.6305,65.2411,1,0,0,290.585,296.784,301.347,296.694,1.33546,4.56357,0.0638434,0.141629,0.0233853,LC09_L2SP_158014_20260817_02_T1
l9siberia_r42_c06,42,6,EPSG:32643,437925.00,7234095.00,441765.00,7237935.00,73.7126,65.2418,1,0,0,290.621,297.115,299.857,296.95,1.68482,2.74213,0.0567501,0.112342,0.0144542,LC09_L2SP_158014_20260817_02_T1
l9siberia_r42_c07,42,7,EPSG:32643,441765.00,7234095.00,445605.00,7237935.00,73.7948,65.2425,1,0,0,296.749,298.729,300.508,298.686,0.557702,1.7789,0.0614645,0.0820443,0.00703697,LC09_L2SP_158014_20260817_02_T1
l9siberia_r42_c08,42,8,EPSG:32643,445605.00,7234095.00,449445.00,7237935.00,73.877,65.2431,1,0,0,293.369,298.001,301.312,298.018,0.612155,3.31082,0.110576,0.111334,0.00279846,LC09_L2SP_158014_20260817_02_T1
l9siberia_r42_c09,42,9,EPSG:32643,449445.00,7234095.00,453285.00,7237935.00,73.9591,65.2437,1,0,0,296.496,297.854,299.303,297.905,0.443223,1.44836,0.55806,0.112697,0.0116396,LC09_L2SP_158014_20260817_02_T1
l9siberia_r42_c10,42,10,EPSG:32643,453285.00,7234095.00,457125.00,7237935.00,74.0413,65.2442,3,0,0,295.336,298.181,299.566,298.139,0.575344,1.38516,0.0270998,0.15516,0.0061512,LC09_L2SP_158014_20260817_02_T1
l9siberia_r42_c11,42,11,EPSG:32643,457125.00,7234095.00,460965.00,7237935.00,74.1235,65.2447,3,0,0,296.065,297.995,306.787,298.26,1.47563,8.79178,0.014416,0.260631,0.00425333,LC09_L2SP_158014_20260817_02_T1
l9siberia_r42_c12,42,12,EPSG:32643,460965.00,7234095.00,464805.00,7237935.00,74.2056,65.2452,3,0,0,295.961,298.069,305.148,298.171,0.952427,7.07959,0.0137428,0.184505,0.00413083,LC09_L2SP_158014_20260817_02_T1
l9siberia_r42_c13,42,13,EPSG:32643,464805.00,7234095.00,468645.00,7237935.00,74.2878,65.2456,3,0,0,296.706,297.806,299.832,297.82,0.454413,2.02621,0.0646481,0.162297,0.0100569,LC09_L2SP_158014_20260817_02_T1
l9siberia_r42_c14,42,14,EPSG:32643,468645.00,7234095.00,472485.00,7237935.00,74.37,65.246,3,0,0,294.345,298.043,306.267,298.374,1.45667,8.22495,0.0779484,0.225315,0.0279306,LC09_L2SP_158014_20260817_02_T1
l9siberia_r42_c15,42,15,EPSG:32643,472485.00,7234095.00,476325.00,7237935.00,74.4522,65.2463,3,0,0,296.618,298.242,305.323,298.787,1.51831,7.08063,0.11788,0.252487,0.0357805,LC09_L2SP_158014_20260817_02_T1
l9siberia_r42_c16,42,16,EPSG:32643,476325.00,7234095.00,480165.00,7237935.00,74.5344,65.2466,3,0,0,297.23,298.526,302.341,298.564,0.534957,3.8147,0.0989297,0.139186,0.0304485,LC09_L2SP_158014_20260817_02_T1
l9siberia_r42_c17,42,17,EPSG:32643,480165.00,7234095.00,484005.00,7237935.00,74.6166,65.2468,3,0,0,291.409,298.607,302.258,298.421,1.20302,3.65118,0.0797328,0.126726,0.0297786,LC09_L2SP_158014_20260817_02_T1
l9siberia_r42_c18,42,18,EPSG:32643,484005.00,7234095.00,487845.00,7237935.00,74.6987,65.247,3,0,0,291.066,297.727,299.562,297.151,1.94497,1.83481,0.043953,0.155193,0.0125702,LC09_L2SP_158014_20260817_02_T1
l9siberia_r42_c19,42,19,EPSG:32643,487845.00,7234095.00,491685.00,7237935.00,74.7809,65.2471,3,0,0,291.487,296.957,300.24,297.01,1.11746,3.28287,0.0392736,0.158522,0.0084133,LC09_L2SP_158014_20260817_02_T1
l9siberia_r42_c20,42,20,EPSG:32643,491685.00,7234095.00,495525.00,7237935.00,74.8631,65.2472,0,0,0,292.013,298.255,300.322,298.169,1.03994,2.06726,0.0128774,0.121048,0.00496843,LC09_L2SP_158014_20260817_02_T1
l9siberia_r42_c21,42,21,EPSG:32643,495525.00,7234095.00,499365.00,7237935.00,74.9453,65.2473,0,0,0,292.513,298.252,300.367,298.095,0.937419,2.1153,0.0874909,0.125601,0.00854355,LC09_L2SP_158014_20260817_02_T1
l9siberia_r42_c22,42,22,EPSG:32643,499365.00,7234095.00,503205.00,7237935.00,75.0275,65.2473,0,0,0,293.523,298.453,300.622,298.433,0.897012,2.16885,0.117477,0.120598,0.00820369,LC09_L2SP_158014_20260817_02_T1
l9siberia_r42_c23,42,23,EPSG:32643,503205.00,7234095.00,507045.00,7237935.00,75.1097,65.2472,0,0,0,293.538,297.817,300.666,297.721,0.978863,2.84927,0.0416405,0.113566,0.00497902,LC09_L2SP_158014_20260817_02_T1
l9siberia_r42_c25,42,25,EPSG:32643,510885.00,7234095.00,514725.00,7237935.00,75.2741,65.247,0,0,0,295.092,298.244,314.377,298.483,1.56057,16.1324,0.203524,0.408613,0.0275506,LC09_L2SP_158014_20260817_02_T1
l9siberia_r42_c30,42,30,EPSG:32643,530085.00,7234095.00,533925.00,7237935.00,75.685,65.2457,3,0,0,295.719,299.408,302.247,299.301,1.03351,2.83844,0.120733,0.117611,0.0193279,LC09_L2SP_158014_20260817_02_T1
l9siberia_r42_c31,42,31,EPSG:32643,533925.00,7234095.00,537765.00,7237935.00,75.7672,65.2453,3,0,0,296.424,299.304,301.668,299.247,0.916227,2.36328,0.115093,0.102548,0.0211411,LC09_L2SP_158014_20260817_02_T1
l9siberia_r42_c34,42,34,EPSG:32643,545445.00,7234095.00,549285.00,7237935.00,76.0137,65.2439,3,0,0,297.766,299.669,303.975,299.758,0.83848,4.30524,0.136839,0.120016,0.0446352,LC09_L2SP_158014_20260817_02_T1
l9siberia_r42_c35,42,35,EPSG:32643,549285.00,7234095.00,553125.00,7237935.00,76.0959,65.2433,3,0,0,297.649,299.694,302.818,299.815,0.773606,3.12366,0.165382,0.125701,0.0305187,LC09_L2SP_158014_20260817_02_T1
l9siberia_r42_c36,42,36,EPSG:32643,553125.00,7234095.00,556965.00,7237935.00,76.178,65.2427,3,0,0,296.809,299.648,303.088,299.714,0.811522,3.4404,0.0649368,0.10958,0.0155645,LC09_L2SP_158014_20260817_02_T1
l9siberia_r42_c37,42,37,EPSG:32643,556965.00,7234095.00,560805.00,7237935.00,76.2602,65.242,3,0,0,292.034,299.792,303.699,299.687,1.34331,3.90698,0.0735317,0.146109,0.038731,LC09_L2SP_158014_20260817_02_T1
l9siberia_r42_c38,42,38,EPSG:32643,560805.00,7234095.00,564645.00,7237935.00,76.3423,65.2413,3,0,0,291.256,298.763,301.343,298.007,2.35987,2.58069,0.0924253,0.110819,0.0103159,LC09_L2SP_158014_20260817_02_T1
l9siberia_r42_c39,42,39,EPSG:32643,564645.00,7234095.00,568485.00,7237935.00,76.4245,65.2405,3,0,0,293.02,298.564,301.449,298.388,1.38954,2.8847,0.0192125,0.128334,0.00934284,LC09_L2SP_158014_20260817_02_T1
l9siberia_r42_c40,42,40,EPSG:32643,568485.00,7234095.00,572325.00,7237935.00,76.5066,65.2397,0,0,0,292.533,298.606,300.928,298.427,1.20446,2.32141,0.0167862,0.146116,0.00748455,LC09_L2SP_158014_20260817_02_T1
l9siberia_r42_c41,42,41,EPSG:32643,572325.00,7234095.00,576165.00,7237935.00,76.5888,65.2389,0,0,0,292.731,298.662,301.452,298.389,1.58857,2.79025,0.0447856,0.107852,0.00571893,LC09_L2SP_158014_20260817_02_T1
l9siberia_r42_c42,42,42,EPSG:32643,576165.00,7234095.00,580005.00,7237935.00,76.6709,65.238,0,0,0,292.658,298.891,301.571,298.78,1.30648,2.68051,0.136216,0.114014,0.00847973,LC09_L2SP_158014_20260817_02_T1
l9siberia_r42_c43,42,43,EPSG:32643,580005.00,7234095.00,583845.00,7237935.00,76.753,65.2371,0,0,0,293.65,299.954,304.249,299.857,1.11068,4.29501,0.0737973,0.0849399,0.00934956,LC09_L2SP_158014_20260817_02_T1
l9siberia_r42_c44,42,44,EPSG:32643,583845.00,7234095.00,587685.00,7237935.00,76.8351,65.2361,0,0,0,292.332,299.489,301.237,299.051,1.52688,1.74741,0.165328,0.0840421,0.0303096,LC09_L2SP_158014_20260817_02_T1
l9siberia_r42_c45,42,45,EPSG:32643,587685.00,7234095.00,591525.00,7237935.00,76.9173,65.2351,0,0,0,292.246,298.964,300.847,298.379,1.82401,1.88339,0.0605261,0.0908213,0.00769033,LC09_L2SP_158014_20260817_02_T1
l9siberia_r42_c46,42,46,EPSG:32643,591525.00,7234095.00,595365.00,7237935.00,76.9994,65.234,0,0,0,292.039,299.575,305.474,298.947,2.28642,5.8996,0.134991,0.132966,0.0209735,LC09_L2SP_158014_20260817_02_T1
l9siberia_r42_c47,42,47,EPSG:32643,595365.00,7234095.00,599205.00,7237935.00,77.0815,65.2329,0,0,0,292.571,299.193,303.137,299.197,1.60931,3.94351,0.117065,0.163731,0.0281173,LC09_L2SP_158014_20260817_02_T1
l9siberia_r42_c48,42,48,EPSG:32643,599205.00,7234095.00,603045.00,7237935.00,77.1635,65.2317,0,0,0,293.486,300.052,302.898,299.713,1.70264,2.8461,0.115033,0.128709,0.018858,LC09_L2SP_158014_20260817_02_T1
l9siberia_r42_c49,42,49,EPSG:32643,603045.00,7234095.00,606885.00,7237935.00,77.2456,65.2305,0,0,0,292.431,299.093,302.332,298.126,3.01013,3.23883,0.121887,0.128776,0.0353131,LC09_L2SP_158014_20260817_02_T1
l9siberia_r42_c50,42,50,EPSG:32643,606885.00,7234095.00,610725.00,7237935.00,77.3277,65.2293,2,0,0,296.816,300.146,303.134,300.049,1.30569,2.98792,0.0349955,0.186432,0.0162848,LC09_L2SP_158014_20260817_02_T1
l9siberia_r42_c51,42,51,EPSG:32643,610725.00,7234095.00,614565.00,7237935.00,77.4098,65.228,2,0,0,292.859,300.304,303.317,299.936,1.65583,3.01282,0.0333096,0.248654,0.0119142,LC09_L2SP_158014_20260817_02_T1
l9siberia_r42_c52,42,52,EPSG:32643,614565.00,7234095.00,618405.00,7237935.00,77.4918,65.2266,2,0,0,292.904,300.581,303.431,300.071,1.82236,2.85028,0.0443132,0.132415,0.0116793,LC09_L2SP_158014_20260817_02_T1
l9siberia_r42_c53,42,53,EPSG:32643,618405.00,7234095.00,622245.00,7237935.00,77.5739,65.2253,2,0,0,292.136,300.528,302.425,299.483,2.59801,1.89691,0.0548228,0.251688,0.0164534,LC09_L2SP_158014_20260817_02_T1
l9siberia_r42_c54,42,54,EPSG:32643,622245.00,7234095.00,626085.00,7237935.00,77.6559,65.2238,2,0,0,292.379,300.232,302.412,299.221,2.40574,2.17999,0.0461987,0.213418,0.0212699,LC09_L2SP_158014_20260817_02_T1
l9siberia_r43_c03,43,3,EPSG:32643,426405.00,7230255.00,430245.00,7234095.00,73.4682,65.205,1,0,0,290.671,296.388,300.943,296.068,2.1128,4.55472,0.620354,0.115108,0.208009,LC09_L2SP_158014_20260817_02_T1
l9siberia_r43_c04,43,4,EPSG:32643,430245.00,7230255.00,434085.00,7234095.00,73.5502,65.2058,1,0,0,290.4,296.388,300.177,296.036,2.13421,3.78864,0.287954,0.111747,0.0854352,LC09_L2SP_158014_20260817_02_T1
l9siberia_r43_c05,43,5,EPSG:32643,434085.00,7230255.00,437925.00,7234095.00,73.6323,65.2066,1,0,0,290.466,295.989,299.049,295.652,2.10631,3.06009,0.2651,0.119199,0.119954,LC09_L2SP_158014_20260817_02_T1
l9siberia_r43_c06,43,6,EPSG:32643,437925.00,7230255.00,441765.00,7234095.00,73.7143,65.2073,1,0,0,290.631,296.562,299.009,295.899,2.11115,2.44699,0.0525891,0.122013,0.0245216,LC09_L2SP_158014_20260817_02_T1
l9siberia_r43_c07,43,7,EPSG:32643,441765.00,7230255.00,445605.00,7234095.00,73.7964,65.208,1,0,0,294.275,297.189,300.013,296.98,1.11518,2.82343,0.0448839,0.125938,0.0185765,LC09_L2SP_158014_20260817_02_T1
l9siberia_r43_c08,43,8,EPSG:32643,445605.00,7230255.00,449445.00,7234095.00,73.8784,65.2087,1,0,0,295.937,297.98,302.221,297.99,0.716652,4.24045,0.0397786,0.117617,0.00494767,LC09_L2SP_158014_20260817_02_T1
l9siberia_r43_c09,43,9,EPSG:32643,449445.00,7230255.00,453285.00,7234095.00,73.9605,65.2092,1,0,0,295.558,297.786,304.258,297.96,1.06163,6.47159,0.0423132,0.155096,0.00330047,LC09_L2SP_158014_20260817_02_T1
l9siberia_r43_c10,43,10,EPSG:32643,453285.00,7230255.00,457125.00,7234095.00,74.0425,65.2098,3,0,0,295.829,297.244,300.489,297.331,0.709626,3.24496,0.220027,0.159361,0.0559658,LC09_L2SP_158014_20260817_02_T1
l9siberia_r43_c11,43,11,EPSG:32643,457125.00,7230255.00,460965.00,7234095.00,74.1246,65.2103,3,0,0,295.33,297.588,303.064,297.697,0.891645,5.47595,0.113669,0.192775,0.00707379,LC09_L2SP_158014_20260817_02_T1
l9siberia_r43_c12,43,12,EPSG:32643,460965.00,7230255.00,464805.00,7234095.00,74.2067,65.2107,3,0,0,295.575,298.18,305.709,298.355,1.12173,7.52954,0.0128822,0.161078,0.00622656,LC09_L2SP_158014_20260817_02_T1
l9siberia_r43_c13,43,13,EPSG:32643,464805.00,7230255.00,468645.00,7234095.00,74.2887,65.2112,3,0,0,295.557,298.468,302.954,298.81,1.33241,4.48615,0.0442815,0.185877,0.0164037,LC09_L2SP_158014_20260817_02_T1
l9siberia_r43_c14,43,14,EPSG:32643,468645.00,7230255.00,472485.00,7234095.00,74.3708,65.2115,3,0,0,295.228,297.861,303.452,298.064,1.03792,5.59161,0.061343,0.209647,0.0124064,LC09_L2SP_158014_20260817_02_T1
l9siberia_r43_c15,43,15,EPSG:32643,472485.00,7230255.00,476325.00,7234095.00,74.4529,65.2118,3,0,0,296.866,297.696,298.822,297.733,0.367732,1.1264,0.0857452,0.172238,0.0146495,LC09_L2SP_158014_20260817_02_T1
l9siberia_r43_c16,43,16,EPSG:32643,476325.00,7230255.00,480165.00,7234095.00,74.535,65.2121,3,0,0,291.269,298.01,300.178,297.926,0.909839,2.16821,0.11917,0.155378,0.0278959,LC09_L2SP_158014_20260817_02_T1
l9siberia_r43_c17,43,17,EPSG:32643,480165.00,7230255.00,484005.00,7234095.00,74.6171,65.2123,3,0,0,291.006,297.639,303.127,297.298,1.4531,5.4888,0.0604972,0.177067,0.0199484,LC09_L2SP_158014_20260817_02_T1
l9siberia_r43_c18,43,18,EPSG:32643,484005.00,7230255.00,487845.00,7234095.00,74.6991,65.2125,3,0,0,292.516,297.62,299.496,297.516,0.777094,1.87653,0.0750321,0.166953,0.0195221,LC09_L2SP_158014_20260817_02_T1
l9siberia_r43_c19,43,19,EPSG:32643,487845.00,7230255.00,491685.00,7234095.00,74.7812,65.2127,3,0,0,292.286,297.57,299.878,297.415,1.00585,2.30722,0.0509016,0.154431,0.0193587,LC09_L2SP_158014_20260817_02_T1
l9siberia_r43_c20,43,20,EPSG:32643,491685.00,7230255.00,495525.00,7234095.00,74.8633,65.2128,0,0,0,293.333,297.428,299.779,297.37,1.05083,2.35098,0.0126513,0.10181,0.00538944,LC09_L2SP_158014_20260817_02_T1
l9siberia_r43_c21,43,21,EPSG:32643,495525.00,7230255.00,499365.00,7234095.00,74.9454,65.2128,0,0,0,291.744,296.932,299.615,296.796,1.07476,2.68317,0.0689557,0.0669305,0.0026258,LC09_L2SP_158014_20260817_02_T1
l9siberia_r43_c22,43,22,EPSG:32643,499365.00,7230255.00,503205.00,7234095.00,75.0275,65.2128,0,0,0,292.103,297.336,300.062,297.252,0.894686,2.72522,0.0887392,0.103361,0.00313864,LC09_L2SP_158014_20260817_02_T1
l9siberia_r43_c23,43,23,EPSG:32643,503205.00,7230255.00,507045.00,7234095.00,75.1096,65.2128,0,0,0,293.156,297.797,300.678,297.717,1.03484,2.88074,0.0289039,0.120981,0.00412509,LC09_L2SP_158014_20260817_02_T1
l9siberia_r43_c24,43,24,EPSG:32643,507045.00,7230255.00,510885.00,7234095.00,75.1916,65.2127,0,0,0,293.511,297.469,299.949,297.501,0.784392,2.47986,0.0577885,0.10251,0.00452717,LC09_L2SP_158014_20260817_02_T1
l9siberia_r43_c25,43,25,EPSG:32643,510885.00,7230255.00,514725.00,7234095.00,75.2737,65.2126,0,0,0,292.917,297.975,305.749,298.178,1.31456,7.77377,0.105076,0.183962,0.0120925,LC09_L2SP_158014_20260817_02_T1
l9siberia_r43_c30,43,30,EPSG:32643,530085.00,7230255.00,533925.00,7234095.00,75.6841,65.2113,3,0,0,292.452,298.78,301.735,298.397,1.59964,2.95438,0.0219445,0.12062,0.0187208,LC09_L2SP_158014_20260817_02_T1
l9siberia_r43_c31,43,31,EPSG:32643,533925.00,7230255.00,537765.00,7234095.00,75.7662,65.2109,3,0,0,296.452,298.81,301.829,298.784,0.917973,3.01981,0.0783645,0.111534,0.00887706,LC09_L2SP_158014_20260817_02_T1
l9siberia_r43_c32,43,32,EPSG:32643,537765.00,7230255.00,541605.00,7234095.00,75.8483,65.2104,3,0,0,296.422,299.289,301.507,299.194,0.812874,2.21768,0.0898696,0.101667,0.0153413,LC09_L2SP_158014_20260817_02_T1
l9siberia_r43_c33,43,33,EPSG:32643,541605.00,7230255.00,545445.00,7234095.00,75.9303,65.21,3,0,0,295.696,298.963,301.402,298.895,0.942562,2.43915,0.130375,0.116319,0.0204655,LC09_L2SP_158014_20260817_02_T1
l9siberia_r43_c34,43,34,EPSG:32643,545445.00,7230255.00,549285.00,7234095.00,76.0124,65.2094,3,0,0,294.795,299.348,303.243,299.154,1.60742,3.8949,0.127538,0.183124,0.0536461,LC09_L2SP_158014_20260817_02_T1
l9siberia_r43_c40,43,40,EPSG:32643,568485.00,7230255.00,572325.00,7234095.00,76.5047,65.2053,0,0,0,295.246,298.883,304.003,298.883,1.45206,5.11984,0.176735,0.200953,0.076081,LC09_L2SP_158014_20260817_02_T1
l9siberia_r43_c41,43,41,EPSG:32643,572325.00,7230255.00,576165.00,7234095.00,76.5867,65.2045,0,0,0,295.093,299.003,306.276,299.047,1.52286,7.27261,0.140919,0.260112,0.0180178,LC09_L2SP_158014_20260817_02_T1
l9siberia_r43_c42,43,42,EPSG:32643,576165.00,7230255.00,580005.00,7234095.00,76.6687,65.2036,0,0,0,293.053,299.099,305.359,298.834,1.66656,6.25928,0.0655265,0.171054,0.00500414,LC09_L2SP_158014_20260817_02_T1
l9siberia_r43_c43,43,43,EPSG:32643,580005.00,7230255.00,583845.00,7234095.00,76.7507,65.2026,0,0,0,292.534,299.284,302.409,298.95,1.51362,3.12497,0.275322,0.123935,0.00836526,LC09_L2SP_158014_20260817_02_T1
l9siberia_r43_c44,43,44,EPSG:32643,583845.00,7230255.00,587685.00,7234095.00,76.8328,65.2017,0,0,0,292.551,299.201,302.01,298.867,1.5768,2.80975,0.126192,0.137635,0.0108914,LC09_L2SP_158014_20260817_02_T1
l9siberia_r43_c45,43,45,EPSG:32643,587685.00,7230255.00,591525.00,7234095.00,76.9148,65.2006,0,0,0,292.243,299.342,301.637,298.745,2.03756,2.2951,0.0691615,0.163335,0.0204958,LC09_L2SP_158014_20260817_02_T1
l9siberia_r43_c46,43,46,EPSG:32643,591525.00,7230255.00,595365.00,7234095.00,76.9968,65.1996,0,0,0,292.383,299.662,305.497,299.206,2.04077,5.83508,0.175672,0.212451,0.0122227,LC09_L2SP_158014_20260817_02_T1
l9siberia_r43_c47,43,47,EPSG:32643,595365.00,7230255.00,599205.00,7234095.00,77.0787,65.1985,0,0,0,291.923,300.073,305.909,299.3,2.37793,5.83627,0.0307428,0.0887398,0.00527269,LC09_L2SP_158014_20260817_02_T1
l9siberia_r43_c48,43,48,EPSG:32643,599205.00,7230255.00,603045.00,7234095.00,77.1607,65.1973,0,0,0,293.812,300.153,302.193,299.902,1.14266,2.03995,0.023248,0.0883308,0.00852819,LC09_L2SP_158014_20260817_02_T1
l9siberia_r43_c49,43,49,EPSG:32643,603045.00,7230255.00,606885.00,7234095.00,77.2427,65.1961,0,0,0,292.215,300.07,302.131,299.585,1.58998,2.06104,0.0517953,0.0807457,0.00503511,LC09_L2SP_158014_20260817_02_T1
l9siberia_r43_c50,43,50,EPSG:32643,606885.00,7230255.00,610725.00,7234095.00,77.3247,65.1949,2,0,0,292.22,299.547,302.01,298.718,2.42405,2.46295,0.0489544,0.195286,0.0136921,LC09_L2SP_158014_20260817_02_T1
l9siberia_r43_c51,43,51,EPSG:32643,610725.00,7230255.00,614565.00,7234095.00,77.4066,65.1936,2,0,0,293.917,300.551,302.833,300.312,1.36231,2.28149,0.0409559,0.191158,0.0120467,LC09_L2SP_158014_20260817_02_T1
l9siberia_r43_c52,43,52,EPSG:32643,614565.00,7230255.00,618405.00,7234095.00,77.4886,65.1922,2,0,0,293.319,301.021,303.441,300.655,1.64321,2.41959,0.0356142,0.2838,0.020533,LC09_L2SP_158014_20260817_02_T1
l9siberia_r43_c53,43,53,EPSG:32643,618405.00,7230255.00,622245.00,7234095.00,77.5705,65.1908,2,0,0,295.535,299.781,302.202,299.598,1.29689,2.42166,0.0319686,0.13917,0.00820805,LC09_L2SP_158014_20260817_02_T1
l9siberia_r44_c02,44,2,EPSG:32643,422565.00,7226415.00,426405.00,7230255.00,73.3883,65.1697,1,0,0,293.462,297.187,303.03,297.442,1.36408,5.84302,0.160972,0.145398,0.0168743,LC09_L2SP_158014_20260817_02_T1
l9siberia_r44_c03,44,3,EPSG:32643,426405.00,7226415.00,430245.00,7230255.00,73.4702,65.1706,1,0,0,293.379,299.451,302.033,299.054,1.43336,2.58282,0.666582,0.060095,0.0860641,LC09_L2SP_158014_20260817_02_T1
l9siberia_r44_c04,44,4,EPSG:32643,430245.00,7226415.00,434085.00,7230255.00,73.5521,65.1714,1,0,0,293.923,299.43,302.889,299.343,1.69994,3.45947,0.497119,0.0778486,0.130516,LC09_L2SP_158014_20260817_02_T1
l9siberia_r44_c05,44,5,EPSG:32643,434085.00,7226415.00,437925.00,7230255.00,73.634,65.1722,1,0,0,292.553,299,301.999,298.783,1.58917,2.99948,0.315268,0.0806354,0.166237,LC09_L2SP_158014_20260817_02_T1
l9siberia_r44_c06,44,6,EPSG:32643,437925.00,7226415.00,441765.00,7230255.00,73.716,65.1729,1,0,0,290.706,296.909,301.952,296.496,2.3432,5.04358,0.392444,0.121015,0.254822,LC09_L2SP_158014_20260817_02_T1
l9siberia_r44_c07,44,7,EPSG:32643,441765.00,7226415.00,445605.00,7230255.00,73.7979,65.1736,1,0,0,290.769,295.803,302.442,295.739,2.16252,6.63861,0.228231,0.135494,0.100661,LC09_L2SP_158014_20260817_02_T1
l9siberia_r44_c08,44,8,EPSG:32643,445605.00,7226415.00,449445.00,7230255.00,73.8799,65.1742,1,0,0,291.039,297.873,301.061,297.625,1.60798,3.18765,0.0832345,0.106031,0.0337166,LC09_L2SP_158014_20260817_02_T1
l9siberia_r44_c09,44,9,EPSG:32643,449445.00,7226415.00,453285.00,7230255.00,73.9618,65.1748,1,0,0,295.378,297.511,300.989,297.541,0.823198,3.47772,0.037041,0.117836,0.00882727,LC09_L2SP_158014_20260817_02_T1
l9siberia_r44_c10,44,10,EPSG:32643,453285.00,7226415.00,457125.00,7230255.00,74.0438,65.1753,3,0,0,294.867,297.042,300.54,297.043,0.774005,3.49881,0.243325,0.161318,0.141398,LC09_L2SP_158014_20260817_02_T1
l9siberia_r44_c11,44,11,EPSG:32643,457125.00,7226415.00,460965.00,7230255.00,74.1257,65.1758,3,0,0,294.097,297.183,301.875,297.285,0.988999,4.69153,0.241282,0.170227,0.156174,LC09_L2SP_158014_20260817_02_T1
l9siberia_r44_c12,44,12,EPSG:32643,460965.00,7226415.00,464805.00,7230255.00,74.2077,65.1763,3,0,0,294.181,298.567,305.157,298.924,1.96408,6.59006,0.280093,0.375651,0.250119,LC09_L2SP_158014_20260817_02_T1
l9siberia_r44_c13,44,13,EPSG:32643,464805.00,7226415.00,468645.00,7230255.00,74.2897,65.1767,3,0,0,295.806,298.217,307.539,298.545,1.54911,9.32184,0.0598182,0.367602,0.0208375,LC09_L2SP_158014_20260817_02_T1
l9siberia_r44_c14,44,14,EPSG:32643,468645.00,7226415.00,472485.00,7230255.00,74.3716,65.1771,3,0,0,295.579,297.695,301.927,297.726,0.571733,4.23282,0.0925334,0.168703,0.0118441,LC09_L2SP_158014_20260817_02_T1
l9siberia_r44_c15,44,15,EPSG:32643,472485.00,7226415.00,476325.00,7230255.00,74.4536,65.1774,3,0,0,295.84,297.508,298.928,297.513,0.422495,1.41998,0.113469,0.174212,0.0203215,LC09_L2SP_158014_20260817_02_T1
l9siberia_r44_c16,44,16,EPSG:32643,476325.00,7226415.00,480165.00,7230255.00,74.5356,65.1777,3,0,0,292.349,297.274,299.062,297.162,0.837659,1.78793,0.0937412,0.177067,0.0133457,LC09_L2SP_158014_20260817_02_T1
l9siberia_r44_c17,44,17,EPSG:32643,480165.00,7226415.00,484005.00,7230255.00,74.6175,65.1779,3,0,0,290.416,296.144,299.714,295.628,1.70669,3.56979,0.0411445,0.168939,0.00610228,LC09_L2SP_158014_20260817_02_T1
l9siberia_r44_c18,44,18,EPSG:32643,484005.00,7226415.00,487845.00,7230255.00,74.6995,65.1781,3,0,0,291.244,295.992,298.75,295.802,1.11354,2.75827,0.0456773,0.16955,0.00839979,LC09_L2SP_158014_20260817_02_T1
l9siberia_r44_c19,44,19,EPSG:32643,487845.00,7226415.00,491685.00,7230255.00,74.7815,65.1782,3,0,0,291.174,296.762,299.225,296.522,1.55619,2.46384,0.0770628,0.171831,0.0108873,LC09_L2SP_158014_20260817_02_T1
l9siberia_r44_c20,44,20,EPSG:32643,491685.00,7226415.00,495525.00,7230255.00,74.8635,65.1783,0,0,0,290.824,297.299,299.837,296.997,1.62653,2.53738,0.0544734,0.0833313,0.00391314,LC09_L2SP_158014_20260817_02_T1
l9siberia_r44_c21,44,21,EPSG:32643,495525.00,7226415.00,499365.00,7230255.00,74.9455,65.1784,0,0,0,292.223,297.054,299.066,296.955,0.916213,2.01193,0.0354119,0.0765233,0.00253892,LC09_L2SP_158014_20260817_02_T1
l9siberia_r44_c22,44,22,EPSG:32643,499365.00,7226415.00,503205.00,7230255.00,75.0274,65.1784,0,0,0,291.754,297.393,299.76,297.18,1.23135,2.36667,0.0380146,0.106313,0.00410651,LC09_L2SP_158014_20260817_02_T1
l9siberia_r44_c23,44,23,EPSG:32643,503205.00,7226415.00,507045.00,7230255.00,75.1094,65.1783,0,0,0,291.508,297.441,299.545,297.322,1.26735,2.10352,0.0248682,0.0869207,0.00353402,LC09_L2SP_158014_20260817_02_T1
l9siberia_r44_c24,44,24,EPSG:32643,507045.00,7226415.00,510885.00,7230255.00,75.1914,65.1783,0,0,0,291.395,297.154,300.219,297.071,1.26757,3.06525,0.119633,0.0818451,0.00324633,LC09_L2SP_158014_20260817_02_T1
l9siberia_r44_c25,44,25,EPSG:32643,510885.00,7226415.00,514725.00,7230255.00,75.2734,65.1781,0,0,0,290.829,297.116,299.657,296.717,1.54437,2.54144,0.111534,0.0679727,0.00428367,LC09_L2SP_158014_20260817_02_T1
l9siberia_r44_c29,44,29,EPSG:32643,526245.00,7226415.00,530085.00,7230255.00,75.6013,65.1772,0,0,0,291.871,298.883,304.768,298.723,1.37766,5.88492,0.136553,0.145295,0.0157166,LC09_L2SP_158014_20260817_02_T1
l9siberia_r44_c30,44,30,EPSG:32643,530085.00,7226415.00,533925.00,7230255.00,75.6832,65.1768,3,0,0,291.464,297.898,301.265,297.116,2.18325,3.36676,0.0234835,0.132273,0.0189782,LC09_L2SP_158014_20260817_02_T1
l9siberia_r44_c31,44,31,EPSG:32643,533925.00,7226415.00,537765.00,7230255.00,75.7652,65.1764,3,0,0,293.124,298.823,301.489,298.663,1.12103,2.66675,0.0426601,0.125091,0.0227605,LC09_L2SP_158014_20260817_02_T1
l9siberia_r44_c32,44,32,EPSG:32643,537765.00,7226415.00,541605.00,7230255.00,75.8472,65.176,3,0,0,296.488,298.755,301.626,298.727,0.753787,2.87167,0.0770963,0.123505,0.0166707,LC09_L2SP_158014_20260817_02_T1
l9siberia_r44_c33,44,33,EPSG:32643,541605.00,7226415.00,545445.00,7230255.00,75.9291,65.1755,3,0,0,296.143,298.693,301.869,298.747,0.798419,3.17581,0.0326636,0.129964,0.0143123,LC09_L2SP_158014_20260817_02_T1
l9siberia_r44_c34,44,34,EPSG:32643,545445.00,7226415.00,549285.00,7230255.00,76.0111,65.175,3,0,0,297.373,299.674,302.406,299.664,0.911759,2.73175,0.14213,0.0983999,0.024754,LC09_L2SP_158014_20260817_02_T1
l9siberia_r44_c35,44,35,EPSG:32643,549285.00,7226415.00,553125.00,7230255.00,76.093,65.1744,3,0,0,296.919,298.901,301.97,299.077,1.01406,3.06967,0.0474753,0.114419,0.00546711,LC09_L2SP_158014_20260817_02_T1
l9siberia_r44_c36,44,36,EPSG:32643,553125.00,7226415.00,556965.00,7230255.00,76.175,65.1738,3,0,0,296.764,298.811,302.111,298.837,0.761552,3.30063,0.0552626,0.127833,0.00526302,LC09_L2SP_158014_20260817_02_T1
l9siberia_r44_c37,44,37,EPSG:32643,556965.00,7226415.00,560805.00,7230255.00,76.2569,65.1731,3,0,0,295.378,298.848,302.462,298.81,1.13337,3.61349,0.0207476,0.114238,0.0083332,LC09_L2SP_158014_20260817_02_T1
l9siberia_r44_c38,44,38,EPSG:32643,560805.00,7226415.00,564645.00,7230255.00,76.3389,65.1724,3,0,0,292.712,299.49,302.134,299.342,1.26495,2.64462,0.0506591,0.128163,0.0361069,LC09_L2SP_158014_20260817_02_T1
l9siberia_r44_c39,44,39,EPSG:32643,564645.00,7226415.00,568485.00,7230255.00,76.4208,65.1717,3,0,0,291.967,299.708,302.249,299.279,1.89233,2.54065,0.095436,0.127556,0.0339736,LC09_L2SP_158014_20260817_02_T1
l9siberia_r44_c40,44,40,EPSG:32643,568485.00,7226415.00,572325.00,7230255.00,76.5027,65.1709,0,0,0,292.358,299.367,302.176,298.965,1.63328,2.80969,0.20732,0.104282,0.00463711,LC09_L2SP_158014_20260817_02_T1
l9siberia_r44_c41,44,41,EPSG:32643,572325.00,7226415.00,576165.00,7230255.00,76.5846,65.17,0,0,0,293.068,299.434,303.857,299.173,1.48477,4.42285,0.14355,0.110175,0.0141825,LC09_L2SP_158014_20260817_02_T1
l9siberia_r44_c42,44,42,EPSG:32643,576165.00,7226415.00,580005.00,7230255.00,76.6666,65.1691,0,0,0,293.789,298.781,303.791,298.627,1.5725,5.00952,0.0667513,0.162273,0.0156845,LC09_L2SP_158014_20260817_02_T1
l9siberia_r44_c44,44,44,EPSG:32643,583845.00,7226415.00,587685.00,7230255.00,76.8304,65.1672,0,0,0,293.842,299.591,306.7,299.435,1.56471,7.1084,0.162455,0.190566,0.0137275,LC09_L2SP_158014_20260817_02_T1
l9siberia_r44_c45,44,45,EPSG:32643,587685.00,7226415.00,591525.00,7230255.00,76.9123,65.1662,0,0,0,291.32,298.721,302.409,297.174,3.40445,3.68799,0.256958,0.0450503,0.00671083,LC09_L2SP_158014_20260817_02_T1
l9siberia_r44_c47,44,47,EPSG:32643,595365.00,7226415.00,599205.00,7230255.00,77.076,65.164,0,0,0,292.061,299.251,302.356,298.618,2.58309,3.10535,0.0391755,0.272959,0.02194,LC09_L2SP_158014_20260817_02_T1
l9siberia_r44_c48,44,48,EPSG:32643,599205.00,7226415.00,603045.00,7230255.00,77.1579,65.1629,0,0,0,292.916,299.662,302.209,299.246,1.76882,2.54709,0.0474451,0.135537,0.0131474,LC09_L2SP_158014_20260817_02_T1
l9siberia_r44_c49,44,49,EPSG:32643,603045.00,7226415.00,606885.00,7230255.00,77.2398,65.1617,0,0,0,291.387,298.597,302.044,297.055,3.47947,3.4472,0.0115374,0.0381341,0.00208592,LC09_L2SP_158014_20260817_02_T1
l9siberia_r44_c50,44,50,EPSG:32643,606885.00,7226415.00,610725.00,7230255.00,77.3217,65.1604,2,0,0,292.164,298.212,301.874,297.766,2.52092,3.66199,0.0393146,0.172332,0.00737764,LC09_L2SP_158014_20260817_02_T1
l9siberia_r44_c51,44,51,EPSG:32643,610725.00,7226415.00,614565.00,7230255.00,77.4035,65.1591,2,0,0,294.984,299.646,301.868,299.261,1.58538,2.22162,0.0352719,0.134303,0.00372795,LC09_L2SP_158014_20260817_02_T1
l9siberia_r44_c52,44,52,EPSG:32643,614565.00,7226415.00,618405.00,7230255.00,77.4853,65.1578,2,0,0,293.533,300.083,302.524,299.819,1.37906,2.44083,0.0289067,0.118443,0.0101695,LC09_L2SP_158014_20260817_02_T1
l9siberia_r44_c53,44,53,EPSG:32643,618405.00,7226415.00,622245.00,7230255.00,77.5672,65.1564,2,0,0,295.049,297.937,302.137,298.397,1.66648,4.19983,0.00757573,0.127941,0.00381122,LC09_L2SP_158014_20260817_02_T1
l9siberia_r45_c02,45,2,EPSG:32643,422565.00,7222575.00,426405.00,7226415.00,73.3904,65.1353,1,0,0,293.245,297.984,300.79,297.906,1.09018,2.80557,0.0394904,0.112218,0.00688542,LC09_L2SP_158014_20260817_02_T1
l9siberia_r45_c03,45,3,EPSG:32643,426405.00,7222575.00,430245.00,7226415.00,73.4722,65.1361,1,0,0,291.721,297.303,301.494,297.573,1.88037,4.19153,0.132376,0.129843,0.101825,LC09_L2SP_158014_20260817_02_T1
l9siberia_r45_c04,45,4,EPSG:32643,430245.00,7222575.00,434085.00,7226415.00,73.554,65.137,1,0,0,298.365,300.608,303.255,300.645,0.723058,2.64648,0.746474,0.0777507,0.164668,LC09_L2SP_158014_20260817_02_T1
l9siberia_r45_c05,45,5,EPSG:32643,434085.00,7222575.00,437925.00,7226415.00,73.6358,65.1377,1,0,0,297.856,301.111,303.587,301.032,1.01818,2.47687,0.836011,0.139543,0.17565,LC09_L2SP_158014_20260817_02_T1
l9siberia_r45_c06,45,6,EPSG:32643,437925.00,7222575.00,441765.00,7226415.00,73.7176,65.1384,1,0,0,294.465,300.365,305.149,300.151,1.54456,4.78424,0.753153,0.130685,0.0881409,LC09_L2SP_158014_20260817_02_T1
l9siberia_r45_c07,45,7,EPSG:32643,441765.00,7222575.00,445605.00,7226415.00,73.7995,65.1391,1,0,0,292.078,299.286,304.08,299.269,2.53972,4.79361,0.393347,0.410889,0.254728,LC09_L2SP_158014_20260817_02_T1
l9siberia_r45_c08,45,8,EPSG:32643,445605.00,7222575.00,449445.00,7226415.00,73.8813,65.1398,1,0,0,291.192,297.223,304.279,297.743,3.14333,7.05588,0.462323,0.316316,0.333464,LC09_L2SP_158014_20260817_02_T1
l9siberia_r45_c09,45,9,EPSG:32643,449445.00,7222575.00,453285.00,7226415.00,73.9632,65.1403,1,0,0,291.272,297.602,301.594,297.16,2.01318,3.99188,0.114997,0.110861,0.0489522,LC09_L2SP_158014_20260817_02_T1
l9siberia_r45_c10,45,10,EPSG:32643,453285.00,7222575.00,457125.00,7226415.00,74.045,65.1409,3,0,0,294.458,297.553,300.326,297.618,0.865007,2.77316,0.223027,0.1491,0.135663,LC09_L2SP_158014_20260817_02_T1
l9siberia_r45_c11,45,11,EPSG:32643,457125.00,7222575.00,460965.00,7226415.00,74.1269,65.1414,3,0,0,293.973,296.896,303.025,297.077,1.33657,6.12933,0.231583,0.162073,0.134069,LC09_L2SP_158014_20260817_02_T1
l9siberia_r45_c12,45,12,EPSG:32643,460965.00,7222575.00,464805.00,7226415.00,74.2087,65.1418,3,0,0,295.955,298.708,311.337,299.595,2.78752,12.6297,0.240306,0.910263,0.698305,LC09_L2SP_158014_20260817_02_T1
l9siberia_r45_c13,45,13,EPSG:32643,464805.00,7222575.00,468645.00,7226415.00,74.2906,65.1422,3,0,0,294.9,296.85,303.68,296.856,0.829909,6.83017,0.257581,0.176921,0.137007,LC09_L2SP_158014_20260817_02_T1
l9siberia_r45_c14,45,14,EPSG:32643,468645.00,7222575.00,472485.00,7226415.00,74.3724,65.1426,3,0,0,294.448,296.758,298.364,296.688,0.669619,1.60529,0.0448304,0.175672,0.0117497,LC09_L2SP_158014_20260817_02_T1
l9siberia_r45_c15,45,15,EPSG:32643,472485.00,7222575.00,476325.00,7226415.00,74.4543,65.1429,3,0,0,295.537,297.155,300.873,297.149,0.54698,3.71786,0.0349105,0.177508,0.00826334,LC09_L2SP_158014_20260817_02_T1
l9siberia_r45_c16,45,16,EPSG:32643,476325.00,7222575.00,480165.00,7226415.00,74.5362,65.1432,3,0,0,292.706,297.562,306.041,297.836,1.45469,8.47867,0.089743,0.308498,0.0399944,LC09_L2SP_158014_20260817_02_T1
l9siberia_r45_c17,45,17,EPSG:32643,480165.00,7222575.00,484005.00,7226415.00,74.618,65.1434,3,0,0,295.113,297.126,306.481,297.366,1.32501,9.35474,0.100269,0.226638,0.0262622,LC09_L2SP_158014_20260817_02_T1
l9siberia_r45_c18,45,18,EPSG:32643,484005.00,7222575.00,487845.00,7226415.00,74.6999,65.1436,3,0,0,291.57,295.866,298.072,295.804,0.74386,2.20602,0.0431081,0.180216,0.00772131,LC09_L2SP_158014_20260817_02_T1
l9siberia_r45_c19,45,19,EPSG:32643,487845.00,7222575.00,491685.00,7226415.00,74.7818,65.1438,3,0,0,290.69,295.983,298.573,295.493,1.51682,2.58929,0.0424838,0.161289,0.00919188,LC09_L2SP_158014_20260817_02_T1
l9siberia_r45_c20,45,20,EPSG:32643,491685.00,7222575.00,495525.00,7226415.00,74.8637,65.1439,0,0,0,290.634,296.111,299.356,295.254,2.29982,3.24448,0.184785,0.0243793,0.00418005,LC09_L2SP_158014_20260817_02_T1
l9siberia_r45_c21,45,21,EPSG:32643,495525.00,7222575.00,499365.00,7226415.00,74.9455,65.1439,0,0,0,294.346,297.498,299.883,297.489,0.980572,2.38431,0.0123379,0.100891,0.00487286,LC09_L2SP_158014_20260817_02_T1
l9siberia_r45_c22,45,22,EPSG:32643,499365.00,7222575.00,503205.00,7226415.00,75.0274,65.1439,0,0,0,294.267,297.497,304.493,297.524,1.43105,6.99634,0.017497,0.158802,0.00591447,LC09_L2SP_158014_20260817_02_T1
l9siberia_r45_c23,45,23,EPSG:32643,503205.00,7222575.00,507045.00,7226415.00,75.1093,65.1439,0,0,0,291.017,297.612,302.11,297.266,1.61615,4.49817,0.0834684,0.107513,0.0100826,LC09_L2SP_158014_20260817_02_T1
l9siberia_r45_c24,45,24,EPSG:32643,507045.00,7222575.00,510885.00,7226415.00,75.1911,65.1438,0,0,0,292.271,297.344,300.232,297.322,1.00356,2.88818,0.169683,0.101215,0.0049533,LC09_L2SP_158014_20260817_02_T1
l9siberia_r45_c25,45,25,EPSG:32643,510885.00,7222575.00,514725.00,7226415.00,75.273,65.1437,0,0,0,291.952,296.869,299.062,296.81,0.775616,2.19321,0.090691,0.064931,0.00259402,LC09_L2SP_158014_20260817_02_T1
l9siberia_r45_c26,45,26,EPSG:32643,514725.00,7222575.00,518565.00,7226415.00,75.3549,65.1435,0,0,0,292.44,299.671,304.184,299.436,1.46394,4.51303,0.0232176,0.0915898,0.00772542,LC09_L2SP_158014_20260817_02_T1
l9siberia_r45_c29,45,29,EPSG:32643,526245.00,7222575.00,530085.00,7226415.00,75.6005,65.1427,0,0,0,294.11,299.474,304.997,299.759,1.67673,5.52222,0.353709,0.221444,0.0576903,LC09_L2SP_158014_20260817_02_T1
l9siberia_r45_c30,45,30,EPSG:32643,530085.00,7222575.00,533925.00,7226415.00,75.6823,65.1424,3,0,0,292.045,297.428,300.365,297.116,1.66166,2.9371,0.0256205,0.140653,0.0154861,LC09_L2SP_158014_20260817_02_T1
l9siberia_r45_c31,45,31,EPSG:32643,533925.00,7222575.00,537765.00,7226415.00,75.7642,65.142,3,0,0,291.266,296.759,300.11,295.992,2.39701,3.35104,0.0448656,0.135568,0.0100267,LC09_L2SP_158014_20260817_02_T1
l9siberia_r45_c32,45,32,EPSG:32643,537765.00,7222575.00,541605.00,7226415.00,75.8461,65.1415,3,0,0,292.562,299.114,303.001,299.037,0.980306,3.88718,0.103765,0.111165,0.0170624,LC09_L2SP_158014_20260817_02_T1
l9siberia_r45_c33,45,33,EPSG:32643,541605.00,7222575.00,545445.00,7226415.00,75.9279,65.1411,3,0,0,293.143,299.106,301.029,299.005,0.871123,1.92258,0.509276,0.0977829,0.0720466,LC09_L2SP_158014_20260817_02_T1
l9siberia_r45_c34,45,34,EPSG:32643,545445.00,7222575.00,549285.00,7226415.00,76.0098,65.1405,3,0,0,295.684,299.64,302.506,299.679,0.902912,2.86609,0.325259,0.116377,0.0673136,LC09_L2SP_158014_20260817_02_T1
l9siberia_r45_c35,45,35,EPSG:32643,549285.00,7222575.00,553125.00,7226415.00,76.0916,65.14,3,0,0,295.448,299.322,302.719,299.365,1.04295,3.39624,0.0446297,0.121232,0.00947932,LC09_L2SP_158014_20260817_02_T1
l9siberia_r45_c36,45,36,EPSG:32643,553125.00,7222575.00,556965.00,7226415.00,76.1734,65.1393,3,0,0,295.461,298.711,301.351,298.702,0.844998,2.64017,0.0243074,0.112696,0.00728109,LC09_L2SP_158014_20260817_02_T1
l9siberia_r45_c37,45,37,EPSG:32643,556965.00,7222575.00,560805.00,7226415.00,76.2553,65.1387,3,0,0,294.881,297.873,300.682,297.85,0.722444,2.80927,0.00889188,0.151046,0.00335389,LC09_L2SP_158014_20260817_02_T1
l9siberia_r45_c38,45,38,EPSG:32643,560805.00,7222575.00,564645.00,7226415.00,76.3371,65.138,3,0,0,292.777,298.044,301.37,297.852,1.37596,3.32516,0.0126958,0.138033,0.0145984,LC09_L2SP_158014_20260817_02_T1
l9siberia_r45_c39,45,39,EPSG:32643,564645.00,7222575.00,568485.00,7226415.00,76.4189,65.1372,3,0,0,292.334,298.522,301.018,298.199,1.62455,2.49533,0.0490595,0.117813,0.0171237,LC09_L2SP_158014_20260817_02_T1
l9siberia_r45_c40,45,40,EPSG:32643,568485.00,7222575.00,572325.00,7226415.00,76.5008,65.1364,0,0,0,291.965,299.009,301.888,298.314,2.18599,2.87909,0.226071,0.11282,0.00548095,LC09_L2SP_158014_20260817_02_T1
l9siberia_r45_c41,45,41,EPSG:32643,572325.00,7222575.00,576165.00,7226415.00,76.5826,65.1356,0,0,0,292.602,297.988,301.539,297.718,1.72103,3.55112,0.0698071,0.122094,0.00993588,LC09_L2SP_158014_20260817_02_T1
l9siberia_r45_c42,45,42,EPSG:32643,576165.00,7222575.00,580005.00,7226415.00,76.6644,65.1347,0,0,0,292.459,298.406,301.85,297.772,2.11682,3.44427,0.162218,0.13398,0.0105522,LC09_L2SP_158014_20260817_02_T1
l9siberia_r45_c43,45,43,EPSG:32643,580005.00,7222575.00,583845.00,7226415.00,76.7462,65.1338,0,0,0,294.836,299.52,301.851,299.413,1.03452,2.3306,0.153423,0.119017,0.0138651,LC09_L2SP_158014_20260817_02_T1
l9siberia_r45_c44,45,44,EPSG:32643,583845.00,7222575.00,587685.00,7226415.00,76.828,65.1328,0,0,0,294.389,300.007,304.171,299.797,1.564,4.16452,0.270557,0.144393,0.0639684,LC09_L2SP_158014_20260817_02_T1
l9siberia_r45_c45,45,45,EPSG:32643,587685.00,7222575.00,591525.00,7226415.00,76.9098,65.1318,0,0,0,292.181,300.015,304.088,299.815,1.55369,4.07306,0.340097,0.16052,0.0188847,LC09_L2SP_158014_20260817_02_T1
l9siberia_r45_c47,45,47,EPSG:32643,595365.00,7222575.00,599205.00,7226415.00,77.0734,65.1296,0,0,0,292.809,299.717,302.08,299.39,1.68403,2.36368,0.0518368,0.114678,0.00454716,LC09_L2SP_158014_20260817_02_T1
l9siberia_r45_c48,45,48,EPSG:32643,599205.00,7222575.00,603045.00,7226415.00,77.1551,65.1284,0,0,0,292.399,299.209,302.039,298.561,2.22812,2.83063,0.109651,0.195606,0.0179319,LC09_L2SP_158014_20260817_02_T1
l9siberia_r45_c49,45,49,EPSG:32643,603045.00,7222575.00,606885.00,7226415.00,77.2369,65.1272,0,0,0,292.621,300,301.994,299.47,1.80186,1.99353,0.0416951,0.139203,0.00702293,LC09_L2SP_158014_20260817_02_T1
l9siberia_r45_c50,45,50,EPSG:32643,606885.00,7222575.00,610725.00,7226415.00,77.3186,65.126,2,0,0,296.126,299.546,302.65,299.478,1.10039,3.104,0.0364776,0.12455,0.0074185,LC09_L2SP_158014_20260817_02_T1
l9siberia_r45_c51,45,51,EPSG:32643,610725.00,7222575.00,614565.00,7226415.00,77.4004,65.1247,2,0,0,296.199,300.296,302.837,300.206,0.99145,2.5415,0.0210893,0.127867,0.00847832,LC09_L2SP_158014_20260817_02_T1
l9siberia_r45_c52,45,52,EPSG:32643,614565.00,7222575.00,618405.00,7226415.00,77.4821,65.1234,2,0,0,295.437,298.796,303.833,298.906,1.58883,5.03723,0.00869143,0.151235,0.00562119,LC09_L2SP_158014_20260817_02_T1
l9siberia_r46_c02,46,2,EPSG:32643,422565.00,7218735.00,426405.00,7222575.00,73.3924,65.1008,1,0,0,292.871,297.774,300.005,297.665,1.28529,2.23102,0.00891715,0.106805,0.00398207,LC09_L2SP_158014_20260817_02_T1
l9siberia_r46_c03,46,3,EPSG:32643,426405.00,7218735.00,430245.00,7222575.00,73.4741,65.1017,1,0,0,291.097,297.147,300.78,297.109,1.50622,3.63306,0.0392172,0.130885,0.0570142,LC09_L2SP_158014_20260817_02_T1
l9siberia_r46_c04,46,4,EPSG:32643,430245.00,7218735.00,434085.00,7222575.00,73.5559,65.1025,1,0,0,294.562,300.229,302.087,300.135,0.734132,1.85834,0.206414,0.0493987,0.0781426,LC09_L2SP_158014_20260817_02_T1
l9siberia_r46_c05,46,5,EPSG:32643,434085.00,7218735.00,437925.00,7222575.00,73.6376,65.1033,1,0,0,295.375,300.196,302.935,300.121,1.0679,2.73871,0.373526,0.0803233,0.0451758,LC09_L2SP_158014_20260817_02_T1
l9siberia_r46_c06,46,6,EPSG:32643,437925.00,7218735.00,441765.00,7222575.00,73.7193,65.104,1,0,0,297.358,300.436,305.43,300.527,0.979585,4.99426,0.201138,0.112715,0.0328039,LC09_L2SP_158014_20260817_02_T1
l9siberia_r46_c07,46,7,EPSG:32643,441765.00,7218735.00,445605.00,7222575.00,73.801,65.1047,1,0,0,293.706,300.487,302.454,300.076,1.59132,1.96646,0.0173057,0.0611555,0.0662242,LC09_L2SP_158014_20260817_02_T1
l9siberia_r46_c08,46,8,EPSG:32643,445605.00,7218735.00,449445.00,7222575.00,73.8828,65.1053,1,0,0,292.282,298.675,303.515,298.77,2.03269,4.8399,0.185785,0.249242,0.229561,LC09_L2SP_158014_20260817_02_T1
l9siberia_r46_c09,46,9,EPSG:32643,449445.00,7218735.00,453285.00,7222575.00,73.9645,65.1059,1,0,0,290.885,296.3,300.867,296.102,2.09797,4.5675,0.386005,0.125789,0.126783,LC09_L2SP_158014_20260817_02_T1
l9siberia_r46_c10,46,10,EPSG:32643,453285.00,7218735.00,457125.00,7222575.00,74.0463,65.1064,3,0,0,293.592,297.497,307.715,297.697,2.15955,10.2181,0.18528,0.368223,0.146715,LC09_L2SP_158014_20260817_02_T1
l9siberia_r46_c11,46,11,EPSG:32643,457125.00,7218735.00,460965.00,7222575.00,74.128,65.1069,3,0,0,294.747,297.803,305.472,297.743,1.18309,7.66916,0.233651,0.213514,0.16479,LC09_L2SP_158014_20260817_02_T1
l9siberia_r46_c12,46,12,EPSG:32643,460965.00,7218735.00,464805.00,7222575.00,74.2098,65.1074,3,0,0,295.547,297.601,300.009,297.534,0.837359,2.40823,0.229089,0.161045,0.137524,LC09_L2SP_158014_20260817_02_T1
l9siberia_r46_c13,46,13,EPSG:32643,464805.00,7218735.00,468645.00,7222575.00,74.2915,65.1078,3,0,0,295.213,297.121,299.309,297.11,0.624361,2.18732,0.230075,0.174157,0.134419,LC09_L2SP_158014_20260817_02_T1
l9siberia_r46_c14,46,14,EPSG:32643,468645.00,7218735.00,472485.00,7222575.00,74.3733,65.1082,3,0,0,294.654,297.137,299.555,297.153,0.693083,2.41745,0.297301,0.165693,0.152101,LC09_L2SP_158014_20260817_02_T1
l9siberia_r46_c15,46,15,EPSG:32643,472485.00,7218735.00,476325.00,7222575.00,74.455,65.1085,3,0,0,293.66,296.886,303.326,297.333,1.50951,6.44052,0.185097,0.199825,0.0569804,LC09_L2SP_158014_20260817_02_T1
l9siberia_r46_c16,46,16,EPSG:32643,476325.00,7218735.00,480165.00,7222575.00,74.5368,65.1088,3,0,0,294.511,297.65,311.946,299.149,3.43451,14.2965,0.0310401,0.867732,0.116038,LC09_L2SP_158014_20260817_02_T1
l9siberia_r46_c17,46,17,EPSG:32643,480165.00,7218735.00,484005.00,7222575.00,74.6185,65.109,3,0,0,291.809,297.039,299.051,296.921,0.962898,2.01193,0.0791339,0.179934,0.0127855,LC09_L2SP_158014_20260817_02_T1
l9siberia_r46_c18,46,18,EPSG:32643,484005.00,7218735.00,487845.00,7222575.00,74.7003,65.1092,3,0,0,292.832,296.367,298.495,296.375,0.59379,2.12738,0.0682267,0.179046,0.0110529,LC09_L2SP_158014_20260817_02_T1
l9siberia_r46_c19,46,19,EPSG:32643,487845.00,7218735.00,491685.00,7222575.00,74.7821,65.1093,3,0,0,291.348,296.52,298.265,296.199,1.17235,1.74503,0.0542163,0.170502,0.00966036,LC09_L2SP_158014_20260817_02_T1
l9siberia_r46_c20,46,20,EPSG:32643,491685.00,7218735.00,495525.00,7222575.00,74.8638,65.1094,0,0,0,290.767,296.041,298.72,295.236,2.06737,2.67908,0.0633721,0.0214867,0.0013537,LC09_L2SP_158014_20260817_02_T1
l9siberia_r46_c21,46,21,EPSG:32643,495525.00,7218735.00,499365.00,7222575.00,74.9456,65.1095,0,0,0,291.092,296.142,298.195,296.038,1.09003,2.0538,0.0213539,0.0319396,0.000913415,LC09_L2SP_158014_20260817_02_T1
l9siberia_r46_c22,46,22,EPSG:32643,499365.00,7218735.00,503205.00,7222575.00,75.0274,65.1095,0,0,0,291.856,296.679,299.448,296.611,0.84873,2.76895,0.00583373,0.0518525,0.00249085,LC09_L2SP_158014_20260817_02_T1
l9siberia_r46_c23,46,23,EPSG:32643,503205.00,7218735.00,507045.00,7222575.00,75.1091,65.1094,0,0,0,294.01,297.179,301.387,297.079,1.105,4.2084,0.183062,0.0833389,0.0150456,LC09_L2SP_158014_20260817_02_T1
l9siberia_r46_c24,46,24,EPSG:32643,507045.00,7218735.00,510885.00,7222575.00,75.1909,65.1093,0,0,0,291.041,297.438,300.904,297.302,1.16046,3.46524,0.16723,0.123644,0.00833814,LC09_L2SP_158014_20260817_02_T1
l9siberia_r46_c25,46,25,EPSG:32643,510885.00,7218735.00,514725.00,7222575.00,75.2727,65.1092,0,0,0,290.861,296.971,299.271,296.525,1.43794,2.2999,0.19804,0.0684365,0.00726832,LC09_L2SP_158014_20260817_02_T1
l9siberia_r46_c26,46,26,EPSG:32643,514725.00,7218735.00,518565.00,7222575.00,75.3544,65.1091,0,0,0,292.511,297.869,300.341,297.837,1.13734,2.47226,0.0865158,0.134586,0.00839328,LC09_L2SP_158014_20260817_02_T1
l9siberia_r46_c28,46,28,EPSG:32643,522405.00,7218735.00,526245.00,7222575.00,75.5179,65.1086,0,0,0,291.289,298.755,301.582,298.361,1.66628,2.82635,0.329885,0.123299,0.0703255,LC09_L2SP_158014_20260817_02_T1
l9siberia_r46_c29,46,29,EPSG:32643,526245.00,7218735.00,530085.00,7222575.00,75.5997,65.1083,0,0,0,291.861,298.769,302.914,298.53,1.50644,4.14423,0.167155,0.16275,0.0122139,LC09_L2SP_158014_20260817_02_T1
l9siberia_r46_c30,46,30,EPSG:32643,530085.00,7218735.00,533925.00,7222575.00,75.6815,65.1079,3,0,0,291.645,297.999,306.073,297.731,1.92656,8.07382,0.0284324,0.197091,0.0324255,LC09_L2SP_158014_20260817_02_T1
l9siberia_r46_c31,46,31,EPSG:32643,533925.00,7218735.00,537765.00,7222575.00,75.7632,65.1075,3,0,0,291.812,298.298,301.72,297.776,1.93936,3.42175,0.033177,0.132682,0.0182143,LC09_L2SP_158014_20260817_02_T1
l9siberia_r46_c32,46,32,EPSG:32643,537765.00,7218735.00,541605.00,7222575.00,75.845,65.1071,3,0,0,292.62,299.147,301.942,298.968,1.45422,2.7951,0.0445077,0.144749,0.0392902,LC09_L2SP_158014_20260817_02_T1
l9siberia_r46_c33,46,33,EPSG:32643,541605.00,7218735.00,545445.00,7222575.00,75.9267,65.1066,3,0,0,297.415,299.657,302.149,299.704,0.717926,2.49255,0.104005,0.0859886,0.0200305,LC09_L2SP_158014_20260817_02_T1
l9siberia_r46_c34,46,34,EPSG:32643,545445.00,7218735.00,549285.00,7222575.00,76.0085,65.1061,3,0,0,296.116,300.235,303.224,300.202,0.90892,2.98907,0.254933,0.103561,0.0527872,LC09_L2SP_158014_20260817_02_T1
l9siberia_r46_c35,46,35,EPSG:32643,549285.00,7218735.00,553125.00,7222575.00,76.0902,65.1055,3,0,0,296.801,298.993,302.528,299.072,1.01298,3.53555,0.0421133,0.132862,0.00676306,LC09_L2SP_158014_20260817_02_T1
l9siberia_r46_c36,46,36,EPSG:32643,553125.00,7218735.00,556965.00,7222575.00,76.1719,65.1049,3,0,0,294.911,298.306,301.344,298.265,0.8278,3.03806,0.0330141,0.131117,0.00357783,LC09_L2SP_158014_20260817_02_T1
l9siberia_r46_c37,46,37,EPSG:32643,556965.00,7218735.00,560805.00,7222575.00,76.2537,65.1042,3,0,0,295.664,297.976,300.267,297.963,0.772011,2.29123,0.0135531,0.140307,0.00360407,LC09_L2SP_158014_20260817_02_T1
l9siberia_r46_c38,46,38,EPSG:32643,560805.00,7218735.00,564645.00,7222575.00,76.3354,65.1035,3,0,0,295.669,298.423,301.257,298.467,0.812523,2.83392,0.0346923,0.12495,0.00788506,LC09_L2SP_158014_20260817_02_T1
l9siberia_r46_c39,46,39,EPSG:32643,564645.00,7218735.00,568485.00,7222575.00,76.4171,65.1028,3,0,0,292.677,298.6,301.113,298.349,1.29892,2.51282,0.0236608,0.119552,0.0289249,LC09_L2SP_158014_20260817_02_T1
l9siberia_r46_c40,46,40,EPSG:32643,568485.00,7218735.00,572325.00,7222575.00,76.4988,65.102,0,0,0,292.489,298.477,301.045,297.908,1.92371,2.56787,0.0725305,0.0951093,0.0036762,LC09_L2SP_158014_20260817_02_T1
l9siberia_r46_c41,46,41,EPSG:32643,572325.00,7218735.00,576165.00,7222575.00,76.5805,65.1011,0,0,0,291.742,297.676,300.948,297.001,2.36475,3.27234,0.0783331,0.061747,0.00356214,LC09_L2SP_158014_20260817_02_T1
l9siberia_r46_c42,46,42,EPSG:32643,576165.00,7218735.00,580005.00,7222575.00,76.6622,65.1003,0,0,0,292.647,298.908,302.642,298.493,1.95632,3.73352,0.119851,0.156103,0.0153219,LC09_L2SP_158014_20260817_02_T1
l9siberia_r46_c44,46,44,EPSG:32643,583845.00,7218735.00,587685.00,7222575.00,76.8256,65.0983,0,0,0,295.026,299.291,302.935,298.991,1.70632,3.64474,0.26258,0.086212,0.0312125,LC09_L2SP_158014_20260817_02_T1
l9siberia_r46_c46,46,46,EPSG:32643,591525.00,7218735.00,595365.00,7222575.00,76.989,65.0963,0,0,0,292.611,299.48,304.075,299.134,2.20068,4.59491,0.133031,0.253889,0.039518,LC09_L2SP_158014_20260817_02_T1
l9siberia_r46_c47,46,47,EPSG:32643,595365.00,7218735.00,599205.00,7222575.00,77.0707,65.0952,0,0,0,294.053,297.921,301.188,298.049,1.36541,3.26703,0.0530219,0.0871533,0.0167084,LC09_L2SP_158014_20260817_02_T1
l9siberia_r46_c48,46,48,EPSG:32643,599205.00,7218735.00,603045.00,7222575.00,77.1523,65.094,0,0,0,293.064,298.022,301.241,297.907,1.37088,3.21802,0.0815716,0.0967565,0.0161564,LC09_L2SP_158014_20260817_02_T1
l9siberia_r46_c49,46,49,EPSG:32643,603045.00,7218735.00,606885.00,7222575.00,77.234,65.0928,0,0,0,294.121,297.91,301.169,297.969,1.24113,3.2587,0.00739595,0.104412,0.0122441,LC09_L2SP_158014_20260817_02_T1
l9siberia_r46_c50,46,50,EPSG:32643,606885.00,7218735.00,610725.00,7222575.00,77.3156,65.0916,2,0,0,294.795,298.333,301.527,298.343,1.54245,3.19324,0.00937015,0.144997,0.00300652,LC09_L2SP_158014_20260817_02_T1
l9siberia_r46_c51,46,51,EPSG:32643,610725.00,7218735.00,614565.00,7222575.00,77.3973,65.0903,2,0,0,294.783,298.334,301.249,298.369,1.17442,2.91565,0.0102105,0.141115,0.00583705,LC09_L2SP_158014_20260817_02_T1
l9siberia_r46_c52,46,52,EPSG:32643,614565.00,7218735.00,618405.00,7222575.00,77.4789,65.089,2,0,0,292.013,300.772,303.381,300.016,2.21472,2.6095,0.0479697,0.286718,0.0151662,LC09_L2SP_158014_20260817_02_T1
l9siberia_r47_c01,47,1,EPSG:32643,418725.00,7214895.00,422565.00,7218735.00,73.3129,65.0655,1,0,0,291.928,298.775,302.79,298.824,2.12394,4.0155,0.0786511,0.36248,0.0341189,LC09_L2SP_158014_20260817_02_T1
l9siberia_r47_c02,47,2,EPSG:32643,422565.00,7214895.00,426405.00,7218735.00,73.3945,65.0664,1,0,0,292.462,297.405,303.644,297.485,1.53696,6.23828,0.0263404,0.168433,0.0227569,LC09_L2SP_158014_20260817_02_T1
l9siberia_r47_c03,47,3,EPSG:32643,426405.00,7214895.00,430245.00,7218735.00,73.4761,65.0673,1,0,0,292.515,299.018,301.738,298.851,1.37077,2.71954,0.0308988,0.0891014,0.0243404,LC09_L2SP_158014_20260817_02_T1
l9siberia_r47_c04,47,4,EPSG:32643,430245.00,7214895.00,434085.00,7218735.00,73.5577,65.0681,1,0,0,290.727,298.042,301.611,297.41,2.50896,3.56882,0.493358,0.104678,0.0600701,LC09_L2SP_158014_20260817_02_T1
l9siberia_r47_c05,47,5,EPSG:32643,434085.00,7214895.00,437925.00,7218735.00,73.6393,65.0688,1,0,0,290.346,298.026,301.653,296.939,3.02875,3.62753,0.156494,0.0920722,0.0229084,LC09_L2SP_158014_20260817_02_T1
l9siberia_r47_c06,47,6,EPSG:32643,437925.00,7214895.00,441765.00,7218735.00,73.721,65.0696,1,0,0,290.553,299.648,304.468,298.735,2.7463,4.82047,0.0494994,0.152686,0.039674,LC09_L2SP_158014_20260817_02_T1
l9siberia_r47_c07,47,7,EPSG:32643,441765.00,7214895.00,445605.00,7218735.00,73.8026,65.0702,1,0,0,294.63,300.225,302.06,299.946,1.1709,1.83517,0.0748949,0.0665175,0.0180293,LC09_L2SP_158014_20260817_02_T1
l9siberia_r47_c08,47,8,EPSG:32643,445605.00,7214895.00,449445.00,7218735.00,73.8842,65.0709,1,0,0,296.206,300.182,301.701,300.055,0.907838,1.51849,0.00375034,0.0425794,0.00192244,LC09_L2SP_158014_20260817_02_T1
l9siberia_r47_c09,47,9,EPSG:32643,449445.00,7214895.00,453285.00,7218735.00,73.9659,65.0714,1,0,0,290.495,296.959,301.038,296.959,2.50012,4.0791,0.128325,0.104936,0.023381,LC09_L2SP_158014_20260817_02_T1
l9siberia_r47_c10,47,10,EPSG:32643,453285.00,7214895.00,457125.00,7218735.00,74.0475,65.072,3,0,0,292.603,297.226,303.135,297.724,1.8685,5.90918,0.0221575,0.160961,0.0132058,LC09_L2SP_158014_20260817_02_T1
l9siberia_r47_c11,47,11,EPSG:32643,457125.00,7214895.00,460965.00,7218735.00,74.1291,65.0725,3,0,0,293.124,298.403,301.069,298.227,1.04849,2.66541,0.115764,0.128931,0.0405694,LC09_L2SP_158014_20260817_02_T1
l9siberia_r47_c12,47,12,EPSG:32643,460965.00,7214895.00,464805.00,7218735.00,74.2108,65.0729,3,0,0,294.822,298.408,300.473,298.388,0.816283,2.06458,0.233485,0.129201,0.116001,LC09_L2SP_158014_20260817_02_T1
l9siberia_r47_c13,47,13,EPSG:32643,464805.00,7214895.00,468645.00,7218735.00,74.2924,65.0733,3,0,0,295.418,298.537,300.422,298.512,0.674193,1.88495,0.250913,0.126495,0.172262,LC09_L2SP_158014_20260817_02_T1
l9siberia_r47_c14,47,14,EPSG:32643,468645.00,7214895.00,472485.00,7218735.00,74.3741,65.0737,3,0,0,295.213,298.02,300.231,298.064,0.850862,2.21121,0.233299,0.142224,0.159859,LC09_L2SP_158014_20260817_02_T1
l9siberia_r47_c15,47,15,EPSG:32643,472485.00,7214895.00,476325.00,7218735.00,74.4557,65.074,3,0,0,291.46,297.794,306.296,297.87,1.74222,8.50171,0.248275,0.262094,0.207561,LC09_L2SP_158014_20260817_02_T1
l9siberia_r47_c16,47,16,EPSG:32643,476325.00,7214895.00,480165.00,7218735.00,74.5374,65.0743,3,0,0,291.003,297.187,308.612,297.766,2.66388,11.425,0.250359,0.511461,0.245466,LC09_L2SP_158014_20260817_02_T1
l9siberia_r47_c17,47,17,EPSG:32643,480165.00,7214895.00,484005.00,7218735.00,74.619,65.0745,3,0,0,290.423,295.741,298.02,295.356,1.58537,2.27863,0.172874,0.174517,0.0343964,LC09_L2SP_158014_20260817_02_T1
l9siberia_r47_c18,47,18,EPSG:32643,484005.00,7214895.00,487845.00,7218735.00,74.7007,65.0747,3,0,0,290.89,296.279,298.58,296.1,1.10444,2.30161,0.0519273,0.169628,0.0092144,LC09_L2SP_158014_20260817_02_T1
l9siberia_r47_c19,47,19,EPSG:32643,487845.00,7214895.00,491685.00,7218735.00,74.7823,65.0749,3,0,0,290.998,296.765,298.425,296.482,1.12519,1.65991,0.0409431,0.176735,0.0128457,LC09_L2SP_158014_20260817_02_T1
l9siberia_r47_c20,47,20,EPSG:32643,491685.00,7214895.00,495525.00,7218735.00,74.864,65.075,0,0,0,290.945,296.993,299.715,296.587,1.60209,2.72192,0.0981527,0.0637179,0.00348695,LC09_L2SP_158014_20260817_02_T1
l9siberia_r47_c21,47,21,EPSG:32643,495525.00,7214895.00,499365.00,7218735.00,74.9457,65.075,0,0,0,290.781,296.346,298.611,296.093,1.54013,2.26529,0.0236269,0.0345995,0.0010636,LC09_L2SP_158014_20260817_02_T1
l9siberia_r47_c22,47,22,EPSG:32643,499365.00,7214895.00,503205.00,7218735.00,75.0273,65.075,0,0,0,291.466,295.947,297.911,295.848,0.920768,1.96387,0.0542509,0.0273659,0.00215002,LC09_L2SP_158014_20260817_02_T1
l9siberia_r47_c23,47,23,EPSG:32643,503205.00,7214895.00,507045.00,7218735.00,75.109,65.075,0,0,0,292.248,296.852,298.521,296.76,0.685942,1.66864,0.0265585,0.0646553,0.00401189,LC09_L2SP_158014_20260817_02_T1
l9siberia_r47_c24,47,24,EPSG:32643,507045.00,7214895.00,510885.00,7218735.00,75.1906,65.0749,0,0,0,291.51,296.698,299.522,296.539,1.07525,2.82336,0.0760677,0.0644201,0.00897634,LC09_L2SP_158014_20260817_02_T1
l9siberia_r47_c25,47,25,EPSG:32643,510885.00,7214895.00,514725.00,7218735.00,75.2723,65.0748,0,0,0,290.481,297.145,301.327,296.834,1.71355,4.18268,0.0291596,0.0883953,0.00419452,LC09_L2SP_158014_20260817_02_T1
l9siberia_r47_c26,47,26,EPSG:32643,514725.00,7214895.00,518565.00,7218735.00,75.354,65.0746,0,0,0,291.143,297.614,303.96,297.348,1.92058,6.34579,0.100558,0.157676,0.00874223,LC09_L2SP_158014_20260817_02_T1
l9siberia_r47_c27,47,27,EPSG:32643,518565.00,7214895.00,522405.00,7218735.00,75.4356,65.0744,0,0,0,292.906,298.255,301.234,298.243,0.946381,2.97845,0.237637,0.120058,0.0101489,LC09_L2SP_158014_20260817_02_T1
l9siberia_r47_c28,47,28,EPSG:32643,522405.00,7214895.00,526245.00,7218735.00,75.5173,65.0741,0,0,0,291.102,299.014,301.12,298.723,1.35187,2.10605,0.295198,0.11816,0.0336815,LC09_L2SP_158014_20260817_02_T1
l9siberia_r47_c29,47,29,EPSG:32643,526245.00,7214895.00,530085.00,7218735.00,75.5989,65.0738,0,0,0,290.792,298.738,300.684,298.17,1.71708,1.94614,0.20692,0.120191,0.0134971,LC09_L2SP_158014_20260817_02_T1
l9siberia_r47_c30,47,30,EPSG:32643,530085.00,7214895.00,533925.00,7218735.00,75.6806,65.0735,3,0,0,292.484,298.416,300.277,298.237,1.12663,1.86115,0.0481451,0.134665,0.0212211,LC09_L2SP_158014_20260817_02_T1
l9siberia_r47_c31,47,31,EPSG:32643,533925.00,7214895.00,537765.00,7218735.00,75.7622,65.0731,3,0,0,291.969,298.761,300.556,298.582,1.15506,1.79501,0.0960121,0.129328,0.0302653,LC09_L2SP_158014_20260817_02_T1
l9siberia_r47_c32,47,32,EPSG:32643,537765.00,7214895.00,541605.00,7218735.00,75.8439,65.0726,3,0,0,291.828,298.628,301.231,298.179,1.74529,2.603,0.0449413,0.125215,0.0223784,LC09_L2SP_158014_20260817_02_T1
l9siberia_r47_c33,47,33,EPSG:32643,541605.00,7214895.00,545445.00,7218735.00,75.9255,65.0722,3,0,0,292.026,298.802,301.084,298.705,1.14952,2.28174,0.341913,0.111925,0.0412307,LC09_L2SP_158014_20260817_02_T1
l9siberia_r47_c34,47,34,EPSG:32643,545445.00,7214895.00,549285.00,7218735.00,76.0071,65.0716,3,0,0,297.156,299.294,301.285,299.256,0.701665,1.99103,0.12859,0.103581,0.0187809,LC09_L2SP_158014_20260817_02_T1
l9siberia_r47_c35,47,35,EPSG:32643,549285.00,7214895.00,553125.00,7218735.00,76.0888,65.0711,3,0,0,297.224,299.049,301.2,299.052,0.716315,2.15094,0.101276,0.104123,0.0109118,LC09_L2SP_158014_20260817_02_T1
l9siberia_r47_c36,47,36,EPSG:32643,553125.00,7214895.00,556965.00,7218735.00,76.1704,65.0704,3,0,0,283.368,298.93,301.493,298.449,2.21734,2.56277,0.666069,0.132683,0.162832,LC09_L2SP_158014_20260817_02_T1
l9siberia_r47_c37,47,37,EPSG:32643,556965.00,7214895.00,560805.00,7218735.00,76.252,65.0698,3,0,0,296.039,298.136,300.404,298.209,0.748605,2.26752,0.0093259,0.131866,0.0031373,LC09_L2SP_158014_20260817_02_T1
l9siberia_r47_c38,47,38,EPSG:32643,560805.00,7214895.00,564645.00,7218735.00,76.3337,65.0691,3,0,0,295.957,298.027,301.435,298.05,0.76169,3.40805,0.0122266,0.14269,0.00382635,LC09_L2SP_158014_20260817_02_T1
l9siberia_r47_c39,47,39,EPSG:32643,564645.00,7214895.00,568485.00,7218735.00,76.4153,65.0683,3,0,0,296.256,298.656,301.203,298.692,0.832256,2.54672,0.0354124,0.118538,0.00796248,LC09_L2SP_158014_20260817_02_T1
l9siberia_r47_c40,47,40,EPSG:32643,568485.00,7214895.00,572325.00,7218735.00,76.4969,65.0675,0,0,0,294.067,298.341,301.142,298.191,1.12938,2.80048,0.0173415,0.110446,0.00870964,LC09_L2SP_158014_20260817_02_T1
l9siberia_r47_c41,47,41,EPSG:32643,572325.00,7214895.00,576165.00,7218735.00,76.5785,65.0667,0,0,0,294.561,298.181,302.351,298.101,1.54026,4.17007,0.0277157,0.0858611,0.00933571,LC09_L2SP_158014_20260817_02_T1
l9siberia_r47_c42,47,42,EPSG:32643,576165.00,7214895.00,580005.00,7218735.00,76.6601,65.0658,0,0,0,295.113,298.929,303.454,298.568,1.5305,4.52533,0.262365,0.111281,0.0349653,LC09_L2SP_158014_20260817_02_T1
l9siberia_r47_c43,47,43,EPSG:32643,580005.00,7214895.00,583845.00,7218735.00,76.7417,65.0649,0,0,0,295.222,298.894,301.497,298.552,1.4576,2.60287,0.129582,0.090554,0.0102616,LC09_L2SP_158014_20260817_02_T1
l9siberia_r47_c44,47,44,EPSG:32643,583845.00,7214895.00,587685.00,7218735.00,76.8233,65.0639,0,0,0,293.127,299.855,301.923,299.511,1.35243,2.0679,0.205909,0.0794982,0.0291658,LC09_L2SP_158014_20260817_02_T1
l9siberia_r47_c46,47,46,EPSG:32643,591525.00,7214895.00,595365.00,7218735.00,76.9864,65.0618,0,0,0,292.342,299.707,303.074,299.201,2.05239,3.36667,0.110952,0.145982,0.0128286,LC09_L2SP_158014_20260817_02_T1
l9siberia_r47_c47,47,47,EPSG:32643,595365.00,7214895.00,599205.00,7218735.00,77.068,65.0607,0,0,0,292.22,298.805,303.233,298.708,1.56561,4.42773,0.0954593,0.148467,0.0225502,LC09_L2SP_158014_20260817_02_T1
l9siberia_r47_c48,47,48,EPSG:32643,599205.00,7214895.00,603045.00,7218735.00,77.1496,65.0596,0,0,0,294.466,299.089,301.896,299.078,1.14233,2.80786,0.0521143,0.10427,0.00866695,LC09_L2SP_158014_20260817_02_T1
l9siberia_r47_c49,47,49,EPSG:32643,603045.00,7214895.00,606885.00,7218735.00,77.2311,65.0584,0,0,0,293.729,298.748,301.532,298.737,1.27809,2.78369,0.0298382,0.100411,0.00697345,LC09_L2SP_158014_20260817_02_T1
l9siberia_r47_c50,47,50,EPSG:32643,606885.00,7214895.00,610725.00,7218735.00,77.3127,65.0571,2,0,0,295.305,300.067,305.58,299.787,1.86928,5.5134,0.0443459,0.197088,0.0150453,LC09_L2SP_158014_20260817_02_T1
l9siberia_r47_c51,47,51,EPSG:32643,610725.00,7214895.00,614565.00,7218735.00,77.3942,65.0559,2,0,0,293.009,301.03,302.852,300.674,1.43672,1.82208,0.0472515,0.18878,0.0384112,LC09_L2SP_158014_20260817_02_T1
l9siberia_r47_c52,47,52,EPSG:32643,614565.00,7214895.00,618405.00,7218735.00,77.4757,65.0545,2,0,0,285.637,300.198,302.64,299.153,3.0233,2.44153,0.318297,0.278096,0.108881,LC09_L2SP_158014_20260817_02_T1
l9siberia_r48_c04,48,4,EPSG:32643,430245.00,7211055.00,434085.00,7214895.00,73.5596,65.0336,1,0,0,290.536,298.529,301.245,297.569,2.58242,2.71573,0.404491,0.109054,0.0365716,LC09_L2SP_158014_20260817_02_T1
l9siberia_r48_c05,48,5,EPSG:32643,434085.00,7211055.00,437925.00,7214895.00,73.6411,65.0344,1,0,0,290.461,296.884,300.092,296.171,2.70535,3.20871,0.506376,0.12661,0.0427322,LC09_L2SP_158014_20260817_02_T1
l9siberia_r48_c06,48,6,EPSG:32643,437925.00,7211055.00,441765.00,7214895.00,73.7226,65.0351,1,0,0,290.545,296.511,301.176,295.985,2.51959,4.66534,0.395637,0.121835,0.111458,LC09_L2SP_158014_20260817_02_T1
l9siberia_r48_c07,48,7,EPSG:32643,441765.00,7211055.00,445605.00,7214895.00,73.8041,65.0358,1,0,0,290.25,297.322,300.618,296.404,2.83303,3.29672,0.316887,0.0970891,0.0310295,LC09_L2SP_158014_20260817_02_T1
l9siberia_r48_c08,48,8,EPSG:32643,445605.00,7211055.00,449445.00,7214895.00,73.8857,65.0364,1,0,0,296.226,299.423,302.253,299.452,0.550983,2.83026,0.0142273,0.0542723,0.00271957,LC09_L2SP_158014_20260817_02_T1
l9siberia_r48_c09,48,9,EPSG:32643,449445.00,7211055.00,453285.00,7214895.00,73.9672,65.037,1,0,0,291.071,298.278,303.506,297.438,2.31122,5.22791,0.491112,0.17446,0.238918,LC09_L2SP_158014_20260817_02_T1
l9siberia_r48_c10,48,10,EPSG:32643,453285.00,7211055.00,457125.00,7214895.00,74.0487,65.0375,3,0,0,291.056,295.966,300.521,296.044,0.932841,4.55417,0.0589801,0.172208,0.0045599,LC09_L2SP_158014_20260817_02_T1
l9siberia_r48_c11,48,11,EPSG:32643,457125.00,7211055.00,460965.00,7214895.00,74.1303,65.038,3,0,0,293.528,296.62,301.89,297.041,1.5546,5.26978,0.0126428,0.153002,0.00691508,LC09_L2SP_158014_20260817_02_T1
l9siberia_r48_c12,48,12,EPSG:32643,460965.00,7211055.00,464805.00,7214895.00,74.2118,65.0385,3,0,0,294.834,299.327,302.363,298.956,1.46937,3.03558,0.0161549,0.0917325,0.0109771,LC09_L2SP_158014_20260817_02_T1
l9siberia_r48_c13,48,13,EPSG:32643,464805.00,7211055.00,468645.00,7214895.00,74.2933,65.0389,3,0,0,295.435,300.22,302.634,299.601,1.57096,2.41348,0.271487,0.0769358,0.0709273,LC09_L2SP_158014_20260817_02_T1
l9siberia_r48_c14,48,14,EPSG:32643,468645.00,7211055.00,472485.00,7214895.00,74.3749,65.0393,3,0,0,294.604,298.585,302.199,298.68,1.20914,3.61359,0.302229,0.125172,0.117066,LC09_L2SP_158014_20260817_02_T1
l9siberia_r48_c15,48,15,EPSG:32643,472485.00,7211055.00,476325.00,7214895.00,74.4564,65.0396,3,0,0,293.182,297.728,300.958,297.753,0.859668,3.22964,0.22246,0.148931,0.129452,LC09_L2SP_158014_20260817_02_T1
l9siberia_r48_c16,48,16,EPSG:32643,476325.00,7211055.00,480165.00,7214895.00,74.538,65.0398,3,0,0,292.26,297.327,299.805,297.22,0.995059,2.47842,0.249035,0.163474,0.130964,LC09_L2SP_158014_20260817_02_T1
l9siberia_r48_c17,48,17,EPSG:32643,480165.00,7211055.00,484005.00,7214895.00,74.6195,65.0401,3,0,0,292.568,296.71,298.781,296.634,0.733154,2.07086,0.259673,0.177738,0.135004,LC09_L2SP_158014_20260817_02_T1
l9siberia_r48_c18,48,18,EPSG:32643,484005.00,7211055.00,487845.00,7214895.00,74.7011,65.0403,3,0,0,290.955,295.333,297.266,295.201,1.04781,1.93277,0.424737,0.173078,0.145071,LC09_L2SP_158014_20260817_02_T1
l9siberia_r48_c19,48,19,EPSG:32643,487845.00,7211055.00,491685.00,7214895.00,74.7826,65.0404,3,0,0,291.919,295.911,299.127,296.034,0.995574,3.21628,0.225248,0.169572,0.0462116,LC09_L2SP_158014_20260817_02_T1
l9siberia_r48_c20,48,20,EPSG:32643,491685.00,7211055.00,495525.00,7214895.00,74.8642,65.0405,0,0,0,293.164,297.087,299.263,297.047,0.830254,2.17609,0.0818784,0.0816899,0.00217362,LC09_L2SP_158014_20260817_02_T1
l9siberia_r48_c21,48,21,EPSG:32643,495525.00,7211055.00,499365.00,7214895.00,74.9457,65.0406,0,0,0,291.468,296.932,299.117,296.817,1.03524,2.18524,0.0690034,0.0789334,0.00276218,LC09_L2SP_158014_20260817_02_T1
l9siberia_r48_c22,48,22,EPSG:32643,499365.00,7211055.00,503205.00,7214895.00,75.0273,65.0406,0,0,0,291.961,296.538,298.023,296.445,0.78138,1.4856,0.121166,0.0488788,0.00349843,LC09_L2SP_158014_20260817_02_T1
l9siberia_r48_c23,48,23,EPSG:32643,503205.00,7211055.00,507045.00,7214895.00,75.1088,65.0405,0,0,0,292.232,296.174,297.402,296.15,0.599184,1.22833,0.0807458,0.0342447,0.0136151,LC09_L2SP_158014_20260817_02_T1
l9siberia_r48_c24,48,24,EPSG:32643,507045.00,7211055.00,510885.00,7214895.00,75.1904,65.0404,0,0,0,293.801,296.679,298.852,296.653,0.81566,2.17325,0.125072,0.062812,0.00762805,LC09_L2SP_158014_20260817_02_T1
l9siberia_r48_c25,48,25,EPSG:32643,510885.00,7211055.00,514725.00,7214895.00,75.272,65.0403,0,0,0,291.31,296.926,299.115,296.613,1.31462,2.189,0.0813858,0.0788892,0.00399016,LC09_L2SP_158014_20260817_02_T1
l9siberia_r48_c26,48,26,EPSG:32643,514725.00,7211055.00,518565.00,7214895.00,75.3535,65.0401,0,0,0,290.917,298.075,300.652,297.546,1.74113,2.57779,0.0668098,0.130164,0.00542572,LC09_L2SP_158014_20260817_02_T1
l9siberia_r48_c27,48,27,EPSG:32643,518565.00,7211055.00,522405.00,7214895.00,75.4351,65.0399,0,0,0,291.642,298.439,300.421,298.243,1.14427,1.98184,0.262009,0.140961,0.0200313,LC09_L2SP_158014_20260817_02_T1
l9siberia_r48_c28,48,28,EPSG:32643,522405.00,7211055.00,526245.00,7214895.00,75.5166,65.0397,0,0,0,291.183,298.892,301.806,298.521,1.5467,2.91376,0.155411,0.113728,0.0233654,LC09_L2SP_158014_20260817_02_T1
l9siberia_r48_c29,48,29,EPSG:32643,526245.00,7211055.00,530085.00,7214895.00,75.5982,65.0394,0,0,0,291.098,298.542,306.02,298.205,1.76236,7.47864,0.313955,0.17699,0.0360106,LC09_L2SP_158014_20260817_02_T1
l9siberia_r48_c30,48,30,EPSG:32643,530085.00,7211055.00,533925.00,7214895.00,75.6797,65.039,3,0,0,290.986,298.218,302.296,297.398,2.35431,4.07742,0.0478004,0.136733,0.020752,LC09_L2SP_158014_20260817_02_T1
l9siberia_r48_c31,48,31,EPSG:32643,533925.00,7211055.00,537765.00,7214895.00,75.7612,65.0386,3,0,0,291.677,298.702,300.785,298.375,1.34119,2.08347,0.0577381,0.138532,0.0307285,LC09_L2SP_158014_20260817_02_T1
l9siberia_r48_c32,48,32,EPSG:32643,537765.00,7211055.00,541605.00,7214895.00,75.8428,65.0382,3,0,0,286.441,298.186,301.095,297.806,1.67084,2.9093,0.422779,0.136734,0.0942991,LC09_L2SP_158014_20260817_02_T1
l9siberia_r48_c33,48,33,EPSG:32643,541605.00,7211055.00,545445.00,7214895.00,75.9243,65.0377,3,0,0,292.468,298.938,301.303,298.751,1.29094,2.36453,0.0451403,0.114665,0.0270393,LC09_L2SP_158014_20260817_02_T1
l9siberia_r48_c34,48,34,EPSG:32643,545445.00,7211055.00,549285.00,7214895.00,76.0058,65.0372,3,0,0,292.316,298.814,301.47,298.826,0.849515,2.6564,0.122085,0.127645,0.0239995,LC09_L2SP_158014_20260817_02_T1
l9siberia_r48_c35,48,35,EPSG:32643,549285.00,7211055.00,553125.00,7214895.00,76.0874,65.0366,3,0,0,295.037,298.553,301.388,298.669,0.889391,2.83505,0.0243363,0.122628,0.00395814,LC09_L2SP_158014_20260817_02_T1
l9siberia_r48_c36,48,36,EPSG:32643,553125.00,7211055.00,556965.00,7214895.00,76.1689,65.036,3,0,0,296.459,299.407,304.18,299.471,1.19194,4.77301,0.0247297,0.146049,0.00969626,LC09_L2SP_158014_20260817_02_T1
l9siberia_r48_c37,48,37,EPSG:32643,556965.00,7211055.00,560805.00,7214895.00,76.2504,65.0353,3,0,0,296.292,299.129,303.18,299.206,1.22329,4.05173,0.0190607,0.171718,0.00826689,LC09_L2SP_158014_20260817_02_T1
l9siberia_r48_c38,48,38,EPSG:32643,560805.00,7211055.00,564645.00,7214895.00,76.3319,65.0346,3,0,0,296.444,298.949,303.058,299.106,1.20849,4.1087,0.0357997,0.117398,0.0152918,LC09_L2SP_158014_20260817_02_T1
l9siberia_r48_c41,48,41,EPSG:32643,572325.00,7211055.00,576165.00,7214895.00,76.5765,65.0323,0,0,0,292.804,299.297,310.497,299.201,1.29716,11.1997,0.0677149,0.209939,0.0125845,LC09_L2SP_158014_20260817_02_T1
l9siberia_r48_c42,48,42,EPSG:32643,576165.00,7211055.00,580005.00,7214895.00,76.658,65.0314,0,0,0,293.368,298.959,301.479,298.854,1.06334,2.51974,0.101444,0.124763,0.0182025,LC09_L2SP_158014_20260817_02_T1
l9siberia_r48_c43,48,43,EPSG:32643,580005.00,7211055.00,583845.00,7214895.00,76.7394,65.0304,0,0,0,293.147,299.232,301.62,298.95,1.41199,2.38803,0.101561,0.129484,0.00305116,LC09_L2SP_158014_20260817_02_T1
l9siberia_r48_c46,48,46,EPSG:32643,591525.00,7211055.00,595365.00,7214895.00,76.9839,65.0274,0,0,0,292.193,299.449,301.793,298.768,2.21824,2.34412,0.193582,0.134877,0.00886004,LC09_L2SP_158014_20260817_02_T1
l9siberia_r48_c47,48,47,EPSG:32643,595365.00,7211055.00,599205.00,7214895.00,77.0653,65.0263,0,0,0,292.255,299.555,302.305,299.27,1.60937,2.75024,0.0534124,0.114284,0.00317163,LC09_L2SP_158014_20260817_02_T1
l9siberia_r48_c48,48,48,EPSG:32643,599205.00,7211055.00,603045.00,7214895.00,77.1468,65.0251,0,0,0,291.851,299.314,302.497,298.669,2.10976,3.18311,0.028807,0.150349,0.004815,LC09_L2SP_158014_20260817_02_T1
l9siberia_r48_c49,48,49,EPSG:32643,603045.00,7211055.00,606885.00,7214895.00,77.2282,65.024,0,0,0,292.369,299.709,302.055,299.014,2.35676,2.34576,0.0611426,0.083802,0.00992702,LC09_L2SP_158014_20260817_02_T1
l9siberia_r48_c50,48,50,EPSG:32643,606885.00,7211055.00,610725.00,7214895.00,77.3097,65.0227,2,0,0,292.316,300.448,307.154,300.199,2.17596,6.70605,0.0541522,0.388057,0.0299207,LC09_L2SP_158014_20260817_02_T1
l9siberia_r48_c51,48,51,EPSG:32643,610725.00,7211055.00,614565.00,7214895.00,77.3911,65.0214,2,0,0,292.09,300.201,302.789,299.59,2.26553,2.58795,0.0473262,0.250759,0.0191134,LC09_L2SP_158014_20260817_02_T1
l9siberia_r49_c07,49,7,EPSG:32643,441765.00,7207215.00,445605.00,7211055.00,73.8057,65.0013,1,0,0,291.195,298.754,300.975,298.053,2.05413,2.22031,0.330357,0.0946671,0.0867209,LC09_L2SP_158014_20260817_02_T1
l9siberia_r49_c08,49,8,EPSG:32643,445605.00,7207215.00,449445.00,7211055.00,73.8871,65.002,1,0,0,291.51,298.997,302.313,298.468,2.02893,3.31659,0.124632,0.0849703,0.0818893,LC09_L2SP_158014_20260817_02_T1
l9siberia_r49_c09,49,9,EPSG:32643,449445.00,7207215.00,453285.00,7211055.00,73.9685,65.0025,1,0,0,290.882,297.159,304.467,297.18,1.69718,7.30765,0.020112,0.136038,0.00859283,LC09_L2SP_158014_20260817_02_T1
l9siberia_r49_c10,49,10,EPSG:32643,453285.00,7207215.00,457125.00,7211055.00,74.0499,65.0031,3,0,0,290.914,295.743,298.976,295.379,1.45576,3.23212,0.336453,0.166586,0.00641939,LC09_L2SP_158014_20260817_02_T1
l9siberia_r49_c11,49,11,EPSG:32643,457125.00,7207215.00,460965.00,7211055.00,74.1314,65.0036,3,0,0,291.404,295.75,301.751,295.741,1.14225,6.00119,0.196578,0.173515,0.0076401,LC09_L2SP_158014_20260817_02_T1
l9siberia_r49_c12,49,12,EPSG:32643,460965.00,7207215.00,464805.00,7211055.00,74.2128,65.004,3,0,0,291.829,296.472,302.574,297.293,2.24193,6.1015,0.0883391,0.145166,0.00867374,LC09_L2SP_158014_20260817_02_T1
l9siberia_r49_c13,49,13,EPSG:32643,464805.00,7207215.00,468645.00,7211055.00,74.2942,65.0044,3,0,0,294.591,298.471,303.127,298.621,2.34412,4.65543,0.1526,0.127774,0.0109149,LC09_L2SP_158014_20260817_02_T1
l9siberia_r49_c14,49,14,EPSG:32643,468645.00,7207215.00,472485.00,7211055.00,74.3757,65.0048,3,0,0,294.588,299.588,301.94,298.901,1.81235,2.35211,0.12383,0.0906417,0.0281513,LC09_L2SP_158014_20260817_02_T1
l9siberia_r49_c15,49,15,EPSG:32643,472485.00,7207215.00,476325.00,7211055.00,74.4571,65.0051,3,0,0,293.194,298.571,301.078,298.479,1.18584,2.50684,0.176961,0.111171,0.0725215,LC09_L2SP_158014_20260817_02_T1
l9siberia_r49_c16,49,16,EPSG:32643,476325.00,7207215.00,480165.00,7211055.00,74.5386,65.0054,3,0,0,291.978,297.922,300.478,297.722,1.30738,2.55688,0.246289,0.139631,0.120555,LC09_L2SP_158014_20260817_02_T1
l9siberia_r49_c17,49,17,EPSG:32643,480165.00,7207215.00,484005.00,7211055.00,74.62,65.0056,3,0,0,291.27,297.413,299.913,297.3,1.32577,2.50006,0.317457,0.150615,0.0979526,LC09_L2SP_158014_20260817_02_T1
l9siberia_r49_c18,49,18,EPSG:32643,484005.00,7207215.00,487845.00,7211055.00,74.7015,65.0058,3,0,0,291.021,296.762,299.31,296.603,1.2752,2.54745,0.278618,0.181068,0.131475,LC09_L2SP_158014_20260817_02_T1
l9siberia_r49_c19,49,19,EPSG:32643,487845.00,7207215.00,491685.00,7211055.00,74.7829,65.0059,3,0,0,291.691,296.07,298.896,296.087,1.18451,2.82626,0.40235,0.171909,0.159533,LC09_L2SP_158014_20260817_02_T1
l9siberia_r49_c20,49,20,EPSG:32643,491685.00,7207215.00,495525.00,7211055.00,74.8644,65.006,0,5,1,290.577,295.652,299.462,295.496,1.17498,3.81021,0.462515,0.0193786,0.0171692,LC09_L2SP_158014_20260817_02_T1
l9siberia_r49_c21,49,21,EPSG:32643,495525.00,7207215.00,499365.00,7211055.00,74.9458,65.0061,0,0,0,291.326,296.617,302.527,296.804,1.72268,5.9101,0.0942374,0.052725,0.00322445,LC09_L2SP_158014_20260817_02_T1
l9siberia_r49_c22,49,22,EPSG:32643,499365.00,7207215.00,503205.00,7211055.00,75.0273,65.0061,0,0,0,292.658,296.951,299.305,296.892,0.650564,2.35461,0.0194195,0.0636865,0.00176922,LC09_L2SP_158014_20260817_02_T1
l9siberia_r49_c23,49,23,EPSG:32643,503205.00,7207215.00,507045.00,7211055.00,75.1087,65.0061,0,0,0,293.808,296.731,299.26,296.674,0.7299,2.5289,0.284741,0.0656896,0.027597,LC09_L2SP_158014_20260817_02_T1
l9siberia_r49_c24,49,24,EPSG:32643,507045.00,7207215.00,510885.00,7211055.00,75.1902,65.006,0,0,0,292.723,297.365,300.423,297.244,1.24297,3.05817,0.286301,0.0739119,0.0238622,LC09_L2SP_158014_20260817_02_T1
l9siberia_r49_c25,49,25,EPSG:32643,510885.00,7207215.00,514725.00,7211055.00,75.2716,65.0059,0,0,0,294.772,297.708,300.831,297.699,0.992232,3.12317,0.284495,0.10092,0.0165412,LC09_L2SP_158014_20260817_02_T1
l9siberia_r49_c27,49,27,EPSG:32643,518565.00,7207215.00,522405.00,7211055.00,75.4345,65.0055,0,0,0,291.615,298.501,306.448,298.346,1.47764,7.9473,0.302112,0.182038,0.0155732,LC09_L2SP_158014_20260817_02_T1
l9siberia_r49_c28,49,28,EPSG:32643,522405.00,7207215.00,526245.00,7211055.00,75.5159,65.0052,0,0,0,290.864,298.016,300.258,297.601,1.63366,2.24222,0.318796,0.132075,0.0130333,LC09_L2SP_158014_20260817_02_T1
l9siberia_r49_c29,49,29,EPSG:32643,526245.00,7207215.00,530085.00,7211055.00,75.5974,65.0049,0,0,0,290.991,297.979,300.443,297.52,1.8528,2.46405,0.135801,0.126976,0.0140959,LC09_L2SP_158014_20260817_02_T1
l9siberia_r49_c30,49,30,EPSG:32643,530085.00,7207215.00,533925.00,7211055.00,75.6788,65.0046,3,0,0,290.97,298.664,300.692,298.282,1.52369,2.02814,0.0693873,0.126335,0.021871,LC09_L2SP_158014_20260817_02_T1
l9siberia_r49_c31,49,31,EPSG:32643,533925.00,7207215.00,537765.00,7211055.00,75.7603,65.0042,3,0,0,290.972,299.205,301.449,298.852,1.47652,2.24414,0.0814862,0.113766,0.0337152,LC09_L2SP_158014_20260817_02_T1
l9siberia_r49_c32,49,32,EPSG:32643,537765.00,7207215.00,541605.00,7211055.00,75.8417,65.0037,3,0,0,290.987,299.164,302.29,298.84,1.58599,3.12598,0.124295,0.113896,0.0259918,LC09_L2SP_158014_20260817_02_T1
l9siberia_r49_c33,49,33,EPSG:32643,541605.00,7207215.00,545445.00,7211055.00,75.9231,65.0033,3,0,0,292.538,299.643,301.466,299.554,0.946,1.823,0.251853,0.0991389,0.0273248,LC09_L2SP_158014_20260817_02_T1
l9siberia_r49_c34,49,34,EPSG:32643,545445.00,7207215.00,549285.00,7211055.00,76.0046,65.0027,3,0,0,294.566,299.39,303.026,299.329,1.24725,3.63605,0.35336,0.106058,0.0236204,LC09_L2SP_158014_20260817_02_T1
l9siberia_r49_c35,49,35,EPSG:32643,549285.00,7207215.00,553125.00,7211055.00,76.086,65.0022,3,0,0,296.216,300.075,302.659,300.009,0.94088,2.58386,0.0654314,0.100893,0.0111274,LC09_L2SP_158014_20260817_02_T1
l9siberia_r49_c36,49,36,EPSG:32643,553125.00,7207215.00,556965.00,7211055.00,76.1674,65.0015,3,0,0,296.899,300.296,303.065,300.286,1.00391,2.76877,0.0582307,0.135259,0.016121,LC09_L2SP_158014_20260817_02_T1
l9siberia_r49_c37,49,37,EPSG:32643,556965.00,7207215.00,560805.00,7211055.00,76.2488,65.0009,3,0,0,293.631,300.4,302.799,300.307,1.36245,2.3996,0.0474172,0.128771,0.0225913,LC09_L2SP_158014_20260817_02_T1
l9siberia_r49_c38,49,38,EPSG:32643,560805.00,7207215.00,564645.00,7211055.00,76.3302,65.0002,3,0,0,293.881,299.504,304.333,299.364,1.452,4.82877,0.0513884,0.175122,0.0242767,LC09_L2SP_158014_20260817_02_T1
l9siberia_r49_c40,49,40,EPSG:32643,568485.00,7207215.00,572325.00,7211055.00,76.493,64.9986,0,0,0,291.492,298.664,303.618,298.627,1.80423,4.95432,0.0713128,0.148299,0.0495479,LC09_L2SP_158014_20260817_02_T1
l9siberia_r49_c41,49,41,EPSG:32643,572325.00,7207215.00,576165.00,7211055.00,76.5744,64.9978,0,0,0,293.662,300.028,308.57,300.023,1.29877,8.54169,0.133095,0.12292,0.0162731,LC09_L2SP_158014_20260817_02_T1
l9siberia_r49_c42,49,42,EPSG:32643,576165.00,7207215.00,580005.00,7211055.00,76.6558,64.9969,0,0,0,292.171,299.786,302.916,299.492,1.62402,3.13013,0.14062,0.129897,0.0198555,LC09_L2SP_158014_20260817_02_T1
l9siberia_r49_c43,49,43,EPSG:32643,580005.00,7207215.00,583845.00,7211055.00,76.7372,64.996,0,0,0,293.701,299.692,303.086,299.507,1.55759,3.39435,0.0781668,0.166475,0.00679333,LC09_L2SP_158014_20260817_02_T1
l9siberia_r49_c45,49,45,EPSG:32643,587685.00,7207215.00,591525.00,7211055.00,76.9,64.994,0,0,0,291.877,299.015,302.651,297.888,3.09251,3.63571,0.188035,0.217251,0.0256723,LC09_L2SP_158014_20260817_02_T1
l9siberia_r49_c46,49,46,EPSG:32643,591525.00,7207215.00,595365.00,7211055.00,76.9813,64.993,0,0,0,291.995,299.404,303.169,298.536,2.6545,3.76505,0.313004,0.33261,0.0272876,LC09_L2SP_158014_20260817_02_T1
l9siberia_r49_c47,49,47,EPSG:32643,595365.00,7207215.00,599205.00,7211055.00,77.0627,64.9919,0,0,0,292.467,299.337,301.737,298.952,1.79302,2.39944,0.176905,0.158926,0.0129466,LC09_L2SP_158014_20260817_02_T1
l9siberia_r49_c48,49,48,EPSG:32643,599205.00,7207215.00,603045.00,7211055.00,77.144,64.9907,0,0,0,292.409,299.562,301.552,299.016,1.75799,1.98959,0.0491404,0.124451,0.00625654,LC09_L2SP_158014_20260817_02_T1
l9siberia_r49_c49,49,49,EPSG:32643,603045.00,7207215.00,606885.00,7211055.00,77.2254,64.9895,0,0,0,292.555,299.22,301.594,298.637,1.83759,2.37402,0.12715,0.129747,0.0120387,LC09_L2SP_158014_20260817_02_T1
l9siberia_r49_c50,49,50,EPSG:32643,606885.00,7207215.00,610725.00,7211055.00,77.3067,64.9883,2,0,0,290.766,299.826,302.15,299.331,1.96671,2.32404,0.0937566,0.258251,0.0466873,LC09_L2SP_158014_20260817_02_T1
l9siberia_r49_c51,49,51,EPSG:32643,610725.00,7207215.00,614565.00,7211055.00,77.388,64.987,2,0,0,291.558,297.882,302.1,296.774,3.42872,4.21814,0.115774,0.211547,0.0108294,LC09_L2SP_158014_20260817_02_T1
l9siberia_r50_c09,50,9,EPSG:32643,449445.00,7203375.00,453285.00,7207215.00,73.9698,64.9681,0,0,0,291.865,299.401,301.907,299.191,1.20624,2.50607,0.125765,0.0857116,0.0699662,LC09_L2SP_158014_20260817_02_T1
l9siberia_r50_c10,50,10,EPSG:32643,453285.00,7203375.00,457125.00,7207215.00,74.0512,64.9686,0,0,0,291.181,296.861,300.253,296.636,1.78617,3.3916,0.373856,0.052383,0.0666293,LC09_L2SP_158014_20260817_02_T1
l9siberia_r50_c11,50,11,EPSG:32643,457125.00,7203375.00,460965.00,7207215.00,74.1325,64.9691,0,0,0,293.612,299.561,301.817,298.981,1.55775,2.25586,0.251118,0.0844194,0.0365067,LC09_L2SP_158014_20260817_02_T1
l9siberia_r50_c12,50,12,EPSG:32643,460965.00,7203375.00,464805.00,7207215.00,74.2138,64.9696,0,0,0,292.1,298.566,302.561,298.113,1.85353,3.99503,0.104269,0.0763173,0.0216747,LC09_L2SP_158014_20260817_02_T1
l9siberia_r50_c13,50,13,EPSG:32643,464805.00,7203375.00,468645.00,7207215.00,74.2952,64.97,0,0,0,291.963,296.795,301.411,297.115,1.87385,4.61615,0.301243,0.0589815,0.127323,LC09_L2SP_158014_20260817_02_T1
l9siberia_r50_c14,50,14,EPSG:32643,468645.00,7203375.00,472485.00,7207215.00,74.3765,64.9703,0,0,0,291.309,296.896,301.751,296.96,1.42947,4.85516,0.318,0.0768834,0.0454843,LC09_L2SP_158014_20260817_02_T1
l9siberia_r50_c15,50,15,EPSG:32643,472485.00,7203375.00,476325.00,7207215.00,74.4578,64.9707,0,0,0,292.234,297.613,302.537,297.949,1.76936,4.92401,0.33602,0.0883167,0.105344,LC09_L2SP_158014_20260817_02_T1
l9siberia_r50_c16,50,16,EPSG:32643,476325.00,7203375.00,480165.00,7207215.00,74.5392,64.9709,0,0,0,292.337,298.628,301.424,298.363,1.65415,2.79626,0.383716,0.106472,0.244573,LC09_L2SP_158014_20260817_02_T1
l9siberia_r50_c17,50,17,EPSG:32643,480165.00,7203375.00,484005.00,7207215.00,74.6205,64.9712,0,0,0,292.664,297.697,300.806,297.48,1.49712,3.10913,0.311895,0.0921011,0.113253,LC09_L2SP_158014_20260817_02_T1
l9siberia_r50_c18,50,18,EPSG:32643,484005.00,7203375.00,487845.00,7207215.00,74.7018,64.9714,0,0,0,291.895,298.393,301.583,298.194,1.51779,3.19019,0.279575,0.0948898,0.134573,LC09_L2SP_158014_20260817_02_T1
l9siberia_r50_c19,50,19,EPSG:32643,487845.00,7203375.00,491685.00,7207215.00,74.7832,64.9715,0,0,0,292.832,297.224,300.147,297.087,1.48311,2.92273,0.363084,0.0566059,0.0639693,LC09_L2SP_158014_20260817_02_T1
l9siberia_r50_c20,50,20,EPSG:32643,491685.00,7203375.00,495525.00,7207215.00,74.8645,64.9716,3,0,0,291.404,296.023,298.606,295.945,1.21991,2.5835,0.565919,0.169039,0.296562,LC09_L2SP_158014_20260817_02_T1
l9siberia_r50_c21,50,21,EPSG:32643,495525.00,7203375.00,499365.00,7207215.00,74.9459,64.9716,3,74,1,292.996,297.975,308.633,298.017,1.78354,10.6577,0.555526,0.273433,0.28238,LC09_L2SP_158014_20260817_02_T1
l9siberia_r50_c22,50,22,EPSG:32643,499365.00,7203375.00,503205.00,7207215.00,75.0272,64.9716,3,0,0,292.328,297.894,301.336,297.876,1.13468,3.44159,0.101892,0.146486,0.0193796,LC09_L2SP_158014_20260817_02_T1
l9siberia_r50_c23,50,23,EPSG:32643,503205.00,7203375.00,507045.00,7207215.00,75.1086,64.9716,3,0,0,293.639,297.115,302.426,297.187,1.21011,5.3107,0.0921557,0.173334,0.0117716,LC09_L2SP_158014_20260817_02_T1
l9siberia_r50_c26,50,26,EPSG:32643,514725.00,7203375.00,518565.00,7207215.00,75.3526,64.9712,3,195,1,290.363,297.858,320.368,297.82,3.64308,22.5097,0.518039,0.909772,0.705914,LC09_L2SP_158014_20260817_02_T1
l9siberia_r50_c27,50,27,EPSG:32643,518565.00,7203375.00,522405.00,7207215.00,75.4339,64.971,3,0,0,292.08,298.573,302.487,298.225,1.26647,3.91391,0.0349925,0.12544,0.0161352,LC09_L2SP_158014_20260817_02_T1
l9siberia_r50_c28,50,28,EPSG:32643,522405.00,7203375.00,526245.00,7207215.00,75.5153,64.9708,3,0,0,291.404,297.927,300.858,297.826,1.21179,2.93164,0.0975191,0.136798,0.020531,LC09_L2SP_158014_20260817_02_T1
l9siberia_r50_c29,50,29,EPSG:32643,526245.00,7203375.00,530085.00,7207215.00,75.5966,64.9705,3,0,0,290.843,296.708,300.752,296.087,2.13742,4.04367,0.231464,0.15802,0.0300324,LC09_L2SP_158014_20260817_02_T1
l9siberia_r50_c30,50,30,EPSG:32643,530085.00,7203375.00,533925.00,7207215.00,75.6779,64.9701,0,0,0,290.4,297.666,300.676,297.055,2.13692,3.00946,0.407636,0.0817778,0.00885697,LC09_L2SP_158014_20260817_02_T1
l9siberia_r50_c31,50,31,EPSG:32643,533925.00,7203375.00,537765.00,7207215.00,75.7593,64.9697,0,0,0,290.887,298.9,301.062,298.566,1.52062,2.16156,0.269285,0.124779,0.00743863,LC09_L2SP_158014_20260817_02_T1
l9siberia_r50_c32,50,32,EPSG:32643,537765.00,7203375.00,541605.00,7207215.00,75.8406,64.9693,0,0,0,290.862,299.043,302.081,298.1,2.29882,3.03809,0.140842,0.142262,0.011692,LC09_L2SP_158014_20260817_02_T1
l9siberia_r50_c33,50,33,EPSG:32643,541605.00,7203375.00,545445.00,7207215.00,75.9219,64.9688,0,0,0,290.84,299.172,301.773,298.817,1.7741,2.6008,0.0272785,0.101947,0.00579526,LC09_L2SP_158014_20260817_02_T1
l9siberia_r50_c34,50,34,EPSG:32643,545445.00,7203375.00,549285.00,7207215.00,76.0033,64.9683,0,0,0,291.882,298.615,302.385,298.465,1.93781,3.7699,0.0774776,0.142297,0.034168,LC09_L2SP_158014_20260817_02_T1
l9siberia_r50_c35,50,35,EPSG:32643,549285.00,7203375.00,553125.00,7207215.00,76.0846,64.9677,0,0,0,291.795,299.643,303.52,299.253,1.79105,3.87778,0.0392728,0.121182,0.00751622,LC09_L2SP_158014_20260817_02_T1
l9siberia_r50_c36,50,36,EPSG:32643,553125.00,7203375.00,556965.00,7207215.00,76.1659,64.9671,0,0,0,295.714,300.48,303.343,300.438,1.04797,2.86365,0.0213706,0.0800246,0.00672959,LC09_L2SP_158014_20260817_02_T1
l9siberia_r50_c37,50,37,EPSG:32643,556965.00,7203375.00,560805.00,7207215.00,76.2472,64.9664,0,0,0,293.38,298.926,303.166,298.887,1.46492,4.24036,0.0571491,0.129295,0.0104573,LC09_L2SP_158014_20260817_02_T1
l9siberia_r50_c38,50,38,EPSG:32643,560805.00,7203375.00,564645.00,7207215.00,76.3285,64.9657,0,0,0,292.276,298.539,302.204,298.069,1.85785,3.66568,0.0217906,0.135497,0.0136587,LC09_L2SP_158014_20260817_02_T1
l9siberia_r50_c39,50,39,EPSG:32643,564645.00,7203375.00,568485.00,7207215.00,76.4098,64.965,0,0,0,289.964,299.427,302.255,299.157,1.59952,2.82874,0.0282077,0.165425,0.0136994,LC09_L2SP_158014_20260817_02_T1
l9siberia_r50_c40,50,40,EPSG:32643,568485.00,7203375.00,572325.00,7207215.00,76.4911,64.9642,3,0,0,293.49,297.534,301.455,297.615,1.38063,3.92142,0.0581378,0.147874,0.00435237,LC09_L2SP_158014_20260817_02_T1
l9siberia_r50_c41,50,41,EPSG:32643,572325.00,7203375.00,576165.00,7207215.00,76.5724,64.9634,3,0,0,292.867,299.538,303.198,299.529,1.26459,3.66074,0.502045,0.154828,0.0746268,LC09_L2SP_158014_20260817_02_T1
l9siberia_r50_c43,50,43,EPSG:32643,580005.00,7203375.00,583845.00,7207215.00,76.735,64.9616,3,0,0,287.281,299.108,302.48,298.975,1.64241,3.37146,0.295815,0.157581,0.0589108,LC09_L2SP_158014_20260817_02_T1
l9siberia_r50_c45,50,45,EPSG:32643,587685.00,7203375.00,591525.00,7207215.00,76.8975,64.9596,3,0,0,292.055,299.417,303.973,298.838,2.36927,4.55664,0.106379,0.294711,0.0858214,LC09_L2SP_158014_20260817_02_T1
l9siberia_r50_c46,50,46,EPSG:32643,591525.00,7203375.00,595365.00,7207215.00,76.9788,64.9585,3,0,0,292.1,298.737,303.018,298.165,2.65194,4.28067,0.190034,0.210398,0.0847927,LC09_L2SP_158014_20260817_02_T1
l9siberia_r50_c47,50,47,EPSG:32643,595365.00,7203375.00,599205.00,7207215.00,77.06,64.9574,3,0,0,291.72,299.787,304.884,298.729,2.89096,5.09653,0.465228,0.206633,0.0877269,LC09_L2SP_158014_20260817_02_T1
l9siberia_r50_c48,50,48,EPSG:32643,599205.00,7203375.00,603045.00,7207215.00,77.1413,64.9563,3,0,0,292.571,299.608,303.066,299.034,2.13888,3.45801,0.574763,0.203013,0.153925,LC09_L2SP_158014_20260817_02_T1
l9siberia_r50_c49,50,49,EPSG:32643,603045.00,7203375.00,606885.00,7207215.00,77.2225,64.9551,3,0,0,292.433,300.171,302.418,299.525,2.01147,2.24658,0.122359,0.116713,0.10437,LC09_L2SP_158014_20260817_02_T1
l9siberia_r50_c50,50,50,EPSG:32643,606885.00,7203375.00,610725.00,7207215.00,77.3037,64.9539,0,0,0,293.014,300.615,302.923,300.357,1.28144,2.30771,0.174537,0.0754253,0.0112099,LC09_L2SP_158014_20260817_02_T1
l9siberia_r50_c51,50,51,EPSG:32643,610725.00,7203375.00,614565.00,7207215.00,77.385,64.9526,0,0,0,295.451,300.639,303.287,300.244,1.42351,2.64746,0.122862,0.116011,0.0229324,LC09_L2SP_158014_20260817_02_T1
l9siberia_r51_c12,51,12,EPSG:32643,460965.00,7199535.00,464805.00,7203375.00,74.2148,64.9351,0,0,0,293.4,296.867,300.917,297.189,1.38441,4.05029,0.286807,0.0662848,0.0270542,LC09_L2SP_158014_20260817_02_T1
l9siberia_r51_c13,51,13,EPSG:32643,464805.00,7199535.00,468645.00,7203375.00,74.2961,64.9355,0,0,0,290.794,297.599,302.611,297.397,2.56687,5.01199,0.196838,0.0732127,0.0165444,LC09_L2SP_158014_20260817_02_T1
l9siberia_r51_c14,51,14,EPSG:32643,468645.00,7199535.00,472485.00,7203375.00,74.3773,64.9359,0,0,0,291.556,297.914,302.862,298.202,2.07902,4.94791,0.104759,0.114458,0.0197415,LC09_L2SP_158014_20260817_02_T1
l9siberia_r51_c15,51,15,EPSG:32643,472485.00,7199535.00,476325.00,7203375.00,74.4585,64.9362,0,0,0,293.925,298.558,301.444,298.491,1.44065,2.88623,0.115167,0.112629,0.030704,LC09_L2SP_158014_20260817_02_T1
l9siberia_r51_c16,51,16,EPSG:32643,476325.00,7199535.00,480165.00,7203375.00,74.5398,64.9365,0,0,0,293.006,297.937,301.584,297.985,1.48784,3.647,0.226088,0.137356,0.0506741,LC09_L2SP_158014_20260817_02_T1
l9siberia_r51_c17,51,17,EPSG:32643,480165.00,7199535.00,484005.00,7203375.00,74.621,64.9367,0,0,0,292.55,296.912,300.238,296.926,1.32007,3.32568,0.33346,0.0726129,0.114916,LC09_L2SP_158014_20260817_02_T1
l9siberia_r51_c18,51,18,EPSG:32643,484005.00,7199535.00,487845.00,7203375.00,74.7022,64.9369,0,0,0,292.63,297.245,300.498,297.256,1.30834,3.25259,0.443079,0.102552,0.223235,LC09_L2SP_158014_20260817_02_T1
l9siberia_r51_c19,51,19,EPSG:32643,487845.00,7199535.00,491685.00,7203375.00,74.7835,64.937,0,0,0,293.422,299.223,301.92,298.747,1.78929,2.69678,0.675883,0.0684804,0.400475,LC09_L2SP_158014_20260817_02_T1
l9siberia_r51_c20,51,20,EPSG:32643,491685.00,7199535.00,495525.00,7203375.00,74.8647,64.9371,3,0,0,293.535,298.391,302.127,298.281,1.99852,3.73584,0.601506,0.106106,0.357289,LC09_L2SP_158014_20260817_02_T1
l9siberia_r51_c21,51,21,EPSG:32643,495525.00,7199535.00,499365.00,7203375.00,74.9459,64.9372,3,177,1,292.321,296.806,324.354,297.446,3.76897,27.5478,0.421445,0.907135,0.722042,LC09_L2SP_158014_20260817_02_T1
l9siberia_r51_c22,51,22,EPSG:32643,499365.00,7199535.00,503205.00,7203375.00,75.0272,64.9372,3,309,1,294.011,297.876,350.727,299.922,5.64896,52.8518,0.642661,0.997162,0.996105,LC09_L2SP_158014_20260817_02_T1
l9siberia_r51_c23,51,23,EPSG:32643,503205.00,7199535.00,507045.00,7203375.00,75.1084,64.9372,3,121,1,293.525,301.007,319.094,300.927,3.48436,18.0867,0.154731,0.920407,0.763911,LC09_L2SP_158014_20260817_02_T1
l9siberia_r51_c26,51,26,EPSG:32643,514725.00,7199535.00,518565.00,7203375.00,75.3521,64.9368,3,196,1,291.29,298.872,315.94,298.988,3.38013,17.0674,0.183559,0.890401,0.704339,LC09_L2SP_158014_20260817_02_T1
l9siberia_r51_c27,51,27,EPSG:32643,518565.00,7199535.00,522405.00,7203375.00,75.4334,64.9366,3,0,0,291.216,298.524,302.08,298.368,1.73446,3.55609,0.0826007,0.134469,0.020507,LC09_L2SP_158014_20260817_02_T1
l9siberia_r51_c28,51,28,EPSG:32643,522405.00,7199535.00,526245.00,7203375.00,75.5146,64.9363,3,0,0,290.913,297.369,301.323,297.049,1.77766,3.95425,0.120343,0.145573,0.0318996,LC09_L2SP_158014_20260817_02_T1
l9siberia_r51_c29,51,29,EPSG:32643,526245.00,7199535.00,530085.00,7203375.00,75.5958,64.936,3,0,0,291.026,297.523,301.619,297.145,1.86942,4.09598,0.14877,0.153632,0.0160173,LC09_L2SP_158014_20260817_02_T1
l9siberia_r51_c30,51,30,EPSG:32643,530085.00,7199535.00,533925.00,7203375.00,75.6771,64.9357,0,0,0,290.889,297.585,300.563,297.047,2.06606,2.97833,0.240521,0.116839,0.0150253,LC09_L2SP_158014_20260817_02_T1
l9siberia_r51_c31,51,31,EPSG:32643,533925.00,7199535.00,537765.00,7203375.00,75.7583,64.9353,0,0,0,290.989,298.737,301.173,298.145,1.9183,2.43661,0.39383,0.118255,0.0189345,LC09_L2SP_158014_20260817_02_T1
l9siberia_r51_c32,51,32,EPSG:32643,537765.00,7199535.00,541605.00,7203375.00,75.8395,64.9348,0,0,0,290.99,298.9,301.884,298.498,1.63866,2.98315,0.145343,0.114587,0.00462595,LC09_L2SP_158014_20260817_02_T1
l9siberia_r51_c33,51,33,EPSG:32643,541605.00,7199535.00,545445.00,7203375.00,75.9208,64.9344,0,0,0,290.812,299.04,301.072,298.624,1.82047,2.03235,0.039092,0.0912672,0.00565508,LC09_L2SP_158014_20260817_02_T1
l9siberia_r51_c34,51,34,EPSG:32643,545445.00,7199535.00,549285.00,7203375.00,76.002,64.9338,0,0,0,292.904,299.467,301.99,299.378,1.09694,2.5224,0.00818506,0.0975255,0.00435588,LC09_L2SP_158014_20260817_02_T1
l9siberia_r51_c35,51,35,EPSG:32643,549285.00,7199535.00,553125.00,7203375.00,76.0832,64.9333,0,0,0,285.174,299.54,302.375,299.425,1.47485,2.83575,0.306567,0.0960151,0.0316482,LC09_L2SP_158014_20260817_02_T1
l9siberia_r51_c36,51,36,EPSG:32643,553125.00,7199535.00,556965.00,7203375.00,76.1644,64.9326,0,0,0,296.016,299.96,303.421,299.859,1.13271,3.46054,0.0737179,0.103623,0.0124726,LC09_L2SP_158014_20260817_02_T1
l9siberia_r51_c37,51,37,EPSG:32643,556965.00,7199535.00,560805.00,7203375.00,76.2456,64.932,0,0,0,292.103,299.442,302.598,299.312,1.33916,3.15585,0.00917898,0.107093,0.0104965,LC09_L2SP_158014_20260817_02_T1
l9siberia_r51_c38,51,38,EPSG:32643,560805.00,7199535.00,564645.00,7203375.00,76.3268,64.9313,0,0,0,292.106,299.307,302.299,298.873,1.691,2.99283,0.0412188,0.101742,0.00680711,LC09_L2SP_158014_20260817_02_T1
l9siberia_r51_c39,51,39,EPSG:32643,564645.00,7199535.00,568485.00,7203375.00,76.408,64.9305,0,0,0,294.683,298.426,302.994,298.495,1.76477,4.56805,0.00865174,0.112932,0.00864126,LC09_L2SP_158014_20260817_02_T1
l9siberia_r51_c40,51,40,EPSG:32643,568485.00,7199535.00,572325.00,7203375.00,76.4892,64.9298,3,0,0,291.793,297.724,302.056,297.54,2.0727,4.332,0.0640352,0.130649,0.00753075,LC09_L2SP_158014_20260817_02_T1
l9siberia_r51_c43,51,43,EPSG:32643,580005.00,7199535.00,583845.00,7203375.00,76.7327,64.9271,3,0,0,291.963,299.006,301.851,298.414,2.2999,2.84448,0.163147,0.180792,0.0697987,LC09_L2SP_158014_20260817_02_T1
l9siberia_r51_c44,51,44,EPSG:32643,583845.00,7199535.00,587685.00,7203375.00,76.8139,64.9262,3,0,0,292.485,300.126,302.405,299.643,1.75203,2.27863,0.121315,0.178489,0.114221,LC09_L2SP_158014_20260817_02_T1
l9siberia_r51_c45,51,45,EPSG:32643,587685.00,7199535.00,591525.00,7203375.00,76.8951,64.9251,3,0,0,292.342,299.651,302.529,299.177,1.86883,2.87756,0.0587758,0.134003,0.0343696,LC09_L2SP_158014_20260817_02_T1
l9siberia_r51_c46,51,46,EPSG:32643,591525.00,7199535.00,595365.00,7203375.00,76.9762,64.9241,3,0,0,292.036,298.667,302.894,298.204,2.02272,4.22665,0.0943094,0.145753,0.0246005,LC09_L2SP_158014_20260817_02_T1
l9siberia_r51_c47,51,47,EPSG:32643,595365.00,7199535.00,599205.00,7203375.00,77.0574,64.923,3,0,0,291.838,298.203,302.665,297.455,2.7516,4.4621,0.371098,0.189528,0.050745,LC09_L2SP_158014_20260817_02_T1
l9siberia_r51_c48,51,48,EPSG:32643,599205.00,7199535.00,603045.00,7203375.00,77.1385,64.9219,3,0,0,292.211,298.748,302.726,297.832,2.59241,3.97852,0.510312,0.319707,0.132654,LC09_L2SP_158014_20260817_02_T1
l9siberia_r51_c49,51,49,EPSG:32643,603045.00,7199535.00,606885.00,7203375.00,77.2197,64.9207,3,0,0,292.421,300.275,304.38,299.729,1.96372,4.10498,0.278859,0.218139,0.0684814,LC09_L2SP_158014_20260817_02_T1
l9siberia_r51_c50,51,50,EPSG:32643,606885.00,7199535.00,610725.00,7203375.00,77.3008,64.9194,0,0,0,292.754,300.327,302.939,299.731,1.6934,2.61139,0.192363,0.087524,0.0411716,LC09_L2SP_158014_20260817_02_T1
l9siberia_r52_c14,52,14,EPSG:32643,468645.00,7195695.00,472485.00,7199535.00,74.3781,64.9014,0,0,0,293.774,300.182,302.877,300.064,1.04561,2.69461,0.0545599,0.0667242,0.0210166,LC09_L2SP_158014_20260817_02_T1
l9siberia_r52_c15,52,15,EPSG:32643,472485.00,7195695.00,476325.00,7199535.00,74.4592,64.9018,0,0,0,293.879,299.805,302.343,299.593,1.47428,2.53833,0.0756451,0.105399,0.0184592,LC09_L2SP_158014_20260817_02_T1
l9siberia_r52_c16,52,16,EPSG:32643,476325.00,7195695.00,480165.00,7199535.00,74.5403,64.902,0,0,0,296.355,300.119,302.416,299.763,1.32779,2.29785,0.174686,0.110913,0.030705,LC09_L2SP_158014_20260817_02_T1
l9siberia_r52_c17,52,17,EPSG:32643,480165.00,7195695.00,484005.00,7199535.00,74.6215,64.9023,0,0,0,294.588,298.63,301.801,298.381,1.23857,3.17041,0.0680569,0.0964932,0.0122807,LC09_L2SP_158014_20260817_02_T1
l9siberia_r52_c18,52,18,EPSG:32643,484005.00,7195695.00,487845.00,7199535.00,74.7026,64.9024,0,0,0,293.945,299.636,303.047,299.359,1.51552,3.41052,0.114871,0.106854,0.0941647,LC09_L2SP_158014_20260817_02_T1
l9siberia_r52_c19,52,19,EPSG:32643,487845.00,7195695.00,491685.00,7199535.00,74.7837,64.9026,0,0,0,292.549,297.687,302.211,297.944,1.83954,4.52448,0.618877,0.105795,0.390382,LC09_L2SP_158014_20260817_02_T1
l9siberia_r52_c20,52,20,EPSG:32643,491685.00,7195695.00,495525.00,7199535.00,74.8649,64.9027,3,445,1,292.649,300.334,332.389,300.858,4.44385,32.0543,0.726329,0.998066,0.996596,LC09_L2SP_158014_20260817_02_T1
l9siberia_r52_c21,52,21,EPSG:32643,495525.00,7195695.00,499365.00,7199535.00,74.946,64.9027,3,131,1,292.455,301.495,332.172,302.216,4.27286,30.6772,0.421274,0.996815,0.986888,LC09_L2SP_158014_20260817_02_T1
l9siberia_r52_c22,52,22,EPSG:32643,499365.00,7195695.00,503205.00,7199535.00,75.0272,64.9027,3,289,1,295.148,303.779,343.191,304.049,4.38573,39.412,0.681565,0.999753,0.999482,LC09_L2SP_158014_20260817_02_T1
l9siberia_r52_c23,52,23,EPSG:32643,503205.00,7195695.00,507045.00,7199535.00,75.1083,64.9027,3,280,1,292.476,300.204,355.82,301.069,4.946,55.6163,0.41799,0.997461,0.98642,LC09_L2SP_158014_20260817_02_T1
l9siberia_r52_c26,52,26,EPSG:32643,514725.00,7195695.00,518565.00,7199535.00,75.3517,64.9023,3,0,0,290.89,298.439,300.923,298.04,1.92898,2.4841,0.0817491,0.133923,0.0389597,LC09_L2SP_158014_20260817_02_T1
l9siberia_r52_c27,52,27,EPSG:32643,518565.00,7195695.00,522405.00,7199535.00,75.4328,64.9021,3,0,0,290.863,297.975,302.575,297.395,2.39608,4.59988,0.144705,0.1622,0.0347002,LC09_L2SP_158014_20260817_02_T1
l9siberia_r52_c28,52,28,EPSG:32643,522405.00,7195695.00,526245.00,7199535.00,75.514,64.9019,3,18,1,291.747,298.056,301.908,297.739,1.53648,3.85196,0.243456,0.163296,0.0298363,LC09_L2SP_158014_20260817_02_T1
l9siberia_r52_c29,52,29,EPSG:32643,526245.00,7195695.00,530085.00,7199535.00,75.5951,64.9015,3,0,0,291.445,297.574,300.572,297.325,1.32049,2.99725,0.0738942,0.151133,0.0188381,LC09_L2SP_158014_20260817_02_T1
l9siberia_r52_c30,52,30,EPSG:32643,530085.00,7195695.00,533925.00,7199535.00,75.6762,64.9012,0,0,0,291.016,296.934,300.096,296.744,1.52725,3.16266,0.525029,0.0996415,0.0308519,LC09_L2SP_158014_20260817_02_T1
l9siberia_r52_c31,52,31,EPSG:32643,533925.00,7195695.00,537765.00,7199535.00,75.7573,64.9008,0,0,0,290.747,297.503,301.312,296.995,2.08746,3.80899,0.328316,0.0969584,0.0119381,LC09_L2SP_158014_20260817_02_T1
l9siberia_r52_c32,52,32,EPSG:32643,537765.00,7195695.00,541605.00,7199535.00,75.8385,64.9004,0,0,0,292.919,299.851,302.965,299.663,1.29923,3.11447,0.357217,0.0851792,0.0276814,LC09_L2SP_158014_20260817_02_T1
l9siberia_r52_c33,52,33,EPSG:32643,541605.00,7195695.00,545445.00,7199535.00,75.9196,64.8999,0,0,0,295.499,299.767,303.328,299.717,1.10478,3.56161,0.173802,0.111213,0.0227707,LC09_L2SP_158014_20260817_02_T1
l9siberia_r52_c34,52,34,EPSG:32643,545445.00,7195695.00,549285.00,7199535.00,76.0007,64.8994,0,0,0,294.435,299.815,302.451,299.664,1.1672,2.63577,0.0250196,0.110367,0.012173,LC09_L2SP_158014_20260817_02_T1
l9siberia_r52_c35,52,35,EPSG:32643,549285.00,7195695.00,553125.00,7199535.00,76.0818,64.8988,0,0,0,296.059,300.44,303.185,300.252,1.22527,2.74521,0.0848348,0.0909876,0.0233039,LC09_L2SP_158014_20260817_02_T1
l9siberia_r52_c36,52,36,EPSG:32643,553125.00,7195695.00,556965.00,7199535.00,76.1629,64.8982,0,0,0,294.598,300.139,303.813,300.041,1.18113,3.67426,0.0477464,0.0866421,0.00764686,LC09_L2SP_158014_20260817_02_T1
l9siberia_r52_c37,52,37,EPSG:32643,556965.00,7195695.00,560805.00,7199535.00,76.244,64.8975,0,0,0,288.477,298.544,301.9,298.171,1.7797,3.35519,0.410313,0.201806,0.11586,LC09_L2SP_158014_20260817_02_T1
l9siberia_r52_c38,52,38,EPSG:32643,560805.00,7195695.00,564645.00,7199535.00,76.3251,64.8968,0,0,0,289.448,298.749,303.462,298.738,1.85409,4.71265,0.207033,0.345777,0.120566,LC09_L2SP_158014_20260817_02_T1
l9siberia_r52_c39,52,39,EPSG:32643,564645.00,7195695.00,568485.00,7199535.00,76.4062,64.8961,0,0,0,292.142,297.802,302.917,297.513,1.80311,5.11478,0.0464569,0.151997,0.00619347,LC09_L2SP_158014_20260817_02_T1
l9siberia_r52_c40,52,40,EPSG:32643,568485.00,7195695.00,572325.00,7199535.00,76.4873,64.8953,3,0,0,290.299,298.058,302.661,297.735,2.14867,4.60306,0.463743,0.14447,0.0217977,LC09_L2SP_158014_20260817_02_T1
l9siberia_r52_c42,52,42,EPSG:32643,576165.00,7195695.00,580005.00,7199535.00,76.6495,64.8936,3,0,0,292.608,299.275,301.915,298.984,1.58408,2.64035,0.560186,0.132051,0.0576635,LC09_L2SP_158014_20260817_02_T1
l9siberia_r52_c43,52,43,EPSG:32643,580005.00,7195695.00,583845.00,7199535.00,76.7305,64.8927,3,0,0,293.058,299.885,302.653,299.646,1.38377,2.76807,0.291474,0.139132,0.0780751,LC09_L2SP_158014_20260817_02_T1
l9siberia_r52_c44,52,44,EPSG:32643,583845.00,7195695.00,587685.00,7199535.00,76.8116,64.8917,3,0,0,292.453,299.961,302.797,299.62,1.7425,2.83517,0.0433931,0.121134,0.0528734,LC09_L2SP_158014_20260817_02_T1
l9siberia_r52_c45,52,45,EPSG:32643,587685.00,7195695.00,591525.00,7199535.00,76.8926,64.8907,3,0,0,292.48,299.769,302.32,299.145,1.88217,2.55069,0.0520614,0.128148,0.0185441,LC09_L2SP_158014_20260817_02_T1
l9siberia_r52_c46,52,46,EPSG:32643,591525.00,7195695.00,595365.00,7199535.00,76.9737,64.8897,3,0,0,291.715,298.929,301.734,297.752,2.72834,2.80536,0.115275,0.142925,0.0526002,LC09_L2SP_158014_20260817_02_T1
l9siberia_r52_c47,52,47,EPSG:32643,595365.00,7195695.00,599205.00,7199535.00,77.0547,64.8886,3,0,0,291.56,299.285,303.153,298.467,2.70807,3.8685,0.236763,0.20876,0.0960171,LC09_L2SP_158014_20260817_02_T1
l9siberia_r52_c48,52,48,EPSG:32643,599205.00,7195695.00,603045.00,7199535.00,77.1358,64.8874,3,0,0,291.58,299,303.615,297.923,3.02687,4.61517,0.464785,0.221815,0.135322,LC09_L2SP_158014_20260817_02_T1
l9siberia_r52_c49,52,49,EPSG:32643,603045.00,7195695.00,606885.00,7199535.00,77.2168,64.8862,3,0,0,295.827,299.728,303.121,299.565,1.55076,3.39362,0.581445,0.155261,0.111766,LC09_L2SP_158014_20260817_02_T1
l9siberia_r52_c50,52,50,EPSG:32643,606885.00,7195695.00,610725.00,7199535.00,77.2978,64.885,0,0,0,293.385,300.164,304.034,300.003,1.51261,3.86981,0.314024,0.1327,0.0201933,LC09_L2SP_158014_20260817_02_T1
l9siberia_r53_c17,53,17,EPSG:32643,480165.00,7191855.00,484005.00,7195695.00,74.622,64.8678,0,0,0,295.143,299.039,301.133,298.624,1.42502,2.09427,0.0761516,0.0760993,0.00548539,LC09_L2SP_158014_20260817_02_T1
l9siberia_r53_c18,53,18,EPSG:32643,484005.00,7191855.00,487845.00,7195695.00,74.703,64.868,0,0,0,292.905,300.337,303.471,300.152,1.16833,3.13358,0.0604815,0.0595915,0.0205882,LC09_L2SP_158014_20260817_02_T1
l9siberia_r53_c19,53,19,EPSG:32643,487845.00,7191855.00,491685.00,7195695.00,74.784,64.8681,0,0,0,294.956,300.475,302.891,300.387,0.99325,2.41617,0.0942209,0.0724693,0.0147615,LC09_L2SP_158014_20260817_02_T1
l9siberia_r53_c20,53,20,EPSG:32643,491685.00,7191855.00,495525.00,7195695.00,74.8651,64.8682,3,83,1,293.478,299.887,319.904,299.65,1.94504,20.0172,0.295599,0.343208,0.262496,LC09_L2SP_158014_20260817_02_T1
l9siberia_r53_c21,53,21,EPSG:32643,495525.00,7191855.00,499365.00,7195695.00,74.9461,64.8683,3,117,1,292.319,300.625,312.709,300.338,2.94839,12.0836,0.112679,0.841552,0.611981,LC09_L2SP_158014_20260817_02_T1
l9siberia_r53_c22,53,22,EPSG:32643,499365.00,7191855.00,503205.00,7195695.00,75.0271,64.8683,3,5,1,291.262,299.797,305.244,299.213,3.20929,5.44745,0.248232,0.50524,0.3437,LC09_L2SP_158014_20260817_02_T1
l9siberia_r53_c24,53,24,EPSG:32643,507045.00,7191855.00,510885.00,7195695.00,75.1892,64.8682,3,31,1,291.214,297.921,313.998,297.906,3.12052,16.0774,0.273434,0.655256,0.303304,LC09_L2SP_158014_20260817_02_T1
l9siberia_r53_c25,53,25,EPSG:32643,510885.00,7191855.00,514725.00,7195695.00,75.2702,64.868,3,0,0,290.956,297.77,300.319,297.193,2.00892,2.54987,0.100337,0.152745,0.03474,LC09_L2SP_158014_20260817_02_T1
l9siberia_r53_c26,53,26,EPSG:32643,514725.00,7191855.00,518565.00,7195695.00,75.3512,64.8679,3,0,0,291.28,298.35,300.965,297.912,1.76467,2.61551,0.106488,0.150976,0.0222579,LC09_L2SP_158014_20260817_02_T1
l9siberia_r53_c27,53,27,EPSG:32643,518565.00,7191855.00,522405.00,7195695.00,75.4323,64.8677,3,0,0,291.71,298.756,302.091,298.321,1.92065,3.33472,0.151174,0.133991,0.0444706,LC09_L2SP_158014_20260817_02_T1
l9siberia_r53_c28,53,28,EPSG:32643,522405.00,7191855.00,526245.00,7195695.00,75.5133,64.8674,3,0,0,290.495,297.828,301.352,297.331,2.00327,3.52469,0.129101,0.15452,0.0244783,LC09_L2SP_158014_20260817_02_T1
l9siberia_r53_c29,53,29,EPSG:32643,526245.00,7191855.00,530085.00,7195695.00,75.5943,64.8671,3,0,0,291.841,297.589,302.456,297.498,1.32773,4.86688,0.100446,0.149901,0.0227594,LC09_L2SP_158014_20260817_02_T1
l9siberia_r53_c30,53,30,EPSG:32643,530085.00,7191855.00,533925.00,7195695.00,75.6753,64.8667,0,0,0,290.76,296.596,299.482,296.281,1.69486,2.88589,0.410191,0.0477684,0.0121922,LC09_L2SP_158014_20260817_02_T1
l9siberia_r53_c31,53,31,EPSG:32643,533925.00,7191855.00,537765.00,7195695.00,75.7564,64.8664,0,0,0,290.921,297.82,301.195,297.412,2.11126,3.37567,0.278012,0.0890347,0.0213113,LC09_L2SP_158014_20260817_02_T1
l9siberia_r53_c32,53,32,EPSG:32643,537765.00,7191855.00,541605.00,7195695.00,75.8374,64.8659,0,0,0,292.211,299.205,302.434,299.055,1.23815,3.22931,0.202729,0.114139,0.0309741,LC09_L2SP_158014_20260817_02_T1
l9siberia_r53_c33,53,33,EPSG:32643,541605.00,7191855.00,545445.00,7195695.00,75.9184,64.8654,0,0,0,291.54,299.337,302.046,298.584,2.0314,2.70898,0.0951533,0.0801306,0.00638063,LC09_L2SP_158014_20260817_02_T1
l9siberia_r53_c34,53,34,EPSG:32643,545445.00,7191855.00,549285.00,7195695.00,75.9994,64.8649,0,0,0,292.228,300.121,303.322,299.645,1.83974,3.20108,0.100689,0.113155,0.012787,LC09_L2SP_158014_20260817_02_T1
l9siberia_r53_c35,53,35,EPSG:32643,549285.00,7191855.00,553125.00,7195695.00,76.0804,64.8644,0,0,0,292.763,299.847,302.492,299.627,1.54818,2.64474,0.0833554,0.147798,0.0172852,LC09_L2SP_158014_20260817_02_T1
l9siberia_r53_c36,53,36,EPSG:32643,553125.00,7191855.00,556965.00,7195695.00,76.1614,64.8637,0,0,0,292.243,299.817,304.059,299.681,1.93548,4.24246,0.0427282,0.20535,0.0192877,LC09_L2SP_158014_20260817_02_T1
l9siberia_r53_c37,53,37,EPSG:32643,556965.00,7191855.00,560805.00,7195695.00,76.2424,64.8631,0,0,0,285.723,298.116,303.354,297.911,2.66009,5.23788,0.505759,0.281356,0.400475,LC09_L2SP_158014_20260817_02_T1
l9siberia_r53_c39,53,39,EPSG:32643,564645.00,7191855.00,568485.00,7195695.00,76.4044,64.8617,0,0,0,293.095,298.588,302.341,298.644,1.19405,3.75323,0.123343,0.15671,0.0098889,LC09_L2SP_158014_20260817_02_T1
l9siberia_r53_c42,53,42,EPSG:32643,576165.00,7191855.00,580005.00,7195695.00,76.6473,64.8592,3,0,0,292.318,299.451,302.275,299.211,1.54159,2.82434,0.384205,0.13298,0.0297586,LC09_L2SP_158014_20260817_02_T1
l9siberia_r53_c43,53,43,EPSG:32643,580005.00,7191855.00,583845.00,7195695.00,76.7283,64.8582,3,0,0,293.142,299.626,301.867,299.444,1.22318,2.24118,0.185497,0.100559,0.0576184,LC09_L2SP_158014_20260817_02_T1
l9siberia_r53_c44,53,44,EPSG:32643,583845.00,7191855.00,587685.00,7195695.00,76.8093,64.8573,3,0,0,294.875,299.185,301.844,299.192,1.08127,2.6593,0.0970707,0.106297,0.0169969,LC09_L2SP_158014_20260817_02_T1
l9siberia_r53_c45,53,45,EPSG:32643,587685.00,7191855.00,591525.00,7195695.00,76.8902,64.8563,3,0,0,284.569,298.78,302.2,298.133,2.42148,3.42029,0.461512,0.14117,0.0864133,LC09_L2SP_158014_20260817_02_T1
l9siberia_r53_c47,53,47,EPSG:32643,595365.00,7191855.00,599205.00,7195695.00,77.0521,64.8541,3,0,0,292.79,298.868,301.883,298.66,1.55837,3.0148,0.226823,0.135178,0.0338379,LC09_L2SP_158014_20260817_02_T1
l9siberia_r53_c48,53,48,EPSG:32643,599205.00,7191855.00,603045.00,7195695.00,77.133,64.853,3,0,0,292.872,299.467,302.277,299.249,1.43598,2.81006,0.272268,0.125027,0.0712623,LC09_L2SP_158014_20260817_02_T1
l9siberia_r54_c20,54,20,EPSG:32643,491685.00,7188015.00,495525.00,7191855.00,74.8652,64.8338,3,0,0,291.354,298.924,303.716,298.466,2.01694,4.79288,0.106071,0.132009,0.0247009,LC09_L2SP_158014_20260817_02_T1
l9siberia_r54_c21,54,21,EPSG:32643,495525.00,7188015.00,499365.00,7191855.00,74.9462,64.8338,3,0,0,292.123,300.298,305.335,300.405,2.28247,5.03647,0.0897916,0.491508,0.308296,LC09_L2SP_158014_20260817_02_T1
l9siberia_r54_c22,54,22,EPSG:32643,499365.00,7188015.00,503205.00,7191855.00,75.0271,64.8338,3,0,0,290.913,299.075,303.952,298.422,3.06829,4.87726,0.128709,0.253135,0.0665548,LC09_L2SP_158014_20260817_02_T1
l9siberia_r54_c24,54,24,EPSG:32643,507045.00,7188015.00,510885.00,7191855.00,75.1889,64.8337,3,21,1,291.436,299.167,309.024,299.413,2.91715,9.85773,0.382481,0.678692,0.373249,LC09_L2SP_158014_20260817_02_T1
l9siberia_r54_c25,54,25,EPSG:32643,510885.00,7188015.00,514725.00,7191855.00,75.2699,64.8336,3,0,0,291.479,297.595,300.533,297.252,1.61582,2.93784,0.0485165,0.158496,0.0192738,LC09_L2SP_158014_20260817_02_T1
l9siberia_r54_c26,54,26,EPSG:32643,514725.00,7188015.00,518565.00,7191855.00,75.3508,64.8334,3,0,0,291.098,297.607,300.918,296.819,2.26579,3.31067,0.11347,0.142192,0.023235,LC09_L2SP_158014_20260817_02_T1
l9siberia_r54_c27,54,27,EPSG:32643,518565.00,7188015.00,522405.00,7191855.00,75.4317,64.8332,3,0,0,291.767,298.871,302.112,298.365,1.88549,3.24176,0.179416,0.129924,0.0592789,LC09_L2SP_158014_20260817_02_T1
l9siberia_r54_c28,54,28,EPSG:32643,522405.00,7188015.00,526245.00,7191855.00,75.5126,64.8329,3,0,0,290.207,297.898,300.772,296.995,2.45639,2.87326,0.115949,0.129576,0.0137241,LC09_L2SP_158014_20260817_02_T1
l9siberia_r54_c29,54,29,EPSG:32643,526245.00,7188015.00,530085.00,7191855.00,75.5936,64.8326,3,0,0,289.583,295.213,299.871,294.336,3.18018,4.65854,0.122826,0.133522,0.00527089,LC09_L2SP_158014_20260817_02_T1
l9siberia_r54_c30,54,30,EPSG:32643,530085.00,7188015.00,533925.00,7191855.00,75.6745,64.8323,0,0,0,290.616,297.421,299.594,296.856,1.78934,2.17358,0.165236,0.0965564,0.00921176,LC09_L2SP_158014_20260817_02_T1
l9siberia_r54_c31,54,31,EPSG:32643,533925.00,7188015.00,537765.00,7191855.00,75.7554,64.8319,0,0,0,290.91,297.178,299.504,296.488,1.98699,2.32578,0.35414,0.109959,0.0112368,LC09_L2SP_158014_20260817_02_T1
l9siberia_r54_c32,54,32,EPSG:32643,537765.00,7188015.00,541605.00,7191855.00,75.8363,64.8315,0,0,0,291.461,297.533,302.249,297.216,1.80262,4.71606,0.265703,0.124444,0.0228924,LC09_L2SP_158014_20260817_02_T1
l9siberia_r54_c33,54,33,EPSG:32643,541605.00,7188015.00,545445.00,7191855.00,75.9172,64.831,0,0,0,290.552,297.209,301.808,296.492,2.82008,4.59961,0.24602,0.0448463,0.015934,LC09_L2SP_158014_20260817_02_T1
l9siberia_r54_c34,54,34,EPSG:32643,545445.00,7188015.00,549285.00,7191855.00,75.9981,64.8305,0,0,0,293.378,298.648,301.393,298.529,1.20458,2.74573,0.212834,0.106814,0.0176231,LC09_L2SP_158014_20260817_02_T1
l9siberia_r54_c35,54,35,EPSG:32643,549285.00,7188015.00,553125.00,7191855.00,76.079,64.8299,0,0,0,294.62,299.693,302.367,299.623,1.12943,2.67374,0.224191,0.103695,0.0128328,LC09_L2SP_158014_20260817_02_T1
l9siberia_r54_c36,54,36,EPSG:32643,553125.00,7188015.00,556965.00,7191855.00,76.1599,64.8293,0,0,0,293.457,300.387,304.035,300.247,1.29598,3.64734,0.0514049,0.162586,0.0438068,LC09_L2SP_158014_20260817_02_T1
l9siberia_r54_c38,54,38,EPSG:32643,560805.00,7188015.00,564645.00,7191855.00,76.3217,64.828,0,0,0,282.758,298.667,303.148,297.951,3.2771,4.48077,0.332166,0.289198,0.172151,LC09_L2SP_158014_20260817_02_T1
l9siberia_r54_c39,54,39,EPSG:32643,564645.00,7188015.00,568485.00,7191855.00,76.4026,64.8272,0,0,0,291.587,299.517,303.072,299.468,1.44128,3.55539,0.289055,0.150015,0.0746555,LC09_L2SP_158014_20260817_02_T1
l9siberia_r54_c41,54,41,EPSG:32643,572325.00,7188015.00,576165.00,7191855.00,76.5644,64.8256,3,0,0,293.026,299.197,301.907,299.214,1.2628,2.70953,0.476343,0.120101,0.0533692,LC09_L2SP_158014_20260817_02_T1
l9siberia_r54_c42,54,42,EPSG:32643,576165.00,7188015.00,580005.00,7191855.00,76.6452,64.8247,3,0,0,293.068,299.638,302.63,299.43,1.33345,2.99225,0.414337,0.120748,0.0428003,LC09_L2SP_158014_20260817_02_T1
l9siberia_r54_c43,54,43,EPSG:32643,580005.00,7188015.00,583845.00,7191855.00,76.7261,64.8238,3,0,0,288.283,298.842,301.829,298.501,1.87846,2.98691,0.391719,0.140229,0.0996321,LC09_L2SP_158014_20260817_02_T1
l9siberia_r54_c44,54,44,EPSG:32643,583845.00,7188015.00,587685.00,7191855.00,76.807,64.8228,3,0,0,293.59,298.209,300.433,298.072,0.928903,2.22327,0.0150604,0.136207,0.0135268,LC09_L2SP_158014_20260817_02_T1
l9siberia_r54_c45,54,45,EPSG:32643,587685.00,7188015.00,591525.00,7191855.00,76.8878,64.8218,3,0,0,292.945,298.223,299.87,297.872,1.1886,1.64771,0.0508107,0.136641,0.0107483,LC09_L2SP_158014_20260817_02_T1
l9siberia_r54_c46,54,46,EPSG:32643,591525.00,7188015.00,595365.00,7191855.00,76.9687,64.8208,3,0,0,292.099,298.002,300.544,297.477,1.79635,2.5416,0.0701472,0.134387,0.0178611,LC09_L2SP_158014_20260817_02_T1
l9siberia_r54_c47,54,47,EPSG:32643,595365.00,7188015.00,599205.00,7191855.00,77.0495,64.8197,3,0,0,292.672,298.641,301.644,297.935,2.04599,3.00272,0.236908,0.127631,0.0335172,LC09_L2SP_158014_20260817_02_T1
l9siberia_r55_c22,55,22,EPSG:32643,499365.00,7184175.00,503205.00,7188015.00,75.027,64.7994,3,0,0,290.761,298.994,304.708,298.737,2.82931,5.71414,0.187773,0.402193,0.163507,LC09_L2SP_158014_20260817_02_T1
l9siberia_r55_c23,55,23,EPSG:32643,503205.00,7184175.00,507045.00,7188015.00,75.1079,64.7993,3,0,0,292.217,299.446,304.302,299.443,1.72196,4.85602,0.12439,0.293971,0.103207,LC09_L2SP_158014_20260817_02_T1
l9siberia_r55_c24,55,24,EPSG:32643,507045.00,7184175.00,510885.00,7188015.00,75.1887,64.7992,3,0,0,292.758,298.381,302.587,298.359,1.57555,4.20584,0.08027,0.158765,0.0243356,LC09_L2SP_158014_20260817_02_T1
l9siberia_r55_c25,55,25,EPSG:32643,510885.00,7184175.00,514725.00,7188015.00,75.2695,64.7991,3,0,0,290.913,297.131,300.099,296.539,2.1036,2.96768,0.0511625,0.158676,0.0233246,LC09_L2SP_158014_20260817_02_T1
l9siberia_r55_c26,55,26,EPSG:32643,514725.00,7184175.00,518565.00,7188015.00,75.3503,64.799,3,0,0,291.136,298.064,301.591,297.657,1.8977,3.52673,0.172931,0.160669,0.0206324,LC09_L2SP_158014_20260817_02_T1
l9siberia_r55_c27,55,27,EPSG:32643,518565.00,7184175.00,522405.00,7188015.00,75.4312,64.7987,3,0,0,290.918,297.597,300.871,296.852,2.34019,3.27341,0.217469,0.144398,0.0165541,LC09_L2SP_158014_20260817_02_T1
l9siberia_r55_c28,55,28,EPSG:32643,522405.00,7184175.00,526245.00,7188015.00,75.512,64.7985,3,0,0,290.44,296.955,300.937,295.915,2.84794,3.9812,0.44114,0.144708,0.0178034,LC09_L2SP_158014_20260817_02_T1
l9siberia_r55_c29,55,29,EPSG:32643,526245.00,7184175.00,530085.00,7188015.00,75.5928,64.7982,3,0,0,290.315,295.505,299.491,294.873,2.85777,3.98514,0.0838632,0.160709,0.0132882,LC09_L2SP_158014_20260817_02_T1
l9siberia_r55_c30,55,30,EPSG:32643,530085.00,7184175.00,533925.00,7188015.00,75.6736,64.7978,0,0,0,290.399,297.464,301.253,296.923,1.89564,3.78842,0.180303,0.130865,0.0325156,LC09_L2SP_158014_20260817_02_T1
l9siberia_r55_c31,55,31,EPSG:32643,533925.00,7184175.00,537765.00,7188015.00,75.7544,64.7975,0,0,0,291.433,297.483,301.695,297.24,1.92004,4.21185,0.175455,0.148958,0.0192656,LC09_L2SP_158014_20260817_02_T1
l9siberia_r55_c32,55,32,EPSG:32643,537765.00,7184175.00,541605.00,7188015.00,75.8352,64.797,0,0,0,291.01,297.194,299.871,296.432,2.1539,2.67645,0.497559,0.0746901,0.0116315,LC09_L2SP_158014_20260817_02_T1
l9siberia_r55_c33,55,33,EPSG:32643,541605.00,7184175.00,545445.00,7188015.00,75.9161,64.7965,0,0,0,292.438,298.304,301.855,298.208,1.33796,3.55112,0.269473,0.116254,0.0359959,LC09_L2SP_158014_20260817_02_T1
l9siberia_r55_c34,55,34,EPSG:32643,545445.00,7184175.00,549285.00,7188015.00,75.9969,64.796,0,0,0,293.733,299.169,302.044,298.995,1.41094,2.875,0.323379,0.113446,0.0546047,LC09_L2SP_158014_20260817_02_T1
l9siberia_r55_c35,55,35,EPSG:32643,549285.00,7184175.00,553125.00,7188015.00,76.0777,64.7955,0,0,0,291.99,298.083,301.76,298.12,1.44297,3.6778,0.314611,0.120863,0.0147468,LC09_L2SP_158014_20260817_02_T1
l9siberia_r55_c36,55,36,EPSG:32643,553125.00,7184175.00,556965.00,7188015.00,76.1585,64.7949,0,0,0,291.673,298.587,302.257,298.406,1.73068,3.6698,0.315082,0.131559,0.0168548,LC09_L2SP_158014_20260817_02_T1
l9siberia_r55_c37,55,37,EPSG:32643,556965.00,7184175.00,560805.00,7188015.00,76.2392,64.7942,0,0,0,291.958,298.098,302.457,298.108,1.90704,4.35944,0.146863,0.169163,0.0170849,LC09_L2SP_158014_20260817_02_T1
l9siberia_r55_c38,55,38,EPSG:32643,560805.00,7184175.00,564645.00,7188015.00,76.32,64.7935,0,0,0,292.083,299.882,304.324,299.426,2.50057,4.4415,0.250571,0.279306,0.0761963,LC09_L2SP_158014_20260817_02_T1
l9siberia_r55_c39,55,39,EPSG:32643,564645.00,7184175.00,568485.00,7188015.00,76.4008,64.7928,0,0,0,294.472,299.44,304.573,299.725,1.50425,5.13208,0.131805,0.219307,0.0244564,LC09_L2SP_158014_20260817_02_T1
l9siberia_r55_c41,55,41,EPSG:32643,572325.00,7184175.00,576165.00,7188015.00,76.5624,64.7912,3,0,0,291.485,298.903,303.233,298.853,1.50629,4.33038,0.710791,0.147006,0.0987178,LC09_L2SP_158014_20260817_02_T1
l9siberia_r55_c42,55,42,EPSG:32643,576165.00,7184175.00,580005.00,7188015.00,76.6431,64.7903,3,0,0,292.594,299.281,302.18,299.06,1.53904,2.89874,0.446388,0.179051,0.0547225,LC09_L2SP_158014_20260817_02_T1
l9siberia_r55_c43,55,43,EPSG:32643,580005.00,7184175.00,583845.00,7188015.00,76.7239,64.7894,3,0,0,292.531,299.253,301.161,298.818,1.58295,1.90717,0.0712245,0.114835,0.0453104,LC09_L2SP_158014_20260817_02_T1
l9siberia_r55_c44,55,44,EPSG:32643,583845.00,7184175.00,587685.00,7188015.00,76.8047,64.7884,3,0,0,292.576,298.028,300.746,297.734,1.3254,2.71844,0.0441415,0.142616,0.0154418,LC09_L2SP_158014_20260817_02_T1
l9siberia_r55_c45,55,45,EPSG:32643,587685.00,7184175.00,591525.00,7188015.00,76.8854,64.7874,3,0,0,292.269,298.05,301.509,297.384,1.9672,3.4588,0.0287974,0.131841,0.0188914,LC09_L2SP_158014_20260817_02_T1
l9siberia_r55_c46,55,46,EPSG:32643,591525.00,7184175.00,595365.00,7188015.00,76.9661,64.7864,3,0,0,292.197,298.161,301.521,297.597,2.06211,3.35992,0.184726,0.153475,0.0278774,LC09_L2SP_158014_20260817_02_T1
l9siberia_r55_c47,55,47,EPSG:32643,595365.00,7184175.00,599205.00,7188015.00,77.0469,64.7853,3,0,0,291.663,298.062,302.575,296.974,2.99608,4.51373,0.417748,0.150817,0.0213093,LC09_L2SP_158014_20260817_02_T1
l9siberia_r55_c48,55,48,EPSG:32643,599205.00,7184175.00,603045.00,7188015.00,77.1276,64.7841,3,0,0,292.041,298.474,301.631,297.615,2.28605,3.15744,0.124528,0.116958,0.0380977,LC09_L2SP_158014_20260817_02_T1
l9siberia_r55_c49,55,49,EPSG:32643,603045.00,7184175.00,606885.00,7188015.00,77.2083,64.7829,3,0,0,291.842,298.54,300.868,297.936,1.96372,2.32846,0.0757393,0.118268,0.0140527,LC09_L2SP_158014_20260817_02_T1
l9siberia_r56_c25,56,25,EPSG:32643,510885.00,7180335.00,514725.00,7184175.00,75.2692,64.7647,3,0,0,290.662,298.059,300.746,297.345,2.14112,2.68661,0.0654549,0.150481,0.0242041,LC09_L2SP_158014_20260817_02_T1
l9siberia_r56_c26,56,26,EPSG:32643,514725.00,7180335.00,518565.00,7184175.00,75.3499,64.7645,3,0,0,290.41,297.012,301.802,296.025,2.89704,4.7905,0.134813,0.164169,0.0291786,LC09_L2SP_158014_20260817_02_T1
l9siberia_r56_c27,56,27,EPSG:32643,518565.00,7180335.00,522405.00,7184175.00,75.4306,64.7643,3,0,0,290.491,298.184,303.187,297.751,2.50088,5.00336,0.150755,0.178304,0.0186008,LC09_L2SP_158014_20260817_02_T1
l9siberia_r56_c28,56,28,EPSG:32643,522405.00,7180335.00,526245.00,7184175.00,75.5113,64.764,3,0,0,290.739,296.543,301.616,296.059,3.0671,5.07245,0.280631,0.162326,0.0250634,LC09_L2SP_158014_20260817_02_T1
l9siberia_r56_c29,56,29,EPSG:32643,526245.00,7180335.00,530085.00,7184175.00,75.592,64.7637,3,0,0,291.153,297.489,300.544,296.806,2.2948,3.0549,0.109547,0.145464,0.0121228,LC09_L2SP_158014_20260817_02_T1
l9siberia_r56_c30,56,30,EPSG:32643,530085.00,7180335.00,533925.00,7184175.00,75.6728,64.7634,0,0,0,291.39,297.746,301.879,297.277,2.23297,4.1329,0.47916,0.137591,0.0864882,LC09_L2SP_158014_20260817_02_T1
l9siberia_r56_c31,56,31,EPSG:32643,533925.00,7180335.00,537765.00,7184175.00,75.7535,64.763,0,0,0,291.519,298.687,302.401,298.197,2.12161,3.71375,0.313566,0.15901,0.0618235,LC09_L2SP_158014_20260817_02_T1
l9siberia_r56_c32,56,32,EPSG:32643,537765.00,7180335.00,541605.00,7184175.00,75.8342,64.7626,0,0,0,291.144,297.702,302.358,297.101,2.26176,4.65643,0.364268,0.137972,0.0374426,LC09_L2SP_158014_20260817_02_T1
l9siberia_r56_c33,56,33,EPSG:32643,541605.00,7180335.00,545445.00,7184175.00,75.9149,64.7621,0,0,0,291.259,298.143,301.197,297.755,1.78987,3.05447,0.47868,0.116093,0.0499837,LC09_L2SP_158014_20260817_02_T1
l9siberia_r56_c34,56,34,EPSG:32643,545445.00,7180335.00,549285.00,7184175.00,75.9956,64.7616,0,0,0,291.479,297.805,302.273,297.465,2.07311,4.46716,0.0948736,0.0916019,0.00753756,LC09_L2SP_158014_20260817_02_T1
l9siberia_r56_c35,56,35,EPSG:32643,549285.00,7180335.00,553125.00,7184175.00,76.0763,64.761,0,0,0,292.271,298.104,302.547,298.034,1.84866,4.44324,0.562083,0.224494,0.235015,LC09_L2SP_158014_20260817_02_T1
l9siberia_r56_c36,56,36,EPSG:32643,553125.00,7180335.00,556965.00,7184175.00,76.157,64.7604,0,0,0,291.634,297.596,303.302,297.543,2.05182,5.70609,0.67206,0.103167,0.154649,LC09_L2SP_158014_20260817_02_T1
l9siberia_r56_c37,56,37,EPSG:32643,556965.00,7180335.00,560805.00,7184175.00,76.2377,64.7598,0,0,0,291.883,298.232,302.548,298.106,1.77816,4.31671,0.530538,0.120558,0.282856,LC09_L2SP_158014_20260817_02_T1
l9siberia_r56_c38,56,38,EPSG:32643,560805.00,7180335.00,564645.00,7184175.00,76.3184,64.7591,0,81,1,291.198,298.129,319.38,298.018,2.95995,21.251,0.434402,0.689433,0.17657,LC09_L2SP_158014_20260817_02_T1
l9siberia_r56_c39,56,39,EPSG:32643,564645.00,7180335.00,568485.00,7184175.00,76.399,64.7583,0,5,1,294.424,301.014,304.303,300.848,1.31491,3.28894,0.221643,0.17593,0.0516058,LC09_L2SP_158014_20260817_02_T1
l9siberia_r56_c42,56,42,EPSG:32643,576165.00,7180335.00,580005.00,7184175.00,76.641,64.7558,3,0,0,289.082,298.856,303.51,298.856,1.84016,4.65317,0.519784,0.182521,0.0473209,LC09_L2SP_158014_20260817_02_T1
l9siberia_r56_c43,56,43,EPSG:32643,580005.00,7180335.00,583845.00,7184175.00,76.7217,64.7549,3,4,1,289.663,298.348,301.35,298.043,1.62935,3.00171,0.391471,0.144319,0.0978011,LC09_L2SP_158014_20260817_02_T1
l9siberia_r56_c44,56,44,EPSG:32643,583845.00,7180335.00,587685.00,7184175.00,76.8024,64.754,3,0,0,292.139,298.077,301.176,297.542,2.01111,3.09924,0.0431642,0.161855,0.0328506,LC09_L2SP_158014_20260817_02_T1
l9siberia_r56_c45,56,45,EPSG:32643,587685.00,7180335.00,591525.00,7184175.00,76.883,64.753,3,0,0,292.446,297.906,301.438,297.54,1.87732,3.53189,0.0580974,0.145681,0.0323288,LC09_L2SP_158014_20260817_02_T1
l9siberia_r56_c46,56,46,EPSG:32643,591525.00,7180335.00,595365.00,7184175.00,76.9636,64.7519,3,0,0,292.167,298.141,300.572,297.433,1.84584,2.43085,0.0499934,0.13378,0.0302885,LC09_L2SP_158014_20260817_02_T1
l9siberia_r56_c47,56,47,EPSG:32643,595365.00,7180335.00,599205.00,7184175.00,77.0443,64.7508,3,0,0,291.69,298.303,301.265,297.451,2.39148,2.96124,0.142421,0.131034,0.0362601,LC09_L2SP_158014_20260817_02_T1
l9siberia_r56_c48,56,48,EPSG:32643,599205.00,7180335.00,603045.00,7184175.00,77.1249,64.7497,3,0,0,292.641,298.806,300.961,298.379,1.68458,2.15536,0.0896658,0.119323,0.0228733,LC09_L2SP_158014_20260817_02_T1
l9siberia_r57_c28,57,28,EPSG:32643,522405.00,7176495.00,526245.00,7180335.00,75.5107,64.7296,3,0,0,291.161,297.111,299.818,296.646,1.77085,2.70779,0.0649528,0.161899,0.01432,LC09_L2SP_158014_20260817_02_T1
l9siberia_r57_c29,57,29,EPSG:32643,526245.00,7176495.00,530085.00,7180335.00,75.5913,64.7293,3,0,0,290.985,296.932,299.461,296.306,1.89668,2.52811,0.0702883,0.174708,0.0154345,LC09_L2SP_158014_20260817_02_T1
l9siberia_r57_c30,57,30,EPSG:32643,530085.00,7176495.00,533925.00,7180335.00,75.6719,64.7289,0,0,0,291.804,297.233,301.053,297.09,1.3682,3.82034,0.337163,0.116844,0.0394515,LC09_L2SP_158014_20260817_02_T1
l9siberia_r57_c31,57,31,EPSG:32643,533925.00,7176495.00,537765.00,7180335.00,75.7525,64.7285,0,0,0,291.514,298.056,300.435,297.568,1.80759,2.37848,0.371797,0.105827,0.0283551,LC09_L2SP_158014_20260817_02_T1
l9siberia_r57_c32,57,32,EPSG:32643,537765.00,7176495.00,541605.00,7180335.00,75.8331,64.7281,0,0,0,291.782,298.35,301.672,297.508,2.39681,3.32227,0.201884,0.0917601,0.0110305,LC09_L2SP_158014_20260817_02_T1
l9siberia_r57_c33,57,33,EPSG:32643,541605.00,7176495.00,545445.00,7180335.00,75.9137,64.7276,0,0,0,291.769,297.907,301.209,297.481,1.93171,3.30182,0.224464,0.100125,0.0249212,LC09_L2SP_158014_20260817_02_T1
l9siberia_r57_c34,57,34,EPSG:32643,545445.00,7176495.00,549285.00,7180335.00,75.9943,64.7271,0,0,0,291.694,296.855,299.666,296.544,1.64088,2.81064,0.363326,0.062714,0.0144374,LC09_L2SP_158014_20260817_02_T1
l9siberia_r57_c35,57,35,EPSG:32643,549285.00,7176495.00,553125.00,7180335.00,76.0749,64.7266,0,0,0,291.063,297.66,300.588,297.191,1.978,2.92758,0.220497,0.124575,0.0461104,LC09_L2SP_158014_20260817_02_T1
l9siberia_r57_c36,57,36,EPSG:32643,553125.00,7176495.00,556965.00,7180335.00,76.1555,64.726,0,0,0,282.604,297.343,299.888,296.483,2.7211,2.54562,0.720402,0.0789827,0.299801,LC09_L2SP_158014_20260817_02_T1
l9siberia_r57_c37,57,37,EPSG:32643,556965.00,7176495.00,560805.00,7180335.00,76.2361,64.7253,0,155,1,283.849,296.981,329.51,296.932,3.76717,32.5298,0.730626,0.75164,0.715077,LC09_L2SP_158014_20260817_02_T1
l9siberia_r57_c38,57,38,EPSG:32643,560805.00,7176495.00,564645.00,7180335.00,76.3167,64.7246,0,264,1,289.193,300.291,320.648,300.006,4.05331,20.3577,0.560856,0.940913,0.837871,LC09_L2SP_158014_20260817_02_T1
l9siberia_r57_c39,57,39,EPSG:32643,564645.00,7176495.00,568485.00,7180335.00,76.3973,64.7239,0,145,1,295.886,301.805,318.531,302.163,1.99153,16.7258,0.331448,0.667955,0.252803,LC09_L2SP_158014_20260817_02_T1
l9siberia_r57_c42,57,42,EPSG:32643,576165.00,7176495.00,580005.00,7180335.00,76.639,64.7214,3,0,0,289.438,298.555,301.657,297.618,2.45238,3.10193,0.254007,0.124698,0.0263628,LC09_L2SP_158014_20260817_02_T1
l9siberia_r57_c43,57,43,EPSG:32643,580005.00,7176495.00,583845.00,7180335.00,76.7195,64.7205,3,0,0,292.66,298.977,301.746,298.666,1.61157,2.76874,0.0959815,0.156269,0.0557815,LC09_L2SP_158014_20260817_02_T1
l9siberia_r57_c44,57,44,EPSG:32643,583845.00,7176495.00,587685.00,7180335.00,76.8001,64.7195,3,0,0,292.029,298.85,301.785,298.361,1.98983,2.93518,0.154849,0.177611,0.114282,LC09_L2SP_158014_20260817_02_T1
l9siberia_r57_c45,57,45,EPSG:32643,587685.00,7176495.00,591525.00,7180335.00,76.8806,64.7185,3,0,0,291.89,298.328,302.281,297.452,2.5185,3.9538,0.0616934,0.16035,0.0348861,LC09_L2SP_158014_20260817_02_T1
l9siberia_r57_c46,57,46,EPSG:32643,591525.00,7176495.00,595365.00,7180335.00,76.9611,64.7175,3,0,0,292.506,298.349,300.618,298.056,1.57018,2.26862,0.045894,0.132502,0.0161648,LC09_L2SP_158014_20260817_02_T1
l9siberia_r57_c47,57,47,EPSG:32643,595365.00,7176495.00,599205.00,7180335.00,77.0417,64.7164,3,0,0,293.034,298.575,301.019,298.486,0.950594,2.44431,0.096417,0.127753,0.0158084,LC09_L2SP_158014_20260817_02_T1
l9siberia_r57_c48,57,48,EPSG:32643,599205.00,7176495.00,603045.00,7180335.00,77.1222,64.7153,3,0,0,292.888,297.821,300.653,297.675,1.21087,2.83179,0.0431497,0.149881,0.00929222,LC09_L2SP_158014_20260817_02_T1
l9siberia_r58_c30,58,30,EPSG:32643,530085.00,7172655.00,533925.00,7176495.00,75.6711,64.6945,0,0,0,292.124,297.754,301.245,297.506,1.32801,3.49063,0.289444,0.162592,0.0244185,LC09_L2SP_158014_20260817_02_T1
l9siberia_r58_c31,58,31,EPSG:32643,533925.00,7172655.00,537765.00,7176495.00,75.7516,64.6941,0,0,0,291.556,297.79,300.055,297.525,1.42514,2.26462,0.375033,0.116047,0.0285792,LC09_L2SP_158014_20260817_02_T1
l9siberia_r58_c32,58,32,EPSG:32643,537765.00,7172655.00,541605.00,7176495.00,75.8321,64.6937,0,0,0,292.579,298.466,300.924,298.127,1.34824,2.45758,0.202866,0.123712,0.0113352,LC09_L2SP_158014_20260817_02_T1
l9siberia_r58_c33,58,33,EPSG:32643,541605.00,7172655.00,545445.00,7176495.00,75.9126,64.6932,0,0,0,292.732,297.999,300.837,297.994,1.04072,2.8381,0.00844498,0.125067,0.00282249,LC09_L2SP_158014_20260817_02_T1
l9siberia_r58_c34,58,34,EPSG:32643,545445.00,7172655.00,549285.00,7176495.00,75.9931,64.6927,0,0,0,288.3,298.204,302.463,298.266,1.4099,4.25906,0.224835,0.139245,0.0127161,LC09_L2SP_158014_20260817_02_T1
l9siberia_r58_c35,58,35,EPSG:32643,549285.00,7172655.00,553125.00,7176495.00,76.0735,64.6921,0,0,0,287.538,297.271,302.6,296.804,2.45641,5.32907,0.737397,0.0680097,0.411394,LC09_L2SP_158014_20260817_02_T1
l9siberia_r58_c36,58,36,EPSG:32643,553125.00,7172655.00,556965.00,7176495.00,76.154,64.6915,0,63,1,291.674,297.516,317.808,297.621,2.13814,20.2917,0.628493,0.367035,0.140869,LC09_L2SP_158014_20260817_02_T1
l9siberia_r58_c37,58,37,EPSG:32643,556965.00,7172655.00,560805.00,7176495.00,76.2345,64.6909,0,0,0,282.54,299.059,302.582,298.164,2.97782,3.5228,0.545292,0.116256,0.293842,LC09_L2SP_158014_20260817_02_T1
l9siberia_r58_c38,58,38,EPSG:32643,560805.00,7172655.00,564645.00,7176495.00,76.315,64.6902,0,263,1,296.671,300.147,340.251,301.382,3.66554,40.1035,0.514071,0.951603,0.949151,LC09_L2SP_158014_20260817_02_T1
l9siberia_r58_c39,58,39,EPSG:32643,564645.00,7172655.00,568485.00,7176495.00,76.3955,64.6894,0,39,1,298.354,302.758,308.972,302.567,1.87328,6.21429,0.285579,0.745569,0.254321,LC09_L2SP_158014_20260817_02_T1
l9siberia_r58_c42,58,42,EPSG:32643,576165.00,7172655.00,580005.00,7176495.00,76.6369,64.687,3,0,0,293.178,299.028,303.021,299.002,1.31378,3.99384,0.373101,0.121863,0.0740666,LC09_L2SP_158014_20260817_02_T1
l9siberia_r58_c43,58,43,EPSG:32643,580005.00,7172655.00,583845.00,7176495.00,76.7173,64.686,3,8,1,294.374,298.774,308.048,298.388,2.13249,9.27368,0.0923107,0.180011,0.0149662,LC09_L2SP_158014_20260817_02_T1
l9siberia_r58_c44,58,44,EPSG:32643,583845.00,7172655.00,587685.00,7176495.00,76.7978,64.6851,3,0,0,294.036,297.242,301.997,297.515,2.11113,4.75522,0.056048,0.134607,0.00814622,LC09_L2SP_158014_20260817_02_T1
l9siberia_r58_c45,58,45,EPSG:32643,587685.00,7172655.00,591525.00,7176495.00,76.8782,64.6841,3,0,0,293.802,296.51,302.568,297.333,2.0211,6.05743,0.112619,0.14867,0.00408202,LC09_L2SP_158014_20260817_02_T1
l9siberia_r58_c46,58,46,EPSG:32643,591525.00,7172655.00,595365.00,7176495.00,76.9587,64.683,3,0,0,293.089,296.284,303.191,296.892,1.94461,6.9071,0.0369995,0.158375,0.00276107,LC09_L2SP_158014_20260817_02_T1
l9siberia_r58_c47,58,47,EPSG:32643,595365.00,7172655.00,599205.00,7176495.00,77.0391,64.682,3,0,0,293.361,297.502,301.26,297.508,1.53514,3.75769,0.304248,0.137534,0.04141,LC09_L2SP_158014_20260817_02_T1
l9siberia_r59_c33,59,33,EPSG:32643,541605.00,7168815.00,545445.00,7172655.00,75.9114,64.6587,0,0,0,294.356,298.504,301.281,298.333,1.15503,2.77646,0.0042632,0.105446,0.00683564,LC09_L2SP_158014_20260817_02_T1
l9siberia_r59_c34,59,34,EPSG:32643,545445.00,7168815.00,549285.00,7172655.00,75.9918,64.6582,0,0,0,293.735,299.211,302.167,299.106,1.15897,2.95612,0.0409062,0.101458,0.0102591,LC09_L2SP_158014_20260817_02_T1
l9siberia_r59_c35,59,35,EPSG:32643,549285.00,7168815.00,553125.00,7172655.00,76.0722,64.6577,0,0,0,295.549,299.189,301.634,299.128,0.893505,2.44492,0.0524892,0.0928436,0.00945915,LC09_L2SP_158014_20260817_02_T1
l9siberia_r59_c36,59,36,EPSG:32643,553125.00,7168815.00,556965.00,7172655.00,76.1526,64.6571,0,214,1,293.385,299.08,334.158,299.759,3.10048,35.0772,0.637916,0.916399,0.861211,LC09_L2SP_158014_20260817_02_T1
l9siberia_r59_c37,59,37,EPSG:32643,556965.00,7168815.00,560805.00,7172655.00,76.233,64.6564,0,243,1,294.947,300.405,317.843,300.729,2.65631,17.4374,0.586764,0.824801,0.660169,LC09_L2SP_158014_20260817_02_T1
l9siberia_r59_c38,59,38,EPSG:32643,560805.00,7168815.00,564645.00,7172655.00,76.3133,64.6557,0,0,0,289.143,299.006,301.578,298.833,1.37394,2.57184,0.334478,0.108635,0.150453,LC09_L2SP_158014_20260817_02_T1
l9siberia_r59_c39,59,39,EPSG:32643,564645.00,7168815.00,568485.00,7172655.00,76.3937,64.655,0,0,0,290.254,299.649,305.722,300.365,2.44067,6.07306,0.289069,0.397132,0.144599,LC09_L2SP_158014_20260817_02_T1
l9siberia_r59_c41,59,41,EPSG:32643,572325.00,7168815.00,576165.00,7172655.00,76.5544,64.6534,3,0,0,281.487,297.789,306.179,297.429,2.95708,8.3898,0.7604,0.248885,0.175892,LC09_L2SP_158014_20260817_02_T1
l9siberia_r59_c42,59,42,EPSG:32643,576165.00,7168815.00,580005.00,7172655.00,76.6348,64.6525,3,0,0,283.43,295.834,303.711,296.043,2.0988,7.87677,0.536084,0.193163,0.0724285,LC09_L2SP_158014_20260817_02_T1
l9siberia_r59_c43,59,43,EPSG:32643,580005.00,7168815.00,583845.00,7172655.00,76.7152,64.6516,3,0,0,292.241,295.519,299.786,295.81,1.10536,4.26688,0.216407,0.170922,0.00523715,LC09_L2SP_158014_20260817_02_T1
l9siberia_r59_c44,59,44,EPSG:32643,583845.00,7168815.00,587685.00,7172655.00,76.7955,64.6506,3,0,0,283.716,296.515,301.008,296.527,2.29426,4.49304,0.390769,0.162038,0.0474306,LC09_L2SP_158014_20260817_02_T1
l9siberia_r59_c45,59,45,EPSG:32643,587685.00,7168815.00,591525.00,7172655.00,76.8758,64.6496,3,0,0,284.154,295.995,301.298,295.854,2.53215,5.3038,0.702125,0.192762,0.165359,LC09_L2SP_158014_20260817_02_T1
l9siberia_r59_c46,59,46,EPSG:32643,591525.00,7168815.00,595365.00,7172655.00,76.9562,64.6486,3,0,0,283.278,296.434,302.469,296.684,2.94194,6.03482,0.214139,0.178475,0.0239346,LC09_L2SP_158014_20260817_02_T1
l9siberia_r60_c35,60,35,EPSG:32643,549285.00,7164975.00,553125.00,7168815.00,76.0708,64.6232,1,0,0,293.991,298.168,300.36,297.99,1.1136,2.19238,0.0465521,0.0972352,0.0165075,LC09_L2SP_158014_20260817_02_T1
l9siberia_r60_c36,60,36,EPSG:32643,553125.00,7164975.00,556965.00,7168815.00,76.1511,64.6226,1,0,0,291.897,298.399,302.189,297.897,2.04002,3.78986,0.0866145,0.0871412,0.0189556,LC09_L2SP_158014_20260817_02_T1
l9siberia_r60_c37,60,37,EPSG:32643,556965.00,7164975.00,560805.00,7168815.00,76.2314,64.622,1,12,1,292.078,298.594,307.269,298.667,2.36323,8.67505,0.127246,0.393856,0.120885,LC09_L2SP_158014_20260817_02_T1
l9siberia_r60_c38,60,38,EPSG:32643,560805.00,7164975.00,564645.00,7168815.00,76.3117,64.6213,1,0,0,293.702,297.61,303.461,297.82,1.82096,5.85132,0.183868,0.165105,0.0590559,LC09_L2SP_158014_20260817_02_T1
l9siberia_r60_c39,60,39,EPSG:32643,564645.00,7164975.00,568485.00,7168815.00,76.3919,64.6205,1,0,0,294.022,296.409,302.62,296.708,1.31888,6.21118,0.0826853,0.152347,0.0266961,LC09_L2SP_158014_20260817_02_T1
l9siberia_r60_c41,60,41,EPSG:32643,572325.00,7164975.00,576165.00,7168815.00,76.5525,64.6189,0,0,0,293.573,299.247,306.099,299.127,2.71665,6.85275,0.345407,0.318459,0.0637347,LC09_L2SP_158014_20260817_02_T1
l9siberia_r60_c42,60,42,EPSG:32643,576165.00,7164975.00,580005.00,7168815.00,76.6327,64.6181,0,0,0,292.351,298.846,302.77,298.273,1.8847,3.92368,0.159305,0.105448,0.0186677,LC09_L2SP_158014_20260817_02_T1
l9siberia_r60_c43,60,43,EPSG:32643,580005.00,7164975.00,583845.00,7168815.00,76.713,64.6172,0,0,0,285.355,297.742,302.267,297.243,2.52983,4.52441,0.528013,0.122193,0.435095,LC09_L2SP_158014_20260817_02_T1
l9siberia_r60_c44,60,44,EPSG:32643,583845.00,7164975.00,587685.00,7168815.00,76.7932,64.6162,0,0,0,279.77,296.005,300.532,294.85,4.35588,4.52655,0.746181,0.0211259,0.208112,LC09_L2SP_158014_20260817_02_T1
l9siberia_r60_c45,60,45,EPSG:32643,587685.00,7164975.00,591525.00,7168815.00,76.8735,64.6152,0,0,0,283.423,297.401,301.434,296.601,2.88488,4.03281,0.495064,0.18835,0.254398,LC09_L2SP_158014_20260817_02_T1
l9siberia_r60_c47,60,47,EPSG:32643,595365.00,7164975.00,599205.00,7168815.00,77.0339,64.6131,0,0,0,290.827,296.353,301.035,295.955,2.42161,4.68216,0.277866,0.0450977,0.0118334,LC09_L2SP_158014_20260817_02_T1
l9siberia_r61_c38,61,38,EPSG:32643,560805.00,7161135.00,564645.00,7164975.00,76.31,64.5868,1,0,0,291.262,297.749,301.479,297.443,1.84356,3.72986,0.272263,0.100595,0.0345846,LC09_L2SP_158014_20260817_02_T1
l9siberia_r61_c41,61,41,EPSG:32643,572325.00,7161135.00,576165.00,7164975.00,76.5505,64.5845,0,0,0,292.728,300.289,304.519,300.227,1.82742,4.23047,0.175502,0.253802,0.0667009,LC09_L2SP_158014_20260817_02_T1
l9siberia_r61_c42,61,42,EPSG:32643,576165.00,7161135.00,580005.00,7164975.00,76.6307,64.5836,0,0,0,294.646,301.58,304.215,301.409,1.36981,2.63516,0.366132,0.19693,0.281533,LC09_L2SP_158014_20260817_02_T1
l9siberia_r61_c44,61,44,EPSG:32643,583845.00,7161135.00,587685.00,7164975.00,76.791,64.5818,0,0,0,285.366,298.822,303.531,298.203,2.36319,4.70892,0.461558,0.170792,0.0748732,LC09_L2SP_158014_20260817_02_T1
l9siberia_r61_c45,61,45,EPSG:32643,587685.00,7161135.00,591525.00,7164975.00,76.8711,64.5808,0,0,0,283.321,298.312,302.572,297.362,3.47007,4.26019,0.475209,0.0967933,0.326371,LC09_L2SP_158014_20260817_02_T1
l9siberia_r61_c46,61,46,EPSG:32643,591525.00,7161135.00,595365.00,7164975.00,76.9512,64.5797,0,0,0,291.362,297.241,305.411,297.167,3.63585,8.16953,0.441534,0.0795811,0.0416024,LC09_L2SP_158014_20260817_02_T1
l9siberia_r62_c41,62,41,EPSG:32643,572325.00,7157295.00,576165.00,7161135.00,76.5486,64.55,0,0,0,291.002,299.843,304.072,298.86,2.79576,4.22928,0.395827,0.20911,0.0499925,LC09_L2SP_158014_20260817_02_T1
l9siberia_r62_c42,62,42,EPSG:32643,576165.00,7157295.00,580005.00,7161135.00,76.6286,64.5492,0,0,0,291.927,300.646,303.55,300.138,2.22841,2.90396,0.19555,0.301657,0.254587,LC09_L2SP_158014_20260817_02_T1
l9siberia_r62_c43,62,43,EPSG:32643,580005.00,7157295.00,583845.00,7161135.00,76.7087,64.5483,0,0,0,282.936,300.072,303.856,298.916,3.83378,3.7836,0.768395,0.133676,0.594861,LC09_L2SP_158014_20260817_02_T1
l9siberia_r62_c44,62,44,EPSG:32643,583845.00,7157295.00,587685.00,7161135.00,76.7887,64.5473,0,0,0,283.779,297.287,303.729,296.484,3.33827,6.44199,0.525537,0.190721,0.43324,LC09_L2SP_158014_20260817_02_T1
l9siberia_r62_c45,62,45,EPSG:32643,587685.00,7157295.00,591525.00,7161135.00,76.8687,64.5463,0,0,0,287.903,300.52,303.713,299.784,2.52047,3.19318,0.404995,0.181913,0.203521,LC09_L2SP_158014_20260817_02_T1
l9siberia_r62_c46,62,46,EPSG:32643,591525.00,7157295.00,595365.00,7161135.00,76.9488,64.5453,0,0,0,289.431,298.437,302.47,297.871,2.8249,4.03296,0.454448,0.158316,0.162156,LC09_L2SP_158014_20260817_02_T1
l9siberia_r63_c43,63,43,EPSG:32643,580005.00,7153455.00,583845.00,7157295.00,76.7065,64.5138,0,0,0,290.029,300.188,302.899,299.803,1.69376,2.71082,0.334666,0.112582,0.128322,LC09_L2SP_158014_20260817_02_T1
l9siberia_r63_c44,63,44,EPSG:32643,583845.00,7153455.00,587685.00,7157295.00,76.7864,64.5129,0,0,0,291.504,299.388,303.53,298.932,2.24705,4.14279,0.241224,0.221645,0.0848047,LC09_L2SP_158014_20260817_02_T1
l9siberia_r63_c45,63,45,EPSG:32643,587685.00,7153455.00,591525.00,7157295.00,76.8664,64.5119,0,0,0,284.224,299.312,303.534,298.461,3.33376,4.22165,0.48673,0.247098,0.719404,LC09_L2SP_158014_20260817_02_T1
l9siberia_r63_c46,63,46,EPSG:32643,591525.00,7153455.00,595365.00,7157295.00,76.9463,64.5109,0,0,0,292.942,299.665,307.297,299.666,2.2428,7.63159,0.0519052,0.373649,0.0228927,LC09_L2SP_158014_20260817_02_T1
