patch_id,row,col,crs,x_min,y_min,x_max,y_max,center_lon,center_lat,fold,has_thermal,y_cloud,cloud_frac,veg_valid,y_veg,veg_frac,scl_frac_0,scl_frac_1,scl_frac_2,scl_frac_3,scl_frac_4,scl_frac_5,scl_frac_6,scl_frac_7,scl_frac_8,scl_frac_9,scl_frac_10,scl_frac_11,thermal_min_K,thermal_median_K,thermal_max_K,thermal_mean_K,thermal_std_K,thermal_contrast_K,optical_scene,thermal_scene
s2delhi_r00_c00,0,0,EPSG:32643,699960.00,3197480.00,702520.00,3200040.00,77.0639,28.9009,0,1,0,0.274597,0,,,0,0,0,0.313599,0.233826,0.168213,0,0.00976562,0.133301,0.141296,0,0,306.742,311.953,324.313,312.34,2.99791,12.3604,S2C_43RGM_20260920_0_L2A,LC09_L2SP_147040_20260921_02_T1
s2delhi_r00_c01,0,1,EPSG:32643,702520.00,3197480.00,705080.00,3200040.00,77.0902,28.9005,0,1,0,0.0267334,1,1,0.502053,0,0,0,0.00268555,0.484985,0.481018,0,0.00457764,0.0238647,0.00286865,0,0,307.18,312.53,321.498,312.711,2.28586,8.96783,S2C_43RGM_20260920_0_L2A,LC09_L2SP_147040_20260921_02_T1
s2delhi_r00_c02,0,2,EPSG:32643,705080.00,3197480.00,707640.00,3200040.00,77.1164,28.9001,0,1,0,0.00183105,1,0,0.482194,0,0,0,0.0657349,0.449585,0.482788,0,6.10352e-05,6.10352e-05,0.00177002,0,0,307.716,313.234,321.779,313.486,2.35033,8.54486,S2C_43RGM_20260920_0_L2A,LC09_L2SP_147040_20260921_02_T1
s2delhi_r00_c03,0,3,EPSG:32643,707640.00,3197480.00,710200.00,3200040.00,77.1426,28.8997,0,1,0,0.00286865,1,1,0.617703,0,0,0,0.00579834,0.610352,0.377747,0,0.00323486,0.00164795,0.0012207,0,0,307.392,311.356,316.072,311.408,1.62179,4.71536,S2C_43RGM_20260920_0_L2A,LC09_L2SP_147040_20260921_02_T1
s2delhi_r00_c04,0,4,EPSG:32643,710200.00,3197480.00,712760.00,3200040.00,77.1689,28.8993,0,1,0,0.00720215,1,0,0.493201,0,0,0,0.0020752,0.487,0.500427,0,0.0032959,0.00354004,0.00366211,0,0,307.746,311.717,318.811,311.685,1.94543,7.09412,S2C_43RGM_20260920_0_L2A,LC09_L2SP_147040_20260921_02_T1
s2delhi_r00_c05,0,5,EPSG:32643,712760.00,3197480.00,715320.00,3200040.00,77.1951,28.8988,0,1,0,0.123352,1,0,0.421363,0,0,0,0.154236,0.296631,0.407349,0,0.0184326,0.0728149,0.0505371,0,0,307.797,311.571,316.118,311.617,1.37472,4.54706,S2C_43RGM_20260920_0_L2A,LC09_L2SP_147040_20260921_02_T1
s2delhi_r00_c06,0,6,EPSG:32643,715320.00,3197480.00,717880.00,3200040.00,77.2214,28.8984,0,1,0,0.0736694,1,0,0.471678,0,0,0,0.226868,0.317139,0.355225,0.0126953,0.0144043,0.0542603,0.010376,0.0090332,0,306.721,311.319,316.662,311.406,1.83374,5.34277,S2C_43RGM_20260920_0_L2A,LC09_L2SP_147040_20260921_02_T1
s2delhi_r00_c07,0,7,EPSG:32643,717880.00,3197480.00,720440.00,3200040.00,77.2476,28.898,0,1,0,0.0880127,1,1,0.704094,0,0,0,0.12323,0.549988,0.23114,0,0.00762939,0.0614014,0.0266113,0,0,306.784,311.198,316.551,311.268,1.86739,5.35352,S2C_43RGM_20260920_0_L2A,LC09_L2SP_147040_20260921_02_T1
s2delhi_r00_c08,0,8,EPSG:32643,720440.00,3197480.00,723000.00,3200040.00,77.2738,28.8975,0,1,0,0.0374146,1,1,0.861787,0,0,0,0.0469971,0.773315,0.124023,0,0.0182495,0.0336304,0.00378418,0,0,306.229,309.028,314.153,309.271,1.53005,5.12515,S2C_43RGM_20260920_0_L2A,LC09_L2SP_147040_20260921_02_T1
s2delhi_r00_c09,0,9,EPSG:32643,723000.00,3197480.00,725560.00,3200040.00,77.3001,28.8971,0,1,0,0.0603027,1,1,0.885016,0,0,0,0.0750122,0.757751,0.0984497,0,0.00848389,0.0455322,0.0147705,0,0,295.903,307.723,314.628,307.695,2.18062,6.90454,S2C_43RGM_20260920_0_L2A,LC09_L2SP_147040_20260921_02_T1
s2delhi_r00_c10,0,10,EPSG:32643,725560.00,3197480.00,728120.00,3200040.00,77.3263,28.8966,0,1,0,0.231506,1,1,0.928872,0,0,0,0.24469,0.471069,0.0360718,0,0.0166626,0.146973,0.0845337,0,0,304.862,307.766,313.646,307.891,1.16219,5.87973,S2C_43RGM_20260920_0_L2A,LC09_L2SP_147040_20260921_02_T1
s2delhi_r00_c11,0,11,EPSG:32643,728120.00,3197480.00,730680.00,3200040.00,77.3525,28.8962,0,0,1,0.389832,0,,,0,0,0,0.163391,0.358582,0.0727539,0.00012207,0.0153198,0.219788,0.170044,0,0,,,,,,,S2C_43RGM_20260920_0_L2A,
s2delhi_r00_c12,0,12,EPSG:32643,730680.00,3197480.00,733240.00,3200040.00,77.3788,28.8957,0,0,1,0.412109,0,,,0,0,0,0.171204,0.361694,0.0460205,0,0.00897217,0.24054,0.17157,0,0,,,,,,,S2C_43RGM_20260920_0_L2A,
s2delhi_r00_c13,0,13,EPSG:32643,733240.00,3197480.00,735800.00,3200040.00,77.405,28.8953,0,0,0,0.00817871,1,1,0.932863,0,0,0,0,0.920166,0.0662231,0,0.00543213,0.00805664,0.00012207,0,0,,,,,,,S2C_43RGM_20260920_0_L2A,
s2delhi_r00_c14,0,14,EPSG:32643,735800.00,3197480.00,738360.00,3200040.00,77.4312,28.8948,0,0,0,0,1,1,0.934103,0,0,0,0.00183105,0.924011,0.0651855,0.0020752,0.00689697,0,0,0,0,,,,,,,S2C_43RGM_20260920_0_L2A,
s2delhi_r00_c15,0,15,EPSG:32643,738360.00,3197480.00,740920.00,3200040.00,77.4575,28.8943,0,0,0,0.00158691,1,1,0.919701,0,0,0,0.0870361,0.82489,0.0720215,0,0.0144653,0.00158691,0,0,0,,,,,,,S2C_43RGM_20260920_0_L2A,
s2delhi_r00_c16,0,16,EPSG:32643,740920.00,3197480.00,743480.00,3200040.00,77.4837,28.8938,0,0,0,0.216553,1,1,0.921551,0,0,0,0.149475,0.570007,0.0485229,0,0.0154419,0.145508,0.0710449,0,0,,,,,,,S2C_43RGM_20260920_0_L2A,
s2delhi_r00_c17,0,17,EPSG:32643,743480.00,3197480.00,746040.00,3200040.00,77.5099,28.8933,0,0,0,0.219299,1,1,0.896093,0,0,0,0.0872803,0.596375,0.0691528,0,0.0278931,0.136292,0.0830078,0,0,,,,,,,S2C_43RGM_20260920_0_L2A,
s2delhi_r00_c18,0,18,EPSG:32643,746040.00,3197480.00,748600.00,3200040.00,77.5362,28.8928,0,0,0,0.0288086,0,,,0,0,0,0.500549,0.435974,0.0256958,0.000549316,0.00842285,0.0197754,0.0090332,0,0,,,,,,,S2C_43RGM_20260920_0_L2A,
s2delhi_r00_c19,0,19,EPSG:32643,748600.00,3197480.00,751160.00,3200040.00,77.5624,28.8924,0,0,0,0.0527344,1,1,0.935916,0,0,0,0.0353394,0.847717,0.0580444,0,0.00616455,0.0360107,0.0167236,0,0,,,,,,,S2C_43RGM_20260920_0_L2A,
s2delhi_r00_c20,0,20,EPSG:32643,751160.00,3197480.00,753720.00,3200040.00,77.5886,28.8918,0,0,0,0.197998,1,1,0.900881,0,0,0,0.282288,0.455444,0.0501099,0,0.0141602,0.104858,0.0931396,0,0,,,,,,,S2C_43RGM_20260920_0_L2A,
s2delhi_r00_c21,0,21,EPSG:32643,753720.00,3197480.00,756280.00,3200040.00,77.6149,28.8913,0,0,0,0.172852,1,1,0.722121,0,0,0,0.0917969,0.507874,0.195435,0,0.0320435,0.112366,0.0604858,0,0,,,,,,,S2C_43RGM_20260920_0_L2A,
s2delhi_r00_c22,0,22,EPSG:32643,756280.00,3197480.00,758840.00,3200040.00,77.6411,28.8908,0,0,0,0.0429688,1,1,0.850668,0,0,0,0.110901,0.695374,0.12207,0,0.0286865,0.0342407,0.00872803,0,0,,,,,,,S2C_43RGM_20260920_0_L2A,
s2delhi_r00_c23,0,23,EPSG:32643,758840.00,3197480.00,761400.00,3200040.00,77.6673,28.8903,0,0,0,0.0165405,1,1,0.631804,0,0,0,0.0055542,0.612061,0.356689,0,0.00915527,0.0143433,0.00219727,0,0,,,,,,,S2C_43RGM_20260920_0_L2A,
s2delhi_r00_c24,0,24,EPSG:32643,761400.00,3197480.00,763960.00,3200040.00,77.6935,28.8898,0,0,0,0.192078,0,,,0,0,0,0.283691,0.402161,0.0955811,0,0.0264893,0.117065,0.0750122,0,0,,,,,,,S2C_43RGM_20260920_0_L2A,
s2delhi_r00_c25,0,25,EPSG:32643,763960.00,3197480.00,766520.00,3200040.00,77.7198,28.8893,0,0,0,0.205994,1,1,0.5128,0,0,0,0.0944214,0.350891,0.333374,0,0.0153198,0.126099,0.079895,0,0,,,,,,,S2C_43RGM_20260920_0_L2A,
s2delhi_r00_c26,0,26,EPSG:32643,766520.00,3197480.00,769080.00,3200040.00,77.746,28.8887,0,0,0,0.0598145,1,1,0.577763,0,0,0,0.106323,0.48114,0.351624,0,0.00109863,0.0440063,0.0158081,0,0,,,,,,,S2C_43RGM_20260920_0_L2A,
s2delhi_r00_c27,0,27,EPSG:32643,769080.00,3197480.00,771640.00,3200040.00,77.7722,28.8882,0,0,1,0.432251,0,,,0,0,0,0.184937,0.182129,0.188904,0,0.0117798,0.228516,0.203735,0,0,,,,,,,S2C_43RGM_20260920_0_L2A,
s2delhi_r00_c28,0,28,EPSG:32643,771640.00,3197480.00,774200.00,3200040.00,77.7984,28.8877,0,0,1,0.352966,0,,,0,0,0,0.344238,0.230774,0.0640259,0,0.00799561,0.169434,0.183533,0,0,,,,,,,S2C_43RGM_20260920_0_L2A,
s2delhi_r00_c29,0,29,EPSG:32643,774200.00,3197480.00,776760.00,3200040.00,77.8247,28.8871,0,0,1,0.387146,0,,,0,0,0,0.259399,0.220032,0.072998,0,0.0604248,0.22699,0.160156,0,0,,,,,,,S2C_43RGM_20260920_0_L2A,
s2delhi_r00_c30,0,30,EPSG:32643,776760.00,3197480.00,779320.00,3200040.00,77.8509,28.8866,0,0,0,0.225403,1,1,0.894113,0,0,0,0.148132,0.547852,0.0648804,0,0.0137329,0.122925,0.102478,0,0,,,,,,,S2C_43RGM_20260920_0_L2A,
s2delhi_r00_c31,0,31,EPSG:32643,779320.00,3197480.00,781880.00,3200040.00,77.8771,28.886,0,0,0,0.256653,0,,,0,0,0,0.346802,0.287415,0.0897217,0,0.0194092,0.16333,0.0933228,0,0,,,,,,,S2C_43RGM_20260920_0_L2A,
s2delhi_r00_c32,0,32,EPSG:32643,781880.00,3197480.00,784440.00,3200040.00,77.9033,28.8854,0,0,1,0.377136,0,,,0,0,0,0.146484,0.37323,0.0894775,0,0.0136719,0.2229,0.154236,0,0,,,,,,,S2C_43RGM_20260920_0_L2A,
s2delhi_r00_c33,0,33,EPSG:32643,784440.00,3197480.00,787000.00,3200040.00,77.9295,28.8849,0,0,0,0.101013,1,1,0.890783,0,0,0,0.124817,0.682495,0.0836792,0,0.00799561,0.0767822,0.024231,0,0,,,,,,,S2C_43RGM_20260920_0_L2A,
s2delhi_r00_c34,0,34,EPSG:32643,787000.00,3197480.00,789560.00,3200040.00,77.9558,28.8843,0,0,0,0.152588,1,1,0.895728,0,0,0,0.245972,0.528503,0.0615234,0,0.0114136,0.112915,0.0396729,0,0,,,,,,,S2C_43RGM_20260920_0_L2A,
s2delhi_r00_c35,0,35,EPSG:32643,789560.00,3197480.00,792120.00,3200040.00,77.982,28.8837,0,0,0,0.106262,1,1,0.901443,0,0,0,0.0961914,0.701721,0.0767212,0.00158691,0.0175171,0.0782471,0.0280151,0,0,,,,,,,S2C_43RGM_20260920_0_L2A,
s2delhi_r00_c36,0,36,EPSG:32643,792120.00,3197480.00,794680.00,3200040.00,78.0082,28.8831,0,0,0,0.189026,1,1,0.932719,0,0,0,0.105896,0.648132,0.0467529,0,0.0101929,0.139893,0.0491333,0,0,,,,,,,S2C_43RGM_20260920_0_L2A,
s2delhi_r00_c37,0,37,EPSG:32643,794680.00,3197480.00,797240.00,3200040.00,78.0344,28.8825,0,0,0,0.168396,1,1,0.936657,0,0,0,0.18396,0.597473,0.0404053,0.00012207,0.00964355,0.110535,0.0578613,0,0,,,,,,,S2C_43RGM_20260920_0_L2A,
s2delhi_r00_c38,0,38,EPSG:32643,797240.00,3197480.00,799800.00,3200040.00,78.0606,28.8819,0,0,0,0.240967,1,1,0.950304,0,0,0,0.220764,0.496033,0.0259399,0,0.0162964,0.136292,0.104675,0,0,,,,,,,S2C_43RGM_20260920_0_L2A,
s2delhi_r00_c39,0,39,EPSG:32643,799800.00,3197480.00,802360.00,3200040.00,78.0869,28.8813,0,0,0,0.0953369,1,1,0.935361,0,0,0,0.124329,0.718933,0.0496826,0.000183105,0.0115356,0.0494385,0.0458984,0,0,,,,,,,S2C_43RGM_20260920_0_L2A,
s2delhi_r00_c40,0,40,EPSG:32643,802360.00,3197480.00,804920.00,3200040.00,78.1131,28.8807,0,0,0,0.0147095,1,0,0.375318,0,0,0,0.0646973,0.243347,0.405029,0.228516,0.0437012,0.0123291,0.00238037,0,0,,,,,,,S2C_43RGM_20260920_0_L2A,
s2delhi_r00_c41,0,41,EPSG:32643,804920.00,3197480.00,807480.00,3200040.00,78.1393,28.8801,0,0,1,0.302795,0,,,0,0,0,0.23407,0.0799561,0.220825,0.111023,0.0513306,0.17981,0.122986,0,0,,,,,,,S2C_43RGM_20260920_0_L2A,
s2delhi_r01_c00,1,0,EPSG:32643,699960.00,3194920.00,702520.00,3197480.00,77.0635,28.8778,0,1,0,0.234192,1,1,0.758229,0,0,0,0.0529175,0.521606,0.166321,0,0.0249634,0.10907,0.125122,0,0,306.338,311.663,320.579,311.647,2.71521,8.91531,S2C_43RGM_20260920_0_L2A,LC09_L2SP_147040_20260921_02_T1
s2delhi_r01_c01,1,1,EPSG:32643,702520.00,3194920.00,705080.00,3197480.00,77.0897,28.8774,0,1,0,0,1,1,0.689354,0,0,0,0.00189209,0.688049,0.310059,0,0,0,0,0,0,306.77,310.57,319.318,310.904,2.33997,8.74792,S2C_43RGM_20260920_0_L2A,LC09_L2SP_147040_20260921_02_T1
s2delhi_r01_c02,1,2,EPSG:32643,705080.00,3194920.00,707640.00,3197480.00,77.1159,28.877,0,1,0,0.0325928,1,0,0.249827,0,0,6.10352e-05,0.0873413,0.219849,0.660156,0,0,0.000183105,0.0324097,0,0,306.355,314.306,321.139,313.954,2.43248,6.83249,S2C_43RGM_20260920_0_L2A,LC09_L2SP_147040_20260921_02_T1
s2delhi_r01_c03,1,3,EPSG:32643,707640.00,3194920.00,710200.00,3197480.00,77.1422,28.8766,0,1,0,0,1,0,0.441602,0,0,0,0.00299072,0.439392,0.555603,0,0.00201416,0,0,0,0,293.635,311.066,317.972,310.839,3.252,6.90643,S2C_43RGM_20260920_0_L2A,LC09_L2SP_147040_20260921_02_T1
s2delhi_r01_c04,1,4,EPSG:32643,710200.00,3194920.00,712760.00,3197480.00,77.1684,28.8762,0,1,0,0.140686,1,1,0.747778,0,0,0,0.19989,0.487854,0.164551,0,0.00701904,0.0811768,0.0595093,0,0,306.298,309.842,315.518,309.929,1.69152,5.67599,S2C_43RGM_20260920_0_L2A,LC09_L2SP_147040_20260921_02_T1
s2delhi_r01_c05,1,5,EPSG:32643,712760.00,3194920.00,715320.00,3197480.00,77.1946,28.8757,0,1,0,0.276245,1,1,0.504513,0,0,0,0.0864868,0.30365,0.298218,0,0.0354004,0.214111,0.0621338,0,0,307.174,310.908,315.602,310.99,1.37205,4.69409,S2C_43RGM_20260920_0_L2A,LC09_L2SP_147040_20260921_02_T1
s2delhi_r01_c06,1,6,EPSG:32643,715320.00,3194920.00,717880.00,3197480.00,77.2209,28.8753,0,1,0,0.0032959,1,1,0.65049,0,0,0,0.0112305,0.627502,0.337158,0.0133667,0.00744629,0.0032959,0,0,0,302.123,309.005,321.569,309.71,2.63484,12.5642,S2C_43RGM_20260920_0_L2A,LC09_L2SP_147040_20260921_02_T1
s2delhi_r01_c07,1,7,EPSG:32643,717880.00,3194920.00,720440.00,3197480.00,77.2471,28.8749,0,1,0,0.0793457,1,1,0.738193,0,0,0,0.141663,0.559998,0.198608,0,0.0203857,0.0562134,0.0231323,0,0,304.132,310.863,316.3,311.016,1.84596,5.43661,S2C_43RGM_20260920_0_L2A,LC09_L2SP_147040_20260921_02_T1
s2delhi_r01_c08,1,8,EPSG:32643,720440.00,3194920.00,723000.00,3197480.00,77.2733,28.8744,0,1,0,0.0610352,1,1,0.629167,0,0,0,0.107056,0.513733,0.302795,0,0.0153809,0.0464478,0.0145874,0,0,301.776,310.459,316.604,310.775,2.35982,6.14505,S2C_43RGM_20260920_0_L2A,LC09_L2SP_147040_20260921_02_T1
s2delhi_r01_c09,1,9,EPSG:32643,723000.00,3194920.00,725560.00,3197480.00,77.2996,28.874,0,1,0,0.00994873,1,1,0.834174,0,0,0,0.0374146,0.787231,0.156494,0,0.00891113,0.00964355,0.000305176,0,0,297.102,308.426,315.689,308.287,2.86582,7.26279,S2C_43RGM_20260920_0_L2A,LC09_L2SP_147040_20260921_02_T1
s2delhi_r01_c10,1,10,EPSG:32643,725560.00,3194920.00,728120.00,3197480.00,77.3258,28.8735,0,1,0,0.105652,1,1,0.824991,0,0,0,0.19104,0.565369,0.119934,0,0.0180054,0.0693359,0.0363159,0,0,294.702,308.354,318.375,308.28,3.44237,10.0206,S2C_43RGM_20260920_0_L2A,LC09_L2SP_147040_20260921_02_T1
s2delhi_r01_c11,1,11,EPSG:32643,728120.00,3194920.00,730680.00,3197480.00,77.352,28.8731,0,0,0,0.179321,1,1,0.920998,0,0,0,0.216187,0.540771,0.0463867,0,0.017334,0.121948,0.057373,0,0,,,,,,,S2C_43RGM_20260920_0_L2A,
s2delhi_r01_c12,1,12,EPSG:32643,730680.00,3194920.00,733240.00,3197480.00,77.3782,28.8726,0,0,0,0.10553,1,1,0.862078,0,0,0,0,0.767578,0.122803,0,0.00408936,0.0646362,0.0408936,0,0,,,,,,,S2C_43RGM_20260920_0_L2A,
s2delhi_r01_c13,1,13,EPSG:32643,733240.00,3194920.00,735800.00,3197480.00,77.4045,28.8722,0,0,0,0.000610352,1,1,0.917599,0,0,0,0.0209961,0.88562,0.0795288,0.00158691,0.0116577,0.000610352,0,0,0,,,,,,,S2C_43RGM_20260920_0_L2A,
s2delhi_r01_c14,1,14,EPSG:32643,735800.00,3194920.00,738360.00,3197480.00,77.4307,28.8717,0,0,0,0.00701904,1,1,0.859255,0,0,0,0.0580444,0.791077,0.129578,0.00201416,0.0122681,0.00646973,0.000549316,0,0,,,,,,,S2C_43RGM_20260920_0_L2A,
s2delhi_r01_c15,1,15,EPSG:32643,738360.00,3194920.00,740920.00,3197480.00,77.4569,28.8712,0,0,0,0.117004,1,1,0.942868,0,0,0,0.0793457,0.748413,0.0453491,0,0.0098877,0.0797119,0.0372925,0,0,,,,,,,S2C_43RGM_20260920_0_L2A,
s2delhi_r01_c16,1,16,EPSG:32643,740920.00,3194920.00,743480.00,3197480.00,77.4832,28.8707,0,0,0,0.122925,1,1,0.895408,0,0,0,0.192017,0.570068,0.0665894,0,0.0484009,0.0802612,0.0426636,0,0,,,,,,,S2C_43RGM_20260920_0_L2A,
s2delhi_r01_c17,1,17,EPSG:32643,743480.00,3194920.00,746040.00,3197480.00,77.5094,28.8703,0,0,0,0.0330811,1,1,0.96975,0,0,0,0.0194092,0.913757,0.0285034,0,0.00524902,0.0249023,0.00817871,0,0,,,,,,,S2C_43RGM_20260920_0_L2A,
s2delhi_r01_c18,1,18,EPSG:32643,746040.00,3194920.00,748600.00,3197480.00,77.5356,28.8698,0,0,0,0.290283,0,,,0,0,0,0.401855,0.265869,0.020874,0.000549316,0.0205688,0.131714,0.158569,0,0,,,,,,,S2C_43RGM_20260920_0_L2A,
s2delhi_r01_c19,1,19,EPSG:32643,748600.00,3194920.00,751160.00,3197480.00,77.5618,28.8693,0,0,0,0.16449,1,1,0.85809,0,0,0,0.133179,0.576477,0.0953369,0,0.0305176,0.119385,0.045105,0,0,,,,,,,S2C_43RGM_20260920_0_L2A,
s2delhi_r01_c20,1,20,EPSG:32643,751160.00,3194920.00,753720.00,3197480.00,77.5881,28.8688,0,0,0,0.107483,1,1,0.544369,0,0,0,0,0.45343,0.379517,0,0.0595703,0.0576782,0.0498047,0,0,,,,,,,S2C_43RGM_20260920_0_L2A,
s2delhi_r01_c21,1,21,EPSG:32643,753720.00,3194920.00,756280.00,3197480.00,77.6143,28.8683,0,0,0,0.0671997,1,1,0.757085,0,0,0,0.0184326,0.647339,0.207703,0,0.0593262,0.0515747,0.015625,0,0,,,,,,,S2C_43RGM_20260920_0_L2A,
s2delhi_r01_c22,1,22,EPSG:32643,756280.00,3194920.00,758840.00,3197480.00,77.6405,28.8677,0,0,0,0.294983,0,,,0,0,0,0.262024,0.334412,0.0405884,0,0.0679932,0.146606,0.148376,0,0,,,,,,,S2C_43RGM_20260920_0_L2A,
s2delhi_r01_c23,1,23,EPSG:32643,758840.00,3194920.00,761400.00,3197480.00,77.6667,28.8672,0,0,0,0.00390625,1,1,0.811674,0,0,0,0.0645142,0.753662,0.174866,0,0.00305176,0.00366211,0.000244141,0,0,,,,,,,S2C_43RGM_20260920_0_L2A,
s2delhi_r01_c24,1,24,EPSG:32643,761400.00,3194920.00,763960.00,3197480.00,77.6929,28.8667,0,0,0,0.0680542,1,1,0.822143,0,0,0,0.0116577,0.719727,0.155701,0,0.0448608,0.05896,0.00909424,0,0,,,,,,,S2C_43RGM_20260920_0_L2A,
s2delhi_r01_c25,1,25,EPSG:32643,763960.00,3194920.00,766520.00,3197480.00,77.7192,28.8662,0,0,0,0.0257568,1,1,0.829606,0,0,0,0.0124512,0.790161,0.162292,0,0.00933838,0.0206909,0.00506592,0,0,,,,,,,S2C_43RGM_20260920_0_L2A,
s2delhi_r01_c26,1,26,EPSG:32643,766520.00,3194920.00,769080.00,3197480.00,77.7454,28.8657,0,0,0,0.0716553,1,1,0.699615,0,0,0,0.214478,0.498535,0.21405,0,0.00128174,0.0388794,0.0327759,0,0,,,,,,,S2C_43RGM_20260920_0_L2A,
s2delhi_r01_c27,1,27,EPSG:32643,769080.00,3194920.00,771640.00,3197480.00,77.7716,28.8651,0,0,0,0.137695,1,1,0.762755,0,0,0,0.00689697,0.646973,0.201233,0,0.00720215,0.0963745,0.0413208,0,0,,,,,,,S2C_43RGM_20260920_0_L2A,
s2delhi_r01_c28,1,28,EPSG:32643,771640.00,3194920.00,774200.00,3197480.00,77.7978,28.8646,0,0,0,0.252869,1,1,0.763945,0,0,0,0.161804,0.439697,0.135864,0,0.00976562,0.108948,0.143921,0,0,,,,,,,S2C_43RGM_20260920_0_L2A,
s2delhi_r01_c29,1,29,EPSG:32643,774200.00,3194920.00,776760.00,3197480.00,77.824,28.864,0,0,1,0.429749,0,,,0,0,0,0.237183,0.21228,0.0863647,0,0.0344238,0.211182,0.218567,0,0,,,,,,,S2C_43RGM_20260920_0_L2A,
s2delhi_r01_c30,1,30,EPSG:32643,776760.00,3194920.00,779320.00,3197480.00,77.8503,28.8635,0,0,1,0.310425,0,,,0,0,0,0.227295,0.330078,0.107666,0,0.0245361,0.188354,0.12207,0,0,,,,,,,S2C_43RGM_20260920_0_L2A,
s2delhi_r01_c31,1,31,EPSG:32643,779320.00,3194920.00,781880.00,3197480.00,77.8765,28.8629,0,0,1,0.450806,0,,,0,0,0,0.187073,0.263977,0.0789185,0,0.0192261,0.212402,0.238403,0,0,,,,,,,S2C_43RGM_20260920_0_L2A,
s2delhi_r01_c32,1,32,EPSG:32643,781880.00,3194920.00,784440.00,3197480.00,77.9027,28.8624,0,0,0,0.248169,1,1,0.758391,0,0,0,0.174194,0.424744,0.135315,0.00213623,0.0154419,0.126709,0.12146,0,0,,,,,,,S2C_43RGM_20260920_0_L2A,
s2delhi_r01_c33,1,33,EPSG:32643,784440.00,3194920.00,787000.00,3197480.00,77.9289,28.8618,0,0,0,0.115234,1,1,0.639971,0,0,0,0.113464,0.482361,0.271362,0.00561523,0.0119629,0.0783081,0.0369263,0,0,,,,,,,S2C_43RGM_20260920_0_L2A,
s2delhi_r01_c34,1,34,EPSG:32643,787000.00,3194920.00,789560.00,3197480.00,77.9551,28.8612,0,0,0,0.0401001,1,1,0.836392,0,0,0,0.215149,0.611877,0.11969,0,0.0131836,0.0187988,0.0213013,0,0,,,,,,,S2C_43RGM_20260920_0_L2A,
s2delhi_r01_c35,1,35,EPSG:32643,789560.00,3194920.00,792120.00,3197480.00,77.9813,28.8606,0,0,0,0.160522,1,1,0.860468,0,0,0,0.25177,0.500977,0.0812378,0,0.00549316,0.0919189,0.0686035,0,0,,,,,,,S2C_43RGM_20260920_0_L2A,
s2delhi_r01_c36,1,36,EPSG:32643,792120.00,3194920.00,794680.00,3197480.00,78.0075,28.8601,0,0,0,0.0457153,1,1,0.878414,0,0,0,0.11969,0.730225,0.101074,0,0.0032959,0.0355835,0.0101318,0,0,,,,,,,S2C_43RGM_20260920_0_L2A,
s2delhi_r01_c37,1,37,EPSG:32643,794680.00,3194920.00,797240.00,3197480.00,78.0337,28.8595,0,0,0,0.155762,1,1,0.891557,0,0,0,0.295898,0.473694,0.0576172,0,0.0170288,0.0958862,0.0598755,0,0,,,,,,,S2C_43RGM_20260920_0_L2A,
s2delhi_r01_c38,1,38,EPSG:32643,797240.00,3194920.00,799800.00,3197480.00,78.06,28.8589,0,0,0,0.14447,1,1,0.867313,0,0,0,0.31366,0.463989,0.0709839,0,0.00689697,0.0889893,0.055481,0,0,,,,,,,S2C_43RGM_20260920_0_L2A,
s2delhi_r01_c39,1,39,EPSG:32643,799800.00,3194920.00,802360.00,3197480.00,78.0862,28.8583,0,0,0,0.249573,1,1,0.957695,0,0,0,0.0621948,0.625916,0.0276489,0,0.034668,0.117126,0.132446,0,0,,,,,,,S2C_43RGM_20260920_0_L2A,
s2delhi_r01_c40,1,40,EPSG:32643,802360.00,3194920.00,804920.00,3197480.00,78.1124,28.8577,0,0,0,0.0889282,1,1,0.789616,0,0,0,0.279602,0.497559,0.132568,0,0.00134277,0.0362549,0.0526733,0,0,,,,,,,S2C_43RGM_20260920_0_L2A,
s2delhi_r01_c41,1,41,EPSG:32643,804920.00,3194920.00,807480.00,3197480.00,78.1386,28.8571,0,0,0,0.086853,1,0,0.452608,0,0,0,0.0245972,0.321472,0.388794,0.144043,0.0342407,0.0455933,0.0412598,0,0,,,,,,,S2C_43RGM_20260920_0_L2A,
s2delhi_r02_c00,2,0,EPSG:32643,699960.00,3192360.00,702520.00,3194920.00,77.063,28.8547,0,1,0,0.0272827,1,1,0.528506,0,0,0,0.0942383,0.46283,0.412903,0,0.00274658,0.0185547,0.00872803,0,0,307.363,313.018,323.339,313.504,2.78009,10.3213,S2C_43RGM_20260920_0_L2A,LC09_L2SP_147040_20260921_02_T1
s2delhi_r02_c01,2,1,EPSG:32643,702520.00,3192360.00,705080.00,3194920.00,77.0892,28.8543,0,1,0,0.11554,1,0,0.317002,0,0,0,0.0845947,0.25354,0.546265,0,6.10352e-05,0.0383301,0.0772095,0,0,296.246,313.022,317.471,312.54,2.86487,4.44882,S2C_43RGM_20260920_0_L2A,LC09_L2SP_147040_20260921_02_T1
s2delhi_r02_c02,2,2,EPSG:32643,705080.00,3192360.00,707640.00,3194920.00,77.1155,28.8539,0,1,0,0.153748,1,1,0.531962,0,0,0,0.134155,0.364685,0.320862,0,0.0265503,0.0855103,0.0682373,0,0,306.418,311.905,317.74,311.925,2.38217,5.83459,S2C_43RGM_20260920_0_L2A,LC09_L2SP_147040_20260921_02_T1
s2delhi_r02_c03,2,3,EPSG:32643,707640.00,3192360.00,710200.00,3194920.00,77.1417,28.8535,0,1,0,0.0228882,1,1,0.629204,0,0,0,0.00292969,0.612,0.360657,0,0.00152588,0.0180054,0.00488281,0,0,292.438,308.508,314.27,306.756,5.46364,5.76239,S2C_43RGM_20260920_0_L2A,LC09_L2SP_147040_20260921_02_T1
s2delhi_r02_c04,2,4,EPSG:32643,710200.00,3192360.00,712760.00,3194920.00,77.1679,28.8531,0,1,0,0.0411377,1,1,0.634102,0,0,0,0.119263,0.52887,0.305176,0,0.0055542,0.0273438,0.0137939,0,0,298.237,309.447,317.491,309.538,2.68096,8.04437,S2C_43RGM_20260920_0_L2A,LC09_L2SP_147040_20260921_02_T1
s2delhi_r02_c05,2,5,EPSG:32643,712760.00,3192360.00,715320.00,3194920.00,77.1941,28.8527,0,1,0,0.0787964,1,0,0.452896,0,0,0,0.0331421,0.385559,0.465759,0,0.0367432,0.0562744,0.022522,0,0,307.983,310.847,315.059,310.908,1.18113,4.21204,S2C_43RGM_20260920_0_L2A,LC09_L2SP_147040_20260921_02_T1
s2delhi_r02_c06,2,6,EPSG:32643,715320.00,3192360.00,717880.00,3194920.00,77.2204,28.8522,0,1,0,0.104797,1,1,0.879192,0,0,0,0.32666,0.478394,0.0657349,0.0170898,0.00732422,0.0739136,0.0308838,0,0,305.915,307.909,317.02,308.357,1.45979,9.11142,S2C_43RGM_20260920_0_L2A,LC09_L2SP_147040_20260921_02_T1
s2delhi_r02_c07,2,7,EPSG:32643,717880.00,3192360.00,720440.00,3194920.00,77.2466,28.8518,0,1,0,0.295105,1,1,0.821012,0,0,0,0.15094,0.442627,0.0964966,0,0.0148315,0.120972,0.174133,0,0,299.926,309.032,315.26,309.444,2.15876,6.22824,S2C_43RGM_20260920_0_L2A,LC09_L2SP_147040_20260921_02_T1
s2delhi_r02_c08,2,8,EPSG:32643,720440.00,3192360.00,723000.00,3194920.00,77.2728,28.8514,0,1,0,0.155884,1,1,0.704925,0,0,0,0.143616,0.478699,0.200378,0,0.0214233,0.0894775,0.0664062,0,0,298.538,309.809,315.625,309.615,2.65404,5.8161,S2C_43RGM_20260920_0_L2A,LC09_L2SP_147040_20260921_02_T1
s2delhi_r02_c09,2,9,EPSG:32643,723000.00,3192360.00,725560.00,3194920.00,77.299,28.8509,0,1,0,0.0999146,1,1,0.817109,0,0,0,0.0255127,0.701355,0.156982,0,0.0162354,0.0805054,0.0194092,0,0,302.63,309.219,317.551,309.547,2.08069,8.33194,S2C_43RGM_20260920_0_L2A,LC09_L2SP_147040_20260921_02_T1
s2delhi_r02_c10,2,10,EPSG:32643,725560.00,3192360.00,728120.00,3194920.00,77.3253,28.8505,0,1,0,0.163025,1,1,0.913627,0,0,0,0.295898,0.490662,0.0463867,0,0.00402832,0.0925903,0.0704346,0,0,300.732,307.411,315.904,307.857,1.81844,8.49313,S2C_43RGM_20260920_0_L2A,LC09_L2SP_147040_20260921_02_T1
s2delhi_r02_c11,2,11,EPSG:32643,728120.00,3192360.00,730680.00,3194920.00,77.3515,28.85,0,0,1,0.404419,0,,,0,0,0,0.0912476,0.362244,0.121582,0,0.0205078,0.192627,0.211792,0,0,,,,,,,S2C_43RGM_20260920_0_L2A,
s2delhi_r02_c12,2,12,EPSG:32643,730680.00,3192360.00,733240.00,3194920.00,77.3777,28.8495,0,0,0,0.0161133,1,1,0.829179,0,0,0,0.0442505,0.77356,0.159363,0,0.00671387,0.0153198,0.000793457,0,0,,,,,,,S2C_43RGM_20260920_0_L2A,
s2delhi_r02_c13,2,13,EPSG:32643,733240.00,3192360.00,735800.00,3194920.00,77.4039,28.8491,0,0,0,0.0491333,1,1,0.894134,0,0,0,0.14093,0.719116,0.085144,0,0.00567627,0.0248413,0.024292,0,0,,,,,,,S2C_43RGM_20260920_0_L2A,
s2delhi_r02_c14,2,14,EPSG:32643,735800.00,3192360.00,738360.00,3194920.00,77.4302,28.8486,0,0,0,0.148743,1,1,0.775637,0,0,0,0.203003,0.493958,0.142883,0,0.0114136,0.0935059,0.0552368,0,0,,,,,,,S2C_43RGM_20260920_0_L2A,
s2delhi_r02_c15,2,15,EPSG:32643,738360.00,3192360.00,740920.00,3194920.00,77.4564,28.8481,0,0,0,0.157288,1,1,0.926848,0,0,0,0.119568,0.665833,0.0525513,0,0.00476074,0.0786133,0.0786743,0,0,,,,,,,S2C_43RGM_20260920_0_L2A,
s2delhi_r02_c16,2,16,EPSG:32643,740920.00,3192360.00,743480.00,3194920.00,77.4826,28.8477,0,0,0,0.133118,1,1,0.945932,0,0,0,0.147888,0.674866,0.0385742,0,0.0055542,0.0900269,0.0430908,0,0,,,,,,,S2C_43RGM_20260920_0_L2A,
s2delhi_r02_c17,2,17,EPSG:32643,743480.00,3192360.00,746040.00,3194920.00,77.5088,28.8472,0,0,0,0.0958862,1,1,0.924887,0,0,0,0.241638,0.597473,0.0485229,0,0.0164795,0.0523682,0.0435181,0,0,,,,,,,S2C_43RGM_20260920_0_L2A,
s2delhi_r02_c18,2,18,EPSG:32643,746040.00,3192360.00,748600.00,3194920.00,77.535,28.8467,0,0,1,0.313232,1,1,0.854907,0,0,0,0.0997925,0.466797,0.0792236,0,0.0409546,0.132385,0.180847,0,0,,,,,,,S2C_43RGM_20260920_0_L2A,
s2delhi_r02_c19,2,19,EPSG:32643,748600.00,3192360.00,751160.00,3194920.00,77.5613,28.8462,0,0,0,0.175476,1,1,0.636364,0,0,0,0.218689,0.368713,0.210693,0,0.0264282,0.0864258,0.0890503,0,0,,,,,,,S2C_43RGM_20260920_0_L2A,
s2delhi_r02_c20,2,20,EPSG:32643,751160.00,3192360.00,753720.00,3194920.00,77.5875,28.8457,0,0,0,0.0443726,1,0,0.445819,0,0,0,0.0284424,0.411316,0.511292,0,0.00457764,0.0202637,0.0241089,0,0,,,,,,,S2C_43RGM_20260920_0_L2A,
s2delhi_r02_c21,2,21,EPSG:32643,753720.00,3192360.00,756280.00,3194920.00,77.6137,28.8452,0,0,0,0.0974121,1,1,0.774236,0,0,0,0.283691,0.46991,0.137024,0,0.0119629,0.0769653,0.0204468,0,0,,,,,,,S2C_43RGM_20260920_0_L2A,
s2delhi_r02_c22,2,22,EPSG:32643,756280.00,3192360.00,758840.00,3194920.00,77.6399,28.8447,0,0,1,0.36908,0,,,0,0,0,0.083374,0.4021,0.0843506,0,0.0610962,0.156494,0.212585,0,0,,,,,,,S2C_43RGM_20260920_0_L2A,
s2delhi_r02_c23,2,23,EPSG:32643,758840.00,3192360.00,761400.00,3194920.00,77.6661,28.8441,0,0,0,0.081604,1,1,0.896783,0,0,0,0.0291748,0.784302,0.090271,0,0.0146484,0.0576172,0.0239868,0,0,,,,,,,S2C_43RGM_20260920_0_L2A,
s2delhi_r02_c24,2,24,EPSG:32643,761400.00,3192360.00,763960.00,3194920.00,77.6923,28.8436,0,0,0,0.000244141,1,1,0.930207,0,0,0,0.055542,0.877747,0.0658569,0,0.000610352,0.000244141,0,0,0,,,,,,,S2C_43RGM_20260920_0_L2A,
s2delhi_r02_c25,2,25,EPSG:32643,763960.00,3192360.00,766520.00,3194920.00,77.7186,28.8431,0,0,0,0.0458374,1,1,0.788061,0,0,0,0.0966187,0.673584,0.181152,0,0.00280762,0.0253906,0.0204468,0,0,,,,,,,S2C_43RGM_20260920_0_L2A,
s2delhi_r02_c26,2,26,EPSG:32643,766520.00,3192360.00,769080.00,3194920.00,77.7448,28.8426,0,0,0,0.272522,1,0,0.341285,0,0,0,0.163452,0.182495,0.352234,0,0.0292969,0.160034,0.112488,0,0,,,,,,,S2C_43RGM_20260920_0_L2A,
s2delhi_r02_c27,2,27,EPSG:32643,769080.00,3192360.00,771640.00,3194920.00,77.771,28.842,0,0,0,0.0873413,1,1,0.738151,0,0,0,0.0961914,0.596008,0.211426,0,0.0090332,0.0546875,0.0326538,0,0,,,,,,,S2C_43RGM_20260920_0_L2A,
s2delhi_r02_c28,2,28,EPSG:32643,771640.00,3192360.00,774200.00,3194920.00,77.7972,28.8415,0,0,0,0.104065,1,1,0.735572,0,0,0,0.0792236,0.589661,0.211975,0,0.0150757,0.0794067,0.0246582,0,0,,,,,,,S2C_43RGM_20260920_0_L2A,
s2delhi_r02_c29,2,29,EPSG:32643,774200.00,3192360.00,776760.00,3194920.00,77.8234,28.8409,0,0,1,0.315247,0,,,0,0,0,0.222778,0.2453,0.194702,0,0.0219727,0.18811,0.127136,0,0,,,,,,,S2C_43RGM_20260920_0_L2A,
s2delhi_r02_c30,2,30,EPSG:32643,776760.00,3192360.00,779320.00,3194920.00,77.8496,28.8404,0,0,0,0.275513,1,1,0.765556,0,0,0,0.157288,0.420532,0.128784,0,0.0178833,0.136292,0.139221,0,0,,,,,,,S2C_43RGM_20260920_0_L2A,
s2delhi_r02_c31,2,31,EPSG:32643,779320.00,3192360.00,781880.00,3194920.00,77.8758,28.8398,0,0,0,0.243347,0,,,0,0,0,0.241394,0.414368,0.0803833,0,0.0205078,0.138916,0.104431,0,0,,,,,,,S2C_43RGM_20260920_0_L2A,
s2delhi_r02_c32,2,32,EPSG:32643,781880.00,3192360.00,784440.00,3194920.00,77.902,28.8393,0,0,1,0.340271,0,,,0,0,0,0.18811,0.293457,0.124878,0,0.0532837,0.210022,0.130249,0,0,,,,,,,S2C_43RGM_20260920_0_L2A,
s2delhi_r02_c33,2,33,EPSG:32643,784440.00,3192360.00,787000.00,3194920.00,77.9283,28.8387,0,0,0,0.117981,1,1,0.797224,0,0,0,0.224426,0.518799,0.131958,0,0.00683594,0.0714111,0.0465698,0,0,,,,,,,S2C_43RGM_20260920_0_L2A,
s2delhi_r02_c34,2,34,EPSG:32643,787000.00,3192360.00,789560.00,3194920.00,77.9545,28.8381,0,0,0,0.120789,1,1,0.91306,0,0,0,0.243042,0.573059,0.0545654,0,0.00854492,0.0817261,0.0390625,0,0,,,,,,,S2C_43RGM_20260920_0_L2A,
s2delhi_r02_c35,2,35,EPSG:32643,789560.00,3192360.00,792120.00,3194920.00,77.9807,28.8376,0,0,0,0.201294,1,1,0.880424,0,0,0,0.160461,0.542419,0.0736694,0,0.0221558,0.126038,0.0752563,0,0,,,,,,,S2C_43RGM_20260920_0_L2A,
s2delhi_r02_c36,2,36,EPSG:32643,792120.00,3192360.00,794680.00,3194920.00,78.0069,28.837,0,0,0,0.0840454,1,1,0.792763,0,0,0,0.124695,0.621765,0.162537,0,0.00695801,0.0714111,0.0126343,0,0,,,,,,,S2C_43RGM_20260920_0_L2A,
s2delhi_r02_c37,2,37,EPSG:32643,794680.00,3192360.00,797240.00,3194920.00,78.0331,28.8364,0,0,1,0.366516,0,,,0,0,0,0.231201,0.332214,0.048645,0,0.0214233,0.206238,0.160278,0,0,,,,,,,S2C_43RGM_20260920_0_L2A,
s2delhi_r02_c38,2,38,EPSG:32643,797240.00,3192360.00,799800.00,3194920.00,78.0593,28.8358,0,0,1,0.347351,0,,,0,0,0,0.321045,0.270447,0.0322266,0.00115967,0.027771,0.199036,0.148315,0,0,,,,,,,S2C_43RGM_20260920_0_L2A,
s2delhi_r02_c39,2,39,EPSG:32643,799800.00,3192360.00,802360.00,3194920.00,78.0855,28.8352,0,0,0,0.286987,0,,,0,0,0,0.269958,0.401794,0.0222778,0,0.0189819,0.182129,0.104858,0,0,,,,,,,S2C_43RGM_20260920_0_L2A,
s2delhi_r02_c40,2,40,EPSG:32643,802360.00,3192360.00,804920.00,3194920.00,78.1117,28.8346,0,0,0,0.287048,0,,,0,0,0,0.30249,0.313293,0.0516357,0,0.0455322,0.151611,0.135437,0,0,,,,,,,S2C_43RGM_20260920_0_L2A,
s2delhi_r02_c41,2,41,EPSG:32643,804920.00,3192360.00,807480.00,3194920.00,78.1379,28.834,0,0,0,0.205627,1,1,0.585381,0,0,0,0.0606689,0.392517,0.278015,0.0222778,0.0408936,0.135925,0.0697021,0,0,,,,,,,S2C_43RGM_20260920_0_L2A,
s2delhi_r03_c00,3,0,EPSG:32643,699960.00,3189800.00,702520.00,3192360.00,77.0625,28.8316,0,1,0,0.117859,1,0,0.45843,0,0,0,0.130249,0.339233,0.400757,0,0.0119019,0.0772705,0.0405884,0,0,308.543,313.927,323.335,314.498,2.92949,9.40747,S2C_43RGM_20260920_0_L2A,LC09_L2SP_147040_20260921_02_T1
s2delhi_r03_c01,3,1,EPSG:32643,702520.00,3189800.00,705080.00,3192360.00,77.0888,28.8312,0,1,0,0.189209,1,0,0.312209,0,0,0,0.158997,0.200562,0.441833,0,0.00939941,0.0936279,0.0955811,0,0,301.823,312.615,317.556,312.679,1.98268,4.94138,S2C_43RGM_20260920_0_L2A,LC09_L2SP_147040_20260921_02_T1
s2delhi_r03_c02,3,2,EPSG:32643,705080.00,3189800.00,707640.00,3192360.00,77.115,28.8308,0,1,0,0.00439453,1,1,0.519442,0,0,0.000366211,0,0.5047,0.466919,0,0.0236206,0.00354004,0.000854492,0,0,290.897,310.918,317.435,308.904,5.82219,6.51682,S2C_43RGM_20260920_0_L2A,LC09_L2SP_147040_20260921_02_T1
s2delhi_r03_c03,3,3,EPSG:32643,707640.00,3189800.00,710200.00,3192360.00,77.1412,28.8304,0,1,0,0.00280762,1,1,0.583552,0,0,0,0.0197754,0.569946,0.406738,0,0.000732422,0.000915527,0.00189209,0,0,306.626,311.468,320.029,311.749,2.38384,8.5611,S2C_43RGM_20260920_0_L2A,LC09_L2SP_147040_20260921_02_T1
s2delhi_r03_c04,3,4,EPSG:32643,710200.00,3189800.00,712760.00,3192360.00,77.1674,28.83,0,1,0,0.020874,1,0,0.452186,0,0,0,0.00177002,0.43927,0.532166,0,0.00592041,0.0168457,0.00402832,0,0,296.361,310.43,315.096,309.938,3.13374,4.66684,S2C_43RGM_20260920_0_L2A,LC09_L2SP_147040_20260921_02_T1
s2delhi_r03_c05,3,5,EPSG:32643,712760.00,3189800.00,715320.00,3192360.00,77.1937,28.8296,0,1,0,0.0159912,1,1,0.510521,0,0,0,0,0.497559,0.477051,0,0.00939941,0.0139771,0.00201416,0,0,306.667,310.958,317.169,311.003,1.62676,6.21115,S2C_43RGM_20260920_0_L2A,LC09_L2SP_147040_20260921_02_T1
s2delhi_r03_c06,3,6,EPSG:32643,715320.00,3189800.00,717880.00,3192360.00,77.2199,28.8291,0,1,0,0.103943,1,1,0.580067,0,0,0,0.27594,0.329651,0.238647,0.0429077,0.00891113,0.0698853,0.0340576,0,0,306.29,310.428,321.974,310.812,2.50833,11.5451,S2C_43RGM_20260920_0_L2A,LC09_L2SP_147040_20260921_02_T1
s2delhi_r03_c07,3,7,EPSG:32643,717880.00,3189800.00,720440.00,3192360.00,77.2461,28.8287,0,1,1,0.406738,0,,,0,0,0,0.18988,0.278687,0.0828247,0,0.0418701,0.239502,0.167236,0,0,306.263,309.008,315.719,309.125,1.39134,6.71106,S2C_43RGM_20260920_0_L2A,LC09_L2SP_147040_20260921_02_T1
s2delhi_r03_c08,3,8,EPSG:32643,720440.00,3189800.00,723000.00,3192360.00,77.2723,28.8283,0,1,0,0.167297,1,1,0.709776,0,0,0,0.13092,0.480347,0.196411,0,0.0250244,0.118103,0.0491943,0,0,305.987,310.959,319.549,310.989,2.50099,8.58957,S2C_43RGM_20260920_0_L2A,LC09_L2SP_147040_20260921_02_T1
s2delhi_r03_c09,3,9,EPSG:32643,723000.00,3189800.00,725560.00,3192360.00,77.2985,28.8278,0,1,0,0.043457,1,1,0.840257,0,0,0,0.115662,0.701172,0.133301,0,0.00640869,0.0327759,0.0106812,0,0,301.862,309.373,314.896,309.555,1.77441,5.52289,S2C_43RGM_20260920_0_L2A,LC09_L2SP_147040_20260921_02_T1
s2delhi_r03_c10,3,10,EPSG:32643,725560.00,3189800.00,728120.00,3192360.00,77.3248,28.8274,0,1,0,0.196472,1,1,0.8683,0,0,0,0.129517,0.577454,0.0875854,0,0.00897217,0.133911,0.062561,0,0,301.537,308.653,314.109,308.901,1.58616,5.45544,S2C_43RGM_20260920_0_L2A,LC09_L2SP_147040_20260921_02_T1
s2delhi_r03_c11,3,11,EPSG:32643,728120.00,3189800.00,730680.00,3192360.00,77.351,28.8269,0,0,0,0.114136,1,1,0.715535,0,0,0,0.038208,0.589539,0.234375,0,0.0237427,0.0656738,0.0484619,0,0,,,,,,,S2C_43RGM_20260920_0_L2A,
s2delhi_r03_c12,3,12,EPSG:32643,730680.00,3189800.00,733240.00,3192360.00,77.3772,28.8265,0,0,0,0.130005,1,1,0.807111,0,0,0,0.104248,0.612427,0.146362,0,0.00695801,0.088562,0.0414429,0,0,,,,,,,S2C_43RGM_20260920_0_L2A,
s2delhi_r03_c13,3,13,EPSG:32643,733240.00,3189800.00,735800.00,3192360.00,77.4034,28.826,0,0,0,0.185242,0,,,0,0,0,0.343201,0.369568,0.0961304,0,0.00585938,0.0875854,0.0976562,0,0,,,,,,,S2C_43RGM_20260920_0_L2A,
s2delhi_r03_c14,3,14,EPSG:32643,735800.00,3189800.00,738360.00,3192360.00,77.4296,28.8255,0,0,0,0.263123,1,1,0.846534,0,0,0,0.147095,0.481445,0.0872803,0,0.0210571,0.144165,0.118958,0,0,,,,,,,S2C_43RGM_20260920_0_L2A,
s2delhi_r03_c15,3,15,EPSG:32643,738360.00,3189800.00,740920.00,3192360.00,77.4558,28.825,0,0,0,0.111206,1,1,0.95252,0,0,0,0.129822,0.717529,0.0357666,0,0.00567627,0.0678101,0.043396,0,0,,,,,,,S2C_43RGM_20260920_0_L2A,
s2delhi_r03_c16,3,16,EPSG:32643,740920.00,3189800.00,743480.00,3192360.00,77.4821,28.8246,0,0,0,0.115845,1,1,0.943617,0,0,0,0.0852051,0.738525,0.0441284,0,0.0162964,0.078186,0.0376587,0,0,,,,,,,S2C_43RGM_20260920_0_L2A,
s2delhi_r03_c17,3,17,EPSG:32643,743480.00,3189800.00,746040.00,3192360.00,77.5083,28.8241,0,0,0,0.0574951,1,1,0.85312,0,0,0,0.126465,0.685974,0.118103,0,0.0119629,0.0445557,0.0129395,0,0,,,,,,,S2C_43RGM_20260920_0_L2A,
s2delhi_r03_c18,3,18,EPSG:32643,746040.00,3189800.00,748600.00,3192360.00,77.5345,28.8236,0,0,0,0.0653687,1,1,0.855805,0,0,0,0.086731,0.69696,0.117432,0,0.0335083,0.0523682,0.0130005,0,0,,,,,,,S2C_43RGM_20260920_0_L2A,
s2delhi_r03_c19,3,19,EPSG:32643,748600.00,3189800.00,751160.00,3192360.00,77.5607,28.8231,0,0,0,0.139404,1,0,0.189096,0,0,0,0.0354614,0.154114,0.660889,0,0.0101318,0.0484619,0.0909424,0,0,,,,,,,S2C_43RGM_20260920_0_L2A,
s2delhi_r03_c20,3,20,EPSG:32643,751160.00,3189800.00,753720.00,3192360.00,77.5869,28.8226,0,0,0,0.0595703,1,1,0.590768,0,0,0,0.151611,0.464783,0.32196,0,0.0020752,0.0278931,0.0316772,0,0,,,,,,,S2C_43RGM_20260920_0_L2A,
s2delhi_r03_c21,3,21,EPSG:32643,753720.00,3189800.00,756280.00,3192360.00,77.6131,28.8221,0,0,0,0.245361,1,1,0.72194,0,0,0,0.141479,0.390625,0.150452,0,0.0720825,0.145325,0.100037,0,0,,,,,,,S2C_43RGM_20260920_0_L2A,
s2delhi_r03_c22,3,22,EPSG:32643,756280.00,3189800.00,758840.00,3192360.00,77.6393,28.8216,0,0,0,0.172913,1,1,0.853166,0,0,0,0.152222,0.546143,0.0939941,0,0.034729,0.107605,0.0653076,0,0,,,,,,,S2C_43RGM_20260920_0_L2A,
s2delhi_r03_c23,3,23,EPSG:32643,758840.00,3189800.00,761400.00,3192360.00,77.6655,28.8211,0,0,0,0,1,1,0.850018,0,0,0,0,0.849915,0.149963,0,0.00012207,0,0,0,0,,,,,,,S2C_43RGM_20260920_0_L2A,
s2delhi_r03_c24,3,24,EPSG:32643,761400.00,3189800.00,763960.00,3192360.00,77.6918,28.8205,0,0,0,0.0809937,1,1,0.849517,0,0,0,0.0749512,0.703247,0.124573,0,0.0162354,0.062439,0.0185547,0,0,,,,,,,S2C_43RGM_20260920_0_L2A,
s2delhi_r03_c25,3,25,EPSG:32643,763960.00,3189800.00,766520.00,3192360.00,77.718,28.82,0,0,0,0.107544,1,1,0.650018,0,0,0,0.223938,0.432129,0.232666,0,0.00372314,0.0760498,0.0314941,0,0,,,,,,,S2C_43RGM_20260920_0_L2A,
s2delhi_r03_c26,3,26,EPSG:32643,766520.00,3189800.00,769080.00,3192360.00,77.7442,28.8195,0,0,0,0.275024,1,1,0.569716,0,0,0,0.0698853,0.359619,0.271606,0,0.0238647,0.161438,0.113586,0,0,,,,,,,S2C_43RGM_20260920_0_L2A,
s2delhi_r03_c27,3,27,EPSG:32643,769080.00,3189800.00,771640.00,3192360.00,77.7704,28.819,0,0,0,0.194824,1,1,0.794096,0,0,0,0.214966,0.464661,0.120483,0,0.00506592,0.116516,0.0783081,0,0,,,,,,,S2C_43RGM_20260920_0_L2A,
s2delhi_r03_c28,3,28,EPSG:32643,771640.00,3189800.00,774200.00,3192360.00,77.7966,28.8184,0,0,0,0.140869,1,1,0.730524,0,0,0,0.209839,0.461304,0.170166,0,0.0178223,0.093811,0.0470581,0,0,,,,,,,S2C_43RGM_20260920_0_L2A,
s2delhi_r03_c29,3,29,EPSG:32643,774200.00,3189800.00,776760.00,3192360.00,77.8228,28.8179,0,0,1,0.318665,0,,,0,0,0,0.161865,0.315735,0.17688,0,0.0268555,0.174805,0.14386,0,0,,,,,,,S2C_43RGM_20260920_0_L2A,
s2delhi_r03_c30,3,30,EPSG:32643,776760.00,3189800.00,779320.00,3192360.00,77.849,28.8173,0,0,1,0.358093,0,,,0,0,0,0.304199,0.194153,0.12854,0,0.0150146,0.215149,0.142944,0,0,,,,,,,S2C_43RGM_20260920_0_L2A,
s2delhi_r03_c31,3,31,EPSG:32643,779320.00,3189800.00,781880.00,3192360.00,77.8752,28.8168,0,0,1,0.416565,0,,,0,0,0,0.121643,0.292542,0.138977,0,0.0302734,0.235413,0.181152,0,0,,,,,,,S2C_43RGM_20260920_0_L2A,
s2delhi_r03_c32,3,32,EPSG:32643,781880.00,3189800.00,784440.00,3192360.00,77.9014,28.8162,0,0,1,0.422485,0,,,0,0,0,0.126099,0.326111,0.0893555,0,0.0359497,0.236511,0.185974,0,0,,,,,,,S2C_43RGM_20260920_0_L2A,
s2delhi_r03_c33,3,33,EPSG:32643,784440.00,3189800.00,787000.00,3192360.00,77.9276,28.8156,0,0,0,0.0800781,1,1,0.825712,0,0,0,0.0808105,0.683289,0.144226,0,0.0115967,0.0635376,0.0165405,0,0,,,,,,,S2C_43RGM_20260920_0_L2A,
s2delhi_r03_c34,3,34,EPSG:32643,787000.00,3189800.00,789560.00,3192360.00,77.9538,28.8151,0,0,0,0.207275,1,1,0.854748,0,0,0,0.18689,0.510376,0.086731,0,0.00872803,0.093689,0.113586,0,0,,,,,,,S2C_43RGM_20260920_0_L2A,
s2delhi_r03_c35,3,35,EPSG:32643,789560.00,3189800.00,792120.00,3192360.00,77.98,28.8145,0,0,1,0.356995,0,,,0,0,0,0.177551,0.343933,0.1026,0,0.0189209,0.172913,0.184082,0,0,,,,,,,S2C_43RGM_20260920_0_L2A,
s2delhi_r03_c36,3,36,EPSG:32643,792120.00,3189800.00,794680.00,3192360.00,78.0062,28.8139,0,0,0,0.139954,1,1,0.81267,0,0,0,0.101562,0.602112,0.138794,0,0.0175781,0.0947266,0.0452271,0,0,,,,,,,S2C_43RGM_20260920_0_L2A,
s2delhi_r03_c37,3,37,EPSG:32643,794680.00,3189800.00,797240.00,3192360.00,78.0324,28.8133,0,0,0,0.214966,0,,,0,0,0,0.344604,0.372986,0.0600586,0,0.00738525,0.144104,0.0708618,0,0,,,,,,,S2C_43RGM_20260920_0_L2A,
s2delhi_r03_c38,3,38,EPSG:32643,797240.00,3189800.00,799800.00,3192360.00,78.0586,28.8127,0,0,1,0.339844,0,,,0,0,0,0.278564,0.267822,0.0784912,0.00012207,0.0351562,0.206848,0.132996,0,0,,,,,,,S2C_43RGM_20260920_0_L2A,
s2delhi_r03_c39,3,39,EPSG:32643,799800.00,3189800.00,802360.00,3192360.00,78.0848,28.8121,0,0,1,0.380676,0,,,0,0,0,0.145813,0.3573,0.105713,0.000366211,0.0101318,0.187805,0.192871,0,0,,,,,,,S2C_43RGM_20260920_0_L2A,
s2delhi_r03_c40,3,40,EPSG:32643,802360.00,3189800.00,804920.00,3192360.00,78.111,28.8115,0,0,0,0.230103,0,,,0,0,0,0.228271,0.43573,0.0505371,0,0.0553589,0.134949,0.0951538,0,0,,,,,,,S2C_43RGM_20260920_0_L2A,
s2delhi_r03_c41,3,41,EPSG:32643,804920.00,3189800.00,807480.00,3192360.00,78.1372,28.8109,0,0,0,0.191101,1,0,0.182487,0,0,0,0.0109863,0.0938721,0.420532,0.228516,0.0549927,0.132812,0.0582886,0,0,,,,,,,S2C_43RGM_20260920_0_L2A,
s2delhi_r04_c00,4,0,EPSG:32643,699960.00,3187240.00,702520.00,3189800.00,77.0621,28.8085,0,1,0,0.211182,1,1,0.543926,0,0,0,0.18158,0.300049,0.251587,0,0.055603,0.132751,0.0784302,0,0,308.991,313.396,323.887,313.591,2.28877,10.4903,S2C_43RGM_20260920_0_L2A,LC09_L2SP_147040_20260921_02_T1
s2delhi_r04_c01,4,1,EPSG:32643,702520.00,3187240.00,705080.00,3189800.00,77.0883,28.8081,0,1,0,0.260681,1,0,0.439527,0,0,0,0.0422974,0.295227,0.376465,0,0.0253296,0.110291,0.150391,0,0,307.853,313.889,320.969,313.822,2.26901,7.0799,S2C_43RGM_20260920_0_L2A,LC09_L2SP_147040_20260921_02_T1
s2delhi_r04_c02,4,2,EPSG:32643,705080.00,3187240.00,707640.00,3189800.00,77.1145,28.8077,0,1,0,0.0100098,1,1,0.745698,0,0,0,0.0742188,0.682434,0.232727,0,0.000610352,0.00946045,0.000549316,0,0,299.162,310.4,322.259,310.467,3.19334,11.8587,S2C_43RGM_20260920_0_L2A,LC09_L2SP_147040_20260921_02_T1
s2delhi_r04_c03,4,3,EPSG:32643,707640.00,3187240.00,710200.00,3189800.00,77.1407,28.8073,0,1,0,0.00549316,1,0,0.341421,0,0,0,0.000854492,0.339233,0.654358,0,6.10352e-05,0.00469971,0.000793457,0,0,299.766,313.499,320.261,313.021,3.31868,6.76212,S2C_43RGM_20260920_0_L2A,LC09_L2SP_147040_20260921_02_T1
s2delhi_r04_c04,4,4,EPSG:32643,710200.00,3187240.00,712760.00,3189800.00,77.167,28.8069,0,1,0,0.0411987,1,0,0.474212,0,0,0,0.0848389,0.410217,0.454834,0,0.00891113,0.0337524,0.00744629,0,0,289.17,311.316,318.558,309.606,5.88137,7.2421,S2C_43RGM_20260920_0_L2A,LC09_L2SP_147040_20260921_02_T1
s2delhi_r04_c05,4,5,EPSG:32643,712760.00,3187240.00,715320.00,3189800.00,77.1932,28.8065,0,1,0,0.0119629,1,0,0.48005,0,0,0,0.148376,0.397278,0.430298,0.00860596,0.003479,0.0115356,0.000427246,0,0,307.036,311.144,320.831,311.357,2.22106,9.68744,S2C_43RGM_20260920_0_L2A,LC09_L2SP_147040_20260921_02_T1
s2delhi_r04_c06,4,6,EPSG:32643,715320.00,3187240.00,717880.00,3189800.00,77.2194,28.8061,0,1,0,0.131409,1,0,0.430284,0,0,0,0.0866089,0.311157,0.411987,0.0275879,0.03125,0.0848999,0.0465088,0,0,307.487,312.426,322.99,312.558,2.72344,10.5647,S2C_43RGM_20260920_0_L2A,LC09_L2SP_147040_20260921_02_T1
s2delhi_r04_c07,4,7,EPSG:32643,717880.00,3187240.00,720440.00,3189800.00,77.2456,28.8056,0,1,0,0.109619,1,1,0.728551,0,0,0,0.205322,0.487183,0.181519,0,0.0163574,0.0683594,0.0412598,0,0,306.874,310.056,317.189,310.182,1.90536,7.133,S2C_43RGM_20260920_0_L2A,LC09_L2SP_147040_20260921_02_T1
s2delhi_r04_c08,4,8,EPSG:32643,720440.00,3187240.00,723000.00,3189800.00,77.2718,28.8052,0,1,0,0.203552,1,1,0.694483,0,0,0,0.151489,0.428711,0.188599,0,0.0276489,0.111816,0.0917358,0,0,307.039,311.167,319.952,311.669,2.35348,8.7847,S2C_43RGM_20260920_0_L2A,LC09_L2SP_147040_20260921_02_T1
s2delhi_r04_c09,4,9,EPSG:32643,723000.00,3187240.00,725560.00,3189800.00,77.298,28.8047,0,1,0,0.135742,1,1,0.720447,0,0,0,0.24231,0.444519,0.172485,0,0.00494385,0.0672607,0.0684814,0,0,306.362,311.468,317.474,311.45,1.70615,6.00629,S2C_43RGM_20260920_0_L2A,LC09_L2SP_147040_20260921_02_T1
s2delhi_r04_c10,4,10,EPSG:32643,725560.00,3187240.00,728120.00,3189800.00,77.3242,28.8043,0,0,0,0.292236,0,,,0,0,0,0.241699,0.329712,0.117126,0,0.0192261,0.173279,0.118958,0,0,,,,,,,S2C_43RGM_20260920_0_L2A,
s2delhi_r04_c11,4,11,EPSG:32643,728120.00,3187240.00,730680.00,3189800.00,77.3505,28.8038,0,0,0,0.0130005,1,1,0.731185,0,0,0,0,0.72168,0.26532,0,0,0.0114136,0.00158691,0,0,,,,,,,S2C_43RGM_20260920_0_L2A,
s2delhi_r04_c12,4,12,EPSG:32643,730680.00,3187240.00,733240.00,3189800.00,77.3767,28.8034,0,0,0,0.0497437,1,1,0.835482,0,0,0,0.0869141,0.716003,0.140991,0,0.00634766,0.0458984,0.00384521,0,0,,,,,,,S2C_43RGM_20260920_0_L2A,
s2delhi_r04_c13,4,13,EPSG:32643,733240.00,3187240.00,735800.00,3189800.00,77.4029,28.8029,0,0,1,0.389404,0,,,0,0,0,0.308411,0.192078,0.074646,0.00531006,0.0301514,0.207214,0.18219,0,0,,,,,,,S2C_43RGM_20260920_0_L2A,
s2delhi_r04_c14,4,14,EPSG:32643,735800.00,3187240.00,738360.00,3189800.00,77.4291,28.8024,0,0,0,0.280945,0,,,0,0,0,0.230164,0.329041,0.13324,0,0.0266113,0.177429,0.103516,0,0,,,,,,,S2C_43RGM_20260920_0_L2A,
s2delhi_r04_c15,4,15,EPSG:32643,738360.00,3187240.00,740920.00,3189800.00,77.4553,28.802,0,0,0,0.019165,1,1,0.911489,0,0,0,0.0519409,0.843506,0.0819092,0,0.003479,0.0175171,0.00164795,0,0,,,,,,,S2C_43RGM_20260920_0_L2A,
s2delhi_r04_c16,4,16,EPSG:32643,740920.00,3187240.00,743480.00,3189800.00,77.4815,28.8015,0,0,0,0.11499,1,1,0.823425,0,0,0,0.0751343,0.650085,0.139404,0,0.0203857,0.0819092,0.0330811,0,0,,,,,,,S2C_43RGM_20260920_0_L2A,
s2delhi_r04_c17,4,17,EPSG:32643,743480.00,3187240.00,746040.00,3189800.00,77.5077,28.801,0,0,0,0.0339355,1,1,0.798184,0,0,0,0.0819702,0.692078,0.174988,0,0.0170288,0.0257568,0.00817871,0,0,,,,,,,S2C_43RGM_20260920_0_L2A,
s2delhi_r04_c18,4,18,EPSG:32643,746040.00,3187240.00,748600.00,3189800.00,77.5339,28.8005,0,0,0,0.236816,0,,,0,0,0,0.256958,0.213867,0.24823,0,0.0441284,0.123047,0.11377,0,0,,,,,,,S2C_43RGM_20260920_0_L2A,
s2delhi_r04_c19,4,19,EPSG:32643,748600.00,3187240.00,751160.00,3189800.00,77.5601,28.8,0,0,1,0.335022,0,,,0,0,0,0.307129,0.187683,0.127808,0,0.0423584,0.124084,0.210938,0,0,,,,,,,S2C_43RGM_20260920_0_L2A,
s2delhi_r04_c20,4,20,EPSG:32643,751160.00,3187240.00,753720.00,3189800.00,77.5863,28.7995,0,0,1,0.400208,0,,,0,0,0,0.244812,0.155273,0.0457153,0,0.153992,0.212769,0.187439,0,0,,,,,,,S2C_43RGM_20260920_0_L2A,
s2delhi_r04_c21,4,21,EPSG:32643,753720.00,3187240.00,756280.00,3189800.00,77.6125,28.799,0,0,0,0.238342,1,1,0.778521,0,0,0,0.027832,0.525635,0.149536,0,0.0586548,0.128174,0.110168,0,0,,,,,,,S2C_43RGM_20260920_0_L2A,
s2delhi_r04_c22,4,22,EPSG:32643,756280.00,3187240.00,758840.00,3189800.00,77.6387,28.7985,0,0,0,0.0598145,1,1,0.818953,0,0,0,0.16571,0.624512,0.138062,0,0.0119019,0.0462036,0.0136108,0,0,,,,,,,S2C_43RGM_20260920_0_L2A,
s2delhi_r04_c23,4,23,EPSG:32643,758840.00,3187240.00,761400.00,3189800.00,77.665,28.798,0,0,0,0.0402222,1,1,0.849883,0,0,0,0.0921021,0.733948,0.129639,0,0.00408936,0.0289307,0.0112915,0,0,,,,,,,S2C_43RGM_20260920_0_L2A,
s2delhi_r04_c24,4,24,EPSG:32643,761400.00,3187240.00,763960.00,3189800.00,77.6912,28.7975,0,0,0,0.0457153,1,1,0.565491,0,0,0,0.0697632,0.498291,0.382874,0,0.00335693,0.0256958,0.0200195,0,0,,,,,,,S2C_43RGM_20260920_0_L2A,
s2delhi_r04_c25,4,25,EPSG:32643,763960.00,3187240.00,766520.00,3189800.00,77.7174,28.7969,0,0,1,0.373901,0,,,0,0,0,0.236938,0.143982,0.206604,0,0.0385742,0.191284,0.182617,0,0,,,,,,,S2C_43RGM_20260920_0_L2A,
s2delhi_r04_c26,4,26,EPSG:32643,766520.00,3187240.00,769080.00,3189800.00,77.7436,28.7964,0,0,0,0.277649,1,1,0.674732,0,0,0,0.130005,0.388062,0.187073,0,0.0172119,0.141479,0.136169,0,0,,,,,,,S2C_43RGM_20260920_0_L2A,
s2delhi_r04_c27,4,27,EPSG:32643,769080.00,3187240.00,771640.00,3189800.00,77.7698,28.7959,0,0,0,0.149536,1,1,0.650338,0,0,0,0.214417,0.410828,0.220886,0,0.0043335,0.083252,0.0662842,0,0,,,,,,,S2C_43RGM_20260920_0_L2A,
s2delhi_r04_c28,4,28,EPSG:32643,771640.00,3187240.00,774200.00,3189800.00,77.796,28.7953,0,0,1,0.442871,0,,,0,0,0,0.170898,0.214783,0.141663,0,0.0297852,0.206604,0.236267,0,0,,,,,,,S2C_43RGM_20260920_0_L2A,
s2delhi_r04_c29,4,29,EPSG:32643,774200.00,3187240.00,776760.00,3189800.00,77.8222,28.7948,0,0,0,0.225342,1,1,0.64787,0,0,0,0.178772,0.378662,0.205811,0,0.0114136,0.118042,0.1073,0,0,,,,,,,S2C_43RGM_20260920_0_L2A,
s2delhi_r04_c30,4,30,EPSG:32643,776760.00,3187240.00,779320.00,3189800.00,77.8484,28.7942,0,0,1,0.390808,0,,,0,0,0,0.273865,0.181702,0.125977,0,0.0276489,0.209839,0.180969,0,0,,,,,,,S2C_43RGM_20260920_0_L2A,
s2delhi_r04_c31,4,31,EPSG:32643,779320.00,3187240.00,781880.00,3189800.00,77.8746,28.7937,0,0,0,0.248718,1,1,0.766023,0,0,0,0.188232,0.392456,0.119873,0,0.0507202,0.11322,0.135498,0,0,,,,,,,S2C_43RGM_20260920_0_L2A,
s2delhi_r04_c32,4,32,EPSG:32643,781880.00,3187240.00,784440.00,3189800.00,77.9008,28.7931,0,0,1,0.30072,0,,,0,0,0,0.171326,0.392395,0.105896,0,0.0296631,0.196472,0.104248,0,0,,,,,,,S2C_43RGM_20260920_0_L2A,
s2delhi_r04_c33,4,33,EPSG:32643,784440.00,3187240.00,787000.00,3189800.00,77.927,28.7926,0,0,0,0.0904541,1,1,0.848763,0,0,0,0.200012,0.586426,0.104492,0,0.0186157,0.0544434,0.0360107,0,0,,,,,,,S2C_43RGM_20260920_0_L2A,
s2delhi_r04_c34,4,34,EPSG:32643,787000.00,3187240.00,789560.00,3189800.00,77.9532,28.792,0,0,1,0.308167,0,,,0,0,0,0.264343,0.338623,0.0535278,0,0.0353394,0.161011,0.147156,0,0,,,,,,,S2C_43RGM_20260920_0_L2A,
s2delhi_r04_c35,4,35,EPSG:32643,789560.00,3187240.00,792120.00,3189800.00,77.9794,28.7914,0,0,0,0.119812,1,1,0.858853,0,0,0,0.184143,0.577881,0.0949707,0,0.0231934,0.0916748,0.0281372,0,0,,,,,,,S2C_43RGM_20260920_0_L2A,
s2delhi_r04_c36,4,36,EPSG:32643,792120.00,3187240.00,794680.00,3189800.00,78.0055,28.7908,0,0,0,0.253723,0,,,0,0,0,0.265015,0.342041,0.12207,0,0.0171509,0.168274,0.0854492,0,0,,,,,,,S2C_43RGM_20260920_0_L2A,
s2delhi_r04_c37,4,37,EPSG:32643,794680.00,3187240.00,797240.00,3189800.00,78.0317,28.7902,0,0,1,0.590759,0,,,0,0,0,0.25177,0.1073,0.0211792,0,0.0289917,0.254883,0.335876,0,0,,,,,,,S2C_43RGM_20260920_0_L2A,
s2delhi_r04_c38,4,38,EPSG:32643,797240.00,3187240.00,799800.00,3189800.00,78.0579,28.7897,0,0,1,0.422363,0,,,0,0,0,0.269104,0.16864,0.106812,0,0.0330811,0.210083,0.21228,0,0,,,,,,,S2C_43RGM_20260920_0_L2A,
s2delhi_r04_c39,4,39,EPSG:32643,799800.00,3187240.00,802360.00,3189800.00,78.0841,28.7891,0,0,1,0.578125,0,,,0,0,0,0.202148,0.0869751,0.086731,0,0.0460205,0.263916,0.314209,0,0,,,,,,,S2C_43RGM_20260920_0_L2A,
s2delhi_r04_c40,4,40,EPSG:32643,802360.00,3187240.00,804920.00,3189800.00,78.1103,28.7885,0,0,0,0.0939331,1,1,0.797237,0,0,0,0.0424805,0.65155,0.16571,0,0.0463257,0.0718994,0.0220337,0,0,,,,,,,S2C_43RGM_20260920_0_L2A,
s2delhi_r04_c41,4,41,EPSG:32643,804920.00,3187240.00,807480.00,3189800.00,78.1365,28.7878,0,0,0,0.00964355,1,0,0.310088,0,0,0,0.0562134,0.236389,0.52594,0.158447,0.0133667,0.00933838,0.000305176,0,0,,,,,,,S2C_43RGM_20260920_0_L2A,
s2delhi_r05_c00,5,0,EPSG:32643,699960.00,3184680.00,702520.00,3187240.00,77.0616,28.7855,0,1,1,0.308899,0,,,0,0,0,0.15155,0.22821,0.263855,0,0.0474854,0.190247,0.118652,0,0,308.142,314.974,319.51,314.47,2.82941,4.53644,S2C_43RGM_20260920_0_L2A,LC09_L2SP_147040_20260921_02_T1
s2delhi_r05_c01,5,1,EPSG:32643,702520.00,3184680.00,705080.00,3187240.00,77.0878,28.7851,0,1,0,0.0108032,1,1,0.609069,0,0,0,0.00604248,0.597656,0.383606,0,0.00189209,0.00921631,0.00158691,0,0,293.748,310.895,316.771,310.477,3.2657,5.87527,S2C_43RGM_20260920_0_L2A,LC09_L2SP_147040_20260921_02_T1
s2delhi_r05_c02,5,2,EPSG:32643,705080.00,3184680.00,707640.00,3187240.00,77.1141,28.7846,0,1,0,0.0443115,1,1,0.565736,0,0,0,0.0513916,0.503479,0.386475,0,0.0143433,0.0319824,0.0123291,0,0,303.536,311.049,321.12,311.689,3.44063,10.0715,S2C_43RGM_20260920_0_L2A,LC09_L2SP_147040_20260921_02_T1
s2delhi_r05_c03,5,3,EPSG:32643,707640.00,3184680.00,710200.00,3187240.00,77.1403,28.7842,0,1,0,0.045166,1,0,0.321756,0,0,0,0.0142822,0.297974,0.628113,0,0.0144653,0.0236816,0.0214844,0,0,303.214,314.571,322.335,314.307,3.53747,7.7637,S2C_43RGM_20260920_0_L2A,LC09_L2SP_147040_20260921_02_T1
s2delhi_r05_c04,5,4,EPSG:32643,710200.00,3184680.00,712760.00,3187240.00,77.1665,28.7838,0,1,0,0.118408,1,1,0.572659,0,0,0,0.144287,0.41394,0.308899,0.000244141,0.0142212,0.0949097,0.0234985,0,0,289.532,310.522,316.457,309.269,4.83576,5.93454,S2C_43RGM_20260920_0_L2A,LC09_L2SP_147040_20260921_02_T1
s2delhi_r05_c05,5,5,EPSG:32643,712760.00,3184680.00,715320.00,3187240.00,77.1927,28.7834,0,1,0,0.0856323,1,1,0.587011,0,0,0,0.00952148,0.513062,0.360962,0.00274658,0.0280762,0.0609741,0.0246582,0,0,306.657,311.181,318.027,311.369,2.24819,6.84592,S2C_43RGM_20260920_0_L2A,LC09_L2SP_147040_20260921_02_T1
s2delhi_r05_c06,5,6,EPSG:32643,715320.00,3184680.00,717880.00,3187240.00,77.2189,28.783,0,1,0,0.236511,1,0,0.257419,0,0,0,0.147949,0.138184,0.398621,0.0354614,0.0432739,0.123169,0.113342,0,0,307.207,314.007,320.557,313.918,1.67151,6.54987,S2C_43RGM_20260920_0_L2A,LC09_L2SP_147040_20260921_02_T1
s2delhi_r05_c07,5,7,EPSG:32643,717880.00,3184680.00,720440.00,3187240.00,77.2451,28.7825,0,1,1,0.310547,0,,,0,0,0,0.205872,0.167419,0.253296,0.00823975,0.0546265,0.138672,0.171875,0,0,306.62,312.094,317.435,312.254,1.85909,5.34119,S2C_43RGM_20260920_0_L2A,LC09_L2SP_147040_20260921_02_T1
s2delhi_r05_c08,5,8,EPSG:32643,720440.00,3184680.00,723000.00,3187240.00,77.2713,28.7821,0,1,0,0.130493,1,0,0.194977,0,0,0,0.23761,0.118469,0.489136,0,0.024292,0.0897827,0.0407104,0,0,306.305,312.848,319.273,313.049,2.00777,6.42487,S2C_43RGM_20260920_0_L2A,LC09_L2SP_147040_20260921_02_T1
s2delhi_r05_c09,5,9,EPSG:32643,723000.00,3184680.00,725560.00,3187240.00,77.2975,28.7816,0,1,1,0.406738,0,,,0,0,0,0.177979,0.125427,0.240112,0,0.0497437,0.214661,0.192078,0,0,307.748,312.315,321.659,312.688,2.28072,9.34442,S2C_43RGM_20260920_0_L2A,LC09_L2SP_147040_20260921_02_T1
s2delhi_r05_c10,5,10,EPSG:32643,725560.00,3184680.00,728120.00,3187240.00,77.3237,28.7812,0,0,0,0.281189,1,0,0.490918,0,0,0,0.0415649,0.313416,0.325012,0,0.0388184,0.161926,0.119263,0,0,,,,,,,S2C_43RGM_20260920_0_L2A,
s2delhi_r05_c11,5,11,EPSG:32643,728120.00,3184680.00,730680.00,3187240.00,77.3499,28.7807,0,0,0,0.0912476,1,1,0.599526,0,0,0,0.0440674,0.509949,0.340637,0,0.0140991,0.0492554,0.0419922,0,0,,,,,,,S2C_43RGM_20260920_0_L2A,
s2delhi_r05_c12,5,12,EPSG:32643,730680.00,3184680.00,733240.00,3187240.00,77.3761,28.7803,0,0,0,0.0755615,1,1,0.758843,0,0,0,0.100342,0.618042,0.196411,0,0.00964355,0.0506592,0.0249023,0,0,,,,,,,S2C_43RGM_20260920_0_L2A,
s2delhi_r05_c13,5,13,EPSG:32643,733240.00,3184680.00,735800.00,3187240.00,77.4024,28.7798,0,0,0,0.173767,1,1,0.726619,0,0,0,0.085083,0.523987,0.197144,0.00231934,0.0177002,0.0899048,0.0838623,0,0,,,,,,,S2C_43RGM_20260920_0_L2A,
s2delhi_r05_c14,5,14,EPSG:32643,735800.00,3184680.00,738360.00,3187240.00,77.4286,28.7794,0,0,0,0.228027,1,1,0.775923,0,0,0,0.0940552,0.485046,0.140076,0,0.0527954,0.110718,0.11731,0,0,,,,,,,S2C_43RGM_20260920_0_L2A,
s2delhi_r05_c15,5,15,EPSG:32643,738360.00,3184680.00,740920.00,3187240.00,77.4548,28.7789,0,0,0,0.115601,1,1,0.805704,0,0,0,0.185913,0.532776,0.128479,0,0.0372314,0.0982666,0.017334,0,0,,,,,,,S2C_43RGM_20260920_0_L2A,
s2delhi_r05_c16,5,16,EPSG:32643,740920.00,3184680.00,743480.00,3187240.00,77.481,28.7784,0,0,0,0.103271,1,1,0.712373,0,0,0,0.0543823,0.594238,0.239929,0,0.00817871,0.0552368,0.0480347,0,0,,,,,,,S2C_43RGM_20260920_0_L2A,
s2delhi_r05_c17,5,17,EPSG:32643,743480.00,3184680.00,746040.00,3187240.00,77.5072,28.7779,0,0,0,0.0628662,1,0,0.221622,0,0,0,0.0519409,0.1828,0.642029,0.00195312,0.0584106,0.0463867,0.0164795,0,0,,,,,,,S2C_43RGM_20260920_0_L2A,
s2delhi_r05_c18,5,18,EPSG:32643,746040.00,3184680.00,748600.00,3187240.00,77.5334,28.7774,0,0,1,0.408447,0,,,0,0,0,0.226624,0.100342,0.166443,0.0020752,0.0960693,0.197754,0.210693,0,0,,,,,,,S2C_43RGM_20260920_0_L2A,
s2delhi_r05_c19,5,19,EPSG:32643,748600.00,3184680.00,751160.00,3187240.00,77.5596,28.7769,0,0,1,0.315491,0,,,0,0,0,0.167236,0.147766,0.278015,0,0.0914917,0.150024,0.165466,0,0,,,,,,,S2C_43RGM_20260920_0_L2A,
s2delhi_r05_c20,5,20,EPSG:32643,751160.00,3184680.00,753720.00,3187240.00,77.5858,28.7764,0,0,0,0.0866089,1,1,0.649525,0,0,0,0.0401001,0.54657,0.294922,0,0.0317993,0.0543823,0.0322266,0,0,,,,,,,S2C_43RGM_20260920_0_L2A,
s2delhi_r05_c21,5,21,EPSG:32643,753720.00,3184680.00,756280.00,3187240.00,77.612,28.7759,0,0,0,0.15564,1,1,0.82929,0,0,0,0.200745,0.51532,0.106079,0,0.0222168,0.112976,0.0426636,0,0,,,,,,,S2C_43RGM_20260920_0_L2A,
s2delhi_r05_c22,5,22,EPSG:32643,756280.00,3184680.00,758840.00,3187240.00,77.6382,28.7754,0,0,0,0.132202,1,1,0.597102,0,0,0,0.0606079,0.470276,0.317322,0,0.0195923,0.0731812,0.059021,0,0,,,,,,,S2C_43RGM_20260920_0_L2A,
s2delhi_r05_c23,5,23,EPSG:32643,758840.00,3184680.00,761400.00,3187240.00,77.6644,28.7749,0,0,0,0.124084,1,1,0.682819,0,0,0,0.162354,0.480774,0.223328,0,0.00946045,0.0805664,0.0435181,0,0,,,,,,,S2C_43RGM_20260920_0_L2A,
s2delhi_r05_c24,5,24,EPSG:32643,761400.00,3184680.00,763960.00,3187240.00,77.6906,28.7744,0,0,0,0.263428,0,,,0,0,0,0.284363,0.320984,0.0933228,0,0.0379028,0.182739,0.0806885,0,0,,,,,,,S2C_43RGM_20260920_0_L2A,
s2delhi_r05_c25,5,25,EPSG:32643,763960.00,3184680.00,766520.00,3187240.00,77.7168,28.7739,0,0,0,0.26062,0,,,0,0,0,0.211182,0.317627,0.164856,0,0.0457153,0.165283,0.0953369,0,0,,,,,,,S2C_43RGM_20260920_0_L2A,
s2delhi_r05_c26,5,26,EPSG:32643,766520.00,3184680.00,769080.00,3187240.00,77.743,28.7733,0,0,0,0.128723,1,1,0.676207,0,0,0,0.138,0.483093,0.231323,0,0.0188599,0.0858154,0.0429077,0,0,,,,,,,S2C_43RGM_20260920_0_L2A,
s2delhi_r05_c27,5,27,EPSG:32643,769080.00,3184680.00,771640.00,3187240.00,77.7692,28.7728,0,0,1,0.394409,0,,,0,0,0,0.187317,0.185852,0.173523,0,0.0588989,0.229309,0.1651,0,0,,,,,,,S2C_43RGM_20260920_0_L2A,
s2delhi_r05_c28,5,28,EPSG:32643,771640.00,3184680.00,774200.00,3187240.00,77.7953,28.7723,0,0,0,0.254822,1,0,0.396409,0,0,0,0.159851,0.227722,0.346741,0,0.0108643,0.138123,0.116699,0,0,,,,,,,S2C_43RGM_20260920_0_L2A,
s2delhi_r05_c29,5,29,EPSG:32643,774200.00,3184680.00,776760.00,3187240.00,77.8215,28.7717,0,0,1,0.350891,0,,,0,0,0,0.211304,0.161499,0.249268,0,0.0270386,0.18689,0.164001,0,0,,,,,,,S2C_43RGM_20260920_0_L2A,
s2delhi_r05_c30,5,30,EPSG:32643,776760.00,3184680.00,779320.00,3187240.00,77.8477,28.7712,0,0,0,0.224182,1,1,0.695135,0,0,0,0.0721436,0.463989,0.203491,0,0.0361938,0.100159,0.124023,0,0,,,,,,,S2C_43RGM_20260920_0_L2A,
s2delhi_r05_c31,5,31,EPSG:32643,779320.00,3184680.00,781880.00,3187240.00,77.8739,28.7706,0,0,0,0.284119,0,,,0,0,0,0.196838,0.366821,0.107971,0,0.0442505,0.219727,0.0643921,0,0,,,,,,,S2C_43RGM_20260920_0_L2A,
s2delhi_r05_c32,5,32,EPSG:32643,781880.00,3184680.00,784440.00,3187240.00,77.9001,28.77,0,0,0,0.290833,1,1,0.832512,0,0,0,0.144653,0.453857,0.0913086,0,0.0193481,0.142029,0.148804,0,0,,,,,,,S2C_43RGM_20260920_0_L2A,
s2delhi_r05_c33,5,33,EPSG:32643,784440.00,3184680.00,787000.00,3187240.00,77.9263,28.7695,0,0,0,0.176514,1,1,0.82583,0,0,0,0.188232,0.503845,0.106262,0,0.0251465,0.135803,0.0407104,0,0,,,,,,,S2C_43RGM_20260920_0_L2A,
s2delhi_r05_c34,5,34,EPSG:32643,787000.00,3184680.00,789560.00,3187240.00,77.9525,28.7689,0,0,1,0.343445,0,,,0,0,0,0.214905,0.221375,0.177612,0,0.0426636,0.171753,0.171692,0,0,,,,,,,S2C_43RGM_20260920_0_L2A,
s2delhi_r05_c35,5,35,EPSG:32643,789560.00,3184680.00,792120.00,3187240.00,77.9787,28.7683,0,0,0,0.180664,1,1,0.846266,0,0,0,0.255127,0.458618,0.083313,0,0.0222778,0.12323,0.0574341,0,0,,,,,,,S2C_43RGM_20260920_0_L2A,
s2delhi_r05_c36,5,36,EPSG:32643,792120.00,3184680.00,794680.00,3187240.00,78.0049,28.7678,0,0,1,0.368835,0,,,0,0,0,0.166748,0.229919,0.161621,0.00585938,0.0670166,0.257324,0.111511,0,0,,,,,,,S2C_43RGM_20260920_0_L2A,
s2delhi_r05_c37,5,37,EPSG:32643,794680.00,3184680.00,797240.00,3187240.00,78.0311,28.7672,0,0,1,0.363098,0,,,0,0,0,0.259827,0.211853,0.0896606,0.00457764,0.0709839,0.180603,0.182495,0,0,,,,,,,S2C_43RGM_20260920_0_L2A,
s2delhi_r05_c38,5,38,EPSG:32643,797240.00,3184680.00,799800.00,3187240.00,78.0573,28.7666,0,0,0,0.284241,0,,,0,0,0,0.417664,0.206421,0.0549927,0,0.0366821,0.146729,0.137512,0,0,,,,,,,S2C_43RGM_20260920_0_L2A,
s2delhi_r05_c39,5,39,EPSG:32643,799800.00,3184680.00,802360.00,3187240.00,78.0834,28.766,0,0,1,0.456848,0,,,0,0,0,0.141174,0.117737,0.207214,0,0.0770264,0.216553,0.240295,0,0,,,,,,,S2C_43RGM_20260920_0_L2A,
s2delhi_r05_c40,5,40,EPSG:32643,802360.00,3184680.00,804920.00,3187240.00,78.1096,28.7654,0,0,0,0.193604,1,1,0.786397,0,0,0,0.180359,0.446716,0.121338,0,0.0579834,0.149353,0.0442505,0,0,,,,,,,S2C_43RGM_20260920_0_L2A,
s2delhi_r05_c41,5,41,EPSG:32643,804920.00,3184680.00,807480.00,3187240.00,78.1358,28.7648,0,0,0,0.00170898,1,1,0.68448,0,0,0,0.0469971,0.513611,0.236755,0.200073,0.000854492,0,0.00170898,0,0,,,,,,,S2C_43RGM_20260920_0_L2A,
s2delhi_r06_c00,6,0,EPSG:32643,699960.00,3182120.00,702520.00,3184680.00,77.0612,28.7624,0,1,0,0.0653687,1,0,0.442532,0,0,0,0.0494385,0.38446,0.484314,0,0.0164185,0.0575562,0.0078125,0,0,308.205,314.076,321.849,314.605,3.04895,7.77289,S2C_43RGM_20260920_0_L2A,LC09_L2SP_147040_20260921_02_T1
s2delhi_r06_c01,6,1,EPSG:32643,702520.00,3182120.00,705080.00,3184680.00,77.0874,28.762,0,1,0,0.00598145,1,1,0.717771,0,0,0,0.0906372,0.644653,0.253479,0,0.00524902,0.0022583,0.00372314,0,0,295.433,311.82,317.189,311.716,2.41165,5.36829,S2C_43RGM_20260920_0_L2A,LC09_L2SP_147040_20260921_02_T1
s2delhi_r06_c02,6,2,EPSG:32643,705080.00,3182120.00,707640.00,3184680.00,77.1136,28.7616,0,1,0,0.18634,1,1,0.534052,0,0,0,0.130981,0.344604,0.300659,0,0.0374146,0.119873,0.0664673,0,0,291.575,309.45,319.211,308.94,4.95177,9.76059,S2C_43RGM_20260920_0_L2A,LC09_L2SP_147040_20260921_02_T1
s2delhi_r06_c03,6,3,EPSG:32643,707640.00,3182120.00,710200.00,3184680.00,77.1398,28.7611,0,1,0,0.026062,1,0,0.177459,0,0,0,0.022522,0.161743,0.749695,0.00317383,0.0368042,0.0171509,0.00891113,0,0,306.988,315.17,322.53,315.286,2.69226,7.35986,S2C_43RGM_20260920_0_L2A,LC09_L2SP_147040_20260921_02_T1
s2delhi_r06_c04,6,4,EPSG:32643,710200.00,3182120.00,712760.00,3184680.00,77.166,28.7607,0,1,0,0.0447388,1,0,0.124983,0,0,0,0.043457,0.112427,0.787109,0.00268555,0.00958252,0.0415039,0.00323486,0,0,308.951,314.197,320.466,314.478,1.97694,6.26944,S2C_43RGM_20260920_0_L2A,LC09_L2SP_147040_20260921_02_T1
s2delhi_r06_c05,6,5,EPSG:32643,712760.00,3182120.00,715320.00,3184680.00,77.1922,28.7603,0,1,0,0.0534668,1,0,0.0876911,0,0,0,0.0395508,0.0766602,0.797546,0.00164795,0.0311279,0.046814,0.00665283,0,0,303.216,313.464,316.34,313.189,1.68334,2.87589,S2C_43RGM_20260920_0_L2A,LC09_L2SP_147040_20260921_02_T1
s2delhi_r06_c06,6,6,EPSG:32643,715320.00,3182120.00,717880.00,3184680.00,77.2184,28.7599,0,1,0,0.130188,1,0,0.460549,0,0,0,0.249573,0.264343,0.309631,0.0177612,0.0285034,0.0949707,0.0352173,0,0,306.499,312.732,322.396,312.719,2.35248,9.664,S2C_43RGM_20260920_0_L2A,LC09_L2SP_147040_20260921_02_T1
s2delhi_r06_c07,6,7,EPSG:32643,717880.00,3182120.00,720440.00,3184680.00,77.2446,28.7594,0,1,0,0.266724,0,,,0,0,0,0.297363,0.0701904,0.278564,0.00817871,0.0789795,0.159485,0.107239,0,0,306.682,312.451,322.661,312.625,1.8798,10.2095,S2C_43RGM_20260920_0_L2A,LC09_L2SP_147040_20260921_02_T1
s2delhi_r06_c08,6,8,EPSG:32643,720440.00,3182120.00,723000.00,3184680.00,77.2708,28.759,0,1,1,0.662598,0,,,0,0,0,0.214111,0.00592041,0.11084,0,0.00653076,0.321655,0.340942,0,0,310.618,313.424,316.229,313.448,0.931112,2.80499,S2C_43RGM_20260920_0_L2A,LC09_L2SP_147040_20260921_02_T1
s2delhi_r06_c09,6,9,EPSG:32643,723000.00,3182120.00,725560.00,3184680.00,77.297,28.7586,0,1,1,0.330627,0,,,0,0,0,0.164734,0.0464478,0.421387,0,0.0368042,0.214111,0.116516,0,0,309.497,313.942,321.047,313.697,1.47923,7.10571,S2C_43RGM_20260920_0_L2A,LC09_L2SP_147040_20260921_02_T1
s2delhi_r06_c10,6,10,EPSG:32643,725560.00,3182120.00,728120.00,3184680.00,77.3232,28.7581,0,0,0,0.183533,1,1,0.552638,0,0,0,0.0626831,0.404663,0.327576,0,0.0215454,0.0951538,0.0883789,0,0,,,,,,,S2C_43RGM_20260920_0_L2A,
s2delhi_r06_c11,6,11,EPSG:32643,728120.00,3182120.00,730680.00,3184680.00,77.3494,28.7577,0,0,0,0.00640869,1,1,0.633378,0,0,0,0.085022,0.574463,0.33252,0,0.00158691,0.00640869,0,0,0,,,,,,,S2C_43RGM_20260920_0_L2A,
s2delhi_r06_c12,6,12,EPSG:32643,730680.00,3182120.00,733240.00,3184680.00,77.3756,28.7572,0,0,1,0.345337,0,,,0,0,0,0.196533,0.217407,0.220337,0,0.0203857,0.131165,0.214172,0,0,,,,,,,S2C_43RGM_20260920_0_L2A,
s2delhi_r06_c13,6,13,EPSG:32643,733240.00,3182120.00,735800.00,3184680.00,77.4018,28.7567,0,0,0,0.0825806,1,1,0.730791,0,0,0,0.147644,0.553223,0.203796,0.00317383,0.00958252,0.0564575,0.026123,0,0,,,,,,,S2C_43RGM_20260920_0_L2A,
s2delhi_r06_c14,6,14,EPSG:32643,735800.00,3182120.00,738360.00,3184680.00,77.428,28.7563,0,0,0,0.186401,1,1,0.537705,0,0,0,0.259583,0.280273,0.240967,0,0.0327759,0.0872803,0.0991211,0,0,,,,,,,S2C_43RGM_20260920_0_L2A,
s2delhi_r06_c15,6,15,EPSG:32643,738360.00,3182120.00,740920.00,3184680.00,77.4542,28.7558,0,0,0,0.268188,1,1,0.539753,0,0,0,0.184387,0.272644,0.232483,0,0.0422974,0.124695,0.143494,0,0,,,,,,,S2C_43RGM_20260920_0_L2A,
s2delhi_r06_c16,6,16,EPSG:32643,740920.00,3182120.00,743480.00,3184680.00,77.4804,28.7553,0,0,0,0.28302,0,,,0,0,0,0.210632,0.182556,0.217346,0,0.106445,0.144775,0.138245,0,0,,,,,,,S2C_43RGM_20260920_0_L2A,
s2delhi_r06_c17,6,17,EPSG:32643,743480.00,3182120.00,746040.00,3184680.00,77.5066,28.7548,0,0,0,0.194153,1,0,0.178732,0,0,0,0.229858,0.0947876,0.435547,0,0.0456543,0.0698853,0.124268,0,0,,,,,,,S2C_43RGM_20260920_0_L2A,
s2delhi_r06_c18,6,18,EPSG:32643,746040.00,3182120.00,748600.00,3184680.00,77.5328,28.7543,0,0,1,0.332092,0,,,0,0,0,0.146667,0.259888,0.190552,0.00152588,0.0692749,0.180176,0.151917,0,0,,,,,,,S2C_43RGM_20260920_0_L2A,
s2delhi_r06_c19,6,19,EPSG:32643,748600.00,3182120.00,751160.00,3184680.00,77.559,28.7538,0,0,0,0.174927,1,1,0.841441,0,0,0,0.159668,0.528931,0.0996704,0,0.0368042,0.109924,0.0650024,0,0,,,,,,,S2C_43RGM_20260920_0_L2A,
s2delhi_r06_c20,6,20,EPSG:32643,751160.00,3182120.00,753720.00,3184680.00,77.5852,28.7533,0,0,0,0.101379,1,1,0.906182,0,0,0,0.117554,0.684448,0.0708618,0,0.0257568,0.0634155,0.0379639,0,0,,,,,,,S2C_43RGM_20260920_0_L2A,
s2delhi_r06_c21,6,21,EPSG:32643,753720.00,3182120.00,756280.00,3184680.00,77.6114,28.7528,0,0,1,0.335999,0,,,0,0,0,0.194763,0.381226,0.071106,0,0.0169067,0.179443,0.156555,0,0,,,,,,,S2C_43RGM_20260920_0_L2A,
s2delhi_r06_c22,6,22,EPSG:32643,756280.00,3182120.00,758840.00,3184680.00,77.6376,28.7523,0,0,0,0.0977173,1,1,0.757863,0,0,0,0.060791,0.620667,0.198303,0,0.022522,0.072876,0.0248413,0,0,,,,,,,S2C_43RGM_20260920_0_L2A,
s2delhi_r06_c23,6,23,EPSG:32643,758840.00,3182120.00,761400.00,3184680.00,77.6638,28.7518,0,0,0,0.113403,1,1,0.739517,0,0,0,0.0819702,0.584473,0.205872,0,0.0142822,0.0682373,0.045166,0,0,,,,,,,S2C_43RGM_20260920_0_L2A,
s2delhi_r06_c24,6,24,EPSG:32643,761400.00,3182120.00,763960.00,3184680.00,77.69,28.7513,0,0,0,0.201294,1,1,0.836852,0,0,0,0.11499,0.541931,0.105652,0,0.0361328,0.129517,0.0717773,0,0,,,,,,,S2C_43RGM_20260920_0_L2A,
s2delhi_r06_c25,6,25,EPSG:32643,763960.00,3182120.00,766520.00,3184680.00,77.7162,28.7508,0,0,0,0.146973,1,1,0.782386,0,0,0,0.172607,0.51239,0.142517,0,0.0255127,0.0905151,0.0564575,0,0,,,,,,,S2C_43RGM_20260920_0_L2A,
s2delhi_r06_c26,6,26,EPSG:32643,766520.00,3182120.00,769080.00,3184680.00,77.7424,28.7502,0,0,0,0.0334473,1,1,0.667366,0,0,0,0.0593262,0.601868,0.299988,0,0.00537109,0.0241089,0.00933838,0,0,,,,,,,S2C_43RGM_20260920_0_L2A,
s2delhi_r06_c27,6,27,EPSG:32643,769080.00,3182120.00,771640.00,3184680.00,77.7685,28.7497,0,0,0,0.257263,1,0,0.175593,0,0,0,0.151917,0.0926514,0.434998,0,0.0631714,0.144958,0.112305,0,0,,,,,,,S2C_43RGM_20260920_0_L2A,
s2delhi_r06_c28,6,28,EPSG:32643,771640.00,3182120.00,774200.00,3184680.00,77.7947,28.7492,0,0,0,0.262085,0,,,0,0,0,0.205383,0.126526,0.356323,0,0.0496826,0.15033,0.111755,0,0,,,,,,,S2C_43RGM_20260920_0_L2A,
s2delhi_r06_c29,6,29,EPSG:32643,774200.00,3182120.00,776760.00,3184680.00,77.8209,28.7486,0,0,0,0.28595,0,,,0,0,0,0.182678,0.219421,0.276062,0,0.0358887,0.127441,0.158508,0,0,,,,,,,S2C_43RGM_20260920_0_L2A,
s2delhi_r06_c30,6,30,EPSG:32643,776760.00,3182120.00,779320.00,3184680.00,77.8471,28.7481,0,0,0,0.150635,1,1,0.721858,0,0,0,0.19519,0.463806,0.178711,0,0.0116577,0.121216,0.0294189,0,0,,,,,,,S2C_43RGM_20260920_0_L2A,
s2delhi_r06_c31,6,31,EPSG:32643,779320.00,3182120.00,781880.00,3184680.00,77.8733,28.7475,0,0,0,0.17926,1,1,0.676002,0,0,0,0.0731201,0.489136,0.234436,0,0.0240479,0.122253,0.0570068,0,0,,,,,,,S2C_43RGM_20260920_0_L2A,
s2delhi_r06_c32,6,32,EPSG:32643,781880.00,3182120.00,784440.00,3184680.00,77.8995,28.747,0,0,0,0.0919189,1,1,0.754083,0,0,0,0.162231,0.555115,0.18103,0,0.00970459,0.0638428,0.0280762,0,0,,,,,,,S2C_43RGM_20260920_0_L2A,
s2delhi_r06_c33,6,33,EPSG:32643,784440.00,3182120.00,787000.00,3184680.00,77.9257,28.7464,0,0,1,0.483154,0,,,0,0,0,0.176819,0.155701,0.136047,0,0.0482788,0.24176,0.241394,0,0,,,,,,,S2C_43RGM_20260920_0_L2A,
s2delhi_r06_c34,6,34,EPSG:32643,787000.00,3182120.00,789560.00,3184680.00,77.9519,28.7458,0,0,0,0.252319,0,,,0,0,0,0.329224,0.215759,0.171082,0.000366211,0.03125,0.187866,0.0644531,0,0,,,,,,,S2C_43RGM_20260920_0_L2A,
s2delhi_r06_c35,6,35,EPSG:32643,789560.00,3182120.00,792120.00,3184680.00,77.978,28.7453,0,0,1,0.379822,0,,,0,0,0,0.215515,0.159912,0.162598,0.00799561,0.0741577,0.19574,0.184082,0,0,,,,,,,S2C_43RGM_20260920_0_L2A,
s2delhi_r06_c36,6,36,EPSG:32643,792120.00,3182120.00,794680.00,3184680.00,78.0042,28.7447,0,0,0,0.249512,0,,,0,0,0,0.299744,0.260986,0.161194,0,0.0285645,0.136841,0.112671,0,0,,,,,,,S2C_43RGM_20260920_0_L2A,
s2delhi_r06_c37,6,37,EPSG:32643,794680.00,3182120.00,797240.00,3184680.00,78.0304,28.7441,0,0,1,0.499451,0,,,0,0,0,0.338562,0.0780029,0.041687,0,0.0422974,0.224304,0.275146,0,0,,,,,,,S2C_43RGM_20260920_0_L2A,
s2delhi_r06_c38,6,38,EPSG:32643,797240.00,3182120.00,799800.00,3184680.00,78.0566,28.7435,0,0,1,0.475342,0,,,0,0,0,0.315063,0.0689087,0.0783081,0,0.0623779,0.230957,0.244385,0,0,,,,,,,S2C_43RGM_20260920_0_L2A,
s2delhi_r06_c39,6,39,EPSG:32643,799800.00,3182120.00,802360.00,3184680.00,78.0828,28.7429,0,0,1,0.602051,0,,,0,0,0,0.250183,0.0324097,0.0527954,0,0.062561,0.257812,0.344238,0,0,,,,,,,S2C_43RGM_20260920_0_L2A,
s2delhi_r06_c40,6,40,EPSG:32643,802360.00,3182120.00,804920.00,3184680.00,78.1089,28.7423,0,0,1,0.608337,0,,,0,0,0,0.138733,0.166016,0.0140991,0,0.0728149,0.232727,0.37561,0,0,,,,,,,S2C_43RGM_20260920_0_L2A,
s2delhi_r06_c41,6,41,EPSG:32643,804920.00,3182120.00,807480.00,3184680.00,78.1351,28.7417,0,0,0,0,1,1,0.893332,0,0,0,0.0276489,0.868469,0.103699,0,0.000183105,0,0,0,0,,,,,,,S2C_43RGM_20260920_0_L2A,
s2delhi_r07_c00,7,0,EPSG:32643,699960.00,3179560.00,702520.00,3182120.00,77.0607,28.7393,0,1,0,0.0913086,1,0,0.305652,0,0,0,0.0701294,0.252502,0.573608,0,0.0124512,0.0527954,0.0385132,0,0,301.319,314.328,322.363,314.07,2.44507,8.03421,S2C_43RGM_20260920_0_L2A,LC09_L2SP_147040_20260921_02_T1
s2delhi_r07_c01,7,1,EPSG:32643,702520.00,3179560.00,705080.00,3182120.00,77.0869,28.7389,0,1,0,0.286926,0,,,0,0,0,0.300293,0.144104,0.254517,0,0.0141602,0.137268,0.149658,0,0,298.066,313.077,320.18,312.866,3.08151,7.10208,S2C_43RGM_20260920_0_L2A,LC09_L2SP_147040_20260921_02_T1
s2delhi_r07_c02,7,2,EPSG:32643,705080.00,3179560.00,707640.00,3182120.00,77.1131,28.7385,0,1,0,0.167969,1,0,0.26905,0,0,0,0.0914307,0.185547,0.504089,0,0.0509644,0.120728,0.0472412,0,0,294.282,311.298,323.607,310.558,4.58555,12.3096,S2C_43RGM_20260920_0_L2A,LC09_L2SP_147040_20260921_02_T1
s2delhi_r07_c03,7,3,EPSG:32643,707640.00,3179560.00,710200.00,3182120.00,77.1393,28.738,0,1,0,0.0511475,1,0,0.224356,0,0,0.00292969,0.0935059,0.179016,0.618896,0,0.0545044,0.0341187,0.0170288,0,0,308.543,314.628,320.557,314.614,2.28784,5.92923,S2C_43RGM_20260920_0_L2A,LC09_L2SP_147040_20260921_02_T1
s2delhi_r07_c04,7,4,EPSG:32643,710200.00,3179560.00,712760.00,3182120.00,77.1655,28.7376,0,1,0,0.00683594,1,0,0.153724,0,0,0,0.0211792,0.136292,0.750305,0.0600586,0.0253296,0.00427246,0.00256348,0,0,306.724,314.413,323.356,314.436,3.11983,8.94324,S2C_43RGM_20260920_0_L2A,LC09_L2SP_147040_20260921_02_T1
s2delhi_r07_c05,7,5,EPSG:32643,712760.00,3179560.00,715320.00,3182120.00,77.1917,28.7372,0,1,0,0.0422363,1,0,0.0663273,0,0,0,0.086731,0.0556641,0.783569,0.000915527,0.0308838,0.0233765,0.0188599,0,0,306.541,314.292,317.127,314.09,1.57043,2.83481,S2C_43RGM_20260920_0_L2A,LC09_L2SP_147040_20260921_02_T1
s2delhi_r07_c06,7,6,EPSG:32643,715320.00,3179560.00,717880.00,3182120.00,77.2179,28.7368,0,1,0,0.0734253,1,0,0.366891,0,0,0,0.26532,0.219543,0.378845,0.0272217,0.0356445,0.0584106,0.0150146,0,0,306.556,313.1,318.609,312.314,2.7716,5.50934,S2C_43RGM_20260920_0_L2A,LC09_L2SP_147040_20260921_02_T1
s2delhi_r07_c07,7,7,EPSG:32643,717880.00,3179560.00,720440.00,3182120.00,77.2441,28.7363,0,1,1,0.526123,0,,,0,0,0,0.19043,0.0230103,0.169556,0.0494995,0.0413818,0.280212,0.245911,0,0,306.819,313.386,320.254,313.243,2.39601,6.86819,S2C_43RGM_20260920_0_L2A,LC09_L2SP_147040_20260921_02_T1
s2delhi_r07_c08,7,8,EPSG:32643,720440.00,3179560.00,723000.00,3182120.00,77.2703,28.7359,0,1,1,0.477112,0,,,0,0,0,0.102234,0.0105591,0.369751,0,0.0403442,0.380554,0.0965576,0,0,307.909,314.044,317.859,313.86,1.56039,3.81537,S2C_43RGM_20260920_0_L2A,LC09_L2SP_147040_20260921_02_T1
s2delhi_r07_c09,7,9,EPSG:32643,723000.00,3179560.00,725560.00,3182120.00,77.2965,28.7355,0,1,0,0.290344,1,0,0.0400346,0,0,0,0.0601807,0.0254517,0.610291,0,0.0137329,0.246643,0.0437012,0,0,307.953,313.946,316.684,313.582,1.631,2.73792,S2C_43RGM_20260920_0_L2A,LC09_L2SP_147040_20260921_02_T1
s2delhi_r07_c10,7,10,EPSG:32643,725560.00,3179560.00,728120.00,3182120.00,77.3227,28.735,0,0,0,0.18457,1,0,0.208028,0,0,0,0.0738525,0.148987,0.5672,0,0.0253906,0.117554,0.0670166,0,0,,,,,,,S2C_43RGM_20260920_0_L2A,
s2delhi_r07_c11,7,11,EPSG:32643,728120.00,3179560.00,730680.00,3182120.00,77.3489,28.7346,0,0,0,0.0665283,1,1,0.516851,0,0,0,0.0933838,0.426819,0.398987,0,0.0142822,0.0424194,0.0241089,0,0,,,,,,,S2C_43RGM_20260920_0_L2A,
s2delhi_r07_c12,7,12,EPSG:32643,730680.00,3179560.00,733240.00,3182120.00,77.3751,28.7341,0,0,0,0.088501,1,0,0.247023,0,0,0,0.0499268,0.20636,0.629028,0,0.0261841,0.0630493,0.0254517,0,0,,,,,,,S2C_43RGM_20260920_0_L2A,
s2delhi_r07_c13,7,13,EPSG:32643,733240.00,3179560.00,735800.00,3182120.00,77.4013,28.7336,0,0,0,0.20575,1,0,0.345972,0,0,0,0.238525,0.173767,0.328491,0,0.0534668,0.124878,0.0808716,0,0,,,,,,,S2C_43RGM_20260920_0_L2A,
s2delhi_r07_c14,7,14,EPSG:32643,735800.00,3179560.00,738360.00,3182120.00,77.4275,28.7332,0,0,0,0.275085,1,0,0.267518,0,0,0,0.112793,0.152161,0.416626,0,0.043335,0.159729,0.115356,0,0,,,,,,,S2C_43RGM_20260920_0_L2A,
s2delhi_r07_c15,7,15,EPSG:32643,738360.00,3179560.00,740920.00,3182120.00,77.4537,28.7327,0,0,0,0.193542,0,,,0,0,0,0.250061,0.182922,0.296997,0,0.0764771,0.122498,0.0710449,0,0,,,,,,,S2C_43RGM_20260920_0_L2A,
s2delhi_r07_c16,7,16,EPSG:32643,740920.00,3179560.00,743480.00,3182120.00,77.4799,28.7322,0,0,1,0.340149,0,,,0,0,0,0.193542,0.0507202,0.296692,0,0.118896,0.220154,0.119995,0,0,,,,,,,S2C_43RGM_20260920_0_L2A,
s2delhi_r07_c17,7,17,EPSG:32643,743480.00,3179560.00,746040.00,3182120.00,77.5061,28.7317,0,0,1,0.396606,0,,,0,0,0,0.166443,0.0919189,0.233398,0,0.111633,0.227783,0.168823,0,0,,,,,,,S2C_43RGM_20260920_0_L2A,
s2delhi_r07_c18,7,18,EPSG:32643,746040.00,3179560.00,748600.00,3182120.00,77.5323,28.7313,0,0,0,0.15033,1,1,0.525083,0,0,0,0.147156,0.33667,0.304504,0.000793457,0.0605469,0.102539,0.0477905,0,0,,,,,,,S2C_43RGM_20260920_0_L2A,
s2delhi_r07_c19,7,19,EPSG:32643,748600.00,3179560.00,751160.00,3182120.00,77.5584,28.7308,0,0,1,0.362366,0,,,0,0,0,0.231689,0.2229,0.143433,0.00177002,0.0378418,0.158447,0.203918,0,0,,,,,,,S2C_43RGM_20260920_0_L2A,
s2delhi_r07_c20,7,20,EPSG:32643,751160.00,3179560.00,753720.00,3182120.00,77.5846,28.7303,0,0,0,0.119324,1,1,0.883493,0,0,0,0.138245,0.637329,0.0840454,0,0.0210571,0.0852051,0.0341187,0,0,,,,,,,S2C_43RGM_20260920_0_L2A,
s2delhi_r07_c21,7,21,EPSG:32643,753720.00,3179560.00,756280.00,3182120.00,77.6108,28.7298,0,0,0,0.125244,1,1,0.637807,0,0,0,0.114929,0.477966,0.271423,0,0.010437,0.0840454,0.0411987,0,0,,,,,,,S2C_43RGM_20260920_0_L2A,
s2delhi_r07_c22,7,22,EPSG:32643,756280.00,3179560.00,758840.00,3182120.00,77.637,28.7293,0,0,0,0.14856,1,1,0.604066,0,0,0,0.0774536,0.458801,0.30072,0,0.0144653,0.123901,0.0246582,0,0,,,,,,,S2C_43RGM_20260920_0_L2A,
s2delhi_r07_c23,7,23,EPSG:32643,758840.00,3179560.00,761400.00,3182120.00,77.6632,28.7287,0,0,0,0.11438,1,1,0.665151,0,0,0,0.164246,0.464355,0.233765,0,0.0232544,0.0715942,0.0427856,0,0,,,,,,,S2C_43RGM_20260920_0_L2A,
s2delhi_r07_c24,7,24,EPSG:32643,761400.00,3179560.00,763960.00,3182120.00,77.6894,28.7282,0,0,0,0.0664062,1,1,0.812071,0,0,0,0.0621338,0.693115,0.1604,0,0.0179443,0.0536499,0.0127563,0,0,,,,,,,S2C_43RGM_20260920_0_L2A,
s2delhi_r07_c25,7,25,EPSG:32643,763960.00,3179560.00,766520.00,3182120.00,77.7156,28.7277,0,0,0,0.269287,1,1,0.639414,0,0,0,0.16272,0.346558,0.195435,0,0.026001,0.140625,0.128662,0,0,,,,,,,S2C_43RGM_20260920_0_L2A,
s2delhi_r07_c26,7,26,EPSG:32643,766520.00,3179560.00,769080.00,3182120.00,77.7418,28.7272,0,0,0,0.135742,1,0,0.478096,0,0,0,0.0918579,0.355042,0.387573,0,0.0297852,0.0733643,0.0623779,0,0,,,,,,,S2C_43RGM_20260920_0_L2A,
s2delhi_r07_c27,7,27,EPSG:32643,769080.00,3179560.00,771640.00,3182120.00,77.7679,28.7266,0,0,0,0.212585,1,0,0.128101,0,0,0,0.165833,0.0750122,0.510559,0,0.0360107,0.126587,0.0859985,0,0,,,,,,,S2C_43RGM_20260920_0_L2A,
s2delhi_r07_c28,7,28,EPSG:32643,771640.00,3179560.00,774200.00,3182120.00,77.7941,28.7261,0,0,1,0.362671,0,,,0,0,0,0.1604,0.0065918,0.380798,0,0.0895386,0.22168,0.140991,0,0,,,,,,,S2C_43RGM_20260920_0_L2A,
s2delhi_r07_c29,7,29,EPSG:32643,774200.00,3179560.00,776760.00,3182120.00,77.8203,28.7256,0,0,1,0.457275,0,,,0,0,0,0.115906,0.0342407,0.287415,0,0.105164,0.279541,0.177734,0,0,,,,,,,S2C_43RGM_20260920_0_L2A,
s2delhi_r07_c30,7,30,EPSG:32643,776760.00,3179560.00,779320.00,3182120.00,77.8465,28.725,0,0,0,0.244568,1,0,0.409814,0,0,0,0.105896,0.256409,0.369263,0,0.0238647,0.141357,0.10321,0,0,,,,,,,S2C_43RGM_20260920_0_L2A,
s2delhi_r07_c31,7,31,EPSG:32643,779320.00,3179560.00,781880.00,3182120.00,77.8727,28.7244,0,0,0,0.214783,1,1,0.627516,0,0,0,0.0894165,0.430115,0.25531,0,0.010376,0.131775,0.0830078,0,0,,,,,,,S2C_43RGM_20260920_0_L2A,
s2delhi_r07_c32,7,32,EPSG:32643,781880.00,3179560.00,784440.00,3182120.00,77.8988,28.7239,0,0,0,0.295593,0,,,0,0,0,0.198364,0.316284,0.154236,0,0.0355225,0.158813,0.13678,0,0,,,,,,,S2C_43RGM_20260920_0_L2A,
s2delhi_r07_c33,7,33,EPSG:32643,784440.00,3179560.00,787000.00,3182120.00,77.925,28.7233,0,0,0,0.249329,1,1,0.627792,0,0,0,0.142334,0.339722,0.201416,0.00146484,0.0657349,0.133911,0.115417,0,0,,,,,,,S2C_43RGM_20260920_0_L2A,
s2delhi_r07_c34,7,34,EPSG:32643,787000.00,3179560.00,789560.00,3182120.00,77.9512,28.7228,0,0,1,0.41925,0,,,0,0,0,0.343018,0.128845,0.0548096,0,0.0540771,0.211426,0.207825,0,0,,,,,,,S2C_43RGM_20260920_0_L2A,
s2delhi_r07_c35,7,35,EPSG:32643,789560.00,3179560.00,792120.00,3182120.00,77.9774,28.7222,0,0,1,0.404175,0,,,0,0,0,0.25,0.167236,0.132812,0,0.0457764,0.167114,0.237061,0,0,,,,,,,S2C_43RGM_20260920_0_L2A,
s2delhi_r07_c36,7,36,EPSG:32643,792120.00,3179560.00,794680.00,3182120.00,78.0036,28.7216,0,0,1,0.337158,0,,,0,0,0,0.144714,0.259033,0.185913,0,0.0731812,0.171387,0.165771,0,0,,,,,,,S2C_43RGM_20260920_0_L2A,
s2delhi_r07_c37,7,37,EPSG:32643,794680.00,3179560.00,797240.00,3182120.00,78.0297,28.721,0,0,1,0.543457,0,,,0,0,0,0.256226,0.0325317,0.121582,0,0.0462036,0.232788,0.310669,0,0,,,,,,,S2C_43RGM_20260920_0_L2A,
s2delhi_r07_c38,7,38,EPSG:32643,797240.00,3179560.00,799800.00,3182120.00,78.0559,28.7204,0,0,1,0.523438,0,,,0,0,0,0.275024,0.0964355,0.0612183,0,0.0438843,0.231995,0.291443,0,0,,,,,,,S2C_43RGM_20260920_0_L2A,
s2delhi_r07_c39,7,39,EPSG:32643,799800.00,3179560.00,802360.00,3182120.00,78.0821,28.7198,0,0,1,0.534241,0,,,0,0,0,0.190491,0.0181885,0.170105,0,0.0869751,0.221619,0.312622,0,0,,,,,,,S2C_43RGM_20260920_0_L2A,
s2delhi_r07_c40,7,40,EPSG:32643,802360.00,3179560.00,804920.00,3182120.00,78.1083,28.7192,0,0,1,0.55188,0,,,0,0,0,0.235046,0.0310669,0.0910034,0,0.0910034,0.261475,0.290405,0,0,,,,,,,S2C_43RGM_20260920_0_L2A,
s2delhi_r07_c41,7,41,EPSG:32643,804920.00,3179560.00,807480.00,3182120.00,78.1344,28.7186,0,0,0,0.175171,1,1,0.947195,0,0,0,0.0936279,0.630615,0.0351562,0,0.0654297,0.129578,0.0455933,0,0,,,,,,,S2C_43RGM_20260920_0_L2A,
s2delhi_r08_c00,8,0,EPSG:32643,699960.00,3177000.00,702520.00,3179560.00,77.0603,28.7162,0,1,0,0.131226,1,0,0.0967018,0,0,0,0.0437012,0.0762329,0.712097,0.000244141,0.036499,0.0803223,0.0509033,0,0,308.594,314.829,323.989,315.17,2.36579,9.16064,S2C_43RGM_20260920_0_L2A,LC09_L2SP_147040_20260921_02_T1
s2delhi_r08_c01,8,1,EPSG:32643,702520.00,3177000.00,705080.00,3179560.00,77.0865,28.7158,0,1,1,0.312683,1,0,0.0435884,0,0,0.000854492,0.0988159,0.0252075,0.553101,0,0.00933838,0.207336,0.105347,0,0,295.232,313.567,320.409,312.969,3.60309,6.84189,S2C_43RGM_20260920_0_L2A,LC09_L2SP_147040_20260921_02_T1
s2delhi_r08_c02,8,2,EPSG:32643,705080.00,3177000.00,707640.00,3179560.00,77.1127,28.7154,0,1,0,0.198669,1,0,0.364154,0,0,0,0.179077,0.202881,0.354248,0,0.0651245,0.155579,0.0430908,0,0,304.291,313.478,316.909,313.211,1.71721,3.43103,S2C_43RGM_20260920_0_L2A,LC09_L2SP_147040_20260921_02_T1
s2delhi_r08_c03,8,3,EPSG:32643,707640.00,3177000.00,710200.00,3179560.00,77.1389,28.715,0,1,0,0.189514,1,0,0.355291,0,0,0,0.0897217,0.244263,0.443237,0,0.0332642,0.159729,0.0297852,0,0,307.481,313.404,317.117,313.084,1.77728,3.71246,S2C_43RGM_20260920_0_L2A,LC09_L2SP_147040_20260921_02_T1
s2delhi_r08_c04,8,4,EPSG:32643,710200.00,3177000.00,712760.00,3179560.00,77.1651,28.7145,0,1,1,0.402283,0,,,0,0,0,0.20636,0.0614014,0.309448,0.00256348,0.0179443,0.276367,0.125916,0,0,308.745,314.126,320.623,314.203,2.0257,6.49786,S2C_43RGM_20260920_0_L2A,LC09_L2SP_147040_20260921_02_T1
s2delhi_r08_c05,8,5,EPSG:32643,712760.00,3177000.00,715320.00,3179560.00,77.1912,28.7141,0,1,0,0.0119019,1,0,0.374346,0,0,6.10352e-05,0.0106201,0.357849,0.598083,0.003479,0.0180054,0.00720215,0.00469971,0,0,292.809,309.373,317.806,308.71,4.90693,8.43365,S2C_43RGM_20260920_0_L2A,LC09_L2SP_147040_20260921_02_T1
s2delhi_r08_c06,8,6,EPSG:32643,715320.00,3177000.00,717880.00,3179560.00,77.2174,28.7137,0,1,1,0.337646,1,0,0.226306,0,0,0,0.046814,0.131165,0.448425,0,0.0359497,0.180115,0.157532,0,0,308.975,312.381,317.497,312.402,1.50833,5.11618,S2C_43RGM_20260920_0_L2A,LC09_L2SP_147040_20260921_02_T1
s2delhi_r08_c07,8,7,EPSG:32643,717880.00,3177000.00,720440.00,3179560.00,77.2436,28.7133,0,1,0,0.273132,0,,,0,0,0,0.22821,0.0849609,0.263062,0.0570679,0.0935669,0.207458,0.0656738,0,0,306.293,311.222,321.908,311.11,2.48984,10.6861,S2C_43RGM_20260920_0_L2A,LC09_L2SP_147040_20260921_02_T1
s2delhi_r08_c08,8,8,EPSG:32643,720440.00,3177000.00,723000.00,3179560.00,77.2698,28.7128,0,1,1,0.607666,0,,,0,0,0,0.191833,0.00427246,0.161133,0,0.0350952,0.412781,0.194885,0,0,309.96,314.395,316.078,314.271,0.925703,1.68268,S2C_43RGM_20260920_0_L2A,LC09_L2SP_147040_20260921_02_T1
s2delhi_r08_c09,8,9,EPSG:32643,723000.00,3177000.00,725560.00,3179560.00,77.296,28.7124,0,0,1,0.742249,0,,,0,0,0,0.134521,0.00128174,0.0905762,0,0.0313721,0.526672,0.215576,0,0,,,,,,,S2C_43RGM_20260920_0_L2A,
s2delhi_r08_c10,8,10,EPSG:32643,725560.00,3177000.00,728120.00,3179560.00,77.3222,28.7119,0,0,0,0.107605,1,0,0.0823214,0,0,0,0.0929565,0.0637207,0.710327,0.00219727,0.0231934,0.0823364,0.0252686,0,0,,,,,,,S2C_43RGM_20260920_0_L2A,
s2delhi_r08_c11,8,11,EPSG:32643,728120.00,3177000.00,730680.00,3179560.00,77.3484,28.7115,0,0,0,0.13501,1,1,0.537584,0,0,0,0.167847,0.35968,0.309387,0,0.0280762,0.0983276,0.0366821,0,0,,,,,,,S2C_43RGM_20260920_0_L2A,
s2delhi_r08_c12,8,12,EPSG:32643,730680.00,3177000.00,733240.00,3179560.00,77.3746,28.711,0,0,0,0.0797729,1,1,0.660734,0,0,0,0.0975342,0.537048,0.275757,0,0.0098877,0.046814,0.032959,0,0,,,,,,,S2C_43RGM_20260920_0_L2A,
s2delhi_r08_c13,8,13,EPSG:32643,733240.00,3177000.00,735800.00,3179560.00,77.4008,28.7106,0,0,1,0.336853,0,,,0,0,0,0.0888672,0.0978394,0.390442,0.0188599,0.0671387,0.193115,0.143738,0,0,,,,,,,S2C_43RGM_20260920_0_L2A,
s2delhi_r08_c14,8,14,EPSG:32643,735800.00,3177000.00,738360.00,3179560.00,77.427,28.7101,0,0,0,0.00836182,1,0,0.167465,0,0,0,0.00671387,0.164307,0.816833,0,0.00378418,0.00701904,0.00134277,0,0,,,,,,,S2C_43RGM_20260920_0_L2A,
s2delhi_r08_c15,8,15,EPSG:32643,738360.00,3177000.00,740920.00,3179560.00,77.4531,28.7096,0,0,1,0.512146,0,,,0,0,0,0.223816,0.052002,0.18988,0,0.0221558,0.225525,0.286621,0,0,,,,,,,S2C_43RGM_20260920_0_L2A,
s2delhi_r08_c16,8,16,EPSG:32643,740920.00,3177000.00,743480.00,3179560.00,77.4793,28.7091,0,0,0,0.172424,1,0,0.033417,0,0,0,0.00305176,0.026001,0.752075,0,0.0464478,0.114807,0.0576172,0,0,,,,,,,S2C_43RGM_20260920_0_L2A,
s2delhi_r08_c17,8,17,EPSG:32643,743480.00,3177000.00,746040.00,3179560.00,77.5055,28.7087,0,0,0,0.201233,1,0,0.259116,0,0,0,0.0415039,0.184326,0.527039,0,0.0458984,0.125549,0.0756836,0,0,,,,,,,S2C_43RGM_20260920_0_L2A,
s2delhi_r08_c18,8,18,EPSG:32643,746040.00,3177000.00,748600.00,3179560.00,77.5317,28.7082,0,0,0,0.140015,1,0,0.336853,0,0,0,0.0546265,0.266785,0.525208,0.00213623,0.0112305,0.0670776,0.072937,0,0,,,,,,,S2C_43RGM_20260920_0_L2A,
s2delhi_r08_c19,8,19,EPSG:32643,748600.00,3177000.00,751160.00,3179560.00,77.5579,28.7077,0,0,0,0.12323,1,1,0.540516,0,0,0,0.153015,0.358276,0.304565,0.0189209,0.0419922,0.0827637,0.0404663,0,0,,,,,,,S2C_43RGM_20260920_0_L2A,
s2delhi_r08_c20,8,20,EPSG:32643,751160.00,3177000.00,753720.00,3179560.00,77.5841,28.7072,0,0,0,0.032959,1,1,0.613374,0,0,0,0.109924,0.518433,0.326782,0,0.0119019,0.0286255,0.0043335,0,0,,,,,,,S2C_43RGM_20260920_0_L2A,
s2delhi_r08_c21,8,21,EPSG:32643,753720.00,3177000.00,756280.00,3179560.00,77.6102,28.7067,0,0,0,0.225952,1,1,0.776444,0,0,0,0.182556,0.4422,0.127319,0,0.0219727,0.136353,0.0895996,0,0,,,,,,,S2C_43RGM_20260920_0_L2A,
s2delhi_r08_c22,8,22,EPSG:32643,756280.00,3177000.00,758840.00,3179560.00,77.6364,28.7062,0,0,0,0.258484,1,0,0.381205,0,0,0,0.182007,0.193115,0.313477,0,0.0529175,0.181396,0.0770874,0,0,,,,,,,S2C_43RGM_20260920_0_L2A,
s2delhi_r08_c23,8,23,EPSG:32643,758840.00,3177000.00,761400.00,3179560.00,77.6626,28.7057,0,0,0,0.158508,1,0,0.362768,0,0,0,0.0819702,0.264282,0.464233,0,0.0310059,0.110596,0.0479126,0,0,,,,,,,S2C_43RGM_20260920_0_L2A,
s2delhi_r08_c24,8,24,EPSG:32643,761400.00,3177000.00,763960.00,3179560.00,77.6888,28.7051,0,0,0,0.00372314,1,1,0.549923,0,0,0,0,0.546265,0.447083,0,0.00292969,0.00372314,0,0,0,,,,,,,S2C_43RGM_20260920_0_L2A,
s2delhi_r08_c25,8,25,EPSG:32643,763960.00,3177000.00,766520.00,3179560.00,77.715,28.7046,0,0,0,0.074646,1,1,0.612562,0,0,0,0.0648804,0.516663,0.326782,0,0.0170288,0.050354,0.024292,0,0,,,,,,,S2C_43RGM_20260920_0_L2A,
s2delhi_r08_c26,8,26,EPSG:32643,766520.00,3177000.00,769080.00,3179560.00,77.7411,28.7041,0,0,0,0.183777,1,1,0.672372,0,0,0,0.0904541,0.472351,0.230164,0,0.0232544,0.0785522,0.105225,0,0,,,,,,,S2C_43RGM_20260920_0_L2A,
s2delhi_r08_c27,8,27,EPSG:32643,769080.00,3177000.00,771640.00,3179560.00,77.7673,28.7036,0,0,0,0.15509,1,0,0.27926,0,0,0,0.145264,0.187134,0.482971,0,0.029541,0.102539,0.0525513,0,0,,,,,,,S2C_43RGM_20260920_0_L2A,
s2delhi_r08_c28,8,28,EPSG:32643,771640.00,3177000.00,774200.00,3179560.00,77.7935,28.703,0,0,1,0.421509,0,,,0,0,0,0.201355,0.015564,0.318115,0,0.043457,0.198547,0.222961,0,0,,,,,,,S2C_43RGM_20260920_0_L2A,
s2delhi_r08_c29,8,29,EPSG:32643,774200.00,3177000.00,776760.00,3179560.00,77.8197,28.7025,0,0,0,0.0807495,1,0,0.0668285,0,0,0,0.0429688,0.0571289,0.797729,0,0.0214233,0.0610962,0.0196533,0,0,,,,,,,S2C_43RGM_20260920_0_L2A,
s2delhi_r08_c30,8,30,EPSG:32643,776760.00,3177000.00,779320.00,3179560.00,77.8459,28.7019,0,0,1,0.463135,0,,,0,0,0,0.245483,0.0565186,0.210754,0,0.0241089,0.190247,0.272888,0,0,,,,,,,S2C_43RGM_20260920_0_L2A,
s2delhi_r08_c31,8,31,EPSG:32643,779320.00,3177000.00,781880.00,3179560.00,77.872,28.7014,0,0,0,0.158081,1,1,0.671266,0,0,0,0.116028,0.463257,0.226868,0,0.0357666,0.117615,0.0404663,0,0,,,,,,,S2C_43RGM_20260920_0_L2A,
s2delhi_r08_c32,8,32,EPSG:32643,781880.00,3177000.00,784440.00,3179560.00,77.8982,28.7008,0,0,0,0.184265,1,1,0.803468,0,0,0,0.23407,0.45813,0.112061,0,0.0114746,0.131836,0.0524292,0,0,,,,,,,S2C_43RGM_20260920_0_L2A,
s2delhi_r08_c33,8,33,EPSG:32643,784440.00,3177000.00,787000.00,3179560.00,77.9244,28.7002,0,0,0,0.263184,1,1,0.794638,0,0,0,0.13147,0.441406,0.114075,0.00109863,0.0487671,0.161194,0.10199,0,0,,,,,,,S2C_43RGM_20260920_0_L2A,
s2delhi_r08_c34,8,34,EPSG:32643,787000.00,3177000.00,789560.00,3179560.00,77.9506,28.6997,0,0,1,0.424194,0,,,0,0,0,0.307129,0.153625,0.0708618,0.00531006,0.0388794,0.216125,0.208069,0,0,,,,,,,S2C_43RGM_20260920_0_L2A,
s2delhi_r08_c35,8,35,EPSG:32643,789560.00,3177000.00,792120.00,3179560.00,77.9767,28.6991,0,0,1,0.446777,0,,,0,0,0,0.244202,0.0969238,0.0963135,0,0.115784,0.21344,0.233337,0,0,,,,,,,S2C_43RGM_20260920_0_L2A,
s2delhi_r08_c36,8,36,EPSG:32643,792120.00,3177000.00,794680.00,3179560.00,78.0029,28.6985,0,0,1,0.348816,0,,,0,0,0,0.262268,0.0839844,0.181702,0,0.12323,0.192566,0.15625,0,0,,,,,,,S2C_43RGM_20260920_0_L2A,
s2delhi_r08_c37,8,37,EPSG:32643,794680.00,3177000.00,797240.00,3179560.00,78.0291,28.6979,0,0,1,0.55658,0,,,0,0,0,0.183777,0.0537109,0.120361,0,0.0855713,0.233337,0.323242,0,0,,,,,,,S2C_43RGM_20260920_0_L2A,
s2delhi_r08_c38,8,38,EPSG:32643,797240.00,3177000.00,799800.00,3179560.00,78.0552,28.6974,0,0,1,0.547485,0,,,0,0,0,0.212585,0.0354004,0.126709,0,0.0778198,0.238647,0.308838,0,0,,,,,,,S2C_43RGM_20260920_0_L2A,
s2delhi_r08_c39,8,39,EPSG:32643,799800.00,3177000.00,802360.00,3179560.00,78.0814,28.6968,0,0,1,0.382629,0,,,0,0,0,0.19165,0.112549,0.241455,0,0.0717163,0.192444,0.190186,0,0,,,,,,,S2C_43RGM_20260920_0_L2A,
s2delhi_r08_c40,8,40,EPSG:32643,802360.00,3177000.00,804920.00,3179560.00,78.1076,28.6962,0,0,1,0.408936,0,,,0,0,0,0.213806,0.200073,0.126526,0,0.0506592,0.178284,0.230652,0,0,,,,,,,S2C_43RGM_20260920_0_L2A,
s2delhi_r08_c41,8,41,EPSG:32643,804920.00,3177000.00,807480.00,3179560.00,78.1338,28.6956,0,0,1,0.357239,0,,,0,0,0,0.210632,0.342346,0.0516968,0,0.0380859,0.194397,0.162842,0,0,,,,,,,S2C_43RGM_20260920_0_L2A,
s2delhi_r09_c00,9,0,EPSG:32643,699960.00,3174440.00,702520.00,3177000.00,77.0598,28.6931,0,1,0,0.247498,0,,,0,0,0,0.25769,0.000976562,0.44812,0,0.0457153,0.162231,0.0852661,0,0,305.212,315.112,319.885,315.095,1.69219,4.77277,S2C_43RGM_20260920_0_L2A,LC09_L2SP_147040_20260921_02_T1
s2delhi_r09_c01,9,1,EPSG:32643,702520.00,3174440.00,705080.00,3177000.00,77.086,28.6927,0,1,0,0.274719,1,0,0.138261,0,0,0,0.118591,0.0784302,0.488831,0,0.0394287,0.204407,0.0703125,0,0,292.426,312.879,321.467,311.795,4.47805,8.58795,S2C_43RGM_20260920_0_L2A,LC09_L2SP_147040_20260921_02_T1
s2delhi_r09_c02,9,2,EPSG:32643,705080.00,3174440.00,707640.00,3177000.00,77.1122,28.6923,0,1,1,0.486084,0,,,0,0,0,0.146606,0.110291,0.230591,0,0.0264282,0.325562,0.160522,0,0,301.81,313.215,317.749,312.93,1.92993,4.5343,S2C_43RGM_20260920_0_L2A,LC09_L2SP_147040_20260921_02_T1
s2delhi_r09_c03,9,3,EPSG:32643,707640.00,3174440.00,710200.00,3177000.00,77.1384,28.6919,0,1,1,0.406067,0,,,0,0,0,0.29541,0.0285645,0.246399,0,0.0235596,0.281311,0.124756,0,0,302.17,314.203,319.097,314.044,1.87952,4.8941,S2C_43RGM_20260920_0_L2A,LC09_L2SP_147040_20260921_02_T1
s2delhi_r09_c04,9,4,EPSG:32643,710200.00,3174440.00,712760.00,3177000.00,77.1646,28.6914,0,1,1,0.324036,0,,,0,0,0,0.169556,0.0801392,0.37439,0,0.0518799,0.250671,0.0733643,0,0,309.121,313.298,320.048,313.703,2.153,6.74979,S2C_43RGM_20260920_0_L2A,LC09_L2SP_147040_20260921_02_T1
s2delhi_r09_c05,9,5,EPSG:32643,712760.00,3174440.00,715320.00,3177000.00,77.1908,28.691,0,1,0,0.299316,0,,,0,0,0,0.203125,0.107971,0.368774,0,0.020813,0.184082,0.115234,0,0,293.113,311.312,314.82,310.178,3.83668,3.50809,S2C_43RGM_20260920_0_L2A,LC09_L2SP_147040_20260921_02_T1
s2delhi_r09_c06,9,6,EPSG:32643,715320.00,3174440.00,717880.00,3177000.00,77.2169,28.6906,0,1,0,0.0268555,1,0,0.364067,0,0,0,0.0252075,0.333313,0.582214,0.00500488,0.0274048,0.0245361,0.00231934,0,0,296.95,311.625,318.518,311.08,2.4691,6.89246,S2C_43RGM_20260920_0_L2A,LC09_L2SP_147040_20260921_02_T1
s2delhi_r09_c07,9,7,EPSG:32643,717880.00,3174440.00,720440.00,3177000.00,77.2431,28.6902,0,1,1,0.319702,0,,,0,0,0,0.253662,0.287598,0.053833,0.0372925,0.0479126,0.192139,0.127563,0,0,305.823,308.821,316.616,309.389,2.4765,7.79562,S2C_43RGM_20260920_0_L2A,LC09_L2SP_147040_20260921_02_T1
s2delhi_r09_c08,9,8,EPSG:32643,720440.00,3174440.00,723000.00,3177000.00,77.2693,28.6897,0,1,1,0.45575,0,,,0,0,0,0.104248,0,0.434937,0,0.00506592,0.342224,0.113525,0,0,310.929,314.409,315.979,314.261,0.820785,1.56943,S2C_43RGM_20260920_0_L2A,LC09_L2SP_147040_20260921_02_T1
s2delhi_r09_c09,9,9,EPSG:32643,723000.00,3174440.00,725560.00,3177000.00,77.2955,28.6893,0,0,1,0.369141,1,0,0.0421548,0,0,0,0.0184937,0.0256958,0.583862,0,0.00280762,0.212402,0.156738,0,0,,,,,,,S2C_43RGM_20260920_0_L2A,
s2delhi_r09_c10,9,10,EPSG:32643,725560.00,3174440.00,728120.00,3177000.00,77.3217,28.6888,0,0,1,0.526245,0,,,0,0,0,0.23407,0.0163574,0.199707,0.00585938,0.0177612,0.367249,0.158997,0,0,,,,,,,S2C_43RGM_20260920_0_L2A,
s2delhi_r09_c11,9,11,EPSG:32643,728120.00,3174440.00,730680.00,3177000.00,77.3479,28.6884,0,0,0,0.175842,1,0,0.0479368,0,0,0,0.0650635,0.0359497,0.713989,0,0.00915527,0.146729,0.0291138,0,0,,,,,,,S2C_43RGM_20260920_0_L2A,
s2delhi_r09_c12,9,12,EPSG:32643,730680.00,3174440.00,733240.00,3177000.00,77.3741,28.6879,0,0,0,6.10352e-05,1,0,0.332019,0,0,0,0.0704346,0.308411,0.620483,0,0.000610352,6.10352e-05,0,0,0,,,,,,,S2C_43RGM_20260920_0_L2A,
s2delhi_r09_c13,9,13,EPSG:32643,733240.00,3174440.00,735800.00,3177000.00,77.4002,28.6875,0,0,0,0.0952759,1,0,0.0886565,0,0,0,0.16748,0.0615845,0.633057,0.00537109,0.0372314,0.048584,0.0466919,0,0,,,,,,,S2C_43RGM_20260920_0_L2A,
s2delhi_r09_c14,9,14,EPSG:32643,735800.00,3174440.00,738360.00,3177000.00,77.4264,28.687,0,0,0,0.105042,1,0,0.0139752,0,0,0,0.180481,0.00933838,0.658875,0,0.0462646,0.0923462,0.0126953,0,0,,,,,,,S2C_43RGM_20260920_0_L2A,
s2delhi_r09_c15,9,15,EPSG:32643,738360.00,3174440.00,740920.00,3177000.00,77.4526,28.6865,0,0,1,0.316711,1,0,0.0621251,0,0,0,0.0393066,0.0354004,0.534424,0,0.0741577,0.188843,0.127869,0,0,,,,,,,S2C_43RGM_20260920_0_L2A,
s2delhi_r09_c16,9,16,EPSG:32643,740920.00,3174440.00,743480.00,3177000.00,77.4788,28.6861,0,0,0,0.0817871,1,0,0.0914606,0,0,0,0.103882,0.0717773,0.713013,0,0.029541,0.0482788,0.0335083,0,0,,,,,,,S2C_43RGM_20260920_0_L2A,
s2delhi_r09_c17,9,17,EPSG:32643,743480.00,3174440.00,746040.00,3177000.00,77.505,28.6856,0,0,0,0.0758057,1,0,0.114921,0,0,0,0.0827637,0.0924683,0.712158,0,0.0368042,0.0582275,0.0175781,0,0,,,,,,,S2C_43RGM_20260920_0_L2A,
s2delhi_r09_c18,9,18,EPSG:32643,746040.00,3174440.00,748600.00,3177000.00,77.5311,28.6851,0,0,0,0.0408325,1,0,0.30284,0,0,0,0.0299072,0.276001,0.635376,0,0.0178833,0.0372925,0.00354004,0,0,,,,,,,S2C_43RGM_20260920_0_L2A,
s2delhi_r09_c19,9,19,EPSG:32643,748600.00,3174440.00,751160.00,3177000.00,77.5573,28.6846,0,0,0,0.0582886,1,0,0.302481,0,0,0,0.00531006,0.278259,0.641663,0.00335693,0.0131226,0.0250854,0.0332031,0,0,,,,,,,S2C_43RGM_20260920_0_L2A,
s2delhi_r09_c20,9,20,EPSG:32643,751160.00,3174440.00,753720.00,3177000.00,77.5835,28.6841,0,0,0,0.0198975,1,1,0.696441,0,0,0,0.110718,0.590088,0.257202,0.00164795,0.0204468,0.0129395,0.00695801,0,0,,,,,,,S2C_43RGM_20260920_0_L2A,
s2delhi_r09_c21,9,21,EPSG:32643,753720.00,3174440.00,756280.00,3177000.00,77.6097,28.6836,0,0,0,0.108765,1,1,0.637141,0,0,0,0.09552,0.482056,0.274536,0,0.0391235,0.092041,0.0167236,0,0,,,,,,,S2C_43RGM_20260920_0_L2A,
s2delhi_r09_c22,9,22,EPSG:32643,756280.00,3174440.00,758840.00,3177000.00,77.6358,28.6831,0,0,1,0.363342,1,1,0.711765,0,0,0,0.098877,0.361877,0.146545,0,0.0293579,0.147217,0.216125,0,0,,,,,,,S2C_43RGM_20260920_0_L2A,
s2delhi_r09_c23,9,23,EPSG:32643,758840.00,3174440.00,761400.00,3177000.00,77.662,28.6826,0,0,0,0.09375,1,1,0.710817,0,0,0,0.093811,0.566345,0.230408,0,0.015686,0.0674438,0.0263062,0,0,,,,,,,S2C_43RGM_20260920_0_L2A,
s2delhi_r09_c24,9,24,EPSG:32643,761400.00,3174440.00,763960.00,3177000.00,77.6882,28.6821,0,0,0,0.151733,1,1,0.514698,0,0,0,0.110413,0.371887,0.350647,0,0.0153198,0.0898438,0.0618896,0,0,,,,,,,S2C_43RGM_20260920_0_L2A,
s2delhi_r09_c25,9,25,EPSG:32643,763960.00,3174440.00,766520.00,3177000.00,77.7144,28.6815,0,0,0,0.0769043,1,1,0.666998,0,0,0,0.117615,0.532043,0.265625,0,0.0078125,0.0422974,0.0346069,0,0,,,,,,,S2C_43RGM_20260920_0_L2A,
s2delhi_r09_c26,9,26,EPSG:32643,766520.00,3174440.00,769080.00,3177000.00,77.7405,28.681,0,0,0,0.0668335,1,1,0.7876,0,0,0,0.128357,0.615601,0.166016,0,0.0231934,0.0430298,0.0238037,0,0,,,,,,,S2C_43RGM_20260920_0_L2A,
s2delhi_r09_c27,9,27,EPSG:32643,769080.00,3174440.00,771640.00,3177000.00,77.7667,28.6805,0,0,0,0.167969,1,1,0.589215,0,0,0,0.0982056,0.406128,0.283142,0,0.0445557,0.114197,0.053772,0,0,,,,,,,S2C_43RGM_20260920_0_L2A,
s2delhi_r09_c28,9,28,EPSG:32643,771640.00,3174440.00,774200.00,3177000.00,77.7929,28.6799,0,0,0,0.0389404,1,0,0.221428,0,0,0,0.00183105,0.209778,0.73761,0,0.0118408,0.026062,0.0128784,0,0,,,,,,,S2C_43RGM_20260920_0_L2A,
s2delhi_r09_c29,9,29,EPSG:32643,774200.00,3174440.00,776760.00,3177000.00,77.8191,28.6794,0,0,0,0.053833,1,0,0.316343,0,0,0,0.0500488,0.280701,0.606628,0,0.00878906,0.0443726,0.00946045,0,0,,,,,,,S2C_43RGM_20260920_0_L2A,
s2delhi_r09_c30,9,30,EPSG:32643,776760.00,3174440.00,779320.00,3177000.00,77.8452,28.6788,0,0,0,0.127869,1,1,0.532114,0,0,0,0.175659,0.353455,0.310791,0,0.0322266,0.0748291,0.0530396,0,0,,,,,,,S2C_43RGM_20260920_0_L2A,
s2delhi_r09_c31,9,31,EPSG:32643,779320.00,3174440.00,781880.00,3177000.00,77.8714,28.6783,0,0,0,0.0638428,1,1,0.779337,0,0,0,0.0505371,0.671265,0.190063,0,0.024292,0.0450439,0.0187988,0,0,,,,,,,S2C_43RGM_20260920_0_L2A,
s2delhi_r09_c32,9,32,EPSG:32643,781880.00,3174440.00,784440.00,3177000.00,77.8976,28.6777,0,0,0,0.157471,1,1,0.848912,0,0,0,0.154663,0.559326,0.0995483,0,0.0289917,0.108398,0.0490723,0,0,,,,,,,S2C_43RGM_20260920_0_L2A,
s2delhi_r09_c33,9,33,EPSG:32643,784440.00,3174440.00,787000.00,3177000.00,77.9237,28.6772,0,0,1,0.332214,0,,,0,0,0,0.178589,0.378662,0.0739746,0.00250244,0.0340576,0.14801,0.184204,0,0,,,,,,,S2C_43RGM_20260920_0_L2A,
s2delhi_r09_c34,9,34,EPSG:32643,787000.00,3174440.00,789560.00,3177000.00,77.9499,28.6766,0,0,0,0.236084,0,,,0,0,0,0.326538,0.237488,0.116577,0.00164795,0.081665,0.124084,0.112,0,0,,,,,,,S2C_43RGM_20260920_0_L2A,
s2delhi_r09_c35,9,35,EPSG:32643,789560.00,3174440.00,792120.00,3177000.00,77.9761,28.676,0,0,1,0.459106,0,,,0,0,0,0.156677,0.0774536,0.217407,0,0.0893555,0.243713,0.215393,0,0,,,,,,,S2C_43RGM_20260920_0_L2A,
s2delhi_r09_c36,9,36,EPSG:32643,792120.00,3174440.00,794680.00,3177000.00,78.0022,28.6755,0,0,1,0.463928,0,,,0,0,0,0.345276,0.0385132,0.0674438,0,0.0848389,0.226501,0.237427,0,0,,,,,,,S2C_43RGM_20260920_0_L2A,
s2delhi_r09_c37,9,37,EPSG:32643,794680.00,3174440.00,797240.00,3177000.00,78.0284,28.6749,0,0,0,0.262207,1,1,0.63359,0,0,0,0.15033,0.330872,0.191345,0,0.0652466,0.157532,0.104675,0,0,,,,,,,S2C_43RGM_20260920_0_L2A,
s2delhi_r09_c38,9,38,EPSG:32643,797240.00,3174440.00,799800.00,3177000.00,78.0546,28.6743,0,0,1,0.444885,0,,,0,0,0,0.230225,0.114563,0.125977,0,0.0843506,0.230713,0.214172,0,0,,,,,,,S2C_43RGM_20260920_0_L2A,
s2delhi_r09_c39,9,39,EPSG:32643,799800.00,3174440.00,802360.00,3177000.00,78.0807,28.6737,0,0,1,0.415833,0,,,0,0,0,0.325073,0.0967407,0.0906982,0,0.0716553,0.187805,0.228027,0,0,,,,,,,S2C_43RGM_20260920_0_L2A,
s2delhi_r09_c40,9,40,EPSG:32643,802360.00,3174440.00,804920.00,3177000.00,78.1069,28.6731,0,0,0,0.27655,0,,,0,0,0,0.205017,0.2948,0.12323,0,0.100403,0.19104,0.0855103,0,0,,,,,,,S2C_43RGM_20260920_0_L2A,
s2delhi_r09_c41,9,41,EPSG:32643,804920.00,3174440.00,807480.00,3177000.00,78.1331,28.6725,0,0,1,0.430054,0,,,0,0,0,0.268005,0.211365,0.0533447,0,0.0372314,0.24231,0.187744,0,0,,,,,,,S2C_43RGM_20260920_0_L2A,
s2delhi_r10_c00,10,0,EPSG:32643,699960.00,3171880.00,702520.00,3174440.00,77.0594,28.67,0,1,1,0.653076,0,,,0,0,0,0.157776,0.00366211,0.174194,0,0.0112915,0.358215,0.294861,0,0,295.346,315.812,320.106,314.716,3.55015,4.29343,S2C_43RGM_20260920_0_L2A,LC09_L2SP_147040_20260921_02_T1
s2delhi_r10_c01,10,1,EPSG:32643,702520.00,3171880.00,705080.00,3174440.00,77.0856,28.6696,0,1,1,0.489014,0,,,0,0,0,0.143311,0.0471191,0.302673,0,0.0178833,0.362122,0.126892,0,0,306.332,313.864,317.604,313.57,1.97285,3.73938,S2C_43RGM_20260920_0_L2A,LC09_L2SP_147040_20260921_02_T1
s2delhi_r10_c02,10,2,EPSG:32643,705080.00,3171880.00,707640.00,3174440.00,77.1117,28.6692,0,1,1,0.51239,0,,,0,0,0,0.239746,0.0328369,0.190552,0,0.0244751,0.312134,0.200256,0,0,305.31,313.397,319.703,313.046,1.69228,6.30579,S2C_43RGM_20260920_0_L2A,LC09_L2SP_147040_20260921_02_T1
s2delhi_r10_c03,10,3,EPSG:32643,707640.00,3171880.00,710200.00,3174440.00,77.1379,28.6688,0,1,1,0.480713,0,,,0,0,0,0.129395,0.0344849,0.338989,0,0.0164185,0.292603,0.18811,0,0,308.003,314.283,318.83,314.161,1.69511,4.54745,S2C_43RGM_20260920_0_L2A,LC09_L2SP_147040_20260921_02_T1
s2delhi_r10_c04,10,4,EPSG:32643,710200.00,3171880.00,712760.00,3174440.00,77.1641,28.6684,0,1,1,0.405945,0,,,0,0,0,0.251892,0.0533447,0.260376,0,0.0284424,0.263306,0.142639,0,0,294.631,312.917,318.381,312.257,3.29503,5.46439,S2C_43RGM_20260920_0_L2A,LC09_L2SP_147040_20260921_02_T1
s2delhi_r10_c05,10,5,EPSG:32643,712760.00,3171880.00,715320.00,3174440.00,77.1903,28.6679,0,1,1,0.568604,0,,,0,0,0,0.0205078,0.0186768,0.368347,0,0.0238647,0.347107,0.221497,0,0,295.451,311.998,318.122,311.529,2.72015,6.12433,S2C_43RGM_20260920_0_L2A,LC09_L2SP_147040_20260921_02_T1
s2delhi_r10_c06,10,6,EPSG:32643,715320.00,3171880.00,717880.00,3174440.00,77.2165,28.6675,0,1,0,0.14978,1,0,0.219712,0,0,0,0.146423,0.151978,0.539734,0,0.012085,0.120605,0.0291748,0,0,292.242,311.339,317.668,310.024,5.18176,6.32935,S2C_43RGM_20260920_0_L2A,LC09_L2SP_147040_20260921_02_T1
s2delhi_r10_c07,10,7,EPSG:32643,717880.00,3171880.00,720440.00,3174440.00,77.2426,28.6671,0,1,1,0.310608,0,,,0,0,0,0.218201,0.0217285,0.335266,0.0377808,0.076416,0.190918,0.11969,0,0,306.408,311.771,320.201,311.886,2.60199,8.42932,S2C_43RGM_20260920_0_L2A,LC09_L2SP_147040_20260921_02_T1
s2delhi_r10_c08,10,8,EPSG:32643,720440.00,3171880.00,723000.00,3174440.00,77.2688,28.6666,0,1,1,0.546509,0,,,0,0,0,0.154907,0.0010376,0.254761,0.0172729,0.0255127,0.36499,0.181519,0,0,307.388,314.449,317.092,314.159,1.57655,2.64285,S2C_43RGM_20260920_0_L2A,LC09_L2SP_147040_20260921_02_T1
s2delhi_r10_c09,10,9,EPSG:32643,723000.00,3171880.00,725560.00,3174440.00,77.295,28.6662,0,0,0,0.290588,1,0,0.00234952,0,0,0,0.151611,0.00128174,0.54425,0,0.0122681,0.223511,0.0670776,0,0,,,,,,,S2C_43RGM_20260920_0_L2A,
s2delhi_r10_c10,10,10,EPSG:32643,725560.00,3171880.00,728120.00,3174440.00,77.3212,28.6658,0,0,0,0.162537,1,0,0.00597625,0,0,0,0.0211792,0.00482178,0.802002,0,0.00946045,0.143982,0.0185547,0,0,,,,,,,S2C_43RGM_20260920_0_L2A,
s2delhi_r10_c11,10,11,EPSG:32643,728120.00,3171880.00,730680.00,3174440.00,77.3474,28.6653,0,0,0,0.121948,1,0,0.0371148,0,0,0,0.0921631,0.0269775,0.69989,0,0.059021,0.0905762,0.0313721,0,0,,,,,,,S2C_43RGM_20260920_0_L2A,
s2delhi_r10_c12,10,12,EPSG:32643,730680.00,3171880.00,733240.00,3174440.00,77.3735,28.6648,0,0,1,0.393677,0,,,0,0,0,0.12085,0.000183105,0.451111,0,0.0341797,0.286011,0.107666,0,0,,,,,,,S2C_43RGM_20260920_0_L2A,
s2delhi_r10_c13,10,13,EPSG:32643,733240.00,3171880.00,735800.00,3174440.00,77.3997,28.6644,0,0,0,0.124023,0,,,0,0,0,0.411804,0.0656738,0.349304,0.0119019,0.0372925,0.0960083,0.0280151,0,0,,,,,,,S2C_43RGM_20260920_0_L2A,
s2delhi_r10_c14,10,14,EPSG:32643,735800.00,3171880.00,738360.00,3174440.00,77.4259,28.6639,0,0,1,0.733887,0,,,0,0,0,0.120422,0,0.111633,0,0.0340576,0.344971,0.388916,0,0,,,,,,,S2C_43RGM_20260920_0_L2A,
s2delhi_r10_c15,10,15,EPSG:32643,738360.00,3171880.00,740920.00,3174440.00,77.4521,28.6634,0,0,1,0.37439,0,,,0,0,0,0.131592,0,0.458435,0,0.0355835,0.280151,0.0942383,0,0,,,,,,,S2C_43RGM_20260920_0_L2A,
s2delhi_r10_c16,10,16,EPSG:32643,740920.00,3171880.00,743480.00,3174440.00,77.4782,28.663,0,0,1,0.322998,0,,,0,0,0,0.123657,0.00012207,0.473389,0,0.079834,0.181274,0.141724,0,0,,,,,,,S2C_43RGM_20260920_0_L2A,
s2delhi_r10_c17,10,17,EPSG:32643,743480.00,3171880.00,746040.00,3174440.00,77.5044,28.6625,0,0,0,0.203186,1,0,0.0570581,0,0,0,0.0401611,0.0410767,0.678833,0,0.0367432,0.125732,0.0774536,0,0,,,,,,,S2C_43RGM_20260920_0_L2A,
s2delhi_r10_c18,10,18,EPSG:32643,746040.00,3171880.00,748600.00,3174440.00,77.5306,28.662,0,0,0,0.0487671,1,0,0.425076,0,0,0,0.0274048,0.38385,0.519165,0,0.020813,0.0392456,0.00952148,0,0,,,,,,,S2C_43RGM_20260920_0_L2A,
s2delhi_r10_c19,10,19,EPSG:32643,748600.00,3171880.00,751160.00,3174440.00,77.5568,28.6615,0,0,0,0.0938721,1,0,0.456322,0,0,0,0.114319,0.343384,0.409119,0.00335693,0.0359497,0.0584717,0.0354004,0,0,,,,,,,S2C_43RGM_20260920_0_L2A,
s2delhi_r10_c20,10,20,EPSG:32643,751160.00,3171880.00,753720.00,3174440.00,77.5829,28.661,0,0,0,0,1,1,0.535521,0,0,6.10352e-05,0.0252686,0.513916,0.44574,0.000488281,0.0145264,0,0,0,0,,,,,,,S2C_43RGM_20260920_0_L2A,
s2delhi_r10_c21,10,21,EPSG:32643,753720.00,3171880.00,756280.00,3174440.00,77.6091,28.6605,0,0,0,0.0819092,1,1,0.872118,0,0,0,0.0941162,0.708862,0.103943,0,0.0111694,0.05896,0.0229492,0,0,,,,,,,S2C_43RGM_20260920_0_L2A,
s2delhi_r10_c22,10,22,EPSG:32643,756280.00,3171880.00,758840.00,3174440.00,77.6353,28.66,0,0,0,0.0171509,1,1,0.915486,0,0,0,0.0303345,0.871399,0.0804443,0,0.000671387,0.0131836,0.00396729,0,0,,,,,,,S2C_43RGM_20260920_0_L2A,
s2delhi_r10_c23,10,23,EPSG:32643,758840.00,3171880.00,761400.00,3174440.00,77.6614,28.6595,0,0,0,0.079834,1,1,0.833707,0,0,0,0.114624,0.658203,0.131287,0,0.0160522,0.0717773,0.00805664,0,0,,,,,,,S2C_43RGM_20260920_0_L2A,
s2delhi_r10_c24,10,24,EPSG:32643,761400.00,3171880.00,763960.00,3174440.00,77.6876,28.659,0,0,0,0.0825195,1,1,0.775783,0,0,0,0.0507812,0.651489,0.188293,0,0.0269165,0.0539551,0.0285645,0,0,,,,,,,S2C_43RGM_20260920_0_L2A,
s2delhi_r10_c25,10,25,EPSG:32643,763960.00,3171880.00,766520.00,3174440.00,77.7138,28.6585,0,0,0,0.0477295,1,1,0.741237,0,0,0,0.0664062,0.645325,0.225281,0,0.0152588,0.039856,0.00787354,0,0,,,,,,,S2C_43RGM_20260920_0_L2A,
s2delhi_r10_c26,10,26,EPSG:32643,766520.00,3171880.00,769080.00,3174440.00,77.7399,28.6579,0,0,0,0.0564575,1,1,0.728349,0,0,0,0.00524902,0.679626,0.253479,0,0.00518799,0.02948,0.0269775,0,0,,,,,,,S2C_43RGM_20260920_0_L2A,
s2delhi_r10_c27,10,27,EPSG:32643,769080.00,3171880.00,771640.00,3174440.00,77.7661,28.6574,0,0,0,0.136719,1,1,0.581683,0,0,0,0.0611572,0.453552,0.326172,0,0.0223999,0.0900269,0.0466919,0,0,,,,,,,S2C_43RGM_20260920_0_L2A,
s2delhi_r10_c28,10,28,EPSG:32643,771640.00,3171880.00,774200.00,3174440.00,77.7923,28.6569,0,0,0,0.0229492,1,0,0.295041,0,0,0,0.0299683,0.27887,0.666321,0,0.00189209,0.0145874,0.00836182,0,0,,,,,,,S2C_43RGM_20260920_0_L2A,
s2delhi_r10_c29,10,29,EPSG:32643,774200.00,3171880.00,776760.00,3174440.00,77.8184,28.6563,0,0,0,0.0371094,1,0,0.418271,0,0,0,0.0259399,0.391235,0.544128,0,0.00158691,0.026001,0.0111084,0,0,,,,,,,S2C_43RGM_20260920_0_L2A,
s2delhi_r10_c30,10,30,EPSG:32643,776760.00,3171880.00,779320.00,3174440.00,77.8446,28.6558,0,0,0,0.275391,0,,,0,0,0,0.196594,0.300354,0.189941,0,0.0377197,0.137085,0.138306,0,0,,,,,,,S2C_43RGM_20260920_0_L2A,
s2delhi_r10_c31,10,31,EPSG:32643,779320.00,3171880.00,781880.00,3174440.00,77.8708,28.6552,0,0,0,0.104004,1,1,0.782724,0,0,0,0.19458,0.541992,0.150452,0,0.00897217,0.0628662,0.0411377,0,0,,,,,,,S2C_43RGM_20260920_0_L2A,
s2delhi_r10_c32,10,32,EPSG:32643,781880.00,3171880.00,784440.00,3174440.00,77.8969,28.6547,0,0,0,0.286377,0,,,0,0,0,0.353455,0.222229,0.10498,0,0.032959,0.164734,0.121643,0,0,,,,,,,S2C_43RGM_20260920_0_L2A,
s2delhi_r10_c33,10,33,EPSG:32643,784440.00,3171880.00,787000.00,3174440.00,77.9231,28.6541,0,0,1,0.427551,0,,,0,0,0,0.256897,0.183289,0.0641479,0,0.0681152,0.219482,0.208069,0,0,,,,,,,S2C_43RGM_20260920_0_L2A,
s2delhi_r10_c34,10,34,EPSG:32643,787000.00,3171880.00,789560.00,3174440.00,77.9493,28.6535,0,0,1,0.446899,0,,,0,0,0,0.261597,0.0412598,0.159912,0,0.090332,0.203857,0.243042,0,0,,,,,,,S2C_43RGM_20260920_0_L2A,
s2delhi_r10_c35,10,35,EPSG:32643,789560.00,3171880.00,792120.00,3174440.00,77.9754,28.653,0,0,1,0.522888,0,,,0,0,0,0.132812,0.0768433,0.158508,0,0.108948,0.279602,0.243286,0,0,,,,,,,S2C_43RGM_20260920_0_L2A,
s2delhi_r10_c36,10,36,EPSG:32643,792120.00,3171880.00,794680.00,3174440.00,78.0016,28.6524,0,0,1,0.549011,0,,,0,0,0,0.257629,0.0244751,0.083374,0,0.0855103,0.238464,0.310547,0,0,,,,,,,S2C_43RGM_20260920_0_L2A,
s2delhi_r10_c37,10,37,EPSG:32643,794680.00,3171880.00,797240.00,3174440.00,78.0277,28.6518,0,0,1,0.541504,0,,,0,0,0,0.22168,0.103943,0.0604248,0,0.0724487,0.265808,0.275696,0,0,,,,,,,S2C_43RGM_20260920_0_L2A,
s2delhi_r10_c38,10,38,EPSG:32643,797240.00,3171880.00,799800.00,3174440.00,78.0539,28.6512,0,0,0,0.21167,1,1,0.756225,0,0,0,0.223206,0.38739,0.124878,0,0.0528564,0.149902,0.0617676,0,0,,,,,,,S2C_43RGM_20260920_0_L2A,
s2delhi_r10_c39,10,39,EPSG:32643,799800.00,3171880.00,802360.00,3174440.00,78.0801,28.6506,0,0,1,0.555237,0,,,0,0,0,0.186401,0.055542,0.150879,0,0.0519409,0.252808,0.302429,0,0,,,,,,,S2C_43RGM_20260920_0_L2A,
s2delhi_r10_c40,10,40,EPSG:32643,802360.00,3171880.00,804920.00,3174440.00,78.1062,28.65,0,0,0,0.244446,1,1,0.57688,0,0,0,0.126282,0.314636,0.230774,0,0.0838623,0.160645,0.0838013,0,0,,,,,,,S2C_43RGM_20260920_0_L2A,
s2delhi_r10_c41,10,41,EPSG:32643,804920.00,3171880.00,807480.00,3174440.00,78.1324,28.6494,0,0,1,0.315308,0,,,0,0,0,0.231201,0.332703,0.0903931,0,0.0303955,0.198425,0.116882,0,0,,,,,,,S2C_43RGM_20260920_0_L2A,
s2delhi_r11_c00,11,0,EPSG:32643,699960.00,3169320.00,702520.00,3171880.00,77.0589,28.6469,1,1,1,0.674744,0,,,0,0,0,0.162048,0.000793457,0.130798,0,0.0316162,0.333801,0.340942,0,0,297.85,313.465,318.901,312.641,3.24162,5.43582,S2C_43RGM_20260920_0_L2A,LC09_L2SP_147040_20260921_02_T1
s2delhi_r11_c01,11,1,EPSG:32643,702520.00,3169320.00,705080.00,3171880.00,77.0851,28.6465,1,1,0,0.172913,1,0,0.145236,0,0,0.0010376,0.0840454,0.103271,0.607788,0.00140381,0.029541,0.110718,0.0621948,0,0,299.816,312.215,317.62,312.011,2.40092,5.40488,S2C_43RGM_20260920_0_L2A,LC09_L2SP_147040_20260921_02_T1
s2delhi_r11_c02,11,2,EPSG:32643,705080.00,3169320.00,707640.00,3171880.00,77.1113,28.6461,1,1,1,0.697388,0,,,0,0,0,0.221558,0.0144043,0.0582275,0,0.00842285,0.341309,0.356079,0,0,290.768,313.97,318.595,312.413,4.58112,4.625,S2C_43RGM_20260920_0_L2A,LC09_L2SP_147040_20260921_02_T1
s2delhi_r11_c03,11,3,EPSG:32643,707640.00,3169320.00,710200.00,3171880.00,77.1375,28.6457,1,1,1,0.449402,0,,,0,0,0,0.069458,0.0184326,0.443176,0,0.0195312,0.318787,0.130615,0,0,296.377,314.153,322.846,313.514,3.40906,8.69299,S2C_43RGM_20260920_0_L2A,LC09_L2SP_147040_20260921_02_T1
s2delhi_r11_c04,11,4,EPSG:32643,710200.00,3169320.00,712760.00,3171880.00,77.1636,28.6453,1,1,1,0.494873,0,,,0,0,0,0.123535,0.0413818,0.2724,0,0.0678101,0.386475,0.108398,0,0,304.066,311.571,317.968,311.368,2.6089,6.39706,S2C_43RGM_20260920_0_L2A,LC09_L2SP_147040_20260921_02_T1
s2delhi_r11_c05,11,5,EPSG:32643,712760.00,3169320.00,715320.00,3171880.00,77.1898,28.6448,1,1,0,0.264038,1,0,0.318495,0,0,0,0.0805054,0.206116,0.44104,0,0.00830078,0.201599,0.062439,0,0,288.223,307.216,314.21,305.095,6.80661,6.99402,S2C_43RGM_20260920_0_L2A,LC09_L2SP_147040_20260921_02_T1
s2delhi_r11_c06,11,6,EPSG:32643,715320.00,3169320.00,717880.00,3171880.00,77.216,28.6444,1,1,1,0.445068,0,,,0,0,0,0.12262,6.10352e-05,0.391418,0,0.0408325,0.277222,0.167847,0,0,291.605,313.551,318.244,311.919,5.19185,4.69342,S2C_43RGM_20260920_0_L2A,LC09_L2SP_147040_20260921_02_T1
s2delhi_r11_c07,11,7,EPSG:32643,717880.00,3169320.00,720440.00,3171880.00,77.2422,28.644,1,1,0,0.247009,1,0,0.0300676,0,0,0,0.0966797,0.0181885,0.586731,0.003479,0.0479126,0.185303,0.0617065,0,0,295.791,311.477,316.642,311.18,2.87815,5.16531,S2C_43RGM_20260920_0_L2A,LC09_L2SP_147040_20260921_02_T1
s2delhi_r11_c08,11,8,EPSG:32643,720440.00,3169320.00,723000.00,3171880.00,77.2683,28.6436,1,1,1,0.364929,0,,,0,0,0,0.0177002,6.10352e-05,0.440125,0.0476074,0.129578,0.216797,0.148132,0,0,305.752,312.514,317.227,311.551,2.61592,4.71344,S2C_43RGM_20260920_0_L2A,LC09_L2SP_147040_20260921_02_T1
s2delhi_r11_c09,11,9,EPSG:32643,723000.00,3169320.00,725560.00,3171880.00,77.2945,28.6431,1,0,0,0.282532,1,0,0.000294782,0,0,0,0.0844727,0.000183105,0.620972,0,0.0118408,0.242798,0.0397339,0,0,,,,,,,S2C_43RGM_20260920_0_L2A,
s2delhi_r11_c10,11,10,EPSG:32643,725560.00,3169320.00,728120.00,3171880.00,77.3207,28.6427,1,0,0,0.159241,1,0,0,0,0,0,0.0328369,0,0.806091,0,0.00183105,0.11676,0.0424805,0,0,,,,,,,S2C_43RGM_20260920_0_L2A,
s2delhi_r11_c11,11,11,EPSG:32643,728120.00,3169320.00,730680.00,3171880.00,77.3468,28.6422,1,0,0,0.181824,1,0,9.47957e-05,0,0,0,0.155884,6.10352e-05,0.643799,0,0.0184326,0.127014,0.0548096,0,0,,,,,,,S2C_43RGM_20260920_0_L2A,
s2delhi_r11_c12,11,12,EPSG:32643,730680.00,3169320.00,733240.00,3171880.00,77.373,28.6418,1,0,0,0.259644,1,0,0,0,0,0,0.0969849,0,0.642212,0,0.00115967,0.18103,0.0786133,0,0,,,,,,,S2C_43RGM_20260920_0_L2A,
s2delhi_r11_c13,11,13,EPSG:32643,733240.00,3169320.00,735800.00,3171880.00,77.3992,28.6413,1,0,1,0.649231,0,,,0,0,0,0.157227,0,0.139648,0,0.053894,0.380127,0.269104,0,0,,,,,,,S2C_43RGM_20260920_0_L2A,
s2delhi_r11_c14,11,14,EPSG:32643,735800.00,3169320.00,738360.00,3171880.00,77.4254,28.6408,1,0,0,0.281738,1,0,0,0,0,0,0.144531,0,0.55249,0,0.0212402,0.18396,0.0977783,0,0,,,,,,,S2C_43RGM_20260920_0_L2A,
s2delhi_r11_c15,11,15,EPSG:32643,738360.00,3169320.00,740920.00,3171880.00,77.4515,28.6404,1,0,1,0.529968,0,,,0,0,0,0.0392456,0,0.404663,0,0.026123,0.335938,0.194031,0,0,,,,,,,S2C_43RGM_20260920_0_L2A,
s2delhi_r11_c16,11,16,EPSG:32643,740920.00,3169320.00,743480.00,3171880.00,77.4777,28.6399,1,0,0,0.112,1,0,0.000288455,0,0,0,0.0181885,0.000244141,0.84613,0,0.0234375,0.097229,0.0147705,0,0,,,,,,,S2C_43RGM_20260920_0_L2A,
s2delhi_r11_c17,11,17,EPSG:32643,743480.00,3169320.00,746040.00,3171880.00,77.5039,28.6394,1,0,0,0.103333,1,0,0.0700395,0,0,0,0.069458,0.0562744,0.747192,0,0.0237427,0.0743408,0.0289917,0,0,,,,,,,S2C_43RGM_20260920_0_L2A,
s2delhi_r11_c18,11,18,EPSG:32643,746040.00,3169320.00,748600.00,3171880.00,77.53,28.6389,1,0,0,0.0579834,1,0,0.340224,0,0,0,0.0411377,0.300354,0.582458,0,0.0180664,0.0505981,0.00738525,0,0,,,,,,,S2C_43RGM_20260920_0_L2A,
s2delhi_r11_c19,11,19,EPSG:32643,748600.00,3169320.00,751160.00,3171880.00,77.5562,28.6384,1,0,0,0.105042,1,1,0.661863,0,0,0,0.0556641,0.459717,0.234863,0.0946045,0.0501099,0.0755615,0.02948,0,0,,,,,,,S2C_43RGM_20260920_0_L2A,
s2delhi_r11_c20,11,20,EPSG:32643,751160.00,3169320.00,753720.00,3171880.00,77.5824,28.6379,1,0,0,0,1,1,0.652979,0,0,0,0.0332642,0.622131,0.330627,0,0.0139771,0,0,0,0,,,,,,,S2C_43RGM_20260920_0_L2A,
s2delhi_r11_c21,11,21,EPSG:32643,753720.00,3169320.00,756280.00,3171880.00,77.6085,28.6374,1,0,0,0.0515137,1,1,0.745265,0,0,0,0.0636597,0.646057,0.220825,0,0.0179443,0.0368652,0.0146484,0,0,,,,,,,S2C_43RGM_20260920_0_L2A,
s2delhi_r11_c22,11,22,EPSG:32643,756280.00,3169320.00,758840.00,3171880.00,77.6347,28.6369,1,0,0,0.161255,1,1,0.813701,0,0,0,0.14209,0.535034,0.122498,0,0.0391235,0.0976562,0.0635986,0,0,,,,,,,S2C_43RGM_20260920_0_L2A,
s2delhi_r11_c23,11,23,EPSG:32643,758840.00,3169320.00,761400.00,3171880.00,77.6609,28.6364,1,0,0,0.101135,1,1,0.780597,0,0,0,0.108948,0.597168,0.167847,0.00201416,0.0228882,0.0569458,0.0441895,0,0,,,,,,,S2C_43RGM_20260920_0_L2A,
s2delhi_r11_c24,11,24,EPSG:32643,761400.00,3169320.00,763960.00,3171880.00,77.687,28.6359,1,0,0,0.119263,1,1,0.74431,0,0,0,0.100464,0.544922,0.187195,0,0.0481567,0.0828247,0.036438,0,0,,,,,,,S2C_43RGM_20260920_0_L2A,
s2delhi_r11_c25,11,25,EPSG:32643,763960.00,3169320.00,766520.00,3171880.00,77.7132,28.6354,1,0,0,0.052063,1,1,0.838462,0,0,0,0.0463257,0.720093,0.138733,0,0.0427856,0.0438232,0.00823975,0,0,,,,,,,S2C_43RGM_20260920_0_L2A,
s2delhi_r11_c26,11,26,EPSG:32643,766520.00,3169320.00,769080.00,3171880.00,77.7393,28.6348,1,0,1,0.326721,0,,,0,0,0,0.237427,0.190796,0.206665,0,0.0383911,0.143738,0.182983,0,0,,,,,,,S2C_43RGM_20260920_0_L2A,
s2delhi_r11_c27,11,27,EPSG:32643,769080.00,3169320.00,771640.00,3171880.00,77.7655,28.6343,1,0,0,0.0460205,1,1,0.553291,0,0,0,0.0327148,0.497131,0.401367,0.00274658,0.0200195,0.0365601,0.00946045,0,0,,,,,,,S2C_43RGM_20260920_0_L2A,
s2delhi_r11_c28,11,28,EPSG:32643,771640.00,3169320.00,774200.00,3171880.00,77.7917,28.6338,1,0,0,0.0111694,1,0,0.33786,0,0,0,0,0.334045,0.654663,0,0.00012207,0.0103149,0.000854492,0,0,,,,,,,S2C_43RGM_20260920_0_L2A,
s2delhi_r11_c29,11,29,EPSG:32643,774200.00,3169320.00,776760.00,3171880.00,77.8178,28.6332,1,0,0,0.0391846,1,0,0.428422,0,0,0,0.139282,0.349426,0.466187,0,0.00592041,0.027771,0.0114136,0,0,,,,,,,S2C_43RGM_20260920_0_L2A,
s2delhi_r11_c30,11,30,EPSG:32643,776760.00,3169320.00,779320.00,3171880.00,77.844,28.6327,1,0,0,0.0809937,1,1,0.534775,0,0,0,0.0994263,0.425659,0.3703,0,0.0236206,0.0551147,0.0258789,0,0,,,,,,,S2C_43RGM_20260920_0_L2A,
s2delhi_r11_c31,11,31,EPSG:32643,779320.00,3169320.00,781880.00,3171880.00,77.8701,28.6321,1,0,1,0.395569,0,,,0,0,0,0.241455,0.166565,0.0952759,0,0.101135,0.255005,0.140564,0,0,,,,,,,S2C_43RGM_20260920_0_L2A,
s2delhi_r11_c32,11,32,EPSG:32643,781880.00,3169320.00,784440.00,3171880.00,77.8963,28.6316,1,0,1,0.362732,0,,,0,0,0,0.227112,0.151428,0.172363,0,0.0863647,0.171143,0.191589,0,0,,,,,,,S2C_43RGM_20260920_0_L2A,
s2delhi_r11_c33,11,33,EPSG:32643,784440.00,3169320.00,787000.00,3171880.00,77.9225,28.631,1,0,1,0.574768,0,,,0,0,0,0.156372,0.0281372,0.0854492,0,0.155273,0.290588,0.28418,0,0,,,,,,,S2C_43RGM_20260920_0_L2A,
s2delhi_r11_c34,11,34,EPSG:32643,787000.00,3169320.00,789560.00,3171880.00,77.9486,28.6304,1,0,1,0.300415,0,,,0,0,0,0.167175,0.139648,0.237122,0,0.15564,0.192932,0.107483,0,0,,,,,,,S2C_43RGM_20260920_0_L2A,
s2delhi_r11_c35,11,35,EPSG:32643,789560.00,3169320.00,792120.00,3171880.00,77.9748,28.6299,1,0,0,0.176758,1,1,0.533846,0,0,0,0.18634,0.279663,0.244202,0,0.113037,0.134399,0.0423584,0,0,,,,,,,S2C_43RGM_20260920_0_L2A,
s2delhi_r11_c36,11,36,EPSG:32643,792120.00,3169320.00,794680.00,3171880.00,78.0009,28.6293,1,0,1,0.324036,1,1,0.552268,0,0,0,0.0870361,0.297302,0.241028,0,0.0505981,0.189941,0.134094,0,0,,,,,,,S2C_43RGM_20260920_0_L2A,
s2delhi_r11_c37,11,37,EPSG:32643,794680.00,3169320.00,797240.00,3171880.00,78.0271,28.6287,1,0,1,0.417114,0,,,0,0,0,0.25238,0.16925,0.10321,0,0.0580444,0.212891,0.204224,0,0,,,,,,,S2C_43RGM_20260920_0_L2A,
s2delhi_r11_c38,11,38,EPSG:32643,797240.00,3169320.00,799800.00,3171880.00,78.0532,28.6281,1,0,1,0.48468,0,,,0,0,0,0.142517,0.209473,0.100281,0,0.0630493,0.292908,0.191772,0,0,,,,,,,S2C_43RGM_20260920_0_L2A,
s2delhi_r11_c39,11,39,EPSG:32643,799800.00,3169320.00,802360.00,3171880.00,78.0794,28.6275,1,0,0,0.182373,1,1,0.747161,0,0,0,0.139771,0.473816,0.160339,0,0.0437012,0.104919,0.0774536,0,0,,,,,,,S2C_43RGM_20260920_0_L2A,
s2delhi_r11_c40,11,40,EPSG:32643,802360.00,3169320.00,804920.00,3171880.00,78.1055,28.6269,1,0,1,0.340149,0,,,0,0,0,0.357849,0.212769,0.0418701,0,0.0473633,0.185547,0.154602,0,0,,,,,,,S2C_43RGM_20260920_0_L2A,
s2delhi_r11_c41,11,41,EPSG:32643,804920.00,3169320.00,807480.00,3171880.00,78.1317,28.6263,1,0,1,0.386719,0,,,0,0,0,0.266235,0.285767,0.0411377,0,0.0201416,0.174438,0.21228,0,0,,,,,,,S2C_43RGM_20260920_0_L2A,
s2delhi_r12_c00,12,0,EPSG:32643,699960.00,3166760.00,702520.00,3169320.00,77.0585,28.6238,1,1,0,0.236633,1,0,0.004227,0,0,0,0.0792236,0.00286865,0.675781,0,0.00549316,0.188171,0.0484619,0,0,295.347,314.233,320.201,312.883,4.29206,5.96808,S2C_43RGM_20260920_0_L2A,LC09_L2SP_147040_20260921_02_T1
s2delhi_r12_c01,12,1,EPSG:32643,702520.00,3166760.00,705080.00,3169320.00,77.0846,28.6234,1,1,1,0.543518,0,,,0,0,0,0.309448,0.000976562,0.131531,0,0.0145264,0.186707,0.356812,0,0,300.409,313.268,316.082,313.066,1.79031,2.81393,S2C_43RGM_20260920_0_L2A,LC09_L2SP_147040_20260921_02_T1
s2delhi_r12_c02,12,2,EPSG:32643,705080.00,3166760.00,707640.00,3169320.00,77.1108,28.623,1,1,1,0.491882,0,,,0,0,0,0.122131,0.0010376,0.336304,0,0.048645,0.330078,0.161804,0,0,294.148,313.104,319.689,312.297,4.25729,6.58444,S2C_43RGM_20260920_0_L2A,LC09_L2SP_147040_20260921_02_T1
s2delhi_r12_c03,12,3,EPSG:32643,707640.00,3166760.00,710200.00,3169320.00,77.137,28.6226,1,1,0,0.24353,1,0,0.205208,0,0,0,0.173096,0.104858,0.406128,0,0.0723877,0.162415,0.0811157,0,0,292.944,309.255,320.381,308.396,5.17528,11.1264,S2C_43RGM_20260920_0_L2A,LC09_L2SP_147040_20260921_02_T1
s2delhi_r12_c04,12,4,EPSG:32643,710200.00,3166760.00,712760.00,3169320.00,77.1632,28.6222,1,1,0,0.0441895,1,1,0.750132,0,0,0,0.0241089,0.691345,0.230286,0,0.0100708,0.0270996,0.0170898,0,0,291.24,307.058,317.884,307.38,4.04555,10.8261,S2C_43RGM_20260920_0_L2A,LC09_L2SP_147040_20260921_02_T1
s2delhi_r12_c05,12,5,EPSG:32643,712760.00,3166760.00,715320.00,3169320.00,77.1893,28.6218,1,1,0,0.147766,1,1,0.646644,0,0,0,0.194946,0.408691,0.223328,0,0.0252686,0.101685,0.0460815,0,0,293.289,307.421,313.651,307.225,3.2195,6.22974,S2C_43RGM_20260920_0_L2A,LC09_L2SP_147040_20260921_02_T1
s2delhi_r12_c06,12,6,EPSG:32643,715320.00,3166760.00,717880.00,3169320.00,77.2155,28.6213,1,1,0,0.0241699,1,0,0.013986,0,0,0,0.103638,0.0117188,0.826172,0,0.0343018,0.0166626,0.00750732,0,0,293.741,311.3,317.169,310.366,3.91422,5.86853,S2C_43RGM_20260920_0_L2A,LC09_L2SP_147040_20260921_02_T1
s2delhi_r12_c07,12,7,EPSG:32643,717880.00,3166760.00,720440.00,3169320.00,77.2417,28.6209,1,1,0,0.233459,1,0,0.0172395,0,0,0,0.148315,0.00982666,0.560181,0.00518799,0.0430298,0.165527,0.0679321,0,0,293.595,311.033,317.588,310.054,3.6718,6.55441,S2C_43RGM_20260920_0_L2A,LC09_L2SP_147040_20260921_02_T1
s2delhi_r12_c08,12,8,EPSG:32643,720440.00,3166760.00,723000.00,3169320.00,77.2678,28.6205,1,1,0,0.220215,1,0,0.417032,0,0,0,0.0910034,0.23822,0.333008,0.0455933,0.0719604,0.141541,0.0786743,0,0,292.129,309.734,319.328,309.282,5.15045,9.59409,S2C_43RGM_20260920_0_L2A,LC09_L2SP_147040_20260921_02_T1
s2delhi_r12_c09,12,9,EPSG:32643,723000.00,3166760.00,725560.00,3169320.00,77.294,28.62,1,0,0,0.2948,0,,,0,0,0,0.240845,0,0.426636,0.00927734,0.0284424,0.205994,0.0888062,0,0,,,,,,,S2C_43RGM_20260920_0_L2A,
s2delhi_r12_c10,12,10,EPSG:32643,725560.00,3166760.00,728120.00,3169320.00,77.3202,28.6196,1,0,1,0.322998,0,,,0,0,0,0.264893,6.10352e-05,0.380188,0.0108032,0.0210571,0.124023,0.198975,0,0,,,,,,,S2C_43RGM_20260920_0_L2A,
s2delhi_r12_c11,12,11,EPSG:32643,728120.00,3166760.00,730680.00,3169320.00,77.3463,28.6191,1,0,1,0.558472,0,,,0,0,0,0.0229492,0.000183105,0.407959,0,0.010437,0.390869,0.167603,0,0,,,,,,,S2C_43RGM_20260920_0_L2A,
s2delhi_r12_c12,12,12,EPSG:32643,730680.00,3166760.00,733240.00,3169320.00,77.3725,28.6187,1,0,0,0.191406,0,,,0,0,0,0.367432,0,0.437439,0,0.00372314,0.123901,0.0675049,0,0,,,,,,,S2C_43RGM_20260920_0_L2A,
s2delhi_r12_c13,12,13,EPSG:32643,733240.00,3166760.00,735800.00,3169320.00,77.3987,28.6182,1,0,1,0.609131,0,,,0,0,0,0.00384521,0,0.377686,0.0057373,0.00360107,0.285706,0.323425,0,0,,,,,,,S2C_43RGM_20260920_0_L2A,
s2delhi_r12_c14,12,14,EPSG:32643,735800.00,3166760.00,738360.00,3169320.00,77.4248,28.6177,1,0,1,0.399536,1,0,0,0,0,0,0.0452881,0,0.545105,0,0.0100708,0.323669,0.0758667,0,0,,,,,,,S2C_43RGM_20260920_0_L2A,
s2delhi_r12_c15,12,15,EPSG:32643,738360.00,3166760.00,740920.00,3169320.00,77.451,28.6173,1,0,1,0.355042,1,0,0,0,0,0,0.0289307,0,0.583374,0,0.0326538,0.199341,0.155701,0,0,,,,,,,S2C_43RGM_20260920_0_L2A,
s2delhi_r12_c16,12,16,EPSG:32643,740920.00,3166760.00,743480.00,3169320.00,77.4772,28.6168,1,0,0,0.126648,1,0,0,0,0,0,0.060791,0,0.771301,0,0.0412598,0.101379,0.0252686,0,0,,,,,,,S2C_43RGM_20260920_0_L2A,
s2delhi_r12_c17,12,17,EPSG:32643,743480.00,3166760.00,746040.00,3169320.00,77.5033,28.6163,1,0,0,0.287842,0,,,0,0,0,0.147217,0.0309448,0.463135,0,0.0708618,0.184937,0.102905,0,0,,,,,,,S2C_43RGM_20260920_0_L2A,
s2delhi_r12_c18,12,18,EPSG:32643,746040.00,3166760.00,748600.00,3169320.00,77.5295,28.6158,1,0,0,0.0641479,1,1,0.538425,0,0,0,0.00732422,0.478943,0.410583,0.000915527,0.0380859,0.0465088,0.0176392,0,0,,,,,,,S2C_43RGM_20260920_0_L2A,
s2delhi_r12_c19,12,19,EPSG:32643,748600.00,3166760.00,751160.00,3169320.00,77.5556,28.6153,1,0,0,0,1,1,0.836915,0,0,0,0,0.834412,0.162598,0.00238037,0.000610352,0,0,0,0,,,,,,,S2C_43RGM_20260920_0_L2A,
s2delhi_r12_c20,12,20,EPSG:32643,751160.00,3166760.00,753720.00,3169320.00,77.5818,28.6148,1,0,0,0.00274658,1,1,0.831995,0,0,0,0.175659,0.651367,0.131531,0.000732422,0.0379639,0.00244141,0.000305176,0,0,,,,,,,S2C_43RGM_20260920_0_L2A,
s2delhi_r12_c21,12,21,EPSG:32643,753720.00,3166760.00,756280.00,3169320.00,77.608,28.6143,1,0,0,0.00750732,1,1,0.72469,0,0,0,0.0889893,0.624329,0.237183,0.0131226,0.0288696,0.00744629,6.10352e-05,0,0,,,,,,,S2C_43RGM_20260920_0_L2A,
s2delhi_r12_c22,12,22,EPSG:32643,756280.00,3166760.00,758840.00,3169320.00,77.6341,28.6138,1,0,0,0.010437,1,1,0.859492,0,0,0,0,0.842285,0.137695,0,0.00958252,0.00823975,0.00219727,0,0,,,,,,,S2C_43RGM_20260920_0_L2A,
s2delhi_r12_c23,12,23,EPSG:32643,758840.00,3166760.00,761400.00,3169320.00,77.6603,28.6133,1,0,0,0.0700073,1,1,0.725935,0,0,0,0.072937,0.599304,0.226257,0,0.0314941,0.0410767,0.0289307,0,0,,,,,,,S2C_43RGM_20260920_0_L2A,
s2delhi_r12_c24,12,24,EPSG:32643,761400.00,3166760.00,763960.00,3169320.00,77.6864,28.6128,1,0,0,0.162537,1,1,0.519444,0,0,0,0.114868,0.342407,0.316772,0,0.0634155,0.0875244,0.0750122,0,0,,,,,,,S2C_43RGM_20260920_0_L2A,
s2delhi_r12_c25,12,25,EPSG:32643,763960.00,3166760.00,766520.00,3169320.00,77.7126,28.6123,1,0,0,0.031311,1,1,0.707923,0,0,0,0.101562,0.583008,0.24054,0,0.0435791,0.0219727,0.00933838,0,0,,,,,,,S2C_43RGM_20260920_0_L2A,
s2delhi_r12_c26,12,26,EPSG:32643,766520.00,3166760.00,769080.00,3169320.00,77.7387,28.6118,1,0,1,0.368774,0,,,0,0,0,0.178345,0.0936279,0.211792,0,0.147461,0.218079,0.150696,0,0,,,,,,,S2C_43RGM_20260920_0_L2A,
s2delhi_r12_c27,12,27,EPSG:32643,769080.00,3166760.00,771640.00,3169320.00,77.7649,28.6112,1,0,0,0.112305,1,1,0.667682,0,0,0,0.14386,0.481812,0.239807,0.000244141,0.0219727,0.0687866,0.0435181,0,0,,,,,,,S2C_43RGM_20260920_0_L2A,
s2delhi_r12_c28,12,28,EPSG:32643,771640.00,3166760.00,774200.00,3169320.00,77.7911,28.6107,1,0,0,0.113586,1,1,0.613012,0,0,0,0.118042,0.456055,0.287903,0,0.0244141,0.0705566,0.0430298,0,0,,,,,,,S2C_43RGM_20260920_0_L2A,
s2delhi_r12_c29,12,29,EPSG:32643,774200.00,3166760.00,776760.00,3169320.00,77.8172,28.6102,1,0,0,0.228516,1,0,0.418371,0,0,0,0.231262,0.210999,0.293335,0,0.0358887,0.128845,0.0996704,0,0,,,,,,,S2C_43RGM_20260920_0_L2A,
s2delhi_r12_c30,12,30,EPSG:32643,776760.00,3166760.00,779320.00,3169320.00,77.8434,28.6096,1,0,1,0.333923,1,1,0.583789,0,0,0,0.0706177,0.31958,0.227844,0,0.0480347,0.13623,0.197693,0,0,,,,,,,S2C_43RGM_20260920_0_L2A,
s2delhi_r12_c31,12,31,EPSG:32643,779320.00,3166760.00,781880.00,3169320.00,77.8695,28.6091,1,0,0,0.150085,1,1,0.592978,0,0,0,0.212524,0.351501,0.241272,0,0.0446167,0.103394,0.0466919,0,0,,,,,,,S2C_43RGM_20260920_0_L2A,
s2delhi_r12_c32,12,32,EPSG:32643,781880.00,3166760.00,784440.00,3169320.00,77.8957,28.6085,1,0,1,0.423218,0,,,0,0,0,0.217834,0.251709,0.0564575,0,0.0507812,0.222046,0.201172,0,0,,,,,,,S2C_43RGM_20260920_0_L2A,
s2delhi_r12_c33,12,33,EPSG:32643,784440.00,3166760.00,787000.00,3169320.00,77.9218,28.6079,1,0,1,0.388062,0,,,0,0,0,0.234924,0.0205688,0.176514,0,0.179932,0.209961,0.178101,0,0,,,,,,,S2C_43RGM_20260920_0_L2A,
s2delhi_r12_c34,12,34,EPSG:32643,787000.00,3166760.00,789560.00,3169320.00,77.948,28.6074,1,0,1,0.394348,0,,,0,0,0,0.0975342,0.0703125,0.324219,0,0.113586,0.207825,0.186523,0,0,,,,,,,S2C_43RGM_20260920_0_L2A,
s2delhi_r12_c35,12,35,EPSG:32643,789560.00,3166760.00,792120.00,3169320.00,77.9741,28.6068,1,0,1,0.3927,0,,,0,0,0,0.214661,0.11499,0.149292,0,0.128357,0.187988,0.204712,0,0,,,,,,,S2C_43RGM_20260920_0_L2A,
s2delhi_r12_c36,12,36,EPSG:32643,792120.00,3166760.00,794680.00,3169320.00,78.0003,28.6062,1,0,0,0.186035,1,1,0.763067,0,0,0,0.098877,0.501648,0.155762,0,0.0576782,0.0991211,0.0869141,0,0,,,,,,,S2C_43RGM_20260920_0_L2A,
s2delhi_r12_c37,12,37,EPSG:32643,794680.00,3166760.00,797240.00,3169320.00,78.0264,28.6056,1,0,0,0.249146,0,,,0,0,0,0.298218,0.262573,0.129517,0,0.0605469,0.158508,0.0906372,0,0,,,,,,,S2C_43RGM_20260920_0_L2A,
s2delhi_r12_c38,12,38,EPSG:32643,797240.00,3166760.00,799800.00,3169320.00,78.0526,28.6051,1,0,1,0.425781,0,,,0,0,0,0.14032,0.137512,0.242615,0,0.053772,0.23053,0.195251,0,0,,,,,,,S2C_43RGM_20260920_0_L2A,
s2delhi_r12_c39,12,39,EPSG:32643,799800.00,3166760.00,802360.00,3169320.00,78.0787,28.6045,1,0,0,0.15509,1,1,0.651957,0,0,0,0.190857,0.414795,0.221436,0,0.0178223,0.0983276,0.0567627,0,0,,,,,,,S2C_43RGM_20260920_0_L2A,
s2delhi_r12_c40,12,40,EPSG:32643,802360.00,3166760.00,804920.00,3169320.00,78.1049,28.6039,1,0,1,0.332947,0,,,0,0,0,0.250183,0.305237,0.0720215,0,0.0396118,0.219971,0.112976,0,0,,,,,,,S2C_43RGM_20260920_0_L2A,
s2delhi_r12_c41,12,41,EPSG:32643,804920.00,3166760.00,807480.00,3169320.00,78.131,28.6033,1,0,1,0.49353,0,,,0,0,0,0.231018,0.149597,0.0683594,0,0.0574951,0.276978,0.216553,0,0,,,,,,,S2C_43RGM_20260920_0_L2A,
s2delhi_r13_c00,13,0,EPSG:32643,699960.00,3164200.00,702520.00,3166760.00,77.058,28.6007,1,1,1,0.377869,0,,,0,0,0,0.225769,0.000427246,0.342712,0,0.0532227,0.295898,0.0819702,0,0,293.392,311.922,318.968,311.287,3.62402,7.04645,S2C_43RGM_20260920_0_L2A,LC09_L2SP_147040_20260921_02_T1
s2delhi_r13_c01,13,1,EPSG:32643,702520.00,3164200.00,705080.00,3166760.00,77.0842,28.6003,1,1,1,0.517273,0,,,0,0,0,0.218872,6.10352e-05,0.240906,0,0.0228882,0.331848,0.185425,0,0,288.652,312.189,316.484,310.413,5.98645,4.29514,S2C_43RGM_20260920_0_L2A,LC09_L2SP_147040_20260921_02_T1
s2delhi_r13_c02,13,2,EPSG:32643,705080.00,3164200.00,707640.00,3166760.00,77.1104,28.5999,1,1,1,0.513,0,,,0,0,0,0.0831299,0.00567627,0.312866,0,0.0853271,0.275391,0.23761,0,0,296.578,312.287,317.901,312.11,2.58896,5.6145,S2C_43RGM_20260920_0_L2A,LC09_L2SP_147040_20260921_02_T1
s2delhi_r13_c03,13,3,EPSG:32643,707640.00,3164200.00,710200.00,3166760.00,77.1365,28.5995,1,1,0,0.012085,1,1,0.582143,0,0,0,0.110474,0.492676,0.353638,0,0.0311279,0.0112305,0.000854492,0,0,293.329,309.547,314.707,308.955,3.29245,5.15948,S2C_43RGM_20260920_0_L2A,LC09_L2SP_147040_20260921_02_T1
s2delhi_r13_c04,13,4,EPSG:32643,710200.00,3164200.00,712760.00,3166760.00,77.1627,28.5991,1,1,0,0.0197754,1,0,0.452066,0,0,0,0.113831,0.379333,0.459778,0,0.0272827,0.0184326,0.00134277,0,0,297.452,308.334,317.286,308.023,2.55744,8.952,S2C_43RGM_20260920_0_L2A,LC09_L2SP_147040_20260921_02_T1
s2delhi_r13_c05,13,5,EPSG:32643,712760.00,3164200.00,715320.00,3166760.00,77.1888,28.5987,1,1,1,0.448425,0,,,0,0,0,0.0794067,0.00152588,0.314148,0,0.156494,0.229797,0.218628,0,0,294.308,310.55,315.454,309.995,2.55416,4.90372,S2C_43RGM_20260920_0_L2A,LC09_L2SP_147040_20260921_02_T1
s2delhi_r13_c06,13,6,EPSG:32643,715320.00,3164200.00,717880.00,3166760.00,77.215,28.5982,1,1,1,0.358215,0,,,0,0,0,0.176941,0.000488281,0.423279,0,0.0410767,0.174744,0.183472,0,0,295.178,310.687,313.995,310.568,1.68511,3.30844,S2C_43RGM_20260920_0_L2A,LC09_L2SP_147040_20260921_02_T1
s2delhi_r13_c07,13,7,EPSG:32643,717880.00,3164200.00,720440.00,3166760.00,77.2412,28.5978,1,1,0,0.228516,1,0,0.233932,0,0,0,0.11499,0.145508,0.476501,0,0.0344849,0.153381,0.0751343,0,0,291.462,308.646,313.675,307.78,4.05184,5.02917,S2C_43RGM_20260920_0_L2A,LC09_L2SP_147040_20260921_02_T1
s2delhi_r13_c08,13,8,EPSG:32643,720440.00,3164200.00,723000.00,3166760.00,77.2673,28.5974,1,0,0,0.000610352,1,0,0.096464,0,0,0,0.00384521,0.0777588,0.728333,0.185059,0.00439453,0.000610352,0,0,0,,,,,,,S2C_43RGM_20260920_0_L2A,
s2delhi_r13_c09,13,9,EPSG:32643,723000.00,3164200.00,725560.00,3166760.00,77.2935,28.5969,1,0,1,0.377197,0,,,0,0,0,0.157837,0.000671387,0.297424,0.00909424,0.157776,0.226074,0.151123,0,0,,,,,,,S2C_43RGM_20260920_0_L2A,
s2delhi_r13_c10,13,10,EPSG:32643,725560.00,3164200.00,728120.00,3166760.00,77.3197,28.5965,1,0,1,0.561401,0,,,0,0,0,0.0592651,6.10352e-05,0.373047,0,0.00622559,0.326355,0.235046,0,0,,,,,,,S2C_43RGM_20260920_0_L2A,
s2delhi_r13_c11,13,11,EPSG:32643,728120.00,3164200.00,730680.00,3166760.00,77.3458,28.596,1,0,0,0.111023,1,0,0.000188306,0,0,0,0.174744,0.00012207,0.648132,0.0012207,0.0647583,0.0922852,0.0187378,0,0,,,,,,,S2C_43RGM_20260920_0_L2A,
s2delhi_r13_c12,13,12,EPSG:32643,730680.00,3164200.00,733240.00,3166760.00,77.372,28.5956,1,0,1,0.855225,0,,,0,0,0,0.134827,0,0.00500488,0,0.00494385,0.253479,0.601746,0,0,,,,,,,S2C_43RGM_20260920_0_L2A,
s2delhi_r13_c13,13,13,EPSG:32643,733240.00,3164200.00,735800.00,3166760.00,77.3981,28.5951,1,0,0,0.243713,1,0,0,0,0,0,0.0249023,0,0.716125,0,0.0152588,0.162415,0.0812988,0,0,,,,,,,S2C_43RGM_20260920_0_L2A,
s2delhi_r13_c14,13,14,EPSG:32643,735800.00,3164200.00,738360.00,3166760.00,77.4243,28.5947,1,0,1,0.347412,0,,,0,0,0,0.128601,0,0.395996,0,0.127991,0.232788,0.114624,0,0,,,,,,,S2C_43RGM_20260920_0_L2A,
s2delhi_r13_c15,13,15,EPSG:32643,738360.00,3164200.00,740920.00,3166760.00,77.4505,28.5942,1,0,1,0.543579,0,,,0,0,0,0.0935059,0,0.301208,0,0.0617065,0.26593,0.277649,0,0,,,,,,,S2C_43RGM_20260920_0_L2A,
s2delhi_r13_c16,13,16,EPSG:32643,740920.00,3164200.00,743480.00,3166760.00,77.4766,28.5937,1,0,0,0.197693,1,0,0,0,0,0,0.0648193,0,0.641541,0,0.0959473,0.134583,0.0631104,0,0,,,,,,,S2C_43RGM_20260920_0_L2A,
s2delhi_r13_c17,13,17,EPSG:32643,743480.00,3164200.00,746040.00,3166760.00,77.5028,28.5932,1,0,1,0.373352,1,0,0,0,0,0,0.0111084,0,0.564514,0,0.0510254,0.219055,0.154297,0,0,,,,,,,S2C_43RGM_20260920_0_L2A,
s2delhi_r13_c18,13,18,EPSG:32643,746040.00,3164200.00,748600.00,3166760.00,77.5289,28.5927,1,0,0,0.0661011,1,0,0.342602,0,0,0,0.0264282,0.2948,0.565674,0,0.0469971,0.0481567,0.0179443,0,0,,,,,,,S2C_43RGM_20260920_0_L2A,
s2delhi_r13_c19,13,19,EPSG:32643,748600.00,3164200.00,751160.00,3166760.00,77.5551,28.5923,1,0,0,0,1,1,0.862812,0,0,0,0,0.862549,0.137146,0,0.000305176,0,0,0,0,,,,,,,S2C_43RGM_20260920_0_L2A,
s2delhi_r13_c20,13,20,EPSG:32643,751160.00,3164200.00,753720.00,3166760.00,77.5812,28.5918,1,0,0,0.123169,1,1,0.592208,0,0,0,0.103271,0.438843,0.302185,0,0.0325317,0.0709229,0.0522461,0,0,,,,,,,S2C_43RGM_20260920_0_L2A,
s2delhi_r13_c21,13,21,EPSG:32643,753720.00,3164200.00,756280.00,3166760.00,77.6074,28.5913,1,0,1,0.59906,0,,,0,0,0,0.0187378,0.173645,0.137329,0.00415039,0.0670776,0.25116,0.3479,0,0,,,,,,,S2C_43RGM_20260920_0_L2A,
s2delhi_r13_c22,13,22,EPSG:32643,756280.00,3164200.00,758840.00,3166760.00,77.6335,28.5908,1,0,0,0,1,1,0.865501,0,0,0,0,0.857788,0.133301,0.00634766,0.00256348,0,0,0,0,,,,,,,S2C_43RGM_20260920_0_L2A,
s2delhi_r13_c23,13,23,EPSG:32643,758840.00,3164200.00,761400.00,3166760.00,77.6597,28.5902,1,0,0,0.00012207,1,1,0.568541,0,0,0,0.127808,0.494385,0.375183,0,0.00250244,0.00012207,0,0,0,,,,,,,S2C_43RGM_20260920_0_L2A,
s2delhi_r13_c24,13,24,EPSG:32643,761400.00,3164200.00,763960.00,3166760.00,77.6858,28.5897,1,0,0,0.281799,0,,,0,0,0,0.142822,0.1698,0.305603,0,0.0999756,0.174927,0.106873,0,0,,,,,,,S2C_43RGM_20260920_0_L2A,
s2delhi_r13_c25,13,25,EPSG:32643,763960.00,3164200.00,766520.00,3166760.00,77.712,28.5892,1,0,0,0.241638,1,0,0.352722,0,0,0,0.14856,0.184692,0.338928,0,0.0861816,0.165222,0.076416,0,0,,,,,,,S2C_43RGM_20260920_0_L2A,
s2delhi_r13_c26,13,26,EPSG:32643,766520.00,3164200.00,769080.00,3166760.00,77.7381,28.5887,1,0,0,0.0654907,1,1,0.646304,0,0,0,0.0701904,0.532104,0.291199,0,0.0410156,0.0456543,0.0198364,0,0,,,,,,,S2C_43RGM_20260920_0_L2A,
s2delhi_r13_c27,13,27,EPSG:32643,769080.00,3164200.00,771640.00,3166760.00,77.7643,28.5882,1,0,0,0.0586548,1,1,0.811358,0,0,0,0.180786,0.59906,0.139282,0,0.0222168,0.0394897,0.019165,0,0,,,,,,,S2C_43RGM_20260920_0_L2A,
s2delhi_r13_c28,13,28,EPSG:32643,771640.00,3164200.00,774200.00,3166760.00,77.7904,28.5876,1,0,0,0.151123,1,0,0.461638,0,0,0,0.183167,0.283508,0.330627,0,0.0515747,0.0745239,0.0765991,0,0,,,,,,,S2C_43RGM_20260920_0_L2A,
s2delhi_r13_c29,13,29,EPSG:32643,774200.00,3164200.00,776760.00,3166760.00,77.8166,28.5871,1,0,0,0.228638,0,,,0,0,0,0.202393,0.295776,0.201355,0,0.0718384,0.138489,0.0901489,0,0,,,,,,,S2C_43RGM_20260920_0_L2A,
s2delhi_r13_c30,13,30,EPSG:32643,776760.00,3164200.00,779320.00,3166760.00,77.8427,28.5865,1,0,0,0.107178,1,1,0.607869,0,0,0,0.113342,0.454529,0.293213,0,0.0317383,0.0635376,0.0436401,0,0,,,,,,,S2C_43RGM_20260920_0_L2A,
s2delhi_r13_c31,13,31,EPSG:32643,779320.00,3164200.00,781880.00,3166760.00,77.8689,28.586,1,0,0,0.182739,1,1,0.797691,0,0,0,0.12439,0.484924,0.122986,0,0.0849609,0.134338,0.0484009,0,0,,,,,,,S2C_43RGM_20260920_0_L2A,
s2delhi_r13_c32,13,32,EPSG:32643,781880.00,3164200.00,784440.00,3166760.00,77.895,28.5854,1,0,0,0.291382,0,,,0,0,0,0.147034,0.297791,0.161926,0,0.101868,0.169067,0.122314,0,0,,,,,,,S2C_43RGM_20260920_0_L2A,
s2delhi_r13_c33,13,33,EPSG:32643,784440.00,3164200.00,787000.00,3166760.00,77.9212,28.5849,1,0,1,0.398804,0,,,0,0,0,0.228149,0.131897,0.0786743,0.0274658,0.13501,0.217163,0.181641,0,0,,,,,,,S2C_43RGM_20260920_0_L2A,
s2delhi_r13_c34,13,34,EPSG:32643,787000.00,3164200.00,789560.00,3166760.00,77.9473,28.5843,1,0,1,0.404114,0,,,0,0,0,0.256836,0.104492,0.113159,0.0148926,0.106506,0.204651,0.199463,0,0,,,,,,,S2C_43RGM_20260920_0_L2A,
s2delhi_r13_c35,13,35,EPSG:32643,789560.00,3164200.00,792120.00,3166760.00,77.9735,28.5837,1,0,1,0.402527,0,,,0,0,0,0.24585,0.145813,0.119141,0,0.0866699,0.190308,0.212219,0,0,,,,,,,S2C_43RGM_20260920_0_L2A,
s2delhi_r13_c36,13,36,EPSG:32643,792120.00,3164200.00,794680.00,3166760.00,77.9996,28.5831,1,0,1,0.307556,0,,,0,0,0,0.200684,0.265137,0.127625,0,0.098999,0.175232,0.132324,0,0,,,,,,,S2C_43RGM_20260920_0_L2A,
s2delhi_r13_c37,13,37,EPSG:32643,794680.00,3164200.00,797240.00,3166760.00,78.0258,28.5826,1,0,1,0.476013,0,,,0,0,0,0.181946,0.12616,0.128174,0,0.0877075,0.221924,0.254089,0,0,,,,,,,S2C_43RGM_20260920_0_L2A,
s2delhi_r13_c38,13,38,EPSG:32643,797240.00,3164200.00,799800.00,3166760.00,78.0519,28.582,1,0,1,0.315796,0,,,0,0,0,0.159302,0.185242,0.276978,0,0.0626831,0.195435,0.120361,0,0,,,,,,,S2C_43RGM_20260920_0_L2A,
s2delhi_r13_c39,13,39,EPSG:32643,799800.00,3164200.00,802360.00,3166760.00,78.078,28.5814,1,0,0,0.267639,1,1,0.778429,0,0,0,0.143677,0.437866,0.124634,0,0.0261841,0.159363,0.108276,0,0,,,,,,,S2C_43RGM_20260920_0_L2A,
s2delhi_r13_c40,13,40,EPSG:32643,802360.00,3164200.00,804920.00,3166760.00,78.1042,28.5808,1,0,0,0.21991,1,1,0.873194,0,0,0,0.253967,0.450134,0.0653687,0,0.0106201,0.129272,0.0906372,0,0,,,,,,,S2C_43RGM_20260920_0_L2A,
s2delhi_r13_c41,13,41,EPSG:32643,804920.00,3164200.00,807480.00,3166760.00,78.1303,28.5802,1,0,1,0.431519,0,,,0,0,0,0.284912,0.219116,0.0464478,0,0.0180054,0.21106,0.220459,0,0,,,,,,,S2C_43RGM_20260920_0_L2A,
s2delhi_r14_c00,14,0,EPSG:32643,699960.00,3161640.00,702520.00,3164200.00,77.0576,28.5776,1,1,1,0.448425,0,,,0,0,0,0.0999146,0,0.376831,0,0.0748291,0.225464,0.222961,0,0,294.327,312.275,317.759,311.888,3.07852,5.48422,S2C_43RGM_20260920_0_L2A,LC09_L2SP_147040_20260921_02_T1
s2delhi_r14_c01,14,1,EPSG:32643,702520.00,3161640.00,705080.00,3164200.00,77.0837,28.5772,1,1,1,0.56604,0,,,0,0,0,0.0651855,0.00012207,0.305298,0,0.0633545,0.296875,0.269165,0,0,292.27,310.149,316.936,307.431,6.16534,6.78699,S2C_43RGM_20260920_0_L2A,LC09_L2SP_147040_20260921_02_T1
s2delhi_r14_c02,14,2,EPSG:32643,705080.00,3161640.00,707640.00,3164200.00,77.1099,28.5768,1,1,0,0.0921021,1,0,0.0122715,0,0,0,0.147644,0.00897217,0.722168,0,0.0291138,0.0758667,0.0162354,0,0,298.901,312.286,321.236,312.32,3.96975,8.94943,S2C_43RGM_20260920_0_L2A,LC09_L2SP_147040_20260921_02_T1
s2delhi_r14_c03,14,3,EPSG:32643,707640.00,3161640.00,710200.00,3164200.00,77.136,28.5764,1,1,1,0.553162,0,,,0,0,0,0.0981445,0.00946045,0.280029,0,0.0592041,0.302185,0.250977,0,0,298.991,312.138,319.98,312.078,2.75329,7.84204,S2C_43RGM_20260920_0_L2A,LC09_L2SP_147040_20260921_02_T1
s2delhi_r14_c04,14,4,EPSG:32643,710200.00,3161640.00,712760.00,3164200.00,77.1622,28.576,1,1,1,0.480835,0,,,0,0,0,0.18103,0.0055542,0.259827,0,0.0727539,0.241272,0.239563,0,0,294.365,308.351,313.25,306.916,4.23579,4.89883,S2C_43RGM_20260920_0_L2A,LC09_L2SP_147040_20260921_02_T1
s2delhi_r14_c05,14,5,EPSG:32643,712760.00,3161640.00,715320.00,3164200.00,77.1884,28.5756,1,1,0,0.0810547,1,0,7.22022e-05,0,0,0,0.0405273,6.10352e-05,0.845276,0,0.0330811,0.0678711,0.0131836,0,0,296.671,311.574,316.594,311.086,2.68867,5.02023,S2C_43RGM_20260920_0_L2A,LC09_L2SP_147040_20260921_02_T1
s2delhi_r14_c06,14,6,EPSG:32643,715320.00,3161640.00,717880.00,3164200.00,77.2145,28.5751,1,1,0,0.101685,1,0,0.00016533,0,0,0,0.026123,0.00012207,0.73822,0,0.13385,0.0760498,0.0256348,0,0,294.816,312.226,316.445,311.504,3.448,4.2189,S2C_43RGM_20260920_0_L2A,LC09_L2SP_147040_20260921_02_T1
s2delhi_r14_c07,14,7,EPSG:32643,717880.00,3161640.00,720440.00,3164200.00,77.2407,28.5747,1,1,1,0.482422,0,,,0,0,0,0.164917,0.0022583,0.323242,0,0.0271606,0.320496,0.161926,0,0,290.294,311.104,316.521,309.734,4.73522,5.41702,S2C_43RGM_20260920_0_L2A,LC09_L2SP_147040_20260921_02_T1
s2delhi_r14_c08,14,8,EPSG:32643,720440.00,3161640.00,723000.00,3164200.00,77.2668,28.5743,1,0,0,0.180115,1,0,0,0,0,0,0.173218,0,0.628662,0.00286865,0.0151367,0.126099,0.0540161,0,0,,,,,,,S2C_43RGM_20260920_0_L2A,
s2delhi_r14_c09,14,9,EPSG:32643,723000.00,3161640.00,725560.00,3164200.00,77.293,28.5738,1,0,0,0.149658,0,,,0,0,0,0.233643,6.10352e-05,0.419373,0.157959,0.0393066,0.109802,0.039856,0,0,,,,,,,S2C_43RGM_20260920_0_L2A,
s2delhi_r14_c10,14,10,EPSG:32643,725560.00,3161640.00,728120.00,3164200.00,77.3191,28.5734,1,0,1,0.7146,0,,,0,0,0,0.0734253,0,0.19696,0.00457764,0.010437,0.355042,0.359558,0,0,,,,,,,S2C_43RGM_20260920_0_L2A,
s2delhi_r14_c11,14,11,EPSG:32643,728120.00,3161640.00,730680.00,3164200.00,77.3453,28.573,1,0,1,0.553406,0,,,0,0,0,0.204712,0,0.230286,0,0.0115967,0.205078,0.348328,0,0,,,,,,,S2C_43RGM_20260920_0_L2A,
s2delhi_r14_c12,14,12,EPSG:32643,730680.00,3161640.00,733240.00,3164200.00,77.3715,28.5725,1,0,1,0.824951,0,,,0,0,0,0.0488892,0,0.123718,0,0.00244141,0.581177,0.243774,0,0,,,,,,,S2C_43RGM_20260920_0_L2A,
s2delhi_r14_c13,14,13,EPSG:32643,733240.00,3161640.00,735800.00,3164200.00,77.3976,28.572,1,0,1,0.519409,0,,,0,0,0,0.162292,0,0.30072,0,0.0175781,0.245361,0.274048,0,0,,,,,,,S2C_43RGM_20260920_0_L2A,
s2delhi_r14_c14,14,14,EPSG:32643,735800.00,3161640.00,738360.00,3164200.00,77.4238,28.5716,1,0,1,0.484558,0,,,0,0,0,0.0195923,0,0.468933,0,0.0269165,0.269226,0.215332,0,0,,,,,,,S2C_43RGM_20260920_0_L2A,
s2delhi_r14_c15,14,15,EPSG:32643,738360.00,3161640.00,740920.00,3164200.00,77.4499,28.5711,1,0,0,0.278625,1,0,0,0,0,0,0.0179443,0,0.639221,0,0.064209,0.183289,0.0953369,0,0,,,,,,,S2C_43RGM_20260920_0_L2A,
s2delhi_r14_c16,14,16,EPSG:32643,740920.00,3161640.00,743480.00,3164200.00,77.4761,28.5706,1,0,1,0.429077,0,,,0,0,0,0.0045166,0,0.49231,0,0.0740967,0.299622,0.129456,0,0,,,,,,,S2C_43RGM_20260920_0_L2A,
s2delhi_r14_c17,14,17,EPSG:32643,743480.00,3161640.00,746040.00,3164200.00,77.5022,28.5701,1,0,0,0.246399,1,0,0.000107227,0,0,0,0.113647,6.10352e-05,0.569153,0,0.0707397,0.102051,0.144348,0,0,,,,,,,S2C_43RGM_20260920_0_L2A,
s2delhi_r14_c18,14,18,EPSG:32643,746040.00,3161640.00,748600.00,3164200.00,77.5284,28.5697,1,0,0,0,1,0,0.119411,0,0,0,0,0.118835,0.876343,0.00244141,0.00238037,0,0,0,0,,,,,,,S2C_43RGM_20260920_0_L2A,
s2delhi_r14_c19,14,19,EPSG:32643,748600.00,3161640.00,751160.00,3164200.00,77.5545,28.5692,1,0,0,0,1,0,0.165802,0,0,0,0.0556641,0.156128,0.785522,0.00268555,0,0,0,0,0,,,,,,,S2C_43RGM_20260920_0_L2A,
s2delhi_r14_c20,14,20,EPSG:32643,751160.00,3161640.00,753720.00,3164200.00,77.5807,28.5687,1,0,0,0.0184326,1,0,0.116795,0,0,0,0.102234,0.100891,0.762939,0,0.0155029,0.0162964,0.00213623,0,0,,,,,,,S2C_43RGM_20260920_0_L2A,
s2delhi_r14_c21,14,21,EPSG:32643,753720.00,3161640.00,756280.00,3164200.00,77.6068,28.5682,1,0,0,0.0489502,1,1,0.582468,0,0,0,0.00445557,0.527222,0.37793,0.00170898,0.0397339,0.0462036,0.00274658,0,0,,,,,,,S2C_43RGM_20260920_0_L2A,
s2delhi_r14_c22,14,22,EPSG:32643,756280.00,3161640.00,758840.00,3164200.00,77.633,28.5677,1,0,0,6.10352e-05,1,1,0.880386,0,0,0,0.078064,0.795593,0.108093,0.0149536,0.00323486,6.10352e-05,0,0,0,,,,,,,S2C_43RGM_20260920_0_L2A,
s2delhi_r14_c23,14,23,EPSG:32643,758840.00,3161640.00,761400.00,3164200.00,77.6591,28.5672,1,0,0,0.0653076,1,1,0.626374,0,0,0,0.0512695,0.500671,0.298645,0,0.0841064,0.0562134,0.00909424,0,0,,,,,,,S2C_43RGM_20260920_0_L2A,
s2delhi_r14_c24,14,24,EPSG:32643,761400.00,3161640.00,763960.00,3164200.00,77.6853,28.5666,1,0,0,0.176819,1,1,0.738929,0,0,0,0.149475,0.437927,0.154724,0,0.0810547,0.10022,0.0765991,0,0,,,,,,,S2C_43RGM_20260920_0_L2A,
s2delhi_r14_c25,14,25,EPSG:32643,763960.00,3161640.00,766520.00,3164200.00,77.7114,28.5661,1,0,0,0.216187,1,0,0.331787,0,0,0,0.0166626,0.222595,0.448303,0,0.0962524,0.100952,0.115234,0,0,,,,,,,S2C_43RGM_20260920_0_L2A,
s2delhi_r14_c26,14,26,EPSG:32643,766520.00,3161640.00,769080.00,3164200.00,77.7375,28.5656,1,0,0,0.23877,0,,,0,0,0,0.163574,0.3302,0.162048,0,0.105408,0.134888,0.103882,0,0,,,,,,,S2C_43RGM_20260920_0_L2A,
s2delhi_r14_c27,14,27,EPSG:32643,769080.00,3161640.00,771640.00,3164200.00,77.7637,28.5651,1,0,0,0.229248,1,0,0.30897,0,0,0,0.0692749,0.184998,0.413757,0.00256348,0.100159,0.137329,0.0919189,0,0,,,,,,,S2C_43RGM_20260920_0_L2A,
s2delhi_r14_c28,14,28,EPSG:32643,771640.00,3161640.00,774200.00,3164200.00,77.7898,28.5645,1,0,1,0.397522,0,,,0,0,0,0.182922,0.0699463,0.203186,0,0.146423,0.217896,0.179626,0,0,,,,,,,S2C_43RGM_20260920_0_L2A,
s2delhi_r14_c29,14,29,EPSG:32643,774200.00,3161640.00,776760.00,3164200.00,77.816,28.564,1,0,1,0.422424,0,,,0,0,0,0.119812,0.116943,0.207764,0,0.133057,0.209351,0.213074,0,0,,,,,,,S2C_43RGM_20260920_0_L2A,
s2delhi_r14_c30,14,30,EPSG:32643,776760.00,3161640.00,779320.00,3164200.00,77.8421,28.5634,1,0,0,0.227905,1,1,0.651567,0,0,0,0.155762,0.370483,0.19812,0,0.0477295,0.152039,0.0758667,0,0,,,,,,,S2C_43RGM_20260920_0_L2A,
s2delhi_r14_c31,14,31,EPSG:32643,779320.00,3161640.00,781880.00,3164200.00,77.8683,28.5629,1,0,1,0.448303,0,,,0,0,0,0.230103,0.159363,0.09729,0,0.0649414,0.263184,0.18512,0,0,,,,,,,S2C_43RGM_20260920_0_L2A,
s2delhi_r14_c32,14,32,EPSG:32643,781880.00,3161640.00,784440.00,3164200.00,77.8944,28.5623,1,0,0,0.28894,0,,,0,0,0,0.171997,0.383423,0.0741577,0,0.0814819,0.205444,0.0834961,0,0,,,,,,,S2C_43RGM_20260920_0_L2A,
s2delhi_r14_c33,14,33,EPSG:32643,784440.00,3161640.00,787000.00,3164200.00,77.9205,28.5618,1,0,0,0.288025,0,,,0,0,0,0.191833,0.363586,0.103638,0,0.0529175,0.151733,0.136292,0,0,,,,,,,S2C_43RGM_20260920_0_L2A,
s2delhi_r14_c34,14,34,EPSG:32643,787000.00,3161640.00,789560.00,3164200.00,77.9467,28.5612,1,0,0,0.297485,0,,,0,0,0,0.171082,0.291504,0.161682,0,0.0782471,0.12323,0.174255,0,0,,,,,,,S2C_43RGM_20260920_0_L2A,
s2delhi_r14_c35,14,35,EPSG:32643,789560.00,3161640.00,792120.00,3164200.00,77.9728,28.5606,1,0,1,0.468628,0,,,0,0,0,0.128784,0.0616455,0.174866,0,0.166077,0.264282,0.204346,0,0,,,,,,,S2C_43RGM_20260920_0_L2A,
s2delhi_r14_c36,14,36,EPSG:32643,792120.00,3161640.00,794680.00,3164200.00,77.999,28.5601,1,0,1,0.332458,0,,,0,0,0,0.124817,0.113953,0.288757,0,0.140015,0.190125,0.142334,0,0,,,,,,,S2C_43RGM_20260920_0_L2A,
s2delhi_r14_c37,14,37,EPSG:32643,794680.00,3161640.00,797240.00,3164200.00,78.0251,28.5595,1,0,0,0.283081,0,,,0,0,0,0.200806,0.270325,0.200867,0,0.0449219,0.177734,0.105347,0,0,,,,,,,S2C_43RGM_20260920_0_L2A,
s2delhi_r14_c38,14,38,EPSG:32643,797240.00,3161640.00,799800.00,3164200.00,78.0512,28.5589,1,0,1,0.440186,0,,,0,0,0,0.164612,0.100769,0.219666,0,0.0747681,0.275452,0.164734,0,0,,,,,,,S2C_43RGM_20260920_0_L2A,
s2delhi_r14_c39,14,39,EPSG:32643,799800.00,3161640.00,802360.00,3164200.00,78.0774,28.5583,1,0,1,0.372742,0,,,0,0,0,0.18866,0.147644,0.21051,0,0.0804443,0.254761,0.117981,0,0,,,,,,,S2C_43RGM_20260920_0_L2A,
s2delhi_r14_c40,14,40,EPSG:32643,802360.00,3161640.00,804920.00,3164200.00,78.1035,28.5577,1,0,1,0.326233,0,,,0,0,0,0.24884,0.252563,0.141907,0,0.0304565,0.19458,0.131653,0,0,,,,,,,S2C_43RGM_20260920_0_L2A,
s2delhi_r14_c41,14,41,EPSG:32643,804920.00,3161640.00,807480.00,3164200.00,78.1296,28.5571,1,0,1,0.427124,0,,,0,0,0,0.215698,0.208496,0.10376,0,0.0449219,0.195374,0.23175,0,0,,,,,,,S2C_43RGM_20260920_0_L2A,
s2delhi_r15_c00,15,0,EPSG:32643,699960.00,3159080.00,702520.00,3161640.00,77.0571,28.5545,1,1,1,0.33075,0,,,0,0,0,0.312012,0,0.342346,0,0.0148926,0.135376,0.195374,0,0,308.131,313.895,322.725,314.117,2.4063,8.82971,S2C_43RGM_20260920_0_L2A,LC09_L2SP_147040_20260921_02_T1
s2delhi_r15_c01,15,1,EPSG:32643,702520.00,3159080.00,705080.00,3161640.00,77.0833,28.5541,1,1,1,0.793884,0,,,0,0,0,0.0594482,6.10352e-05,0.109863,0,0.0367432,0.291138,0.502747,0,0,290.914,316.51,323.27,313.951,7.62293,6.75931,S2C_43RGM_20260920_0_L2A,LC09_L2SP_147040_20260921_02_T1
s2delhi_r15_c02,15,2,EPSG:32643,705080.00,3159080.00,707640.00,3161640.00,77.1094,28.5537,1,1,0,0.19751,1,0,0,0,0,0,0,0,0.793091,0,0.00939941,0.147766,0.0497437,0,0,291.52,313.616,323.202,311.29,7.8467,9.58536,S2C_43RGM_20260920_0_L2A,LC09_L2SP_147040_20260921_02_T1
s2delhi_r15_c03,15,3,EPSG:32643,707640.00,3159080.00,710200.00,3161640.00,77.1356,28.5533,1,1,0,0.0426025,1,0,0.0289494,0,0,0,0.0202026,0.0248413,0.833252,0,0.0791016,0.0332031,0.00939941,0,0,299.316,312.028,319.861,311.678,2.66321,7.8324,S2C_43RGM_20260920_0_L2A,LC09_L2SP_147040_20260921_02_T1
s2delhi_r15_c04,15,4,EPSG:32643,710200.00,3159080.00,712760.00,3161640.00,77.1617,28.5529,1,1,0,0.106628,1,0,0.00202703,0,0,0,0.0502319,0.00146484,0.721191,0,0.120483,0.0762329,0.0303955,0,0,297.095,308.973,316.283,309.096,2.07352,7.31046,S2C_43RGM_20260920_0_L2A,LC09_L2SP_147040_20260921_02_T1
s2delhi_r15_c05,15,5,EPSG:32643,712760.00,3159080.00,715320.00,3161640.00,77.1879,28.5525,1,1,0,0.0321655,1,0,0.000257749,0,0,0,0.00720215,0.000244141,0.94696,0,0.0134277,0.0230713,0.00909424,0,0,294.005,309.478,313.334,308.656,3.24299,3.85651,S2C_43RGM_20260920_0_L2A,LC09_L2SP_147040_20260921_02_T1
s2delhi_r15_c06,15,6,EPSG:32643,715320.00,3159080.00,717880.00,3161640.00,77.214,28.5521,1,1,0,0.124878,1,0,0.000788436,0,0,0,0.0567017,0.000549316,0.696167,0,0.121704,0.0908813,0.0339966,0,0,293.206,309.965,314.758,308.531,4.1323,4.79312,S2C_43RGM_20260920_0_L2A,LC09_L2SP_147040_20260921_02_T1
s2delhi_r15_c07,15,7,EPSG:32643,717880.00,3159080.00,720440.00,3161640.00,77.2402,28.5516,1,1,1,0.315186,0,,,0,0,0,0.258972,0.000244141,0.391846,0,0.0337524,0.11554,0.199646,0,0,293.541,310.167,315.403,309.607,3.07394,5.23627,S2C_43RGM_20260920_0_L2A,LC09_L2SP_147040_20260921_02_T1
s2delhi_r15_c08,15,8,EPSG:32643,720440.00,3159080.00,723000.00,3161640.00,77.2663,28.5512,1,0,1,0.651672,0,,,0,0,0,0.146729,0,0.186035,0,0.015564,0.405029,0.246643,0,0,,,,,,,S2C_43RGM_20260920_0_L2A,
s2delhi_r15_c09,15,9,EPSG:32643,723000.00,3159080.00,725560.00,3161640.00,77.2925,28.5508,1,0,0,0.165466,1,0,0,0,0,0,0,0,0.757324,0.0731812,0.00402832,0.15332,0.012146,0,0,,,,,,,S2C_43RGM_20260920_0_L2A,
s2delhi_r15_c10,15,10,EPSG:32643,725560.00,3159080.00,728120.00,3161640.00,77.3186,28.5503,1,0,0,0.226746,0,,,0,0,0,0.238831,0,0.241333,0.263794,0.0292969,0.12616,0.100586,0,0,,,,,,,S2C_43RGM_20260920_0_L2A,
s2delhi_r15_c11,15,11,EPSG:32643,728120.00,3159080.00,730680.00,3161640.00,77.3448,28.5499,1,0,1,0.81958,0,,,0,0,0,0.0634155,0,0.0963135,0,0.0206909,0.369141,0.450439,0,0,,,,,,,S2C_43RGM_20260920_0_L2A,
s2delhi_r15_c12,15,12,EPSG:32643,730680.00,3159080.00,733240.00,3161640.00,77.3709,28.5494,1,0,0,0.194885,1,0,0,0,0,0,0,0,0.802979,0,0.00213623,0.162048,0.0328369,0,0,,,,,,,S2C_43RGM_20260920_0_L2A,
s2delhi_r15_c13,15,13,EPSG:32643,733240.00,3159080.00,735800.00,3161640.00,77.3971,28.5489,1,0,0,0.264648,1,0,0,0,0,0,0,0,0.733215,0,0.00213623,0.208069,0.0565796,0,0,,,,,,,S2C_43RGM_20260920_0_L2A,
s2delhi_r15_c14,15,14,EPSG:32643,735800.00,3159080.00,738360.00,3161640.00,77.4232,28.5485,1,0,1,0.440308,1,0,0,0,0,0,0.0148926,0,0.508728,0,0.0360718,0.253845,0.186462,0,0,,,,,,,S2C_43RGM_20260920_0_L2A,
s2delhi_r15_c15,15,15,EPSG:32643,738360.00,3159080.00,740920.00,3161640.00,77.4494,28.548,1,0,1,0.567322,0,,,0,0,0,0.00878906,0,0.392578,0,0.031311,0.335632,0.231689,0,0,,,,,,,S2C_43RGM_20260920_0_L2A,
s2delhi_r15_c16,15,16,EPSG:32643,740920.00,3159080.00,743480.00,3161640.00,77.4755,28.5475,1,0,0,0.161255,1,0,0,0,0,0,0,0,0.804993,0.00360107,0.0301514,0.111023,0.0502319,0,0,,,,,,,S2C_43RGM_20260920_0_L2A,
s2delhi_r15_c17,15,17,EPSG:32643,743480.00,3159080.00,746040.00,3161640.00,77.5017,28.5471,1,0,0,0.0979004,1,0,0,0,0,0,0,0,0.854919,0,0.0471802,0.0830078,0.0148926,0,0,,,,,,,S2C_43RGM_20260920_0_L2A,
s2delhi_r15_c18,15,18,EPSG:32643,746040.00,3159080.00,748600.00,3161640.00,77.5278,28.5466,1,0,0,0.0408936,1,0,0,0,0,0,0,0,0.93689,0.0057373,0.0164795,0.0367432,0.00415039,0,0,,,,,,,S2C_43RGM_20260920_0_L2A,
s2delhi_r15_c19,15,19,EPSG:32643,748600.00,3159080.00,751160.00,3161640.00,77.554,28.5461,1,0,0,0.000976562,1,0,0,0,0,0,0.088623,0,0.906067,0,0.0043335,0.000915527,6.10352e-05,0,0,,,,,,,S2C_43RGM_20260920_0_L2A,
s2delhi_r15_c20,15,20,EPSG:32643,751160.00,3159080.00,753720.00,3161640.00,77.5801,28.5456,1,0,1,0.476501,0,,,0,0,0,0.0457153,0.000610352,0.321167,0,0.156006,0.241455,0.235046,0,0,,,,,,,S2C_43RGM_20260920_0_L2A,
s2delhi_r15_c21,15,21,EPSG:32643,753720.00,3159080.00,756280.00,3161640.00,77.6062,28.5451,1,0,0,0.00305176,1,1,0.642011,0,0,0,0.0859375,0.582214,0.324646,0.00158691,0.00256348,0.00292969,0.00012207,0,0,,,,,,,S2C_43RGM_20260920_0_L2A,
s2delhi_r15_c22,15,22,EPSG:32643,756280.00,3159080.00,758840.00,3161640.00,77.6324,28.5446,1,0,0,0.0274048,1,1,0.864268,0,0,0,0.0111694,0.823914,0.129395,0.00109863,0.00701904,0.0239258,0.003479,0,0,,,,,,,S2C_43RGM_20260920_0_L2A,
s2delhi_r15_c23,15,23,EPSG:32643,758840.00,3159080.00,761400.00,3161640.00,77.6585,28.5441,1,0,0,0.0592651,1,1,0.862671,0,0,0,0.0946655,0.706238,0.112427,0,0.0274048,0.0307007,0.0285645,0,0,,,,,,,S2C_43RGM_20260920_0_L2A,
s2delhi_r15_c24,15,24,EPSG:32643,761400.00,3159080.00,763960.00,3161640.00,77.6847,28.5436,1,0,0,0.18988,0,,,0,0,0,0.229309,0.171631,0.325317,0,0.0838623,0.0945435,0.0953369,0,0,,,,,,,S2C_43RGM_20260920_0_L2A,
s2delhi_r15_c25,15,25,EPSG:32643,763960.00,3159080.00,766520.00,3161640.00,77.7108,28.543,1,0,0,0.147522,1,0,0.470108,0,0,0,0.0690918,0.323486,0.364624,0.00195312,0.0933228,0.0921631,0.0553589,0,0,,,,,,,S2C_43RGM_20260920_0_L2A,
s2delhi_r15_c26,15,26,EPSG:32643,766520.00,3159080.00,769080.00,3161640.00,77.737,28.5425,1,0,1,0.402161,0,,,0,0,0,0.221558,0.0880737,0.137146,0,0.151062,0.234131,0.16803,0,0,,,,,,,S2C_43RGM_20260920_0_L2A,
s2delhi_r15_c27,15,27,EPSG:32643,769080.00,3159080.00,771640.00,3161640.00,77.7631,28.542,1,0,1,0.359192,0,,,0,0,0,0.10498,0.12262,0.285156,0,0.128052,0.157043,0.202148,0,0,,,,,,,S2C_43RGM_20260920_0_L2A,
s2delhi_r15_c28,15,28,EPSG:32643,771640.00,3159080.00,774200.00,3161640.00,77.7892,28.5415,1,0,0,0.172546,1,0,0.48102,0,0,0,0.15332,0.290039,0.312927,0.00292969,0.0682373,0.0852661,0.0872803,0,0,,,,,,,S2C_43RGM_20260920_0_L2A,
s2delhi_r15_c29,15,29,EPSG:32643,774200.00,3159080.00,776760.00,3161640.00,77.8154,28.5409,1,0,0,0.218445,1,1,0.663559,0,0,0,0.112732,0.390991,0.198242,0,0.0795898,0.140991,0.0774536,0,0,,,,,,,S2C_43RGM_20260920_0_L2A,
s2delhi_r15_c30,15,30,EPSG:32643,776760.00,3159080.00,779320.00,3161640.00,77.8415,28.5404,1,0,0,0.175781,0,,,0,0,0,0.313477,0.327881,0.129761,0,0.0531006,0.113586,0.0621948,0,0,,,,,,,S2C_43RGM_20260920_0_L2A,
s2delhi_r15_c31,15,31,EPSG:32643,779320.00,3159080.00,781880.00,3161640.00,77.8676,28.5398,1,0,1,0.411865,0,,,0,0,0,0.103516,0.162231,0.206238,0,0.11615,0.179565,0.2323,0,0,,,,,,,S2C_43RGM_20260920_0_L2A,
s2delhi_r15_c32,15,32,EPSG:32643,781880.00,3159080.00,784440.00,3161640.00,77.8938,28.5393,1,0,0,0.143005,0,,,0,0,0,0.336182,0.421265,0.0532227,0,0.0463257,0.100281,0.0427246,0,0,,,,,,,S2C_43RGM_20260920_0_L2A,
s2delhi_r15_c33,15,33,EPSG:32643,784440.00,3159080.00,787000.00,3161640.00,77.9199,28.5387,1,0,0,0.25592,0,,,0,0,0,0.192444,0.303528,0.151794,0,0.0963135,0.112244,0.143677,0,0,,,,,,,S2C_43RGM_20260920_0_L2A,
s2delhi_r15_c34,15,34,EPSG:32643,787000.00,3159080.00,789560.00,3161640.00,77.946,28.5381,1,0,1,0.381592,0,,,0,0,0,0.1297,0.214111,0.185181,0,0.0894165,0.206909,0.174683,0,0,,,,,,,S2C_43RGM_20260920_0_L2A,
s2delhi_r15_c35,15,35,EPSG:32643,789560.00,3159080.00,792120.00,3161640.00,77.9722,28.5376,1,0,1,0.360535,0,,,0,0,0,0.166809,0.121521,0.204041,0,0.147095,0.218018,0.142517,0,0,,,,,,,S2C_43RGM_20260920_0_L2A,
s2delhi_r15_c36,15,36,EPSG:32643,792120.00,3159080.00,794680.00,3161640.00,77.9983,28.537,1,0,1,0.497314,0,,,0,0,0,0.202454,0.0257568,0.161743,0,0.112732,0.221375,0.27594,0,0,,,,,,,S2C_43RGM_20260920_0_L2A,
s2delhi_r15_c37,15,37,EPSG:32643,794680.00,3159080.00,797240.00,3161640.00,78.0244,28.5364,1,0,1,0.387695,0,,,0,0,0,0.15448,0.129272,0.263367,0,0.0651855,0.191895,0.195801,0,0,,,,,,,S2C_43RGM_20260920_0_L2A,
s2delhi_r15_c38,15,38,EPSG:32643,797240.00,3159080.00,799800.00,3161640.00,78.0506,28.5358,1,0,1,0.360291,0,,,0,0,0,0.132324,0.140076,0.30365,0,0.0636597,0.194946,0.165344,0,0,,,,,,,S2C_43RGM_20260920_0_L2A,
s2delhi_r15_c39,15,39,EPSG:32643,799800.00,3159080.00,802360.00,3161640.00,78.0767,28.5352,1,0,1,0.400452,0,,,0,0,0,0.190979,0.05896,0.291016,0,0.0585938,0.193848,0.206604,0,0,,,,,,,S2C_43RGM_20260920_0_L2A,
s2delhi_r15_c40,15,40,EPSG:32643,802360.00,3159080.00,804920.00,3161640.00,78.1028,28.5346,1,0,1,0.362854,0,,,0,0,0,0.183228,0.0909424,0.314819,0,0.0481567,0.172974,0.18988,0,0,,,,,,,S2C_43RGM_20260920_0_L2A,
s2delhi_r15_c41,15,41,EPSG:32643,804920.00,3159080.00,807480.00,3161640.00,78.129,28.534,1,0,1,0.345093,0,,,0,0,0,0.249756,0.195496,0.160278,0,0.0493774,0.186584,0.158508,0,0,,,,,,,S2C_43RGM_20260920_0_L2A,
s2delhi_r16_c00,16,0,EPSG:32643,699960.00,3156520.00,702520.00,3159080.00,77.0567,28.5314,1,1,1,0.659302,0,,,0,0,0,0.0578613,6.10352e-05,0.197021,0,0.0857544,0.290466,0.368835,0,0,290.168,309.117,319.529,307.559,6.24969,10.4126,S2C_43RGM_20260920_0_L2A,LC09_L2SP_147040_20260921_02_T1
s2delhi_r16_c01,16,1,EPSG:32643,702520.00,3156520.00,705080.00,3159080.00,77.0828,28.531,1,1,1,0.4375,0,,,0,0,0,0.0723267,6.10352e-05,0.460999,0,0.0291138,0.215149,0.222351,0,0,293.841,311.127,321.351,311.095,4.77986,10.2244,S2C_43RGM_20260920_0_L2A,LC09_L2SP_147040_20260921_02_T1
s2delhi_r16_c02,16,2,EPSG:32643,705080.00,3156520.00,707640.00,3159080.00,77.109,28.5306,1,1,0,0.260437,1,0,0.000832046,0,0,0,0.173157,0.000427246,0.513062,0,0.0529175,0.125366,0.135071,0,0,290.873,309.246,320.731,308.189,6.11633,11.4846,S2C_43RGM_20260920_0_L2A,LC09_L2SP_147040_20260921_02_T1
s2delhi_r16_c03,16,3,EPSG:32643,707640.00,3156520.00,710200.00,3159080.00,77.1351,28.5302,1,1,0,0.0425415,1,0,0.000424388,0,0,0,0.0282593,0.000366211,0.862549,0,0.0662842,0.0289917,0.0135498,0,0,291.514,309.977,315.266,307.827,5.36835,5.28955,S2C_43RGM_20260920_0_L2A,LC09_L2SP_147040_20260921_02_T1
s2delhi_r16_c04,16,4,EPSG:32643,710200.00,3156520.00,712760.00,3159080.00,77.1613,28.5298,1,1,0,0.0908813,1,0,8.50557e-05,0,0,0,0.125305,6.10352e-05,0.717529,0,0.0662231,0.0717773,0.019104,0,0,306.07,310.486,316.209,310.446,2.07762,5.72247,S2C_43RGM_20260920_0_L2A,LC09_L2SP_147040_20260921_02_T1
s2delhi_r16_c05,16,5,EPSG:32643,712760.00,3156520.00,715320.00,3159080.00,77.1874,28.5294,1,1,1,0.330078,0,,,0,0,0,0.127197,0,0.449036,0,0.093689,0.203125,0.126953,0,0,289.383,307.102,314.928,306.1,5.25632,7.82623,S2C_43RGM_20260920_0_L2A,LC09_L2SP_147040_20260921_02_T1
s2delhi_r16_c06,16,6,EPSG:32643,715320.00,3156520.00,717880.00,3159080.00,77.2136,28.529,1,1,1,0.513245,0,,,0,0,0,0.0770264,0,0.374939,0,0.03479,0.36731,0.145935,0,0,292.901,310.125,314.509,309.319,3.55916,4.38373,S2C_43RGM_20260920_0_L2A,LC09_L2SP_147040_20260921_02_T1
s2delhi_r16_c07,16,7,EPSG:32643,717880.00,3156520.00,720440.00,3159080.00,77.2397,28.5285,1,1,0,0.184021,1,0,0,0,0,0,0.057312,0,0.742981,0,0.015686,0.133301,0.0507202,0,0,291.217,308.993,312.667,308.476,2.76562,3.67377,S2C_43RGM_20260920_0_L2A,LC09_L2SP_147040_20260921_02_T1
s2delhi_r16_c08,16,8,EPSG:32643,720440.00,3156520.00,723000.00,3159080.00,77.2658,28.5281,1,0,1,0.821533,0,,,0,0,0,0.0473022,0,0.104126,0,0.0270386,0.437683,0.38385,0,0,,,,,,,S2C_43RGM_20260920_0_L2A,
s2delhi_r16_c09,16,9,EPSG:32643,723000.00,3156520.00,725560.00,3159080.00,77.292,28.5277,1,0,1,0.4151,1,0,0,0,0,0,0.00134277,0,0.573364,0.00280762,0.00738525,0.357239,0.0578613,0,0,,,,,,,S2C_43RGM_20260920_0_L2A,
s2delhi_r16_c10,16,10,EPSG:32643,725560.00,3156520.00,728120.00,3159080.00,77.3181,28.5272,1,0,1,0.377258,0,,,0,0,0,0.156616,0,0.435181,0.0236816,0.00726318,0.268066,0.109192,0,0,,,,,,,S2C_43RGM_20260920_0_L2A,
s2delhi_r16_c11,16,11,EPSG:32643,728120.00,3156520.00,730680.00,3159080.00,77.3443,28.5268,1,0,1,0.401855,1,0,0,0,0,0,0,0,0.557251,0.0380859,0.00280762,0.250488,0.151367,0,0,,,,,,,S2C_43RGM_20260920_0_L2A,
s2delhi_r16_c12,16,12,EPSG:32643,730680.00,3156520.00,733240.00,3159080.00,77.3704,28.5263,1,0,1,0.702454,0,,,0,0,0,0,0,0.27771,0,0.0198364,0.600525,0.101929,0,0,,,,,,,S2C_43RGM_20260920_0_L2A,
s2delhi_r16_c13,16,13,EPSG:32643,733240.00,3156520.00,735800.00,3159080.00,77.3966,28.5259,1,0,1,0.759644,0,,,0,0,0,0,0,0.240356,0,0,0.49353,0.266113,0,0,,,,,,,S2C_43RGM_20260920_0_L2A,
s2delhi_r16_c14,16,14,EPSG:32643,735800.00,3156520.00,738360.00,3159080.00,77.4227,28.5254,1,0,1,0.757385,0,,,0,0,0,0.0452271,0,0.172058,0,0.0253296,0.311584,0.445801,0,0,,,,,,,S2C_43RGM_20260920_0_L2A,
s2delhi_r16_c15,16,15,EPSG:32643,738360.00,3156520.00,740920.00,3159080.00,77.4488,28.5249,1,0,1,0.530579,0,,,0,0,0,0.00286865,0,0.454651,0,0.0119019,0.325256,0.205322,0,0,,,,,,,S2C_43RGM_20260920_0_L2A,
s2delhi_r16_c16,16,16,EPSG:32643,740920.00,3156520.00,743480.00,3159080.00,77.475,28.5245,1,0,0,0.0604248,1,0,0,0,0,0,0,0,0.853027,0.0698853,0.0166626,0.0532837,0.00714111,0,0,,,,,,,S2C_43RGM_20260920_0_L2A,
s2delhi_r16_c17,16,17,EPSG:32643,743480.00,3156520.00,746040.00,3159080.00,77.5011,28.524,1,0,0,0.0977173,1,0,0,0,0,0,0,0,0.901978,0.000305176,0,0.0837402,0.0139771,0,0,,,,,,,S2C_43RGM_20260920_0_L2A,
s2delhi_r16_c18,16,18,EPSG:32643,746040.00,3156520.00,748600.00,3159080.00,77.5273,28.5235,1,0,0,0.275513,1,0,0,0,0,0,0.0057373,0,0.713196,0,0.0055542,0.228882,0.0466309,0,0,,,,,,,S2C_43RGM_20260920_0_L2A,
s2delhi_r16_c19,16,19,EPSG:32643,748600.00,3156520.00,751160.00,3159080.00,77.5534,28.523,1,0,0,0.269775,0,,,0,0,0,0.319519,0,0.35907,6.10352e-05,0.0515747,0.0963745,0.173401,0,0,,,,,,,S2C_43RGM_20260920_0_L2A,
s2delhi_r16_c20,16,20,EPSG:32643,751160.00,3156520.00,753720.00,3159080.00,77.5795,28.5225,1,0,1,0.356628,0,,,0,0,0,0.0606079,0.00164795,0.486267,0.0108643,0.0839844,0.131226,0.225403,0,0,,,,,,,S2C_43RGM_20260920_0_L2A,
s2delhi_r16_c21,16,21,EPSG:32643,753720.00,3156520.00,756280.00,3159080.00,77.6057,28.522,1,0,0,0.0159912,1,0,0.423323,0,0,0,0.0146484,0.403687,0.549927,0,0.0157471,0.0145264,0.00146484,0,0,,,,,,,S2C_43RGM_20260920_0_L2A,
s2delhi_r16_c22,16,22,EPSG:32643,756280.00,3156520.00,758840.00,3159080.00,77.6318,28.5215,1,0,0,0.115417,1,1,0.847957,0,0,0,0.155701,0.591614,0.106079,0,0.031189,0.0654297,0.0499878,0,0,,,,,,,S2C_43RGM_20260920_0_L2A,
s2delhi_r16_c23,16,23,EPSG:32643,758840.00,3156520.00,761400.00,3159080.00,77.658,28.521,1,0,0,0.0161743,1,1,0.867708,0,0,0,0.0206299,0.817078,0.124573,0.00250244,0.019043,0.0122681,0.00390625,0,0,,,,,,,S2C_43RGM_20260920_0_L2A,
s2delhi_r16_c24,16,24,EPSG:32643,761400.00,3156520.00,763960.00,3159080.00,77.6841,28.5205,1,0,1,0.326416,0,,,0,0,0,0.136292,0.202393,0.169312,0,0.165588,0.203369,0.123047,0,0,,,,,,,S2C_43RGM_20260920_0_L2A,
s2delhi_r16_c25,16,25,EPSG:32643,763960.00,3156520.00,766520.00,3159080.00,77.7102,28.52,1,0,0,0.141052,1,0,0.408881,0,0,0,0.214966,0.237732,0.343689,0,0.062561,0.0789795,0.0620728,0,0,,,,,,,S2C_43RGM_20260920_0_L2A,
s2delhi_r16_c26,16,26,EPSG:32643,766520.00,3156520.00,769080.00,3159080.00,77.7364,28.5194,1,0,1,0.398376,0,,,0,0,0,0.150757,0.0100098,0.233215,0,0.207642,0.200684,0.197693,0,0,,,,,,,S2C_43RGM_20260920_0_L2A,
s2delhi_r16_c27,16,27,EPSG:32643,769080.00,3156520.00,771640.00,3159080.00,77.7625,28.5189,1,0,1,0.441895,0,,,0,0,0,0.301331,0.00134277,0.11084,0,0.144592,0.215149,0.226746,0,0,,,,,,,S2C_43RGM_20260920_0_L2A,
s2delhi_r16_c28,16,28,EPSG:32643,771640.00,3156520.00,774200.00,3159080.00,77.7886,28.5184,1,0,0,0.264221,1,0,0.330526,0,0,0,0.167542,0.170044,0.344421,0,0.053772,0.140869,0.123352,0,0,,,,,,,S2C_43RGM_20260920_0_L2A,
s2delhi_r16_c29,16,29,EPSG:32643,774200.00,3156520.00,776760.00,3159080.00,77.8148,28.5178,1,0,0,0.160095,1,1,0.709666,0,0,0,0.1745,0.377747,0.154541,0,0.133118,0.127747,0.0323486,0,0,,,,,,,S2C_43RGM_20260920_0_L2A,
s2delhi_r16_c30,16,30,EPSG:32643,776760.00,3156520.00,779320.00,3159080.00,77.8409,28.5173,1,0,1,0.308655,0,,,0,0,0,0.209778,0.132629,0.260681,0,0.0882568,0.171204,0.137451,0,0,,,,,,,S2C_43RGM_20260920_0_L2A,
s2delhi_r16_c31,16,31,EPSG:32643,779320.00,3156520.00,781880.00,3159080.00,77.867,28.5167,1,0,0,0.179199,1,1,0.598836,0,0,0,0.233643,0.313965,0.210327,0,0.0628662,0.104736,0.0744629,0,0,,,,,,,S2C_43RGM_20260920_0_L2A,
s2delhi_r16_c32,16,32,EPSG:32643,781880.00,3156520.00,784440.00,3159080.00,77.8931,28.5162,1,0,1,0.404968,0,,,0,0,0,0.220825,0.120361,0.134216,0,0.119629,0.206665,0.198303,0,0,,,,,,,S2C_43RGM_20260920_0_L2A,
s2delhi_r16_c33,16,33,EPSG:32643,784440.00,3156520.00,787000.00,3159080.00,77.9193,28.5156,1,0,1,0.320129,0,,,0,0,0,0.207031,0.258484,0.14856,0,0.0657959,0.125244,0.194885,0,0,,,,,,,S2C_43RGM_20260920_0_L2A,
s2delhi_r16_c34,16,34,EPSG:32643,787000.00,3156520.00,789560.00,3159080.00,77.9454,28.5151,1,0,1,0.365784,0,,,0,0,0,0.177124,0.074646,0.284119,0,0.0983276,0.195251,0.170532,0,0,,,,,,,S2C_43RGM_20260920_0_L2A,
s2delhi_r16_c35,16,35,EPSG:32643,789560.00,3156520.00,792120.00,3159080.00,77.9715,28.5145,1,0,0,0.071106,1,0,0.40437,0,0,0,0.198425,0.283508,0.417603,0,0.0293579,0.0404663,0.0306396,0,0,,,,,,,S2C_43RGM_20260920_0_L2A,
s2delhi_r16_c36,16,36,EPSG:32643,792120.00,3156520.00,794680.00,3159080.00,77.9977,28.5139,1,0,1,0.354858,0,,,0,0,0,0.250732,0.0337524,0.268311,0,0.0923462,0.174194,0.180664,0,0,,,,,,,S2C_43RGM_20260920_0_L2A,
s2delhi_r16_c37,16,37,EPSG:32643,794680.00,3156520.00,797240.00,3159080.00,78.0238,28.5133,1,0,1,0.379395,0,,,0,0,0,0.129395,0.0527344,0.359497,0,0.0789795,0.185608,0.193787,0,0,,,,,,,S2C_43RGM_20260920_0_L2A,
s2delhi_r16_c38,16,38,EPSG:32643,797240.00,3156520.00,799800.00,3159080.00,78.0499,28.5128,1,0,0,0.203491,1,0,0.140474,0,0,0,0.0614624,0.0961304,0.588196,0,0.0507202,0.128967,0.0745239,0,0,,,,,,,S2C_43RGM_20260920_0_L2A,
s2delhi_r16_c39,16,39,EPSG:32643,799800.00,3156520.00,802360.00,3159080.00,78.076,28.5122,1,0,0,0.229187,1,0,0.364827,0,0,0,0.110107,0.224365,0.390625,0,0.0457153,0.147156,0.0820312,0,0,,,,,,,S2C_43RGM_20260920_0_L2A,
s2delhi_r16_c40,16,40,EPSG:32643,802360.00,3156520.00,804920.00,3159080.00,78.1022,28.5116,1,0,1,0.503296,0,,,0,0,0,0.152649,0.0535278,0.260376,0,0.0301514,0.249329,0.253967,0,0,,,,,,,S2C_43RGM_20260920_0_L2A,
s2delhi_r16_c41,16,41,EPSG:32643,804920.00,3156520.00,807480.00,3159080.00,78.1283,28.511,1,0,1,0.38562,0,,,0,0,0,0.308044,0.0653687,0.188049,0,0.0529175,0.203857,0.181763,0,0,,,,,,,S2C_43RGM_20260920_0_L2A,
s2delhi_r17_c00,17,0,EPSG:32643,699960.00,3153960.00,702520.00,3156520.00,77.0562,28.5083,1,1,1,0.38147,0,,,0,0,0,0.209656,0.000183105,0.382874,0,0.0258179,0.202454,0.179016,0,0,290.395,311.619,317.151,309.852,5.03729,5.53217,S2C_43RGM_20260920_0_L2A,LC09_L2SP_147040_20260921_02_T1
s2delhi_r17_c01,17,1,EPSG:32643,702520.00,3153960.00,705080.00,3156520.00,77.0824,28.5079,1,1,1,0.380859,0,,,0,0,0,0.116455,0,0.49176,0,0.0109253,0.237671,0.143188,0,0,290.723,311.903,319.284,310.467,5.12869,7.38031,S2C_43RGM_20260920_0_L2A,LC09_L2SP_147040_20260921_02_T1
s2delhi_r17_c02,17,2,EPSG:32643,705080.00,3153960.00,707640.00,3156520.00,77.1085,28.5075,1,1,1,0.408508,0,,,0,0,0,0.104065,0.000183105,0.358032,0,0.129211,0.237732,0.170776,0,0,297.033,310.987,317.369,310.663,2.38837,6.38168,S2C_43RGM_20260920_0_L2A,LC09_L2SP_147040_20260921_02_T1
s2delhi_r17_c03,17,3,EPSG:32643,707640.00,3153960.00,710200.00,3156520.00,77.1347,28.5071,1,1,0,0.274902,1,0,0.000705053,0,0,0,0.0581055,0.000366211,0.519043,0,0.147583,0.184814,0.0900879,0,0,291.805,307.286,316.706,306.71,5.01488,9.41943,S2C_43RGM_20260920_0_L2A,LC09_L2SP_147040_20260921_02_T1
s2delhi_r17_c04,17,4,EPSG:32643,710200.00,3153960.00,712760.00,3156520.00,77.1608,28.5067,1,1,1,0.540771,0,,,0,0,0,0.081665,0,0.332886,0,0.0446777,0.307434,0.233337,0,0,297.321,310.758,319.706,310.596,2.71476,8.94803,S2C_43RGM_20260920_0_L2A,LC09_L2SP_147040_20260921_02_T1
s2delhi_r17_c05,17,5,EPSG:32643,712760.00,3153960.00,715320.00,3156520.00,77.1869,28.5063,1,1,1,0.573547,0,,,0,0,0,0.139587,0,0.189697,0,0.097168,0.34259,0.230957,0,0,294.681,310.435,316.064,309.833,3.81463,5.62866,S2C_43RGM_20260920_0_L2A,LC09_L2SP_147040_20260921_02_T1
s2delhi_r17_c06,17,6,EPSG:32643,715320.00,3153960.00,717880.00,3156520.00,77.2131,28.5059,1,1,1,0.444275,0,,,0,0,0,0.203979,0,0.322205,0,0.029541,0.205994,0.238281,0,0,289.47,309.489,314.86,308.396,4.53351,5.37042,S2C_43RGM_20260920_0_L2A,LC09_L2SP_147040_20260921_02_T1
s2delhi_r17_c07,17,7,EPSG:32643,717880.00,3153960.00,720440.00,3156520.00,77.2392,28.5054,1,1,1,0.463562,0,,,0,0,0,0.125427,0,0.408752,0,0.0022583,0.343445,0.120117,0,0,289.188,308.861,314.06,306.215,6.53878,5.19873,S2C_43RGM_20260920_0_L2A,LC09_L2SP_147040_20260921_02_T1
s2delhi_r17_c08,17,8,EPSG:32643,720440.00,3153960.00,723000.00,3156520.00,77.2654,28.505,1,0,1,0.859863,0,,,0,0,0,0.122375,0,0.00299072,0,0.0147705,0.265503,0.59436,0,0,,,,,,,S2C_43RGM_20260920_0_L2A,
s2delhi_r17_c09,17,9,EPSG:32643,723000.00,3153960.00,725560.00,3156520.00,77.2915,28.5046,1,0,1,0.381165,1,0,0,0,0,0,0.0519409,0,0.554016,0,0.0128784,0.345886,0.0352783,0,0,,,,,,,S2C_43RGM_20260920_0_L2A,
s2delhi_r17_c10,17,10,EPSG:32643,725560.00,3153960.00,728120.00,3156520.00,77.3176,28.5041,1,0,1,0.997131,0,,,0,0,0,0.00286865,0,0,0,0,0.30072,0.696411,0,0,,,,,,,S2C_43RGM_20260920_0_L2A,
s2delhi_r17_c11,17,11,EPSG:32643,728120.00,3153960.00,730680.00,3156520.00,77.3438,28.5037,1,0,0,0.261841,1,0,0,0,0,0,0.0307617,0,0.677307,0.00994873,0.0201416,0.222168,0.0396729,0,0,,,,,,,S2C_43RGM_20260920_0_L2A,
s2delhi_r17_c12,17,12,EPSG:32643,730680.00,3153960.00,733240.00,3156520.00,77.3699,28.5032,1,0,1,0.996277,0,,,0,0,0,0,0,0.00012207,0,0.00360107,0.370605,0.625671,0,0,,,,,,,S2C_43RGM_20260920_0_L2A,
s2delhi_r17_c13,17,13,EPSG:32643,733240.00,3153960.00,735800.00,3156520.00,77.396,28.5028,1,0,1,0.830322,0,,,0,0,0,0,0,0.169678,0,0,0.238403,0.591919,0,0,,,,,,,S2C_43RGM_20260920_0_L2A,
s2delhi_r17_c14,17,14,EPSG:32643,735800.00,3153960.00,738360.00,3156520.00,77.4222,28.5023,1,0,0,0.156921,1,0,0,0,0,0,0,0,0.839417,0,0.00366211,0.149048,0.00787354,0,0,,,,,,,S2C_43RGM_20260920_0_L2A,
s2delhi_r17_c15,17,15,EPSG:32643,738360.00,3153960.00,740920.00,3156520.00,77.4483,28.5018,1,0,1,0.381775,1,0,0,0,0,0,0.0204468,0,0.547302,0.00628662,0.0441895,0.27301,0.108765,0,0,,,,,,,S2C_43RGM_20260920_0_L2A,
s2delhi_r17_c16,17,16,EPSG:32643,740920.00,3153960.00,743480.00,3156520.00,77.4744,28.5014,1,0,1,0.519226,0,,,0,0,0,0.110596,0,0.311951,0,0.0582275,0.287292,0.231934,0,0,,,,,,,S2C_43RGM_20260920_0_L2A,
s2delhi_r17_c17,17,17,EPSG:32643,743480.00,3153960.00,746040.00,3156520.00,77.5006,28.5009,1,0,1,0.317322,1,0,0,0,0,0,0.0787354,0,0.545898,0,0.0580444,0.15448,0.162842,0,0,,,,,,,S2C_43RGM_20260920_0_L2A,
s2delhi_r17_c18,17,18,EPSG:32643,746040.00,3153960.00,748600.00,3156520.00,77.5267,28.5004,1,0,1,0.558655,0,,,0,0,0,0.00970459,0,0.413025,0,0.0186157,0.260742,0.297913,0,0,,,,,,,S2C_43RGM_20260920_0_L2A,
s2delhi_r17_c19,17,19,EPSG:32643,748600.00,3153960.00,751160.00,3156520.00,77.5528,28.4999,1,0,1,0.508362,0,,,0,0,0,0.00311279,0,0.351746,0,0.13678,0.256287,0.252075,0,0,,,,,,,S2C_43RGM_20260920_0_L2A,
s2delhi_r17_c20,17,20,EPSG:32643,751160.00,3153960.00,753720.00,3156520.00,77.579,28.4994,1,0,1,0.446655,0,,,0,0,0,0.0206909,0,0.386292,0,0.146362,0.228577,0.218079,0,0,,,,,,,S2C_43RGM_20260920_0_L2A,
s2delhi_r17_c21,17,21,EPSG:32643,753720.00,3153960.00,756280.00,3156520.00,77.6051,28.4989,1,0,0,0.000244141,1,0,0.456411,0,0,0,0,0.45343,0.540039,0,0.00628662,0.000244141,0,0,0,,,,,,,S2C_43RGM_20260920_0_L2A,
s2delhi_r17_c22,17,22,EPSG:32643,756280.00,3153960.00,758840.00,3156520.00,77.6312,28.4984,1,0,0,0.0542603,1,1,0.524084,0,0,0,0.0703125,0.443604,0.402832,0,0.0289917,0.0344238,0.0198364,0,0,,,,,,,S2C_43RGM_20260920_0_L2A,
s2delhi_r17_c23,17,23,EPSG:32643,758840.00,3153960.00,761400.00,3156520.00,77.6574,28.4979,1,0,0,0.0153198,1,0,0.448614,0,0,0,0.0227051,0.424683,0.521973,0,0.0153198,0.0147705,0.000549316,0,0,,,,,,,S2C_43RGM_20260920_0_L2A,
s2delhi_r17_c24,17,24,EPSG:32643,761400.00,3153960.00,763960.00,3156520.00,77.6835,28.4974,1,0,0,0.0811768,1,0,0.315138,0,0,0,0.135193,0.220581,0.47937,0,0.0836792,0.0518188,0.0293579,0,0,,,,,,,S2C_43RGM_20260920_0_L2A,
s2delhi_r17_c25,17,25,EPSG:32643,763960.00,3153960.00,766520.00,3156520.00,77.7096,28.4969,1,0,0,0.248474,1,0,0.355618,0,0,0,0.111145,0.194153,0.351807,0,0.0944214,0.171021,0.0774536,0,0,,,,,,,S2C_43RGM_20260920_0_L2A,
s2delhi_r17_c26,17,26,EPSG:32643,766520.00,3153960.00,769080.00,3156520.00,77.7358,28.4964,1,0,1,0.326355,0,,,0,0,0,0.247131,0.0363159,0.316772,0,0.0734253,0.165588,0.160767,0,0,,,,,,,S2C_43RGM_20260920_0_L2A,
s2delhi_r17_c27,17,27,EPSG:32643,769080.00,3153960.00,771640.00,3156520.00,77.7619,28.4958,1,0,0,0.197083,1,0,0.0901578,0,0,0,0.166992,0.0512695,0.517395,0,0.0672607,0.106689,0.0903931,0,0,,,,,,,S2C_43RGM_20260920_0_L2A,
s2delhi_r17_c28,17,28,EPSG:32643,771640.00,3153960.00,774200.00,3156520.00,77.788,28.4953,1,0,1,0.360474,0,,,0,0,0,0.171265,0.0383911,0.31842,0.00012207,0.111328,0.141296,0.219177,0,0,,,,,,,S2C_43RGM_20260920_0_L2A,
s2delhi_r17_c29,17,29,EPSG:32643,774200.00,3153960.00,776760.00,3156520.00,77.8141,28.4948,1,0,0,0.283325,0,,,0,0,0,0.172729,0.164551,0.250183,0,0.129211,0.172546,0.110779,0,0,,,,,,,S2C_43RGM_20260920_0_L2A,
s2delhi_r17_c30,17,30,EPSG:32643,776760.00,3153960.00,779320.00,3156520.00,77.8403,28.4942,1,0,1,0.463928,0,,,0,0,0,0.201172,0.031189,0.215271,0,0.0884399,0.193542,0.270386,0,0,,,,,,,S2C_43RGM_20260920_0_L2A,
s2delhi_r17_c31,17,31,EPSG:32643,779320.00,3153960.00,781880.00,3156520.00,77.8664,28.4937,1,0,1,0.38562,0,,,0,0,0,0.329041,0.0393066,0.190552,0,0.055481,0.17749,0.20813,0,0,,,,,,,S2C_43RGM_20260920_0_L2A,
s2delhi_r17_c32,17,32,EPSG:32643,781880.00,3153960.00,784440.00,3156520.00,77.8925,28.4931,1,0,1,0.31366,0,,,0,0,0,0.197815,0.133911,0.251038,0,0.103577,0.18396,0.1297,0,0,,,,,,,S2C_43RGM_20260920_0_L2A,
s2delhi_r17_c33,17,33,EPSG:32643,784440.00,3153960.00,787000.00,3156520.00,77.9186,28.4925,1,0,0,0.226685,1,1,0.671909,0,0,0,0.155762,0.338989,0.165527,0,0.113037,0.159668,0.0670166,0,0,,,,,,,S2C_43RGM_20260920_0_L2A,
s2delhi_r17_c34,17,34,EPSG:32643,787000.00,3153960.00,789560.00,3156520.00,77.9448,28.492,1,0,1,0.365906,0,,,0,0,0,0.224854,0.0750122,0.233521,0,0.100708,0.176819,0.189087,0,0,,,,,,,S2C_43RGM_20260920_0_L2A,
s2delhi_r17_c35,17,35,EPSG:32643,789560.00,3153960.00,792120.00,3156520.00,77.9709,28.4914,1,0,1,0.384949,0,,,0,0,0,0.223877,0.0219116,0.299805,0,0.069458,0.189819,0.195129,0,0,,,,,,,S2C_43RGM_20260920_0_L2A,
s2delhi_r17_c36,17,36,EPSG:32643,792120.00,3153960.00,794680.00,3156520.00,77.997,28.4908,1,0,1,0.432861,0,,,0,0,0,0.252197,0.00457764,0.225403,0,0.0849609,0.189331,0.24353,0,0,,,,,,,S2C_43RGM_20260920_0_L2A,
s2delhi_r17_c37,17,37,EPSG:32643,794680.00,3153960.00,797240.00,3156520.00,78.0231,28.4903,1,0,1,0.560608,0,,,0,0,0,0.207764,0.00231934,0.106262,0,0.123047,0.272705,0.287903,0,0,,,,,,,S2C_43RGM_20260920_0_L2A,
s2delhi_r17_c38,17,38,EPSG:32643,797240.00,3153960.00,799800.00,3156520.00,78.0492,28.4897,1,0,1,0.425903,0,,,0,0,0,0.00653076,0.0505981,0.410767,0,0.106201,0.149902,0.276001,0,0,,,,,,,S2C_43RGM_20260920_0_L2A,
s2delhi_r17_c39,17,39,EPSG:32643,799800.00,3153960.00,802360.00,3156520.00,78.0754,28.4891,1,0,0,0.0839844,1,0,0.31558,0,0,0,0.103821,0.251709,0.545898,0,0.0145874,0.0493774,0.0346069,0,0,,,,,,,S2C_43RGM_20260920_0_L2A,
s2delhi_r17_c40,17,40,EPSG:32643,802360.00,3153960.00,804920.00,3156520.00,78.1015,28.4885,1,0,1,0.316284,0,,,0,0,0,0.149231,0.0720825,0.373535,0,0.0888672,0.171082,0.145203,0,0,,,,,,,S2C_43RGM_20260920_0_L2A,
s2delhi_r17_c41,17,41,EPSG:32643,804920.00,3153960.00,807480.00,3156520.00,78.1276,28.4879,1,0,1,0.443848,0,,,0,0,0,0.12738,0.0212402,0.316467,0,0.0910645,0.26825,0.175598,0,0,,,,,,,S2C_43RGM_20260920_0_L2A,
s2delhi_r18_c00,18,0,EPSG:32643,699960.00,3151400.00,702520.00,3153960.00,77.0558,28.4852,1,1,1,0.535706,0,,,0,0,0,0.17804,0.000244141,0.262573,0,0.0234375,0.314636,0.221069,0,0,288.113,310.944,319.089,308.699,7.34786,8.14517,S2C_43RGM_20260920_0_L2A,LC09_L2SP_147040_20260921_02_T1
s2delhi_r18_c01,18,1,EPSG:32643,702520.00,3151400.00,705080.00,3153960.00,77.0819,28.4849,1,1,1,0.726746,0,,,0,0,0,0,0,0.273254,0,0,0.398071,0.328674,0,0,293.035,311.217,320.679,310.432,4.71451,9.46249,S2C_43RGM_20260920_0_L2A,LC09_L2SP_147040_20260921_02_T1
s2delhi_r18_c02,18,2,EPSG:32643,705080.00,3151400.00,707640.00,3153960.00,77.108,28.4844,1,1,1,0.395874,0,,,0,0,0,0.0974121,6.10352e-05,0.391052,0,0.115601,0.22406,0.171814,0,0,292.032,309.61,314.561,308.526,3.96011,4.95108,S2C_43RGM_20260920_0_L2A,LC09_L2SP_147040_20260921_02_T1
s2delhi_r18_c03,18,3,EPSG:32643,707640.00,3151400.00,710200.00,3153960.00,77.1342,28.484,1,1,0,0.297913,1,0,0.000117897,0,0,0,0.00488281,6.10352e-05,0.517639,0,0.179504,0.191467,0.106445,0,0,293.824,310.319,315.16,309.654,3.46707,4.84158,S2C_43RGM_20260920_0_L2A,LC09_L2SP_147040_20260921_02_T1
s2delhi_r18_c04,18,4,EPSG:32643,710200.00,3151400.00,712760.00,3153960.00,77.1603,28.4836,1,1,1,0.30957,0,,,0,0,0,0.168396,0,0.489502,0,0.0325317,0.149536,0.160034,0,0,296.627,310.232,314.946,309.649,2.81576,4.71414,S2C_43RGM_20260920_0_L2A,LC09_L2SP_147040_20260921_02_T1
s2delhi_r18_c05,18,5,EPSG:32643,712760.00,3151400.00,715320.00,3153960.00,77.1865,28.4832,1,1,1,0.668396,0,,,0,0,0,0.0194702,0,0.271423,0,0.0407104,0.316833,0.351562,0,0,293.268,309.208,314.928,308.668,3.61378,5.71939,S2C_43RGM_20260920_0_L2A,LC09_L2SP_147040_20260921_02_T1
s2delhi_r18_c06,18,6,EPSG:32643,715320.00,3151400.00,717880.00,3153960.00,77.2126,28.4828,1,1,1,0.3125,1,0,0.000606722,0,0,0,0.0731812,0.000305176,0.502686,0,0.111328,0.139832,0.172668,0,0,292.216,308.411,314.091,308.001,3.2738,5.6803,S2C_43RGM_20260920_0_L2A,LC09_L2SP_147040_20260921_02_T1
s2delhi_r18_c07,18,7,EPSG:32643,717880.00,3151400.00,720440.00,3153960.00,77.2387,28.4824,1,0,0,0.15155,1,0,0.000253593,0,0,0,0.111755,0.000183105,0.721863,0,0.0146484,0.119202,0.0323486,0,0,,,,,,,S2C_43RGM_20260920_0_L2A,
s2delhi_r18_c08,18,8,EPSG:32643,720440.00,3151400.00,723000.00,3153960.00,77.2649,28.4819,1,0,1,0.361938,0,,,0,0,0,0.0244141,0,0.48175,0,0.131897,0.157104,0.204834,0,0,,,,,,,S2C_43RGM_20260920_0_L2A,
s2delhi_r18_c09,18,9,EPSG:32643,723000.00,3151400.00,725560.00,3153960.00,77.291,28.4815,1,0,1,0.689331,0,,,0,0,0,0.222046,0,0.046814,0.0010376,0.0407715,0.32019,0.369141,0,0,,,,,,,S2C_43RGM_20260920_0_L2A,
s2delhi_r18_c10,18,10,EPSG:32643,725560.00,3151400.00,728120.00,3153960.00,77.3171,28.481,1,0,1,0.932495,0,,,0,0,0,0,0,0.0675049,0,0,0.23053,0.701965,0,0,,,,,,,S2C_43RGM_20260920_0_L2A,
s2delhi_r18_c11,18,11,EPSG:32643,728120.00,3151400.00,730680.00,3153960.00,77.3433,28.4806,1,0,0,0.141357,1,0,0,0,0,0,0.0247803,0,0.733032,0.000915527,0.0999146,0.0878296,0.0535278,0,0,,,,,,,S2C_43RGM_20260920_0_L2A,
s2delhi_r18_c12,18,12,EPSG:32643,730680.00,3151400.00,733240.00,3153960.00,77.3694,28.4801,1,0,1,0.920898,0,,,0,0,0,0.0553589,0,0.0114136,0.00390625,0.00842285,0.194214,0.726685,0,0,,,,,,,S2C_43RGM_20260920_0_L2A,
s2delhi_r18_c13,18,13,EPSG:32643,733240.00,3151400.00,735800.00,3153960.00,77.3955,28.4797,1,0,1,0.657471,0,,,0,0,0,0,0,0.322021,0.0161133,0.00439453,0.367065,0.290405,0,0,,,,,,,S2C_43RGM_20260920_0_L2A,
s2delhi_r18_c14,18,14,EPSG:32643,735800.00,3151400.00,738360.00,3153960.00,77.4217,28.4792,1,0,0,0.157227,1,0,0,0,0,0,0.0147705,0,0.787964,0.0356445,0.00439453,0.124573,0.0326538,0,0,,,,,,,S2C_43RGM_20260920_0_L2A,
s2delhi_r18_c15,18,15,EPSG:32643,738360.00,3151400.00,740920.00,3153960.00,77.4478,28.4788,1,0,0,0.199463,1,0,0,0,0,0,0.0721436,0,0.692078,0,0.0363159,0.0840454,0.115417,0,0,,,,,,,S2C_43RGM_20260920_0_L2A,
s2delhi_r18_c16,18,16,EPSG:32643,740920.00,3151400.00,743480.00,3153960.00,77.4739,28.4783,1,0,0,0.196533,1,0,0,0,0,0,0.00701904,0,0.713135,0,0.083313,0.165222,0.031311,0,0,,,,,,,S2C_43RGM_20260920_0_L2A,
s2delhi_r18_c17,18,17,EPSG:32643,743480.00,3151400.00,746040.00,3153960.00,77.5,28.4778,1,0,0,0.0918579,1,0,0,0,0,0,0.000427246,0,0.887695,0,0.0200195,0.0863037,0.0055542,0,0,,,,,,,S2C_43RGM_20260920_0_L2A,
s2delhi_r18_c18,18,18,EPSG:32643,746040.00,3151400.00,748600.00,3153960.00,77.5262,28.4773,1,0,0,0.191956,1,0,7.85484e-05,0,0,0,0.0255127,6.10352e-05,0.776978,0,0.00549316,0.126892,0.0650635,0,0,,,,,,,S2C_43RGM_20260920_0_L2A,
s2delhi_r18_c19,18,19,EPSG:32643,748600.00,3151400.00,751160.00,3153960.00,77.5523,28.4768,1,0,1,0.669861,0,,,0,0,0,0.000427246,0,0.229919,0,0.0997925,0.389648,0.280212,0,0,,,,,,,S2C_43RGM_20260920_0_L2A,
s2delhi_r18_c20,18,20,EPSG:32643,751160.00,3151400.00,753720.00,3153960.00,77.5784,28.4763,1,0,1,0.346313,1,0,0.00466608,0,0,0,0.015686,0.00292969,0.624939,0,0.0101318,0.175903,0.17041,0,0,,,,,,,S2C_43RGM_20260920_0_L2A,
s2delhi_r18_c21,18,21,EPSG:32643,753720.00,3151400.00,756280.00,3153960.00,77.6045,28.4758,1,0,0,0.0263062,1,0,0.187384,0,0,0,0.000183105,0.178223,0.772888,0.00866699,0.0137329,0.0143433,0.0119629,0,0,,,,,,,S2C_43RGM_20260920_0_L2A,
s2delhi_r18_c22,18,22,EPSG:32643,756280.00,3151400.00,758840.00,3153960.00,77.6307,28.4753,1,0,1,0.500061,0,,,0,0,0,0.163757,0.0264282,0.21991,0,0.0898438,0.24469,0.255371,0,0,,,,,,,S2C_43RGM_20260920_0_L2A,
s2delhi_r18_c23,18,23,EPSG:32643,758840.00,3151400.00,761400.00,3153960.00,77.6568,28.4748,1,0,1,0.660706,0,,,0,0,0,0.0599976,0,0.260376,0,0.0189209,0.338318,0.322388,0,0,,,,,,,S2C_43RGM_20260920_0_L2A,
s2delhi_r18_c24,18,24,EPSG:32643,761400.00,3151400.00,763960.00,3153960.00,77.6829,28.4743,1,0,0,0.2948,1,0,0.0116279,0,0,0,0.0375977,0.00714111,0.606995,0,0.0534668,0.195923,0.098877,0,0,,,,,,,S2C_43RGM_20260920_0_L2A,
s2delhi_r18_c25,18,25,EPSG:32643,763960.00,3151400.00,766520.00,3153960.00,77.709,28.4738,1,0,0,0.243286,0,,,0,0,0,0.241638,0.081604,0.37854,0,0.0549316,0.171021,0.0722656,0,0,,,,,,,S2C_43RGM_20260920_0_L2A,
s2delhi_r18_c26,18,26,EPSG:32643,766520.00,3151400.00,769080.00,3153960.00,77.7352,28.4733,1,0,1,0.409302,0,,,0,0,0,0.0112305,0.0360718,0.396667,0,0.146729,0.223633,0.185669,0,0,,,,,,,S2C_43RGM_20260920_0_L2A,
s2delhi_r18_c27,18,27,EPSG:32643,769080.00,3151400.00,771640.00,3153960.00,77.7613,28.4727,1,0,0,0.203674,1,0,0.407108,0,0,0,0.0872192,0.224426,0.326843,0,0.157837,0.121826,0.0818481,0,0,,,,,,,S2C_43RGM_20260920_0_L2A,
s2delhi_r18_c28,18,28,EPSG:32643,771640.00,3151400.00,774200.00,3153960.00,77.7874,28.4722,1,0,0,0.250427,0,,,0,0,0,0.183899,0.117615,0.275635,0.000183105,0.172241,0.149048,0.101379,0,0,,,,,,,S2C_43RGM_20260920_0_L2A,
s2delhi_r18_c29,18,29,EPSG:32643,774200.00,3151400.00,776760.00,3153960.00,77.8135,28.4717,1,0,1,0.511047,0,,,0,0,0,0.200012,0.00952148,0.192139,0,0.0872803,0.237854,0.273193,0,0,,,,,,,S2C_43RGM_20260920_0_L2A,
s2delhi_r18_c30,18,30,EPSG:32643,776760.00,3151400.00,779320.00,3153960.00,77.8396,28.4711,1,0,1,0.334839,0,,,0,0,0,0.173279,0.00488281,0.385681,0,0.101318,0.143616,0.191223,0,0,,,,,,,S2C_43RGM_20260920_0_L2A,
s2delhi_r18_c31,18,31,EPSG:32643,779320.00,3151400.00,781880.00,3153960.00,77.8658,28.4706,1,0,1,0.373596,0,,,0,0,0,0.160156,0.0443115,0.280823,0,0.141113,0.184631,0.188965,0,0,,,,,,,S2C_43RGM_20260920_0_L2A,
s2delhi_r18_c32,18,32,EPSG:32643,781880.00,3151400.00,784440.00,3153960.00,77.8919,28.47,1,0,1,0.491394,0,,,0,0,0,0.176331,0.0275879,0.20874,0,0.0959473,0.212952,0.278442,0,0,,,,,,,S2C_43RGM_20260920_0_L2A,
s2delhi_r18_c33,18,33,EPSG:32643,784440.00,3151400.00,787000.00,3153960.00,77.918,28.4695,1,0,1,0.335571,0,,,0,0,0,0.147766,0.236023,0.215576,0,0.0650635,0.208557,0.127014,0,0,,,,,,,S2C_43RGM_20260920_0_L2A,
s2delhi_r18_c34,18,34,EPSG:32643,787000.00,3151400.00,789560.00,3153960.00,77.9441,28.4689,1,0,1,0.359741,0,,,0,0,0,0.209167,0.0971069,0.232605,0,0.101379,0.207031,0.15271,0,0,,,,,,,S2C_43RGM_20260920_0_L2A,
s2delhi_r18_c35,18,35,EPSG:32643,789560.00,3151400.00,792120.00,3153960.00,77.9702,28.4683,1,0,1,0.426758,0,,,0,0,0,0.0733643,0.0120239,0.360168,0,0.127686,0.241028,0.18573,0,0,,,,,,,S2C_43RGM_20260920_0_L2A,
s2delhi_r18_c36,18,36,EPSG:32643,792120.00,3151400.00,794680.00,3153960.00,77.9963,28.4678,1,0,1,0.315796,0,,,0,0,0,0.129456,0.159546,0.324646,0,0.0705566,0.136353,0.179443,0,0,,,,,,,S2C_43RGM_20260920_0_L2A,
s2delhi_r18_c37,18,37,EPSG:32643,794680.00,3151400.00,797240.00,3153960.00,78.0225,28.4672,1,0,1,0.687927,0,,,0,0,0,0.156006,0,0.0602417,0,0.0958252,0.294617,0.393311,0,0,,,,,,,S2C_43RGM_20260920_0_L2A,
s2delhi_r18_c38,18,38,EPSG:32643,797240.00,3151400.00,799800.00,3153960.00,78.0486,28.4666,1,0,1,0.481812,0,,,0,0,0,0.0698242,0.0388794,0.303467,0,0.106018,0.187073,0.294739,0,0,,,,,,,S2C_43RGM_20260920_0_L2A,
s2delhi_r18_c39,18,39,EPSG:32643,799800.00,3151400.00,802360.00,3153960.00,78.0747,28.466,1,0,0,0.245422,0,,,0,0,0,0.228516,0.155518,0.327881,0,0.0426636,0.130188,0.115234,0,0,,,,,,,S2C_43RGM_20260920_0_L2A,
s2delhi_r18_c40,18,40,EPSG:32643,802360.00,3151400.00,804920.00,3153960.00,78.1008,28.4654,1,0,1,0.345032,0,,,0,0,0,0.147095,0.0418091,0.360168,0,0.105896,0.17981,0.165161,6.10352e-05,0,,,,,,,S2C_43RGM_20260920_0_L2A,
s2delhi_r18_c41,18,41,EPSG:32643,804920.00,3151400.00,807480.00,3153960.00,78.1269,28.4648,1,0,1,0.3573,0,,,0,0,0,0.181641,0.14447,0.290405,0,0.0261841,0.187683,0.169617,0,0,,,,,,,S2C_43RGM_20260920_0_L2A,
s2delhi_r19_c00,19,0,EPSG:32643,699960.00,3148840.00,702520.00,3151400.00,77.0553,28.4622,1,1,1,0.836243,0,,,0,0,0,0.0374146,0,0.12085,0,0.00549316,0.490234,0.346008,0,0,292.478,311.051,318.006,309.584,5.13914,6.95493,S2C_43RGM_20260920_0_L2A,LC09_L2SP_147040_20260921_02_T1
s2delhi_r19_c01,19,1,EPSG:32643,702520.00,3148840.00,705080.00,3151400.00,77.0815,28.4618,1,1,0,0.177551,1,0,0,0,0,0,0.00714111,0,0.815186,0,0.00012207,0.134583,0.0429688,0,0,291.11,309.928,316.455,308.422,4.26911,6.52771,S2C_43RGM_20260920_0_L2A,LC09_L2SP_147040_20260921_02_T1
s2delhi_r19_c02,19,2,EPSG:32643,705080.00,3148840.00,707640.00,3151400.00,77.1076,28.4614,1,1,1,0.365601,0,,,0,0,0,0.10614,6.10352e-05,0.399597,0,0.128601,0.238647,0.126953,0,0,287.694,306.945,312.141,304.905,5.71747,5.19562,S2C_43RGM_20260920_0_L2A,LC09_L2SP_147040_20260921_02_T1
s2delhi_r19_c03,19,3,EPSG:32643,707640.00,3148840.00,710200.00,3151400.00,77.1337,28.4609,1,1,0,0.204773,1,0,0.000730155,0,0,0,0.0893555,0.000427246,0.584717,0,0.120728,0.113098,0.0916748,0,0,293.734,309.493,314.83,309.031,3.07491,5.33725,S2C_43RGM_20260920_0_L2A,LC09_L2SP_147040_20260921_02_T1
s2delhi_r19_c04,19,4,EPSG:32643,710200.00,3148840.00,712760.00,3151400.00,77.1599,28.4605,1,1,1,0.306885,1,0,0,0,0,0,0.076355,0,0.504944,0,0.111816,0.174683,0.132202,0,0,306.481,311.121,319.222,311.395,2.36398,8.1008,S2C_43RGM_20260920_0_L2A,LC09_L2SP_147040_20260921_02_T1
s2delhi_r19_c05,19,5,EPSG:32643,712760.00,3148840.00,715320.00,3151400.00,77.186,28.4601,1,1,1,0.534363,0,,,0,0,0,0.0325317,0,0.386108,0,0.0469971,0.316406,0.217957,0,0,294.13,312.528,323.378,312.274,3.75257,10.8501,S2C_43RGM_20260920_0_L2A,LC09_L2SP_147040_20260921_02_T1
s2delhi_r19_c06,19,6,EPSG:32643,715320.00,3148840.00,717880.00,3151400.00,77.2121,28.4597,1,1,1,0.331604,0,,,0,0,0,0.043457,0.000427246,0.493835,0,0.130676,0.176636,0.154968,0,0,294.057,307.799,314.175,307.455,3.25012,6.3761,S2C_43RGM_20260920_0_L2A,LC09_L2SP_147040_20260921_02_T1
s2delhi_r19_c07,19,7,EPSG:32643,717880.00,3148840.00,720440.00,3151400.00,77.2382,28.4593,1,0,0,0.202271,1,0,0.000636653,0,0,0,0,0.000427246,0.670654,0,0.126648,0.114807,0.0874634,0,0,,,,,,,S2C_43RGM_20260920_0_L2A,
s2delhi_r19_c08,19,8,EPSG:32643,720440.00,3148840.00,723000.00,3151400.00,77.2644,28.4588,1,0,0,0.104492,1,0,0,0,0,0,0.0239868,0,0.809204,0,0.0623169,0.0529175,0.0515747,0,0,,,,,,,S2C_43RGM_20260920_0_L2A,
s2delhi_r19_c09,19,9,EPSG:32643,723000.00,3148840.00,725560.00,3151400.00,77.2905,28.4584,1,0,1,0.913879,0,,,0,0,0,0.0452271,0,0.00756836,0,0.0333252,0.211731,0.702148,0,0,,,,,,,S2C_43RGM_20260920_0_L2A,
s2delhi_r19_c10,19,10,EPSG:32643,725560.00,3148840.00,728120.00,3151400.00,77.3166,28.458,1,0,1,0.808167,0,,,0,0,0,0,0,0.191833,0,0,0.443665,0.364502,0,0,,,,,,,S2C_43RGM_20260920_0_L2A,
s2delhi_r19_c11,19,11,EPSG:32643,728120.00,3148840.00,730680.00,3151400.00,77.3427,28.4575,1,0,0,0.116455,1,0,0,0,0,0,6.10352e-05,0,0.822144,0.00323486,0.0581055,0.0778198,0.0386353,0,0,,,,,,,S2C_43RGM_20260920_0_L2A,
s2delhi_r19_c12,19,12,EPSG:32643,730680.00,3148840.00,733240.00,3151400.00,77.3689,28.4571,1,0,1,0.555054,0,,,0,0,0,0,6.10352e-05,0.390686,0.0020752,0.052124,0.287231,0.267822,0,0,,,,,,,S2C_43RGM_20260920_0_L2A,
s2delhi_r19_c13,19,13,EPSG:32643,733240.00,3148840.00,735800.00,3151400.00,77.395,28.4566,1,0,0,0.136597,1,0,0,0,0,0,0,0,0.812988,0.00811768,0.0422974,0.108276,0.0283203,0,0,,,,,,,S2C_43RGM_20260920_0_L2A,
s2delhi_r19_c14,19,14,EPSG:32643,735800.00,3148840.00,738360.00,3151400.00,77.4211,28.4561,1,0,0,0.270569,0,,,0,0,0,0.0984497,0,0.481567,0.013855,0.135559,0.151917,0.118652,0,0,,,,,,,S2C_43RGM_20260920_0_L2A,
s2delhi_r19_c15,19,15,EPSG:32643,738360.00,3148840.00,740920.00,3151400.00,77.4472,28.4557,1,0,1,0.424438,0,,,0,0,0,0.0428467,0,0.43103,0,0.101685,0.276001,0.148438,0,0,,,,,,,S2C_43RGM_20260920_0_L2A,
s2delhi_r19_c16,19,16,EPSG:32643,740920.00,3148840.00,743480.00,3151400.00,77.4734,28.4552,1,0,0,0.170044,1,0,0,0,0,0,0.0894165,0,0.657654,0,0.0828857,0.124756,0.0452881,0,0,,,,,,,S2C_43RGM_20260920_0_L2A,
s2delhi_r19_c17,19,17,EPSG:32643,743480.00,3148840.00,746040.00,3151400.00,77.4995,28.4547,1,0,1,0.318909,0,,,0,0,0,0.114563,0,0.472534,0,0.0939941,0.205383,0.113525,0,0,,,,,,,S2C_43RGM_20260920_0_L2A,
s2delhi_r19_c18,19,18,EPSG:32643,746040.00,3148840.00,748600.00,3151400.00,77.5256,28.4542,1,0,1,0.397217,0,,,0,0,0,0.140076,0.000183105,0.449829,0,0.0126953,0.259033,0.138184,0,0,,,,,,,S2C_43RGM_20260920_0_L2A,
s2delhi_r19_c19,19,19,EPSG:32643,748600.00,3148840.00,751160.00,3151400.00,77.5517,28.4537,1,0,0,0.163574,1,0,0.000564908,0,0,0,0.264587,0.000305176,0.539917,0,0.0316162,0.115356,0.0482178,0,0,,,,,,,S2C_43RGM_20260920_0_L2A,
s2delhi_r19_c20,19,20,EPSG:32643,751160.00,3148840.00,753720.00,3151400.00,77.5779,28.4533,1,0,0,0.275696,1,0,0,0,0,0,0.166321,0,0.501648,0,0.0563354,0.144958,0.130737,0,0,,,,,,,S2C_43RGM_20260920_0_L2A,
s2delhi_r19_c21,19,21,EPSG:32643,753720.00,3148840.00,756280.00,3151400.00,77.604,28.4528,1,0,0,0.0401611,1,0,0,0,0,0,0.0151978,0,0.930176,0,0.0144653,0.0245972,0.015564,0,0,,,,,,,S2C_43RGM_20260920_0_L2A,
s2delhi_r19_c22,19,22,EPSG:32643,756280.00,3148840.00,758840.00,3151400.00,77.6301,28.4523,1,0,0,0.237732,1,0,0,0,0,0,0.0925903,0,0.549255,0.00292969,0.117493,0.151245,0.0864868,0,0,,,,,,,S2C_43RGM_20260920_0_L2A,
s2delhi_r19_c23,19,23,EPSG:32643,758840.00,3148840.00,761400.00,3151400.00,77.6562,28.4517,1,0,1,0.501648,0,,,0,0,0,0.0844116,0,0.272461,0,0.141479,0.260742,0.240906,0,0,,,,,,,S2C_43RGM_20260920_0_L2A,
s2delhi_r19_c24,19,24,EPSG:32643,761400.00,3148840.00,763960.00,3151400.00,77.6823,28.4512,1,0,0,0.177612,1,0,0,0,0,0,0.0311279,0,0.72583,0,0.0654297,0.121277,0.0563354,0,0,,,,,,,S2C_43RGM_20260920_0_L2A,
s2delhi_r19_c25,19,25,EPSG:32643,763960.00,3148840.00,766520.00,3151400.00,77.7085,28.4507,1,0,1,0.533508,0,,,0,0,0,0.268188,6.10352e-05,0.153748,0.000671387,0.0438232,0.158142,0.375366,0,0,,,,,,,S2C_43RGM_20260920_0_L2A,
s2delhi_r19_c26,19,26,EPSG:32643,766520.00,3148840.00,769080.00,3151400.00,77.7346,28.4502,1,0,0,0.216431,1,0,0.0349629,0,0,0,0.1521,0.0206909,0.571106,0,0.0396729,0.0882568,0.128174,0,0,,,,,,,S2C_43RGM_20260920_0_L2A,
s2delhi_r19_c27,19,27,EPSG:32643,769080.00,3148840.00,771640.00,3151400.00,77.7607,28.4497,1,0,0,0.270447,0,,,0,0,0,0.160095,0.114502,0.339233,0,0.115723,0.155396,0.115051,0,0,,,,,,,S2C_43RGM_20260920_0_L2A,
s2delhi_r19_c28,19,28,EPSG:32643,771640.00,3148840.00,774200.00,3151400.00,77.7868,28.4491,1,0,0,0.0748291,1,0,0.379108,0,0,0,0.279541,0.221069,0.362061,0,0.0625,0.053833,0.0209961,0,0,,,,,,,S2C_43RGM_20260920_0_L2A,
s2delhi_r19_c29,19,29,EPSG:32643,774200.00,3148840.00,776760.00,3151400.00,77.8129,28.4486,1,0,1,0.345459,0,,,0,0,0,0.210205,0.0650024,0.25061,0,0.128723,0.179016,0.166443,0,0,,,,,,,S2C_43RGM_20260920_0_L2A,
s2delhi_r19_c30,19,30,EPSG:32643,776760.00,3148840.00,779320.00,3151400.00,77.839,28.4481,1,0,1,0.381897,0,,,0,0,0,0.233398,0.0109863,0.286987,0,0.086731,0.166077,0.21582,0,0,,,,,,,S2C_43RGM_20260920_0_L2A,
s2delhi_r19_c31,19,31,EPSG:32643,779320.00,3148840.00,781880.00,3151400.00,77.8651,28.4475,1,0,1,0.500916,0,,,0,0,0,0.172791,0.041748,0.178162,0,0.106384,0.293884,0.207031,0,0,,,,,,,S2C_43RGM_20260920_0_L2A,
s2delhi_r19_c32,19,32,EPSG:32643,781880.00,3148840.00,784440.00,3151400.00,77.8913,28.447,1,0,1,0.320984,0,,,0,0,0,0.109802,0.0534058,0.389587,0,0.126221,0.193604,0.12738,0,0,,,,,,,S2C_43RGM_20260920_0_L2A,
s2delhi_r19_c33,19,33,EPSG:32643,784440.00,3148840.00,787000.00,3151400.00,77.9174,28.4464,1,0,1,0.309814,0,,,0,0,0,0.222168,0.171814,0.238647,0,0.0575562,0.164429,0.145386,0,0,,,,,,,S2C_43RGM_20260920_0_L2A,
s2delhi_r19_c34,19,34,EPSG:32643,787000.00,3148840.00,789560.00,3151400.00,77.9435,28.4458,1,0,1,0.453003,0,,,0,0,0,0.196594,0.0228882,0.243164,0,0.0843506,0.197449,0.255554,0,0,,,,,,,S2C_43RGM_20260920_0_L2A,
s2delhi_r19_c35,19,35,EPSG:32643,789560.00,3148840.00,792120.00,3151400.00,77.9696,28.4453,1,0,1,0.343384,0,,,0,0,0,0.131836,0.0702515,0.298645,0,0.155884,0.185547,0.157837,0,0,,,,,,,S2C_43RGM_20260920_0_L2A,
s2delhi_r19_c36,19,36,EPSG:32643,792120.00,3148840.00,794680.00,3151400.00,77.9957,28.4447,1,0,0,0.0496826,1,1,0.569662,0,0,0,0.155151,0.449951,0.339905,0,0.00531006,0.0353394,0.0143433,0,0,,,,,,,S2C_43RGM_20260920_0_L2A,
s2delhi_r19_c37,19,37,EPSG:32643,794680.00,3148840.00,797240.00,3151400.00,78.0218,28.4441,1,0,1,0.6297,0,,,0,0,0,0.106262,0.00341797,0.131348,0,0.129272,0.303528,0.326172,0,0,,,,,,,S2C_43RGM_20260920_0_L2A,
s2delhi_r19_c38,19,38,EPSG:32643,797240.00,3148840.00,799800.00,3151400.00,78.0479,28.4435,1,0,1,0.492188,0,,,0,0,0,0.186096,0.00579834,0.201111,0,0.114807,0.228027,0.26416,0,0,,,,,,,S2C_43RGM_20260920_0_L2A,
s2delhi_r19_c39,19,39,EPSG:32643,799800.00,3148840.00,802360.00,3151400.00,78.074,28.4429,1,0,1,0.412292,0,,,0,0,0,0.147705,0.0373535,0.284058,0,0.118591,0.169678,0.242615,0,0,,,,,,,S2C_43RGM_20260920_0_L2A,
s2delhi_r19_c40,19,40,EPSG:32643,802360.00,3148840.00,804920.00,3151400.00,78.1001,28.4423,1,0,0,0.245422,1,0,0.124866,0,0,0,0.121582,0.0708618,0.496643,0,0.0654907,0.145752,0.0996704,0,0,,,,,,,S2C_43RGM_20260920_0_L2A,
s2delhi_r19_c41,19,41,EPSG:32643,804920.00,3148840.00,807480.00,3151400.00,78.1262,28.4418,1,0,1,0.331604,1,0,0.300218,0,0,0,0.0905151,0.159729,0.372314,0,0.0458374,0.211853,0.119751,0,0,,,,,,,S2C_43RGM_20260920_0_L2A,
s2delhi_r20_c00,20,0,EPSG:32643,699960.00,3146280.00,702520.00,3148840.00,77.0549,28.4391,1,1,1,0.845032,0,,,0,0,0,0,0,0.154724,0,0.000244141,0.578186,0.266846,0,0,289.044,308.112,313.645,304.908,7.13821,5.53287,S2C_43RGM_20260920_0_L2A,LC09_L2SP_147040_20260921_02_T1
s2delhi_r20_c01,20,1,EPSG:32643,702520.00,3146280.00,705080.00,3148840.00,77.081,28.4387,1,1,0,0.146057,1,0,7.21397e-05,0,0,0,0,6.10352e-05,0.846008,0,0.00787354,0.132324,0.0137329,0,0,290.359,311.366,318.447,310.13,4.24426,7.08084,S2C_43RGM_20260920_0_L2A,LC09_L2SP_147040_20260921_02_T1
s2delhi_r20_c02,20,2,EPSG:32643,705080.00,3146280.00,707640.00,3148840.00,77.1071,28.4383,1,1,1,0.4375,0,,,0,0,0,0.128845,0,0.367432,0,0.0662231,0.327637,0.109863,0,0,296.944,309.855,316.884,309.662,3.04307,7.02972,S2C_43RGM_20260920_0_L2A,LC09_L2SP_147040_20260921_02_T1
s2delhi_r20_c03,20,3,EPSG:32643,707640.00,3146280.00,710200.00,3148840.00,77.1333,28.4379,1,1,1,0.401794,0,,,0,0,0,0.13385,0.00189209,0.371704,0,0.0907593,0.180664,0.22113,0,0,294.297,309.416,316.035,309.46,3.02257,6.61935,S2C_43RGM_20260920_0_L2A,LC09_L2SP_147040_20260921_02_T1
s2delhi_r20_c04,20,4,EPSG:32643,710200.00,3146280.00,712760.00,3148840.00,77.1594,28.4374,1,1,1,0.36554,0,,,0,0,0,0.163452,6.10352e-05,0.378784,0,0.0921631,0.166382,0.199158,0,0,298.045,309.591,316.571,309.6,2.20165,6.97964,S2C_43RGM_20260920_0_L2A,LC09_L2SP_147040_20260921_02_T1
s2delhi_r20_c05,20,5,EPSG:32643,712760.00,3146280.00,715320.00,3148840.00,77.1855,28.437,1,1,1,0.417358,0,,,0,0,0,0,0,0.490356,0,0.0922852,0.177551,0.239807,0,0,298.5,308.48,321.256,308.531,4.18048,12.7761,S2C_43RGM_20260920_0_L2A,LC09_L2SP_147040_20260921_02_T1
s2delhi_r20_c06,20,6,EPSG:32643,715320.00,3146280.00,717880.00,3148840.00,77.2116,28.4366,1,1,0,0.0944214,1,0,0.00433819,0,0,0,0.203003,0.00286865,0.658386,0,0.0413208,0.062561,0.0318604,0,0,293.951,309.189,321.697,308.82,3.87545,12.5085,S2C_43RGM_20260920_0_L2A,LC09_L2SP_147040_20260921_02_T1
s2delhi_r20_c07,20,7,EPSG:32643,717880.00,3146280.00,720440.00,3148840.00,77.2378,28.4362,1,0,0,0.147644,1,0,0.000374077,0,0,0,0.00799561,0.000244141,0.652405,0,0.191711,0.119324,0.0283203,0,0,,,,,,,S2C_43RGM_20260920_0_L2A,
s2delhi_r20_c08,20,8,EPSG:32643,720440.00,3146280.00,723000.00,3148840.00,77.2639,28.4357,1,0,0,0.157166,1,0,0,0,0,0,0.0907593,0,0.707703,0,0.0443726,0.0446167,0.112549,0,0,,,,,,,S2C_43RGM_20260920_0_L2A,
s2delhi_r20_c09,20,9,EPSG:32643,723000.00,3146280.00,725560.00,3148840.00,77.29,28.4353,1,0,1,0.731567,0,,,0,0,0,0.00915527,0,0.191772,0,0.0675049,0.272461,0.459106,0,0,,,,,,,S2C_43RGM_20260920_0_L2A,
s2delhi_r20_c10,20,10,EPSG:32643,725560.00,3146280.00,728120.00,3148840.00,77.3161,28.4349,1,0,1,0.341797,1,0,0,0,0,0,0.0667114,0,0.578735,0,0.0127563,0.220886,0.120911,0,0,,,,,,,S2C_43RGM_20260920_0_L2A,
s2delhi_r20_c11,20,11,EPSG:32643,728120.00,3146280.00,730680.00,3148840.00,77.3422,28.4344,1,0,1,0.372925,1,0,0,0,0,0,0.0341187,0,0.556274,0,0.0366821,0.232666,0.140259,0,0,,,,,,,S2C_43RGM_20260920_0_L2A,
s2delhi_r20_c12,20,12,EPSG:32643,730680.00,3146280.00,733240.00,3148840.00,77.3684,28.434,1,0,0,0.0512085,1,0,0,0,0,0,0.00280762,0,0.92981,0,0.0161743,0.0408936,0.0103149,0,0,,,,,,,S2C_43RGM_20260920_0_L2A,
s2delhi_r20_c13,20,13,EPSG:32643,733240.00,3146280.00,735800.00,3148840.00,77.3945,28.4335,1,0,1,0.326477,0,,,0,0,0,0.17981,0,0.39209,0,0.101624,0.145325,0.181152,0,0,,,,,,,S2C_43RGM_20260920_0_L2A,
s2delhi_r20_c14,20,14,EPSG:32643,735800.00,3146280.00,738360.00,3148840.00,77.4206,28.433,1,0,1,0.310425,0,,,0,0,0,0.0507202,0,0.472351,0.0171509,0.149353,0.2005,0.109924,0,0,,,,,,,S2C_43RGM_20260920_0_L2A,
s2delhi_r20_c15,20,15,EPSG:32643,738360.00,3146280.00,740920.00,3148840.00,77.4467,28.4326,1,0,0,0.205627,0,,,0,0,0,0.298828,0,0.370361,0.0043335,0.12085,0.0862427,0.119385,0,0,,,,,,,S2C_43RGM_20260920_0_L2A,
s2delhi_r20_c16,20,16,EPSG:32643,740920.00,3146280.00,743480.00,3148840.00,77.4728,28.4321,1,0,1,0.483643,0,,,0,0,0,0.0357056,0,0.332214,0.0162964,0.132141,0.235107,0.248535,0,0,,,,,,,S2C_43RGM_20260920_0_L2A,
s2delhi_r20_c17,20,17,EPSG:32643,743480.00,3146280.00,746040.00,3148840.00,77.499,28.4316,1,0,0,0.205688,1,0,0,0,0,0,0.0291748,0,0.658447,0,0.106689,0.132446,0.0732422,0,0,,,,,,,S2C_43RGM_20260920_0_L2A,
s2delhi_r20_c18,20,18,EPSG:32643,746040.00,3146280.00,748600.00,3148840.00,77.5251,28.4311,1,0,1,0.304565,0,,,0,0,0,0.26886,0.000244141,0.406677,0,0.0196533,0.141235,0.16333,0,0,,,,,,,S2C_43RGM_20260920_0_L2A,
s2delhi_r20_c19,20,19,EPSG:32643,748600.00,3146280.00,751160.00,3148840.00,77.5512,28.4307,1,0,1,0.724243,0,,,0,0,0,0.0667725,0,0.19397,0,0.0150146,0.238403,0.48584,0,0,,,,,,,S2C_43RGM_20260920_0_L2A,
s2delhi_r20_c20,20,20,EPSG:32643,751160.00,3146280.00,753720.00,3148840.00,77.5773,28.4302,1,0,0,0.0825806,1,0,0,0,0,0,0.0601807,0,0.809753,0,0.0474854,0.0514526,0.0311279,0,0,,,,,,,S2C_43RGM_20260920_0_L2A,
s2delhi_r20_c21,20,21,EPSG:32643,753720.00,3146280.00,756280.00,3148840.00,77.6034,28.4297,1,0,0,0.285156,1,0,0,0,0,0,0.0641479,0,0.540405,0,0.110291,0.165771,0.119385,0,0,,,,,,,S2C_43RGM_20260920_0_L2A,
s2delhi_r20_c22,20,22,EPSG:32643,756280.00,3146280.00,758840.00,3148840.00,77.6295,28.4292,1,0,1,0.417297,0,,,0,0,0,0.0702515,0,0.404114,0.00335693,0.10498,0.203979,0.213318,0,0,,,,,,,S2C_43RGM_20260920_0_L2A,
s2delhi_r20_c23,20,23,EPSG:32643,758840.00,3146280.00,761400.00,3148840.00,77.6556,28.4287,1,0,1,0.334412,1,0,0.00376884,0,0,0,0.0291138,0.00201416,0.53241,0,0.102051,0.149658,0.184753,0,0,,,,,,,S2C_43RGM_20260920_0_L2A,
s2delhi_r20_c24,20,24,EPSG:32643,761400.00,3146280.00,763960.00,3148840.00,77.6818,28.4281,1,0,0,0.251343,0,,,0,0,0,0.184021,0.0166016,0.446594,0,0.10144,0.156067,0.0952759,0,0,,,,,,,S2C_43RGM_20260920_0_L2A,
s2delhi_r20_c25,20,25,EPSG:32643,763960.00,3146280.00,766520.00,3148840.00,77.7079,28.4276,1,0,1,0.469055,0,,,0,0,0,0.143494,0.00286865,0.303833,0,0.0807495,0.198242,0.270813,0,0,,,,,,,S2C_43RGM_20260920_0_L2A,
s2delhi_r20_c26,20,26,EPSG:32643,766520.00,3146280.00,769080.00,3148840.00,77.734,28.4271,1,0,1,0.395874,0,,,0,0,0,0.147766,0.00897217,0.354553,0,0.0928345,0.221252,0.174622,0,0,,,,,,,S2C_43RGM_20260920_0_L2A,
s2delhi_r20_c27,20,27,EPSG:32643,769080.00,3146280.00,771640.00,3148840.00,77.7601,28.4266,1,0,1,0.321716,0,,,0,0,0,0.154053,0.0308228,0.376587,0,0.116821,0.167114,0.154602,0,0,,,,,,,S2C_43RGM_20260920_0_L2A,
s2delhi_r20_c28,20,28,EPSG:32643,771640.00,3146280.00,774200.00,3148840.00,77.7862,28.4261,1,0,1,0.35376,0,,,0,0,0,0.191223,0.0111694,0.249695,0.00164795,0.192505,0.219788,0.133972,0,0,,,,,,,S2C_43RGM_20260920_0_L2A,
s2delhi_r20_c29,20,29,EPSG:32643,774200.00,3146280.00,776760.00,3148840.00,77.8123,28.4255,1,0,1,0.389771,0,,,0,0,0,0.332825,0.0791626,0.134338,0.00769043,0.0562134,0.178345,0.211426,0,0,,,,,,,S2C_43RGM_20260920_0_L2A,
s2delhi_r20_c30,20,30,EPSG:32643,776760.00,3146280.00,779320.00,3148840.00,77.8384,28.425,1,0,1,0.359558,0,,,0,0,0,0.220581,6.10352e-05,0.320312,0,0.0994873,0.20575,0.153809,0,0,,,,,,,S2C_43RGM_20260920_0_L2A,
s2delhi_r20_c31,20,31,EPSG:32643,779320.00,3146280.00,781880.00,3148840.00,77.8645,28.4244,1,0,1,0.520325,0,,,0,0,0,0.176575,0.000427246,0.204712,0,0.0979614,0.240601,0.279724,0,0,,,,,,,S2C_43RGM_20260920_0_L2A,
s2delhi_r20_c32,20,32,EPSG:32643,781880.00,3146280.00,784440.00,3148840.00,77.8906,28.4239,1,0,1,0.361877,0,,,0,0,0,0.171509,0.0880737,0.271851,0,0.106689,0.218994,0.142883,0,0,,,,,,,S2C_43RGM_20260920_0_L2A,
s2delhi_r20_c33,20,33,EPSG:32643,784440.00,3146280.00,787000.00,3148840.00,77.9167,28.4233,1,0,0,0.270752,1,0,0.32166,0,0,0,0.106079,0.190613,0.401978,0,0.0305786,0.135498,0.135254,0,0,,,,,,,S2C_43RGM_20260920_0_L2A,
s2delhi_r20_c34,20,34,EPSG:32643,787000.00,3146280.00,789560.00,3148840.00,77.9428,28.4228,1,0,1,0.400574,0,,,0,0,0,0.148132,0.0102539,0.331055,0,0.109985,0.161072,0.239502,0,0,,,,,,,S2C_43RGM_20260920_0_L2A,
s2delhi_r20_c35,20,35,EPSG:32643,789560.00,3146280.00,792120.00,3148840.00,77.9689,28.4222,1,0,0,0.155762,1,0,0.310363,0,0,0,0.00170898,0.250977,0.557678,0,0.0338745,0.0790405,0.0767212,0,0,,,,,,,S2C_43RGM_20260920_0_L2A,
s2delhi_r20_c36,20,36,EPSG:32643,792120.00,3146280.00,794680.00,3148840.00,77.995,28.4216,1,0,0,0.119507,1,1,0.5882,0,0,0,0.149536,0.419861,0.293945,0,0.0171509,0.0633545,0.0561523,0,0,,,,,,,S2C_43RGM_20260920_0_L2A,
s2delhi_r20_c37,20,37,EPSG:32643,794680.00,3146280.00,797240.00,3148840.00,78.0211,28.421,1,0,1,0.494995,0,,,0,0,0,0.0917969,0,0.231018,0,0.18219,0.271606,0.223389,0,0,,,,,,,S2C_43RGM_20260920_0_L2A,
s2delhi_r20_c38,20,38,EPSG:32643,797240.00,3146280.00,799800.00,3148840.00,78.0473,28.4205,1,0,1,0.529358,0,,,0,0,0,0.0560303,0.00231934,0.208191,0,0.204102,0.282227,0.247131,0,0,,,,,,,S2C_43RGM_20260920_0_L2A,
s2delhi_r20_c39,20,39,EPSG:32643,799800.00,3146280.00,802360.00,3148840.00,78.0734,28.4199,1,0,0,0.262695,1,0,0.0537348,0,0,0,0.043396,0.0308228,0.542786,0,0.1203,0.139832,0.122864,0,0,,,,,,,S2C_43RGM_20260920_0_L2A,
s2delhi_r20_c40,20,40,EPSG:32643,802360.00,3146280.00,804920.00,3148840.00,78.0995,28.4193,1,0,0,0.0606079,1,0,0.267368,0,0,0,0.0827026,0.22644,0.620483,0,0.00976562,0.0487671,0.0118408,0,0,,,,,,,S2C_43RGM_20260920_0_L2A,
s2delhi_r20_c41,20,41,EPSG:32643,804920.00,3146280.00,807480.00,3148840.00,78.1256,28.4187,1,0,0,0.0673218,1,1,0.715097,0,0,0,0.0344849,0.630554,0.251221,0,0.0164185,0.0483398,0.0189819,0,0,,,,,,,S2C_43RGM_20260920_0_L2A,
s2delhi_r21_c00,21,0,EPSG:32643,699960.00,3143720.00,702520.00,3146280.00,77.0544,28.416,2,1,1,0.685425,0,,,0,0,0,0,0,0.314575,0,0,0.564148,0.121277,0,0,287.169,309.376,313.581,306.297,7.26213,4.20493,S2C_43RGM_20260920_0_L2A,LC09_L2SP_147040_20260921_02_T1
s2delhi_r21_c01,21,1,EPSG:32643,702520.00,3143720.00,705080.00,3146280.00,77.0806,28.4156,2,1,0,0.236633,1,0,0,0,0,0,0.0553589,0,0.708008,0,0,0.195557,0.0410767,0,0,288.539,311.194,321.558,309.172,6.06883,10.3635,S2C_43RGM_20260920_0_L2A,LC09_L2SP_147040_20260921_02_T1
s2delhi_r21_c02,21,2,EPSG:32643,705080.00,3143720.00,707640.00,3146280.00,77.1067,28.4152,2,1,0,0.213745,1,0,0,0,0,0,0.000732422,0,0.758972,0,0.0265503,0.193665,0.0200806,0,0,290.908,309.665,314.77,308.218,4.80267,5.1051,S2C_43RGM_20260920_0_L2A,LC09_L2SP_147040_20260921_02_T1
s2delhi_r21_c03,21,3,EPSG:32643,707640.00,3143720.00,710200.00,3146280.00,77.1328,28.4148,2,1,0,0.072937,1,0,0.000358064,0,0,0,0.0314331,0.000305176,0.85199,0,0.043335,0.0585327,0.0144043,0,0,291.113,310.879,318.083,309.336,5.54855,7.20456,S2C_43RGM_20260920_0_L2A,LC09_L2SP_147040_20260921_02_T1
s2delhi_r21_c04,21,4,EPSG:32643,710200.00,3143720.00,712760.00,3146280.00,77.1589,28.4144,2,1,1,0.465759,0,,,0,0,0,0.245972,0.00543213,0.14209,0,0.140747,0.206421,0.259338,0,0,306.387,310.598,318.219,311.038,2.00597,7.62009,S2C_43RGM_20260920_0_L2A,LC09_L2SP_147040_20260921_02_T1
s2delhi_r21_c05,21,5,EPSG:32643,712760.00,3143720.00,715320.00,3146280.00,77.185,28.4139,2,1,0,0.132019,1,0,0.0136986,0,0,0,0.162842,0.00817871,0.588867,0,0.108093,0.0621338,0.0698853,0,0,303.476,310.387,319.856,310.588,1.93547,9.46817,S2C_43RGM_20260920_0_L2A,LC09_L2SP_147040_20260921_02_T1
s2delhi_r21_c06,21,6,EPSG:32643,715320.00,3143720.00,717880.00,3146280.00,77.2112,28.4135,2,1,0,0.293457,0,,,0,0,0,0.139526,0.000671387,0.420837,0,0.145508,0.125977,0.16748,0,0,291.551,307.637,315.62,306.552,5.12565,7.98325,S2C_43RGM_20260920_0_L2A,LC09_L2SP_147040_20260921_02_T1
s2delhi_r21_c07,21,7,EPSG:32643,717880.00,3143720.00,720440.00,3146280.00,77.2373,28.4131,2,0,1,0.402466,0,,,0,0,0,0.0609741,0,0.266113,0,0.270447,0.201782,0.200684,0,0,,,,,,,S2C_43RGM_20260920_0_L2A,
s2delhi_r21_c08,21,8,EPSG:32643,720440.00,3143720.00,723000.00,3146280.00,77.2634,28.4127,2,0,0,0.0982056,1,0,0,0,0,0,0,0,0.823914,0,0.0778809,0.0554199,0.0427856,0,0,,,,,,,S2C_43RGM_20260920_0_L2A,
s2delhi_r21_c09,21,9,EPSG:32643,723000.00,3143720.00,725560.00,3146280.00,77.2895,28.4122,2,0,1,0.671692,0,,,0,0,0,0.188721,0,0.110901,0.00268555,0.026001,0.231201,0.440491,0,0,,,,,,,S2C_43RGM_20260920_0_L2A,
s2delhi_r21_c10,21,10,EPSG:32643,725560.00,3143720.00,728120.00,3146280.00,77.3156,28.4118,2,0,1,0.918823,0,,,0,0,0,0.0103149,0,0.0529175,0,0.0179443,0.4151,0.503723,0,0,,,,,,,S2C_43RGM_20260920_0_L2A,
s2delhi_r21_c11,21,11,EPSG:32643,728120.00,3143720.00,730680.00,3146280.00,77.3417,28.4113,2,0,1,0.591553,0,,,0,0,0,0,0,0.408447,0,0,0.229858,0.361694,0,0,,,,,,,S2C_43RGM_20260920_0_L2A,
s2delhi_r21_c12,21,12,EPSG:32643,730680.00,3143720.00,733240.00,3146280.00,77.3678,28.4109,2,0,0,0.18219,1,0,0,0,0,0,0.0475464,0,0.745972,0,0.024292,0.113342,0.0688477,0,0,,,,,,,S2C_43RGM_20260920_0_L2A,
s2delhi_r21_c13,21,13,EPSG:32643,733240.00,3143720.00,735800.00,3146280.00,77.394,28.4104,2,0,1,0.351318,0,,,0,0,0,0.0692749,0,0.442078,0,0.137329,0.163208,0.18811,0,0,,,,,,,S2C_43RGM_20260920_0_L2A,
s2delhi_r21_c14,21,14,EPSG:32643,735800.00,3143720.00,738360.00,3146280.00,77.4201,28.41,2,0,0,0.0539551,1,0,0,0,0,0,0.048645,0,0.839966,0,0.0574341,0.0395508,0.0144043,0,0,,,,,,,S2C_43RGM_20260920_0_L2A,
s2delhi_r21_c15,21,15,EPSG:32643,738360.00,3143720.00,740920.00,3146280.00,77.4462,28.4095,2,0,0,0.169556,1,0,0,0,0,0,0.00732422,0,0.634521,0,0.188599,0.121887,0.0476685,0,0,,,,,,,S2C_43RGM_20260920_0_L2A,
s2delhi_r21_c16,21,16,EPSG:32643,740920.00,3143720.00,743480.00,3146280.00,77.4723,28.409,2,0,1,0.337769,0,,,0,0,0,0.041626,0,0.447083,0.0316772,0.141846,0.184692,0.153076,0,0,,,,,,,S2C_43RGM_20260920_0_L2A,
s2delhi_r21_c17,21,17,EPSG:32643,743480.00,3143720.00,746040.00,3146280.00,77.4984,28.4085,2,0,0,0.114319,1,0,0,0,0,0,0.129822,0,0.634888,0.0317383,0.0892334,0.0942993,0.0200195,0,0,,,,,,,S2C_43RGM_20260920_0_L2A,
s2delhi_r21_c18,21,18,EPSG:32643,746040.00,3143720.00,748600.00,3146280.00,77.5245,28.4081,2,0,1,0.56665,0,,,0,0,0,0.050415,0,0.270325,0,0.11261,0.203308,0.363342,0,0,,,,,,,S2C_43RGM_20260920_0_L2A,
s2delhi_r21_c19,21,19,EPSG:32643,748600.00,3143720.00,751160.00,3146280.00,77.5506,28.4076,2,0,1,0.371399,1,0,0.00245184,0,0,0,0.000183105,0.00128174,0.521484,0,0.105652,0.195374,0.176025,0,0,,,,,,,S2C_43RGM_20260920_0_L2A,
s2delhi_r21_c20,21,20,EPSG:32643,751160.00,3143720.00,753720.00,3146280.00,77.5767,28.4071,2,0,0,0.238647,1,0,0.0526785,0,0,0,0.0726318,0.0288696,0.519165,0,0.140686,0.139404,0.0992432,0,0,,,,,,,S2C_43RGM_20260920_0_L2A,
s2delhi_r21_c21,21,21,EPSG:32643,753720.00,3143720.00,756280.00,3146280.00,77.6028,28.4066,2,0,0,0.255981,1,0,0,0,0,0,0.0966187,0,0.510315,0,0.137085,0.140137,0.115845,0,0,,,,,,,S2C_43RGM_20260920_0_L2A,
s2delhi_r21_c22,21,22,EPSG:32643,756280.00,3143720.00,758840.00,3146280.00,77.629,28.4061,2,0,1,0.575134,0,,,0,0,0,0.0997314,0,0.159302,0.00695801,0.158875,0.254639,0.320496,0,0,,,,,,,S2C_43RGM_20260920_0_L2A,
s2delhi_r21_c23,21,23,EPSG:32643,758840.00,3143720.00,761400.00,3146280.00,77.6551,28.4056,2,0,0,0.218872,1,0,0.0827075,0,0,0,0.00183105,0.0551147,0.611267,0,0.112915,0.134094,0.0847778,0,0,,,,,,,S2C_43RGM_20260920_0_L2A,
s2delhi_r21_c24,21,24,EPSG:32643,761400.00,3143720.00,763960.00,3146280.00,77.6812,28.4051,2,0,0,0.195862,1,0,0.21455,0,0,0,0.152344,0.117004,0.428345,0,0.106445,0.1026,0.0932617,0,0,,,,,,,S2C_43RGM_20260920_0_L2A,
s2delhi_r21_c25,21,25,EPSG:32643,763960.00,3143720.00,766520.00,3146280.00,77.7073,28.4045,2,0,0,0.160522,1,0,0.0466702,0,0,0,0.167358,0.0271606,0.55481,0.0111084,0.0790405,0.115662,0.0448608,0,0,,,,,,,S2C_43RGM_20260920_0_L2A,
s2delhi_r21_c26,21,26,EPSG:32643,766520.00,3143720.00,769080.00,3146280.00,77.7334,28.404,2,0,1,0.311523,0,,,0,0,0,0.14624,0.00634766,0.411743,0,0.124146,0.192383,0.119141,0,0,,,,,,,S2C_43RGM_20260920_0_L2A,
s2delhi_r21_c27,21,27,EPSG:32643,769080.00,3143720.00,771640.00,3146280.00,77.7595,28.4035,2,0,1,0.365601,0,,,0,0,0,0.0952759,0.0545044,0.360596,0,0.124023,0.170105,0.195496,0,0,,,,,,,S2C_43RGM_20260920_0_L2A,
s2delhi_r21_c28,21,28,EPSG:32643,771640.00,3143720.00,774200.00,3146280.00,77.7856,28.403,2,0,1,0.407043,0,,,0,0,0,0.072876,0.129272,0.285339,0,0.105469,0.175232,0.231812,0,0,,,,,,,S2C_43RGM_20260920_0_L2A,
s2delhi_r21_c29,21,29,EPSG:32643,774200.00,3143720.00,776760.00,3146280.00,77.8117,28.4024,2,0,0,0.292664,1,0,0.317966,0,0,0,0.0710449,0.159119,0.341309,0.0142212,0.121643,0.110657,0.182007,0,0,,,,,,,S2C_43RGM_20260920_0_L2A,
s2delhi_r21_c30,21,30,EPSG:32643,776760.00,3143720.00,779320.00,3146280.00,77.8378,28.4019,2,0,1,0.722839,0,,,0,0,0,0.23468,0,0.0274658,0.000854492,0.0141602,0.249573,0.473267,0,0,,,,,,,S2C_43RGM_20260920_0_L2A,
s2delhi_r21_c31,21,31,EPSG:32643,779320.00,3143720.00,781880.00,3146280.00,77.8639,28.4013,2,0,1,0.583801,0,,,0,0,0,0.227661,0,0.160461,0,0.0280762,0.276367,0.307434,0,0,,,,,,,S2C_43RGM_20260920_0_L2A,
s2delhi_r21_c32,21,32,EPSG:32643,781880.00,3143720.00,784440.00,3146280.00,77.89,28.4008,2,0,1,0.340454,1,0,0.133397,0,0,0,0.0324097,0.0768433,0.499207,0,0.0510864,0.123535,0.216919,0,0,,,,,,,S2C_43RGM_20260920_0_L2A,
s2delhi_r21_c33,21,33,EPSG:32643,784440.00,3143720.00,787000.00,3146280.00,77.9161,28.4002,2,0,1,0.329529,0,,,0,0,0,0.34259,0.105286,0.208191,0,0.0144043,0.0979614,0.231567,0,0,,,,,,,S2C_43RGM_20260920_0_L2A,
s2delhi_r21_c34,21,34,EPSG:32643,787000.00,3143720.00,789560.00,3146280.00,77.9422,28.3997,2,0,1,0.459167,0,,,0,0,0,0.153381,0.000671387,0.237488,0,0.149292,0.229675,0.229492,0,0,,,,,,,S2C_43RGM_20260920_0_L2A,
s2delhi_r21_c35,21,35,EPSG:32643,789560.00,3143720.00,792120.00,3146280.00,77.9683,28.3991,2,0,0,0.180664,1,0,0.258256,0,0,0,0.0252686,0.185669,0.533264,0,0.0751343,0.103699,0.0769653,0,0,,,,,,,S2C_43RGM_20260920_0_L2A,
s2delhi_r21_c36,21,36,EPSG:32643,792120.00,3143720.00,794680.00,3146280.00,77.9944,28.3985,2,0,0,0.137756,1,0,0.332643,0,0,0,0.0786743,0.244934,0.491394,0,0.0472412,0.105774,0.0319824,0,0,,,,,,,S2C_43RGM_20260920_0_L2A,
s2delhi_r21_c37,21,37,EPSG:32643,794680.00,3143720.00,797240.00,3146280.00,78.0205,28.398,2,0,1,0.305298,0,,,0,0,0,0.264526,0.105225,0.239807,0,0.085144,0.143311,0.161987,0,0,,,,,,,S2C_43RGM_20260920_0_L2A,
s2delhi_r21_c38,21,38,EPSG:32643,797240.00,3143720.00,799800.00,3146280.00,78.0466,28.3974,2,0,1,0.496399,0,,,0,0,0,0.0797729,0.00396729,0.304138,0,0.115723,0.259338,0.237061,0,0,,,,,,,S2C_43RGM_20260920_0_L2A,
s2delhi_r21_c39,21,39,EPSG:32643,799800.00,3143720.00,802360.00,3146280.00,78.0727,28.3968,2,0,0,0.182739,1,0,0.384377,0,0,0,0.135376,0.242676,0.388672,0,0.0505371,0.120605,0.0621338,0,0,,,,,,,S2C_43RGM_20260920_0_L2A,
s2delhi_r21_c40,21,40,EPSG:32643,802360.00,3143720.00,804920.00,3146280.00,78.0988,28.3962,2,0,0,0.188293,1,1,0.513443,0,0,0,0.0681763,0.374146,0.354553,0,0.0148315,0.127441,0.0608521,0,0,,,,,,,S2C_43RGM_20260920_0_L2A,
s2delhi_r21_c41,21,41,EPSG:32643,804920.00,3143720.00,807480.00,3146280.00,78.1249,28.3956,2,0,0,0.119202,1,1,0.560915,0,0,0,0.184021,0.387512,0.303345,0,0.00592041,0.0741577,0.0450439,0,0,,,,,,,S2C_43RGM_20260920_0_L2A,
s2delhi_r22_c00,22,0,EPSG:32643,699960.00,3141160.00,702520.00,3143720.00,77.054,28.3929,2,1,1,0.688171,0,,,0,0,0,0,0,0.311462,0,0.000366211,0.391296,0.296875,0,0,286.166,308.842,313.351,305.742,7.33729,4.50974,S2C_43RGM_20260920_0_L2A,LC09_L2SP_147040_20260921_02_T1
s2delhi_r22_c01,22,1,EPSG:32643,702520.00,3141160.00,705080.00,3143720.00,77.0801,28.3925,2,1,0,0.1745,1,0,0,0,0,0,0.0647583,0,0.718628,0,0.0421143,0.118835,0.0556641,0,0,290.373,310.196,318.578,308.193,6.22199,8.38211,S2C_43RGM_20260920_0_L2A,LC09_L2SP_147040_20260921_02_T1
s2delhi_r22_c02,22,2,EPSG:32643,705080.00,3141160.00,707640.00,3143720.00,77.1062,28.3921,2,1,1,0.367676,0,,,0,0,0,0.137512,0,0.330872,0,0.16394,0.206665,0.161011,0,0,288.144,308.134,317.634,306.717,6.48419,9.49911,S2C_43RGM_20260920_0_L2A,LC09_L2SP_147040_20260921_02_T1
s2delhi_r22_c03,22,3,EPSG:32643,707640.00,3141160.00,710200.00,3143720.00,77.1323,28.3917,2,1,0,0.142578,1,0,0.00226565,0,0,0,0.0515137,0.00146484,0.645081,0,0.159363,0.0895996,0.0529785,0,0,286.623,306.118,318.394,304.172,7.0423,12.2753,S2C_43RGM_20260920_0_L2A,LC09_L2SP_147040_20260921_02_T1
s2delhi_r22_c04,22,4,EPSG:32643,710200.00,3141160.00,712760.00,3143720.00,77.1584,28.3913,2,1,1,0.578003,0,,,0,0,0,0.152039,0.000671387,0.14325,0,0.126038,0.280334,0.297668,0,0,300.227,307.776,320.026,308.017,2.28775,12.2497,S2C_43RGM_20260920_0_L2A,LC09_L2SP_147040_20260921_02_T1
s2delhi_r22_c05,22,5,EPSG:32643,712760.00,3141160.00,715320.00,3143720.00,77.1846,28.3908,2,1,0,0.22345,1,0,0.0197888,0,0,0,0.168945,0.00994873,0.492798,0,0.104858,0.141846,0.081604,0,0,291.969,308.486,319.366,307.711,2.9993,10.88,S2C_43RGM_20260920_0_L2A,LC09_L2SP_147040_20260921_02_T1
s2delhi_r22_c06,22,6,EPSG:32643,715320.00,3141160.00,717880.00,3143720.00,77.2107,28.3904,2,0,1,0.450684,0,,,0,0,0,0.284729,0,0.173157,0,0.0914307,0.21759,0.233093,0,0,,,,,,,S2C_43RGM_20260920_0_L2A,
s2delhi_r22_c07,22,7,EPSG:32643,717880.00,3141160.00,720440.00,3143720.00,77.2368,28.39,2,0,1,0.826538,0,,,0,0,0,0.0517578,0,0.0762329,0,0.0454712,0.291809,0.534729,0,0,,,,,,,S2C_43RGM_20260920_0_L2A,
s2delhi_r22_c08,22,8,EPSG:32643,720440.00,3141160.00,723000.00,3143720.00,77.2629,28.3896,2,0,1,0.757568,0,,,0,0,0,0.0130005,0,0.182739,0,0.0466919,0.290833,0.466736,0,0,,,,,,,S2C_43RGM_20260920_0_L2A,
s2delhi_r22_c09,22,9,EPSG:32643,723000.00,3141160.00,725560.00,3143720.00,77.289,28.3891,2,0,1,0.83252,0,,,0,0,0,0,0,0.164795,0,0.00268555,0.713257,0.119263,0,0,,,,,,,S2C_43RGM_20260920_0_L2A,
s2delhi_r22_c10,22,10,EPSG:32643,725560.00,3141160.00,728120.00,3143720.00,77.3151,28.3887,2,0,1,0.59259,0,,,0,0,0,0,0,0.402588,0,0.00482178,0.442993,0.149597,0,0,,,,,,,S2C_43RGM_20260920_0_L2A,
s2delhi_r22_c11,22,11,EPSG:32643,728120.00,3141160.00,730680.00,3143720.00,77.3412,28.3882,2,0,1,0.515137,0,,,0,0,0,0.0415039,0,0.424316,0,0.019043,0.375916,0.139221,0,0,,,,,,,S2C_43RGM_20260920_0_L2A,
s2delhi_r22_c12,22,12,EPSG:32643,730680.00,3141160.00,733240.00,3143720.00,77.3673,28.3878,2,0,0,0.121826,1,0,0,0,0,0,0.143921,0,0.709717,0,0.0245361,0.0405273,0.0812988,0,0,,,,,,,S2C_43RGM_20260920_0_L2A,
s2delhi_r22_c13,22,13,EPSG:32643,733240.00,3141160.00,735800.00,3143720.00,77.3934,28.3873,2,0,0,0.13269,1,0,0.00014922,0,0,0,0.0145874,0.00012207,0.817932,0,0.034668,0.0645752,0.0681152,0,0,,,,,,,S2C_43RGM_20260920_0_L2A,
s2delhi_r22_c14,22,14,EPSG:32643,735800.00,3141160.00,738360.00,3143720.00,77.4195,28.3869,2,0,0,0.287659,1,0,0,0,0,0,0.0273438,0,0.56781,0,0.117188,0.138245,0.149414,0,0,,,,,,,S2C_43RGM_20260920_0_L2A,
s2delhi_r22_c15,22,15,EPSG:32643,738360.00,3141160.00,740920.00,3143720.00,77.4457,28.3864,2,0,0,0.0365601,1,0,6.68226e-05,0,0,0,0.0291138,6.10352e-05,0.91333,0,0.0209351,0.0223389,0.0142212,0,0,,,,,,,S2C_43RGM_20260920_0_L2A,
s2delhi_r22_c16,22,16,EPSG:32643,740920.00,3141160.00,743480.00,3143720.00,77.4718,28.3859,2,0,0,0.251587,0,,,0,0,0,0.16449,0,0.411865,0.00921631,0.162842,0.132812,0.118774,0,0,,,,,,,S2C_43RGM_20260920_0_L2A,
s2delhi_r22_c17,22,17,EPSG:32643,743480.00,3141160.00,746040.00,3143720.00,77.4979,28.3855,2,0,1,0.462524,0,,,0,0,0,0.139648,0,0.226685,0.0395508,0.131592,0.257385,0.205139,0,0,,,,,,,S2C_43RGM_20260920_0_L2A,
s2delhi_r22_c18,22,18,EPSG:32643,746040.00,3141160.00,748600.00,3143720.00,77.524,28.385,2,0,1,0.301331,1,0,0,0,0,0,0.00134277,0,0.530823,0.0203857,0.146118,0.153809,0.147522,0,0,,,,,,,S2C_43RGM_20260920_0_L2A,
s2delhi_r22_c19,22,19,EPSG:32643,748600.00,3141160.00,751160.00,3143720.00,77.5501,28.3845,2,0,0,0,1,0,0.371643,0,0,0,0,0.371643,0.628357,0,0,0,0,0,0,,,,,,,S2C_43RGM_20260920_0_L2A,
s2delhi_r22_c20,22,20,EPSG:32643,751160.00,3141160.00,753720.00,3143720.00,77.5762,28.384,2,0,0,0.171021,1,0,0.155969,0,0,0,0.0751953,0.0941772,0.509644,0,0.149963,0.116638,0.0543823,0,0,,,,,,,S2C_43RGM_20260920_0_L2A,
s2delhi_r22_c21,22,21,EPSG:32643,753720.00,3141160.00,756280.00,3143720.00,77.6023,28.3835,2,0,1,0.364319,0,,,0,0,0,0.191711,0.00012207,0.351196,0,0.0926514,0.173218,0.191101,0,0,,,,,,,S2C_43RGM_20260920_0_L2A,
s2delhi_r22_c22,22,22,EPSG:32643,756280.00,3141160.00,758840.00,3143720.00,77.6284,28.383,2,0,1,0.514282,0,,,0,0,0,0.00213623,0.0569458,0.3125,0,0.114136,0.203186,0.311096,0,0,,,,,,,S2C_43RGM_20260920_0_L2A,
s2delhi_r22_c23,22,23,EPSG:32643,758840.00,3141160.00,761400.00,3143720.00,77.6545,28.3825,2,0,0,0.0419922,1,0,0.368165,0,0,0,0.0308228,0.332458,0.570557,0,0.0241699,0.0198975,0.0220947,0,0,,,,,,,S2C_43RGM_20260920_0_L2A,
s2delhi_r22_c24,22,24,EPSG:32643,761400.00,3141160.00,763960.00,3143720.00,77.6806,28.382,2,0,0,0.145996,1,0,0.326538,0,0,0,0.00549316,0.259094,0.534363,0.00140381,0.0536499,0.0977783,0.0482178,0,0,,,,,,,S2C_43RGM_20260920_0_L2A,
s2delhi_r22_c25,22,25,EPSG:32643,763960.00,3141160.00,766520.00,3143720.00,77.7067,28.3815,2,0,1,0.459656,0,,,0,0,0,0.237,0.0411377,0.200439,0,0.0617676,0.186829,0.272827,0,0,,,,,,,S2C_43RGM_20260920_0_L2A,
s2delhi_r22_c26,22,26,EPSG:32643,766520.00,3141160.00,769080.00,3143720.00,77.7328,28.3809,2,0,0,0.235291,1,0,0.138677,0,0,0,0.0401001,0.0821533,0.510254,0,0.132202,0.139526,0.0957642,0,0,,,,,,,S2C_43RGM_20260920_0_L2A,
s2delhi_r22_c27,22,27,EPSG:32643,769080.00,3141160.00,771640.00,3143720.00,77.7589,28.3804,2,0,0,0.127136,1,0,0.432085,0,0,0,0.271423,0.252014,0.331238,0,0.0181885,0.0502319,0.0769043,0,0,,,,,,,S2C_43RGM_20260920_0_L2A,
s2delhi_r22_c28,22,28,EPSG:32643,771640.00,3141160.00,774200.00,3143720.00,77.785,28.3799,2,0,0,0.0432739,1,0,0.325952,0,0,0,0.184204,0.239868,0.496033,0,0.0366211,0.031189,0.012085,0,0,,,,,,,S2C_43RGM_20260920_0_L2A,
s2delhi_r22_c29,22,29,EPSG:32643,774200.00,3141160.00,776760.00,3143720.00,77.8111,28.3794,2,0,0,0.180847,0,,,0,0,0,0.235046,0.0689087,0.344727,0,0.170471,0.118469,0.0623779,0,0,,,,,,,S2C_43RGM_20260920_0_L2A,
s2delhi_r22_c30,22,30,EPSG:32643,776760.00,3141160.00,779320.00,3143720.00,77.8372,28.3788,2,0,1,0.802734,0,,,0,0,0,0.108704,0,0.0043335,0,0.0842285,0.381836,0.420898,0,0,,,,,,,S2C_43RGM_20260920_0_L2A,
s2delhi_r22_c31,22,31,EPSG:32643,779320.00,3141160.00,781880.00,3143720.00,77.8633,28.3783,2,0,1,0.614319,0,,,0,0,0,0.261841,0,0.0354614,0,0.0883789,0.271851,0.342468,0,0,,,,,,,S2C_43RGM_20260920_0_L2A,
s2delhi_r22_c32,22,32,EPSG:32643,781880.00,3141160.00,784440.00,3143720.00,77.8894,28.3777,2,0,1,0.402649,0,,,0,0,0,0.105591,0.00366211,0.398438,0,0.0896606,0.18103,0.221619,0,0,,,,,,,S2C_43RGM_20260920_0_L2A,
s2delhi_r22_c33,22,33,EPSG:32643,784440.00,3141160.00,787000.00,3143720.00,77.9155,28.3772,2,0,1,0.401245,0,,,0,0,0,0.21698,0.0129395,0.282104,0,0.086731,0.137146,0.264099,0,0,,,,,,,S2C_43RGM_20260920_0_L2A,
s2delhi_r22_c34,22,34,EPSG:32643,787000.00,3141160.00,789560.00,3143720.00,77.9416,28.3766,2,0,1,0.317993,0,,,0,0,0,0.234253,0.00213623,0.27887,0,0.166748,0.190308,0.127686,0,0,,,,,,,S2C_43RGM_20260920_0_L2A,
s2delhi_r22_c35,22,35,EPSG:32643,789560.00,3141160.00,792120.00,3143720.00,77.9677,28.376,2,0,0,0.282593,0,,,0,0,0,0.207336,0.0627441,0.340515,0,0.106812,0.168884,0.113708,0,0,,,,,,,S2C_43RGM_20260920_0_L2A,
s2delhi_r22_c36,22,36,EPSG:32643,792120.00,3141160.00,794680.00,3143720.00,77.9937,28.3755,2,0,0,0.28656,0,,,0,0,0,0.296814,0.161072,0.196777,0,0.0587769,0.138977,0.147583,0,0,,,,,,,S2C_43RGM_20260920_0_L2A,
s2delhi_r22_c37,22,37,EPSG:32643,794680.00,3141160.00,797240.00,3143720.00,78.0198,28.3749,2,0,1,0.302673,0,,,0,0,0,0.216614,0.107605,0.230835,0.0299683,0.112305,0.170349,0.132324,0,0,,,,,,,S2C_43RGM_20260920_0_L2A,
s2delhi_r22_c38,22,38,EPSG:32643,797240.00,3141160.00,799800.00,3143720.00,78.0459,28.3743,2,0,0,0.218018,1,0,0.491335,0,0,0,0.0986938,0.269958,0.27948,0.0197754,0.114075,0.125671,0.0923462,0,0,,,,,,,S2C_43RGM_20260920_0_L2A,
s2delhi_r22_c39,22,39,EPSG:32643,799800.00,3141160.00,802360.00,3143720.00,78.072,28.3737,2,0,1,0.359436,0,,,0,0,0,0.180664,0.159058,0.217712,0,0.0831299,0.157837,0.201599,0,0,,,,,,,S2C_43RGM_20260920_0_L2A,
s2delhi_r22_c40,22,40,EPSG:32643,802360.00,3141160.00,804920.00,3143720.00,78.0981,28.3731,2,0,0,0.0211182,1,1,0.790972,0,0,0,0.0252686,0.73584,0.194458,0,0.0233154,0.0192261,0.00189209,0,0,,,,,,,S2C_43RGM_20260920_0_L2A,
s2delhi_r22_c41,22,41,EPSG:32643,804920.00,3141160.00,807480.00,3143720.00,78.1242,28.3725,2,0,0,0.171326,1,1,0.5903,0,0,0,0.150757,0.387024,0.268616,0,0.0222778,0.115356,0.0559692,0,0,,,,,,,S2C_43RGM_20260920_0_L2A,
s2delhi_r23_c00,23,0,EPSG:32643,699960.00,3138600.00,702520.00,3141160.00,77.0535,28.3698,2,1,1,0.736633,0,,,0,0,0,0.00915527,0,0.176147,0,0.078064,0.318787,0.417847,0,0,287.098,309.47,320.138,307.563,6.73996,10.6686,S2C_43RGM_20260920_0_L2A,LC09_L2SP_147040_20260921_02_T1
s2delhi_r23_c01,23,1,EPSG:32643,702520.00,3138600.00,705080.00,3141160.00,77.0797,28.3694,2,1,0,0.223938,1,0,0,0,0,0,0.0967407,0,0.630554,0,0.0487671,0.154053,0.0698853,0,0,287.292,310.992,316.979,308.665,6.57206,5.98743,S2C_43RGM_20260920_0_L2A,LC09_L2SP_147040_20260921_02_T1
s2delhi_r23_c02,23,2,EPSG:32643,705080.00,3138600.00,707640.00,3141160.00,77.1058,28.369,2,1,0,0.288147,1,0,0.000973354,0,0,0,0.0484619,0.000488281,0.50116,0,0.161743,0.136475,0.151672,0,0,289.698,308.241,316.799,307.491,4.73917,8.5574,S2C_43RGM_20260920_0_L2A,LC09_L2SP_147040_20260921_02_T1
s2delhi_r23_c03,23,3,EPSG:32643,707640.00,3138600.00,710200.00,3141160.00,77.1319,28.3686,2,1,0,0.159485,1,0,0.00359312,0,0,0,0.0153809,0.00256348,0.710876,0,0.111694,0.0952148,0.06427,0,0,289.048,305.718,310.871,304.229,4.55147,5.15289,S2C_43RGM_20260920_0_L2A,LC09_L2SP_147040_20260921_02_T1
s2delhi_r23_c04,23,4,EPSG:32643,710200.00,3138600.00,712760.00,3141160.00,77.158,28.3682,2,1,0,0.276306,1,0,0.0123755,0,0,0,0.010376,0.00720215,0.574768,0,0.131348,0.129639,0.146667,0,0,290.305,308.222,315.511,308.037,2.19189,7.28958,S2C_43RGM_20260920_0_L2A,LC09_L2SP_147040_20260921_02_T1
s2delhi_r23_c05,23,5,EPSG:32643,712760.00,3138600.00,715320.00,3141160.00,77.1841,28.3678,2,1,0,0.279846,0,,,0,0,0,0.108643,0.00231934,0.433411,0,0.175781,0.136108,0.143738,0,0,289.964,309.037,323.682,308.391,4.91351,14.6454,S2C_43RGM_20260920_0_L2A,LC09_L2SP_147040_20260921_02_T1
s2delhi_r23_c06,23,6,EPSG:32643,715320.00,3138600.00,717880.00,3141160.00,77.2102,28.3673,2,0,0,0.203796,1,0,0,0,0,0,0.0109863,0,0.652344,0,0.132874,0.109619,0.0941772,0,0,,,,,,,S2C_43RGM_20260920_0_L2A,
s2delhi_r23_c07,23,7,EPSG:32643,717880.00,3138600.00,720440.00,3141160.00,77.2363,28.3669,2,0,1,0.964783,0,,,0,0,0,0.0200806,0,0.000732422,0,0.0144043,0.184326,0.780457,0,0,,,,,,,S2C_43RGM_20260920_0_L2A,
s2delhi_r23_c08,23,8,EPSG:32643,720440.00,3138600.00,723000.00,3141160.00,77.2624,28.3665,2,0,1,0.846008,0,,,0,0,0,0,0,0.15033,0,0.00366211,0.520691,0.325317,0,0,,,,,,,S2C_43RGM_20260920_0_L2A,
s2delhi_r23_c09,23,9,EPSG:32643,723000.00,3138600.00,725560.00,3141160.00,77.2885,28.366,2,0,1,0.848328,0,,,0,0,0,0.0859985,0,0.0490723,0,0.0166016,0.348999,0.499329,0,0,,,,,,,S2C_43RGM_20260920_0_L2A,
s2delhi_r23_c10,23,10,EPSG:32643,725560.00,3138600.00,728120.00,3141160.00,77.3146,28.3656,2,0,1,0.46051,1,0,0,0,0,0,0,0,0.53949,0,0,0.278381,0.182129,0,0,,,,,,,S2C_43RGM_20260920_0_L2A,
s2delhi_r23_c11,23,11,EPSG:32643,728120.00,3138600.00,730680.00,3141160.00,77.3407,28.3652,2,0,0,0.184937,1,0,0,0,0,0,0.0810547,0,0.726868,0,0.00714111,0.143188,0.041748,0,0,,,,,,,S2C_43RGM_20260920_0_L2A,
s2delhi_r23_c12,23,12,EPSG:32643,730680.00,3138600.00,733240.00,3141160.00,77.3668,28.3647,2,0,0,0.0413208,1,0,0,0,0,0,0,0,0.936096,0.00268555,0.0198975,0.0255737,0.0157471,0,0,,,,,,,S2C_43RGM_20260920_0_L2A,
s2delhi_r23_c13,23,13,EPSG:32643,733240.00,3138600.00,735800.00,3141160.00,77.3929,28.3642,2,0,0,0.104248,1,0,0,0,0,0,0.0510864,0,0.787354,0,0.057312,0.0597534,0.0444946,0,0,,,,,,,S2C_43RGM_20260920_0_L2A,
s2delhi_r23_c14,23,14,EPSG:32643,735800.00,3138600.00,738360.00,3141160.00,77.419,28.3638,2,0,0,0.0459595,1,0,6.71231e-05,0,0,0,0.00354004,6.10352e-05,0.909241,0,0.0411987,0.0389404,0.00701904,0,0,,,,,,,S2C_43RGM_20260920_0_L2A,
s2delhi_r23_c15,23,15,EPSG:32643,738360.00,3138600.00,740920.00,3141160.00,77.4451,28.3633,2,0,0,0.168457,0,,,0,0,0,0.303467,0.00646973,0.489014,0,0.0325928,0.0606689,0.107788,0,0,,,,,,,S2C_43RGM_20260920_0_L2A,
s2delhi_r23_c16,23,16,EPSG:32643,740920.00,3138600.00,743480.00,3141160.00,77.4712,28.3628,2,0,1,0.35675,1,0,0.000243635,0,0,0,0.00183105,0.00012207,0.500916,0.0267944,0.113586,0.171936,0.184814,0,0,,,,,,,S2C_43RGM_20260920_0_L2A,
s2delhi_r23_c17,23,17,EPSG:32643,743480.00,3138600.00,746040.00,3141160.00,77.4973,28.3624,2,0,0,0.255798,1,0,0,0,0,0,0.0479736,0,0.530334,0.0477295,0.118164,0.130188,0.12561,0,0,,,,,,,S2C_43RGM_20260920_0_L2A,
s2delhi_r23_c18,23,18,EPSG:32643,746040.00,3138600.00,748600.00,3141160.00,77.5234,28.3619,2,0,1,0.323914,0,,,0,0,0,0.0595093,0,0.420654,0,0.195923,0.173218,0.150696,0,0,,,,,,,S2C_43RGM_20260920_0_L2A,
s2delhi_r23_c19,23,19,EPSG:32643,748600.00,3138600.00,751160.00,3141160.00,77.5495,28.3614,2,0,0,0.114624,1,0,0.182565,0,0,0,0.0911255,0.134216,0.600952,0,0.059082,0.0891113,0.0255127,0,0,,,,,,,S2C_43RGM_20260920_0_L2A,
s2delhi_r23_c20,23,20,EPSG:32643,751160.00,3138600.00,753720.00,3141160.00,77.5756,28.3609,2,0,0,0.0134277,1,0,0.0987231,0,0,0,0.130676,0.0825806,0.753906,0,0.0194092,0.0128784,0.000549316,0,0,,,,,,,S2C_43RGM_20260920_0_L2A,
s2delhi_r23_c21,23,21,EPSG:32643,753720.00,3138600.00,756280.00,3141160.00,77.6017,28.3604,2,0,1,0.644104,0,,,0,0,0,0.0429077,0.00378418,0.108826,0,0.200378,0.331543,0.312561,0,0,,,,,,,S2C_43RGM_20260920_0_L2A,
s2delhi_r23_c22,23,22,EPSG:32643,756280.00,3138600.00,758840.00,3141160.00,77.6278,28.3599,2,0,0,0.173523,1,0,0.284106,0,0,0,0.149109,0.172485,0.434631,0.00396729,0.0662842,0.11731,0.0562134,0,0,,,,,,,S2C_43RGM_20260920_0_L2A,
s2delhi_r23_c23,23,23,EPSG:32643,758840.00,3138600.00,761400.00,3141160.00,77.6539,28.3594,2,0,1,0.44165,0,,,0,0,0,0.170471,0.026001,0.216675,0,0.145203,0.235413,0.206238,0,0,,,,,,,S2C_43RGM_20260920_0_L2A,
s2delhi_r23_c24,23,24,EPSG:32643,761400.00,3138600.00,763960.00,3141160.00,77.68,28.3589,2,0,0,0.104065,1,0,0.484462,0,0,0,0.17572,0.314941,0.335144,0,0.0701294,0.0775757,0.0264893,0,0,,,,,,,S2C_43RGM_20260920_0_L2A,
s2delhi_r23_c25,23,25,EPSG:32643,763960.00,3138600.00,766520.00,3141160.00,77.7061,28.3584,2,0,1,0.378479,0,,,0,0,0,0.108826,0.0160522,0.386658,0,0.109985,0.210571,0.167908,0,0,,,,,,,S2C_43RGM_20260920_0_L2A,
s2delhi_r23_c26,23,26,EPSG:32643,766520.00,3138600.00,769080.00,3141160.00,77.7322,28.3579,2,0,1,0.366089,0,,,0,0,0,0.244263,0.0159302,0.25946,0,0.114258,0.219971,0.146118,0,0,,,,,,,S2C_43RGM_20260920_0_L2A,
s2delhi_r23_c27,23,27,EPSG:32643,769080.00,3138600.00,771640.00,3141160.00,77.7583,28.3573,2,0,1,0.47876,0,,,0,0,0,0.151978,0.00323486,0.25531,0,0.110718,0.148682,0.330078,0,0,,,,,,,S2C_43RGM_20260920_0_L2A,
s2delhi_r23_c28,23,28,EPSG:32643,771640.00,3138600.00,774200.00,3141160.00,77.7844,28.3568,2,0,0,0.184204,1,0,0.0050455,0,0,0,0.0952759,0.00341797,0.674011,0,0.0430908,0.104492,0.0797119,0,0,,,,,,,S2C_43RGM_20260920_0_L2A,
s2delhi_r23_c29,23,29,EPSG:32643,774200.00,3138600.00,776760.00,3141160.00,77.8105,28.3563,2,0,1,0.706421,0,,,0,0,0,0.147156,0,0.0106201,0,0.135803,0.312134,0.394287,0,0,,,,,,,S2C_43RGM_20260920_0_L2A,
s2delhi_r23_c30,23,30,EPSG:32643,776760.00,3138600.00,779320.00,3141160.00,77.8366,28.3557,2,0,1,0.607422,0,,,0,0,0,0.0934448,0.00012207,0.123108,0.00146484,0.174438,0.250977,0.356445,0,0,,,,,,,S2C_43RGM_20260920_0_L2A,
s2delhi_r23_c31,23,31,EPSG:32643,779320.00,3138600.00,781880.00,3141160.00,77.8627,28.3552,2,0,1,0.675781,0,,,0,0,0,0.166931,6.10352e-05,0.0370483,0,0.120178,0.237427,0.438354,0,0,,,,,,,S2C_43RGM_20260920_0_L2A,
s2delhi_r23_c32,23,32,EPSG:32643,781880.00,3138600.00,784440.00,3141160.00,77.8887,28.3546,2,0,1,0.30542,1,0,0.00618332,0,0,0,0.11676,0.00311279,0.500305,0,0.0744019,0.128601,0.176819,0,0,,,,,,,S2C_43RGM_20260920_0_L2A,
s2delhi_r23_c33,23,33,EPSG:32643,784440.00,3138600.00,787000.00,3141160.00,77.9148,28.3541,2,0,1,0.460571,0,,,0,0,0,0.173828,0.0057373,0.187195,0,0.172668,0.238037,0.222534,0,0,,,,,,,S2C_43RGM_20260920_0_L2A,
s2delhi_r23_c34,23,34,EPSG:32643,787000.00,3138600.00,789560.00,3141160.00,77.9409,28.3535,2,0,1,0.46759,0,,,0,0,0,0.144043,0.0269775,0.241943,0,0.119446,0.256775,0.210815,0,0,,,,,,,S2C_43RGM_20260920_0_L2A,
s2delhi_r23_c35,23,35,EPSG:32643,789560.00,3138600.00,792120.00,3141160.00,77.967,28.353,2,0,1,0.531189,0,,,0,0,0,0.284424,0.0119629,0.050354,0,0.12207,0.284363,0.246826,0,0,,,,,,,S2C_43RGM_20260920_0_L2A,
s2delhi_r23_c36,23,36,EPSG:32643,792120.00,3138600.00,794680.00,3141160.00,77.9931,28.3524,2,0,1,0.363281,0,,,0,0,0,0.0828247,0.036377,0.411011,0,0.106506,0.181152,0.182129,0,0,,,,,,,S2C_43RGM_20260920_0_L2A,
s2delhi_r23_c37,23,37,EPSG:32643,794680.00,3138600.00,797240.00,3141160.00,78.0192,28.3518,2,0,0,0.0853882,1,1,0.648268,0,0,0,0.118225,0.502502,0.272644,0,0.0212402,0.0592041,0.0261841,0,0,,,,,,,S2C_43RGM_20260920_0_L2A,
s2delhi_r23_c38,23,38,EPSG:32643,797240.00,3138600.00,799800.00,3141160.00,78.0453,28.3512,2,0,0,0.0309448,1,1,0.723656,0,0,0,0.0504761,0.660583,0.252258,0,0.0057373,0.020752,0.0101929,0,0,,,,,,,S2C_43RGM_20260920_0_L2A,
s2delhi_r23_c39,23,39,EPSG:32643,799800.00,3138600.00,802360.00,3141160.00,78.0714,28.3506,2,0,0,0.270813,0,,,0,0,0,0.219299,0.351624,0.130798,0,0.0274658,0.157288,0.113525,0,0,,,,,,,S2C_43RGM_20260920_0_L2A,
s2delhi_r23_c40,23,40,EPSG:32643,802360.00,3138600.00,804920.00,3141160.00,78.0974,28.35,2,0,0,0.242981,1,1,0.739821,0,0,0,0.164856,0.418091,0.147034,0,0.0270386,0.119934,0.123047,0,0,,,,,,,S2C_43RGM_20260920_0_L2A,
s2delhi_r23_c41,23,41,EPSG:32643,804920.00,3138600.00,807480.00,3141160.00,78.1235,28.3495,2,0,0,0.154541,1,1,0.663812,0,0,0,0.0827637,0.491943,0.249146,0,0.0216064,0.103271,0.0512695,0,0,,,,,,,S2C_43RGM_20260920_0_L2A,
s2delhi_r24_c00,24,0,EPSG:32643,699960.00,3136040.00,702520.00,3138600.00,77.0531,28.3467,2,1,1,0.331299,0,,,0,0,0,0.112976,0.00927734,0.451111,0,0.0953369,0.164917,0.166382,0,0,289.499,306.792,318.22,306.31,3.63614,11.4288,S2C_43RGM_20260920_0_L2A,LC09_L2SP_147040_20260921_02_T1
s2delhi_r24_c01,24,1,EPSG:32643,702520.00,3136040.00,705080.00,3138600.00,77.0792,28.3463,2,1,0,0.292908,1,0,0.000623636,0,0,0,0.0407715,0.000366211,0.586853,0,0.0791016,0.151367,0.141541,0,0,286.318,309.949,320.896,306.109,9.63961,10.9472,S2C_43RGM_20260920_0_L2A,LC09_L2SP_147040_20260921_02_T1
s2delhi_r24_c02,24,2,EPSG:32643,705080.00,3136040.00,707640.00,3138600.00,77.1053,28.3459,2,1,0,0.208069,1,0,0.000896359,0,0,0,0.0961304,0.000488281,0.54425,0,0.151062,0.141724,0.0663452,0,0,293.074,308.844,317.782,308.341,4.91134,8.93771,S2C_43RGM_20260920_0_L2A,LC09_L2SP_147040_20260921_02_T1
s2delhi_r24_c03,24,3,EPSG:32643,707640.00,3136040.00,710200.00,3138600.00,77.1314,28.3455,2,1,0,0.289124,0,,,0,0,0,0.111938,0.00012207,0.46051,0,0.138306,0.11853,0.170593,0,0,291.795,307.348,310.283,305.937,3.90374,2.935,S2C_43RGM_20260920_0_L2A,LC09_L2SP_147040_20260921_02_T1
s2delhi_r24_c04,24,4,EPSG:32643,710200.00,3136040.00,712760.00,3138600.00,77.1575,28.3451,2,1,0,0.0457764,1,0,0.0508489,0,0,0,0.166138,0.0376587,0.702942,0,0.0474854,0.0335693,0.012207,0,0,296.622,309.63,314.4,309.562,1.52072,4.7699,S2C_43RGM_20260920_0_L2A,LC09_L2SP_147040_20260921_02_T1
s2delhi_r24_c05,24,5,EPSG:32643,712760.00,3136040.00,715320.00,3138600.00,77.1836,28.3447,2,1,1,0.463135,0,,,0,0,0,0.067627,0.00189209,0.339478,0,0.127869,0.225342,0.237793,0,0,296.797,310.508,323.178,310.811,3.11468,12.6705,S2C_43RGM_20260920_0_L2A,LC09_L2SP_147040_20260921_02_T1
s2delhi_r24_c06,24,6,EPSG:32643,715320.00,3136040.00,717880.00,3138600.00,77.2097,28.3442,2,0,1,0.384827,0,,,0,0,0,0.0758667,0,0.302673,0,0.236633,0.236267,0.14856,0,0,,,,,,,S2C_43RGM_20260920_0_L2A,
s2delhi_r24_c07,24,7,EPSG:32643,717880.00,3136040.00,720440.00,3138600.00,77.2358,28.3438,2,0,1,0.92926,0,,,0,0,0,0,0,0.000854492,0,0.0698853,0.265747,0.663513,0,0,,,,,,,S2C_43RGM_20260920_0_L2A,
s2delhi_r24_c08,24,8,EPSG:32643,720440.00,3136040.00,723000.00,3138600.00,77.2619,28.3434,2,0,1,0.85675,0,,,0,0,0,0,0,0.136902,0,0.00634766,0.356628,0.500122,0,0,,,,,,,S2C_43RGM_20260920_0_L2A,
s2delhi_r24_c09,24,9,EPSG:32643,723000.00,3136040.00,725560.00,3138600.00,77.288,28.3429,2,0,1,0.949341,0,,,0,0,0,0,0,0.041687,0.000976562,0.00799561,0.38324,0.566101,0,0,,,,,,,S2C_43RGM_20260920_0_L2A,
s2delhi_r24_c10,24,10,EPSG:32643,725560.00,3136040.00,728120.00,3138600.00,77.3141,28.3425,2,0,1,0.747681,0,,,0,0,0,0.00183105,0,0.250305,0,0.000183105,0.463867,0.283813,0,0,,,,,,,S2C_43RGM_20260920_0_L2A,
s2delhi_r24_c11,24,11,EPSG:32643,728120.00,3136040.00,730680.00,3138600.00,77.3402,28.3421,2,0,1,0.33313,0,,,0,0,0,0.153687,0,0.450073,0,0.0631104,0.220459,0.112671,0,0,,,,,,,S2C_43RGM_20260920_0_L2A,
s2delhi_r24_c12,24,12,EPSG:32643,730680.00,3136040.00,733240.00,3138600.00,77.3663,28.3416,2,0,0,0.14386,1,0,0.000150818,0,0,0,0.00518799,0.00012207,0.809265,0,0.0415649,0.0584717,0.0853882,0,0,,,,,,,S2C_43RGM_20260920_0_L2A,
s2delhi_r24_c13,24,13,EPSG:32643,733240.00,3136040.00,735800.00,3138600.00,77.3924,28.3412,2,0,0,0.0263062,1,0,0.000218627,0,0,0,0.115906,0.000183105,0.837341,0,0.0202637,0.0216675,0.00463867,0,0,,,,,,,S2C_43RGM_20260920_0_L2A,
s2delhi_r24_c14,24,14,EPSG:32643,735800.00,3136040.00,738360.00,3138600.00,77.4185,28.3407,2,0,0,0.0639038,1,0,0.0103335,0,0,0,0.0753784,0.00860596,0.824219,0,0.0278931,0.0388184,0.0250854,0,0,,,,,,,S2C_43RGM_20260920_0_L2A,
s2delhi_r24_c15,24,15,EPSG:32643,738360.00,3136040.00,740920.00,3138600.00,77.4446,28.3402,2,0,0,0.258667,1,0,0.0170774,0,0,0,0.034668,0.0107422,0.618286,0,0.0776367,0.074646,0.184021,0,0,,,,,,,S2C_43RGM_20260920_0_L2A,
s2delhi_r24_c16,24,16,EPSG:32643,740920.00,3136040.00,743480.00,3138600.00,77.4707,28.3398,2,0,0,0.0331421,1,0,0.000568909,0,0,0,0.0563965,0.000488281,0.857788,0.0422974,0.0098877,0.0152588,0.0178833,0,0,,,,,,,S2C_43RGM_20260920_0_L2A,
s2delhi_r24_c17,24,17,EPSG:32643,743480.00,3136040.00,746040.00,3138600.00,77.4968,28.3393,2,0,1,0.30365,0,,,0,0,0,0.238037,0.000915527,0.334961,0.00488281,0.117554,0.105591,0.198059,0,0,,,,,,,S2C_43RGM_20260920_0_L2A,
s2delhi_r24_c18,24,18,EPSG:32643,746040.00,3136040.00,748600.00,3138600.00,77.5229,28.3388,2,0,1,0.49646,0,,,0,0,0,0.00463867,6.10352e-05,0.364258,0,0.134583,0.213623,0.282837,0,0,,,,,,,S2C_43RGM_20260920_0_L2A,
s2delhi_r24_c19,24,19,EPSG:32643,748600.00,3136040.00,751160.00,3138600.00,77.549,28.3383,2,0,1,0.389954,0,,,0,0,0,0.151428,0.00012207,0.335571,0,0.122925,0.223145,0.166809,0,0,,,,,,,S2C_43RGM_20260920_0_L2A,
s2delhi_r24_c20,24,20,EPSG:32643,751160.00,3136040.00,753720.00,3138600.00,77.5751,28.3378,2,0,1,0.475891,0,,,0,0,0,0.149231,0.000183105,0.227234,0,0.147461,0.239502,0.236389,0,0,,,,,,,S2C_43RGM_20260920_0_L2A,
s2delhi_r24_c21,24,21,EPSG:32643,753720.00,3136040.00,756280.00,3138600.00,77.6012,28.3373,2,0,1,0.615417,0,,,0,0,0,0.0819092,0.000732422,0.134277,0,0.167664,0.278381,0.337036,0,0,,,,,,,S2C_43RGM_20260920_0_L2A,
s2delhi_r24_c22,24,22,EPSG:32643,756280.00,3136040.00,758840.00,3138600.00,77.6272,28.3368,2,0,0,0.190796,0,,,0,0,0,0.309875,0.0761108,0.335083,0.0194702,0.0686646,0.0995483,0.0912476,0,0,,,,,,,S2C_43RGM_20260920_0_L2A,
s2delhi_r24_c23,24,23,EPSG:32643,758840.00,3136040.00,761400.00,3138600.00,77.6533,28.3363,2,0,1,0.505859,0,,,0,0,0,0.236938,0.0209351,0.12677,0,0.109497,0.197388,0.308472,0,0,,,,,,,S2C_43RGM_20260920_0_L2A,
s2delhi_r24_c24,24,24,EPSG:32643,761400.00,3136040.00,763960.00,3138600.00,77.6794,28.3358,2,0,1,0.59668,0,,,0,0,0,0.159058,0.0142212,0.0744629,0,0.155579,0.288147,0.308533,0,0,,,,,,,S2C_43RGM_20260920_0_L2A,
s2delhi_r24_c25,24,25,EPSG:32643,763960.00,3136040.00,766520.00,3138600.00,77.7055,28.3353,2,0,1,0.380371,0,,,0,0,0,0.283691,0.00012207,0.198792,0,0.137024,0.197998,0.182373,0,0,,,,,,,S2C_43RGM_20260920_0_L2A,
s2delhi_r24_c26,24,26,EPSG:32643,766520.00,3136040.00,769080.00,3138600.00,77.7316,28.3348,2,0,1,0.764099,0,,,0,0,0,0.0647583,0,0.0117798,0,0.159363,0.330444,0.433655,0,0,,,,,,,S2C_43RGM_20260920_0_L2A,
s2delhi_r24_c27,24,27,EPSG:32643,769080.00,3136040.00,771640.00,3138600.00,77.7577,28.3343,2,0,1,0.406921,0,,,0,0,0,0.0336914,0,0.444824,0,0.114563,0.187622,0.219299,0,0,,,,,,,S2C_43RGM_20260920_0_L2A,
s2delhi_r24_c28,24,28,EPSG:32643,771640.00,3136040.00,774200.00,3138600.00,77.7838,28.3337,2,0,0,0.291931,0,,,0,0,0,0.147461,0.000183105,0.438354,0,0.12207,0.15979,0.132141,0,0,,,,,,,S2C_43RGM_20260920_0_L2A,
s2delhi_r24_c29,24,29,EPSG:32643,774200.00,3136040.00,776760.00,3138600.00,77.8099,28.3332,2,0,0,0.168335,1,0,0.0138675,0,0,0,0.113098,0.00823975,0.585938,0,0.12439,0.0985718,0.0697632,0,0,,,,,,,S2C_43RGM_20260920_0_L2A,
s2delhi_r24_c30,24,30,EPSG:32643,776760.00,3136040.00,779320.00,3138600.00,77.836,28.3327,2,0,1,0.498474,0,,,0,0,0,0.179993,6.10352e-05,0.196411,0,0.125061,0.216919,0.281555,0,0,,,,,,,S2C_43RGM_20260920_0_L2A,
s2delhi_r24_c31,24,31,EPSG:32643,779320.00,3136040.00,781880.00,3138600.00,77.862,28.3321,2,0,1,0.496582,0,,,0,0,0,0.219788,0.000549316,0.152954,0,0.130127,0.235046,0.261536,0,0,,,,,,,S2C_43RGM_20260920_0_L2A,
s2delhi_r24_c32,24,32,EPSG:32643,781880.00,3136040.00,784440.00,3138600.00,77.8881,28.3316,2,0,0,0.23053,0,,,0,0,0,0.198486,0.0142822,0.437988,0,0.118713,0.143494,0.0870361,0,0,,,,,,,S2C_43RGM_20260920_0_L2A,
s2delhi_r24_c33,24,33,EPSG:32643,784440.00,3136040.00,787000.00,3138600.00,77.9142,28.331,2,0,0,0.279541,0,,,0,0,0,0.220703,0.00390625,0.340942,0,0.154907,0.147217,0.132324,0,0,,,,,,,S2C_43RGM_20260920_0_L2A,
s2delhi_r24_c34,24,34,EPSG:32643,787000.00,3136040.00,789560.00,3138600.00,77.9403,28.3304,2,0,0,0.240906,0,,,0,0,0,0.269409,0.124817,0.275818,0,0.0890503,0.125183,0.115723,0,0,,,,,,,S2C_43RGM_20260920_0_L2A,
s2delhi_r24_c35,24,35,EPSG:32643,789560.00,3136040.00,792120.00,3138600.00,77.9664,28.3299,2,0,1,0.569214,0,,,0,0,0,0.101685,0.00531006,0.188049,0,0.135742,0.19751,0.371704,0,0,,,,,,,S2C_43RGM_20260920_0_L2A,
s2delhi_r24_c36,24,36,EPSG:32643,792120.00,3136040.00,794680.00,3138600.00,77.9925,28.3293,2,0,0,0.292908,1,0,0.317477,0,0,0,0.095459,0.16864,0.362549,0,0.0804443,0.167358,0.125549,0,0,,,,,,,S2C_43RGM_20260920_0_L2A,
s2delhi_r24_c37,24,37,EPSG:32643,794680.00,3136040.00,797240.00,3138600.00,78.0185,28.3287,2,0,0,0.148987,1,1,0.66317,0,0,0,0.145752,0.455322,0.231262,0,0.0186768,0.0907593,0.0582275,0,0,,,,,,,S2C_43RGM_20260920_0_L2A,
s2delhi_r24_c38,24,38,EPSG:32643,797240.00,3136040.00,799800.00,3138600.00,78.0446,28.3281,2,0,0,0.21167,1,1,0.622447,0,0,0,0.187195,0.34967,0.212097,0,0.0393677,0.116943,0.0947266,0,0,,,,,,,S2C_43RGM_20260920_0_L2A,
s2delhi_r24_c39,24,39,EPSG:32643,799800.00,3136040.00,802360.00,3138600.00,78.0707,28.3276,2,0,0,0.232666,1,1,0.676489,0,0,0,0.122864,0.39093,0.186951,0,0.0665894,0.154419,0.0782471,0,0,,,,,,,S2C_43RGM_20260920_0_L2A,
s2delhi_r24_c40,24,40,EPSG:32643,802360.00,3136040.00,804920.00,3138600.00,78.0968,28.327,2,0,0,0.116272,1,1,0.695795,0,0,0,0.0889282,0.531189,0.232239,0,0.0313721,0.0835571,0.0327148,0,0,,,,,,,S2C_43RGM_20260920_0_L2A,
s2delhi_r24_c41,24,41,EPSG:32643,804920.00,3136040.00,807480.00,3138600.00,78.1228,28.3264,2,0,0,0.0961914,1,1,0.71863,0,0,0,0.098877,0.569763,0.223083,0,0.012085,0.0718384,0.024353,0,0,,,,,,,S2C_43RGM_20260920_0_L2A,
s2delhi_r25_c00,25,0,EPSG:32643,699960.00,3133480.00,702520.00,3136040.00,77.0527,28.3236,2,1,0,0.252563,0,,,0,0,0,0.254272,0.208618,0.231689,0,0.0528564,0.141724,0.11084,0,0,289.854,304.576,315.876,303.053,6.34058,11.2994,S2C_43RGM_20260920_0_L2A,LC09_L2SP_147040_20260921_02_T1
s2delhi_r25_c01,25,1,EPSG:32643,702520.00,3133480.00,705080.00,3136040.00,77.0788,28.3232,2,1,1,0.582764,0,,,0,0,0,0.181458,6.10352e-05,0.158875,0,0.0768433,0.248657,0.334106,0,0,288.07,312.405,325.292,310.429,8.27181,12.8869,S2C_43RGM_20260920_0_L2A,LC09_L2SP_147040_20260921_02_T1
s2delhi_r25_c02,25,2,EPSG:32643,705080.00,3133480.00,707640.00,3136040.00,77.1049,28.3228,2,1,1,0.307861,0,,,0,0,0,0.176208,0.000305176,0.489502,0,0.026123,0.127686,0.180176,0,0,288.733,314.973,326.31,311.337,10.3802,11.3372,S2C_43RGM_20260920_0_L2A,LC09_L2SP_147040_20260921_02_T1
s2delhi_r25_c03,25,3,EPSG:32643,707640.00,3133480.00,710200.00,3136040.00,77.1309,28.3224,2,1,0,0.282654,0,,,0,0,0,0.0927734,0.000183105,0.498901,0,0.125488,0.131653,0.151001,0,0,288.17,306.674,310.952,304.593,5.08317,4.27753,S2C_43RGM_20260920_0_L2A,LC09_L2SP_147040_20260921_02_T1
s2delhi_r25_c04,25,4,EPSG:32643,710200.00,3133480.00,712760.00,3136040.00,77.157,28.322,2,1,1,0.418274,0,,,0,0,0,0.161499,0.00256348,0.171265,0,0.246399,0.282715,0.135559,0,0,292.926,308.305,313.625,307.642,2.90653,5.3201,S2C_43RGM_20260920_0_L2A,LC09_L2SP_147040_20260921_02_T1
s2delhi_r25_c05,25,5,EPSG:32643,712760.00,3133480.00,715320.00,3136040.00,77.1831,28.3216,2,1,1,0.586975,0,,,0,0,0,0.128906,6.10352e-05,0.203613,0,0.0804443,0.233154,0.353821,0,0,307.229,314.306,321.542,314.258,2.81712,7.23553,S2C_43RGM_20260920_0_L2A,LC09_L2SP_147040_20260921_02_T1
s2delhi_r25_c06,25,6,EPSG:32643,715320.00,3133480.00,717880.00,3136040.00,77.2092,28.3211,2,0,1,0.67804,0,,,0,0,0,0.00952148,0,0.25647,0,0.0559692,0.196167,0.481873,0,0,,,,,,,S2C_43RGM_20260920_0_L2A,
s2delhi_r25_c07,25,7,EPSG:32643,717880.00,3133480.00,720440.00,3136040.00,77.2353,28.3207,2,0,1,0.542114,0,,,0,0,0,0,0,0.433411,0,0.0244751,0.178955,0.363159,0,0,,,,,,,S2C_43RGM_20260920_0_L2A,
s2delhi_r25_c08,25,8,EPSG:32643,720440.00,3133480.00,723000.00,3136040.00,77.2614,28.3203,2,0,1,0.49408,0,,,0,0,0,0.0147705,0,0.348999,0,0.142151,0.269409,0.22467,0,0,,,,,,,S2C_43RGM_20260920_0_L2A,
s2delhi_r25_c09,25,9,EPSG:32643,723000.00,3133480.00,725560.00,3136040.00,77.2875,28.3199,2,0,1,0.560669,0,,,0,0,0,0,0,0.400452,0.000610352,0.038269,0.349976,0.210693,0,0,,,,,,,S2C_43RGM_20260920_0_L2A,
s2delhi_r25_c10,25,10,EPSG:32643,725560.00,3133480.00,728120.00,3136040.00,77.3136,28.3194,2,0,1,0.359863,1,0,0,0,0,0,0.100098,0,0.518982,0,0.0210571,0.297424,0.062439,0,0,,,,,,,S2C_43RGM_20260920_0_L2A,
s2delhi_r25_c11,25,11,EPSG:32643,728120.00,3133480.00,730680.00,3136040.00,77.3397,28.319,2,0,1,0.807495,0,,,0,0,0,0.0727539,0,0.0623779,0,0.057373,0.379211,0.428284,0,0,,,,,,,S2C_43RGM_20260920_0_L2A,
s2delhi_r25_c12,25,12,EPSG:32643,730680.00,3133480.00,733240.00,3136040.00,77.3658,28.3185,2,0,0,0.105042,1,0,0,0,0,0,0.00231934,0,0.86377,0,0.0288696,0.0755005,0.029541,0,0,,,,,,,S2C_43RGM_20260920_0_L2A,
s2delhi_r25_c13,25,13,EPSG:32643,733240.00,3133480.00,735800.00,3136040.00,77.3919,28.3181,2,0,0,0.0108032,1,0,0.0385057,0,0,0,0.0161133,0.0368652,0.920532,0,0.015686,0.00775146,0.00305176,0,0,,,,,,,S2C_43RGM_20260920_0_L2A,
s2delhi_r25_c14,25,14,EPSG:32643,735800.00,3133480.00,738360.00,3136040.00,77.418,28.3176,2,0,1,0.393677,0,,,0,0,0,0.088562,0.00262451,0.291077,0,0.22406,0.220825,0.172852,0,0,,,,,,,S2C_43RGM_20260920_0_L2A,
s2delhi_r25_c15,25,15,EPSG:32643,738360.00,3133480.00,740920.00,3136040.00,77.4441,28.3171,2,0,1,0.306152,1,0,0.0270487,0,0,0,0.0569458,0.0144043,0.518127,0,0.10437,0.15155,0.154602,0,0,,,,,,,S2C_43RGM_20260920_0_L2A,
s2delhi_r25_c16,25,16,EPSG:32643,740920.00,3133480.00,743480.00,3136040.00,77.4702,28.3167,2,0,0,0.0952759,1,0,0.103337,0,0,0,0.0429077,0.0784302,0.680542,0.0296021,0.0732422,0.0551758,0.0401001,0,0,,,,,,,S2C_43RGM_20260920_0_L2A,
s2delhi_r25_c17,25,17,EPSG:32643,743480.00,3133480.00,746040.00,3136040.00,77.4962,28.3162,2,0,1,0.36792,0,,,0,0,0,0.0731201,0.00140381,0.440125,0.00286865,0.114563,0.135864,0.232056,0,0,,,,,,,S2C_43RGM_20260920_0_L2A,
s2delhi_r25_c18,25,18,EPSG:32643,746040.00,3133480.00,748600.00,3136040.00,77.5223,28.3157,2,0,0,0.239441,0,,,0,0,0,0.288574,0.013855,0.380005,0,0.078125,0.116211,0.12323,0,0,,,,,,,S2C_43RGM_20260920_0_L2A,
s2delhi_r25_c19,25,19,EPSG:32643,748600.00,3133480.00,751160.00,3136040.00,77.5484,28.3152,2,0,1,0.730347,0,,,0,0,0,0.109375,0,0.0653076,0,0.0949707,0.267151,0.463196,0,0,,,,,,,S2C_43RGM_20260920_0_L2A,
s2delhi_r25_c20,25,20,EPSG:32643,751160.00,3133480.00,753720.00,3136040.00,77.5745,28.3147,2,0,0,0.0431519,1,0,0.0013019,0,0,0,0.0516357,0.00115967,0.889587,0,0.0144653,0.031311,0.0118408,0,0,,,,,,,S2C_43RGM_20260920_0_L2A,
s2delhi_r25_c21,25,21,EPSG:32643,753720.00,3133480.00,756280.00,3136040.00,77.6006,28.3142,2,0,0,0.116028,1,0,0.00751644,0,0,0,0.15094,0.00439453,0.580261,0,0.148376,0.0827026,0.0333252,0,0,,,,,,,S2C_43RGM_20260920_0_L2A,
s2delhi_r25_c22,25,22,EPSG:32643,756280.00,3133480.00,758840.00,3136040.00,77.6267,28.3137,2,0,1,0.34137,0,,,0,0,0,0.265991,0.000183105,0.28302,0,0.109436,0.166016,0.175354,0,0,,,,,,,S2C_43RGM_20260920_0_L2A,
s2delhi_r25_c23,25,23,EPSG:32643,758840.00,3133480.00,761400.00,3136040.00,77.6528,28.3132,2,0,1,0.347412,0,,,0,0,0,0.275024,0.000366211,0.26825,0,0.108948,0.159546,0.187866,0,0,,,,,,,S2C_43RGM_20260920_0_L2A,
s2delhi_r25_c24,25,24,EPSG:32643,761400.00,3133480.00,763960.00,3136040.00,77.6789,28.3127,2,0,1,0.660645,0,,,0,0,0,0.248901,0,0.0337524,0,0.0567017,0.277588,0.383057,0,0,,,,,,,S2C_43RGM_20260920_0_L2A,
s2delhi_r25_c25,25,25,EPSG:32643,763960.00,3133480.00,766520.00,3136040.00,77.7049,28.3122,2,0,1,0.715759,0,,,0,0,0,0.137512,6.10352e-05,0.0361328,0,0.110535,0.245056,0.470703,0,0,,,,,,,S2C_43RGM_20260920_0_L2A,
s2delhi_r25_c26,25,26,EPSG:32643,766520.00,3133480.00,769080.00,3136040.00,77.731,28.3117,2,0,1,0.773987,0,,,0,0,0,0.00549316,0,0.0222778,0,0.198242,0.36731,0.406677,0,0,,,,,,,S2C_43RGM_20260920_0_L2A,
s2delhi_r25_c27,25,27,EPSG:32643,769080.00,3133480.00,771640.00,3136040.00,77.7571,28.3112,2,0,1,0.339966,0,,,0,0,0,0.184082,0.00170898,0.28064,0,0.193604,0.193787,0.146179,0,0,,,,,,,S2C_43RGM_20260920_0_L2A,
s2delhi_r25_c28,25,28,EPSG:32643,771640.00,3133480.00,774200.00,3136040.00,77.7832,28.3106,2,0,1,0.416992,0,,,0,0,0,0.0593262,0.000488281,0.395508,0,0.127686,0.236511,0.180481,0,0,,,,,,,S2C_43RGM_20260920_0_L2A,
s2delhi_r25_c29,25,29,EPSG:32643,774200.00,3133480.00,776760.00,3136040.00,77.8093,28.3101,2,0,0,0.227844,1,0,0.000333519,0,0,0,0.0565186,0.000183105,0.548828,0,0.166626,0.114807,0.113037,0,0,,,,,,,S2C_43RGM_20260920_0_L2A,
s2delhi_r25_c30,25,30,EPSG:32643,776760.00,3133480.00,779320.00,3136040.00,77.8353,28.3096,2,0,1,0.532593,0,,,0,0,0,0.0964355,0,0.304688,0,0.0662842,0.158752,0.37384,0,0,,,,,,,S2C_43RGM_20260920_0_L2A,
s2delhi_r25_c31,25,31,EPSG:32643,779320.00,3133480.00,781880.00,3136040.00,77.8614,28.309,2,0,1,0.550659,0,,,0,0,0,0.11322,6.10352e-05,0.169434,0.000915527,0.16571,0.261902,0.288757,0,0,,,,,,,S2C_43RGM_20260920_0_L2A,
s2delhi_r25_c32,25,32,EPSG:32643,781880.00,3133480.00,784440.00,3136040.00,77.8875,28.3085,2,0,1,0.306946,0,,,0,0,0,0.117126,0.108887,0.300415,0,0.166626,0.194702,0.112244,0,0,,,,,,,S2C_43RGM_20260920_0_L2A,
s2delhi_r25_c33,25,33,EPSG:32643,784440.00,3133480.00,787000.00,3136040.00,77.9136,28.3079,2,0,1,0.328796,0,,,0,0,0,0.333862,0.0641479,0.170959,0.00231934,0.0999146,0.192566,0.13623,0,0,,,,,,,S2C_43RGM_20260920_0_L2A,
s2delhi_r25_c34,25,34,EPSG:32643,787000.00,3133480.00,789560.00,3136040.00,77.9397,28.3074,2,0,1,0.589783,0,,,0,0,0,0.126465,0.0366821,0.118774,0,0.128296,0.228577,0.361206,0,0,,,,,,,S2C_43RGM_20260920_0_L2A,
s2delhi_r25_c35,25,35,EPSG:32643,789560.00,3133480.00,792120.00,3136040.00,77.9657,28.3068,2,0,0,0.177551,1,0,0.420211,0,0,0,0.138672,0.245422,0.338623,0,0.0997314,0.0914917,0.0860596,0,0,,,,,,,S2C_43RGM_20260920_0_L2A,
s2delhi_r25_c36,25,36,EPSG:32643,792120.00,3133480.00,794680.00,3136040.00,77.9918,28.3062,2,0,0,0.161682,1,0,0.499784,0,0,0,0.102844,0.353455,0.35376,0,0.0282593,0.104919,0.0567627,0,0,,,,,,,S2C_43RGM_20260920_0_L2A,
s2delhi_r25_c37,25,37,EPSG:32643,794680.00,3133480.00,797240.00,3136040.00,78.0179,28.3057,2,0,0,0.153503,1,1,0.675397,0,0,0,0.110596,0.475342,0.228455,0,0.0321045,0.0913696,0.0621338,0,0,,,,,,,S2C_43RGM_20260920_0_L2A,
s2delhi_r25_c38,25,38,EPSG:32643,797240.00,3133480.00,799800.00,3136040.00,78.044,28.3051,2,0,0,0.226257,1,1,0.601977,0,0,0,0.0617676,0.386597,0.255615,0,0.0697632,0.169861,0.0563965,0,0,,,,,,,S2C_43RGM_20260920_0_L2A,
s2delhi_r25_c39,25,39,EPSG:32643,799800.00,3133480.00,802360.00,3136040.00,78.07,28.3045,2,0,0,0.0320435,1,1,0.780431,0,0,0,0.0438843,0.716125,0.201477,0,0.00646973,0.0222168,0.00982666,0,0,,,,,,,S2C_43RGM_20260920_0_L2A,
s2delhi_r25_c40,25,40,EPSG:32643,802360.00,3133480.00,804920.00,3136040.00,78.0961,28.3039,2,0,0,0.0494995,1,1,0.797983,0,0,0,0.0892334,0.681091,0.172424,0.0020752,0.00567627,0.0385132,0.0109863,0,0,,,,,,,S2C_43RGM_20260920_0_L2A,
s2delhi_r25_c41,25,41,EPSG:32643,804920.00,3133480.00,807480.00,3136040.00,78.1222,28.3033,2,0,0,0.173645,1,1,0.747623,0,0,0,0.142334,0.479858,0.161987,0.0128174,0.0293579,0.113525,0.0601196,0,0,,,,,,,S2C_43RGM_20260920_0_L2A,
s2delhi_r26_c00,26,0,EPSG:32643,699960.00,3130920.00,702520.00,3133480.00,77.0522,28.3005,2,1,1,0.594055,0,,,0,0,0,0.0616455,0.0133057,0.253113,0,0.0778809,0.202942,0.391113,0,0,289.047,312.673,325.121,311.568,6.0623,12.4475,S2C_43RGM_20260920_0_L2A,LC09_L2SP_147040_20260921_02_T1
s2delhi_r26_c01,26,1,EPSG:32643,702520.00,3130920.00,705080.00,3133480.00,77.0783,28.3001,2,1,1,0.497375,0,,,0,0,0,0.0820923,0,0.357788,0,0.0627441,0.185791,0.311584,0,0,292.738,312.214,322.571,311.037,5.12271,10.3578,S2C_43RGM_20260920_0_L2A,LC09_L2SP_147040_20260921_02_T1
s2delhi_r26_c02,26,2,EPSG:32643,705080.00,3130920.00,707640.00,3133480.00,77.1044,28.2997,2,1,0,0.0753174,1,0,0,0,0,0,0.0219116,0,0.885986,0,0.0167847,0.0446777,0.0306396,0,0,291.405,314.706,324.212,312.768,7.00831,9.5061,S2C_43RGM_20260920_0_L2A,LC09_L2SP_147040_20260921_02_T1
s2delhi_r26_c03,26,3,EPSG:32643,707640.00,3130920.00,710200.00,3133480.00,77.1305,28.2993,2,1,1,0.334839,0,,,0,0,0,0.114441,0.00616455,0.407654,0.00396729,0.132935,0.181458,0.153381,0,0,299.776,308.118,322.246,309.209,3.09473,14.1273,S2C_43RGM_20260920_0_L2A,LC09_L2SP_147040_20260921_02_T1
s2delhi_r26_c04,26,4,EPSG:32643,710200.00,3130920.00,712760.00,3133480.00,77.1566,28.2989,2,1,1,0.74408,0,,,0,0,0,0.123047,0,0.0178223,0,0.115051,0.276794,0.467285,0,0,303.532,308.277,319.879,308.836,2.32829,11.6021,S2C_43RGM_20260920_0_L2A,LC09_L2SP_147040_20260921_02_T1
s2delhi_r26_c05,26,5,EPSG:32643,712760.00,3130920.00,715320.00,3133480.00,77.1827,28.2985,2,1,1,0.530518,0,,,0,0,0,0,0,0.419312,0,0.0501709,0.21051,0.320007,0,0,306.208,317.427,325.799,317.386,3.43734,8.37125,S2C_43RGM_20260920_0_L2A,LC09_L2SP_147040_20260921_02_T1
s2delhi_r26_c06,26,6,EPSG:32643,715320.00,3130920.00,717880.00,3133480.00,77.2088,28.2981,2,0,0,0.199158,1,0,0,0,0,0,0,0,0.758789,0,0.0420532,0.0984497,0.100708,0,0,,,,,,,S2C_43RGM_20260920_0_L2A,
s2delhi_r26_c07,26,7,EPSG:32643,717880.00,3130920.00,720440.00,3133480.00,77.2348,28.2976,2,0,0,0.00360107,1,0,0,0,0,0,0,0,0.987122,0,0.00927734,0.00360107,0,0,0,,,,,,,S2C_43RGM_20260920_0_L2A,
s2delhi_r26_c08,26,8,EPSG:32643,720440.00,3130920.00,723000.00,3133480.00,77.2609,28.2972,2,0,0,0.269592,1,0,0,0,0,0,0.060791,0,0.557068,0,0.112549,0.124268,0.145325,0,0,,,,,,,S2C_43RGM_20260920_0_L2A,
s2delhi_r26_c09,26,9,EPSG:32643,723000.00,3130920.00,725560.00,3133480.00,77.287,28.2968,2,0,1,0.913574,0,,,0,0,0,0,0,0.00848389,0,0.0779419,0.36261,0.550964,0,0,,,,,,,S2C_43RGM_20260920_0_L2A,
s2delhi_r26_c10,26,10,EPSG:32643,725560.00,3130920.00,728120.00,3133480.00,77.3131,28.2963,2,0,1,0.438416,0,,,0,0,0,0.0864868,0,0.426392,0,0.0487061,0.222412,0.216003,0,0,,,,,,,S2C_43RGM_20260920_0_L2A,
s2delhi_r26_c11,26,11,EPSG:32643,728120.00,3130920.00,730680.00,3133480.00,77.3392,28.2959,2,0,0,0.18927,1,0,0,0,0,0,0.0202026,0,0.686584,0,0.103943,0.118103,0.071167,0,0,,,,,,,S2C_43RGM_20260920_0_L2A,
s2delhi_r26_c12,26,12,EPSG:32643,730680.00,3130920.00,733240.00,3133480.00,77.3653,28.2954,2,0,0,0.198792,1,0,0.00019279,0,0,0,0.0986938,0.00012207,0.633057,0,0.0693359,0.115051,0.0837402,0,0,,,,,,,S2C_43RGM_20260920_0_L2A,
s2delhi_r26_c13,26,13,EPSG:32643,733240.00,3130920.00,735800.00,3133480.00,77.3914,28.295,2,0,0,0.164978,1,0,0.00476013,0,0,0,0.0229492,0.00311279,0.650818,0,0.158142,0.107361,0.0576172,0,0,,,,,,,S2C_43RGM_20260920_0_L2A,
s2delhi_r26_c14,26,14,EPSG:32643,735800.00,3130920.00,738360.00,3133480.00,77.4175,28.2945,2,0,0,0.238831,1,0,0.186671,0,0,0,0.052124,0.103943,0.452881,0,0.152222,0.131775,0.107056,0,0,,,,,,,S2C_43RGM_20260920_0_L2A,
s2delhi_r26_c15,26,15,EPSG:32643,738360.00,3130920.00,740920.00,3133480.00,77.4435,28.2941,2,0,0,0.0422974,1,0,0.290084,0,0,0,0.0186157,0.260498,0.637512,0,0.0410767,0.0256348,0.0166626,0,0,,,,,,,S2C_43RGM_20260920_0_L2A,
s2delhi_r26_c16,26,16,EPSG:32643,740920.00,3130920.00,743480.00,3133480.00,77.4696,28.2936,2,0,0,0.0493774,1,0,0.400915,0,0,0,0.0216675,0.342285,0.511475,0.0427246,0.0324707,0.032959,0.0164185,0,0,,,,,,,S2C_43RGM_20260920_0_L2A,
s2delhi_r26_c17,26,17,EPSG:32643,743480.00,3130920.00,746040.00,3133480.00,77.4957,28.2931,2,0,0,0.182312,0,,,0,0,0,0.326294,0.0619507,0.297363,0.0407104,0.0913696,0.0969238,0.0853882,0,0,,,,,,,S2C_43RGM_20260920_0_L2A,
s2delhi_r26_c18,26,18,EPSG:32643,746040.00,3130920.00,748600.00,3133480.00,77.5218,28.2926,2,0,1,0.55603,0,,,0,0,0,0.179993,0.00164795,0.145569,0,0.11676,0.196533,0.359497,0,0,,,,,,,S2C_43RGM_20260920_0_L2A,
s2delhi_r26_c19,26,19,EPSG:32643,748600.00,3130920.00,751160.00,3133480.00,77.5479,28.2921,2,0,1,0.488342,0,,,0,0,0,0.167236,0,0.199768,0,0.144653,0.255981,0.232361,0,0,,,,,,,S2C_43RGM_20260920_0_L2A,
s2delhi_r26_c20,26,20,EPSG:32643,751160.00,3130920.00,753720.00,3133480.00,77.574,28.2917,2,0,1,0.333313,0,,,0,0,0,0.187927,0.000488281,0.377808,0.0020752,0.0983887,0.163452,0.169861,0,0,,,,,,,S2C_43RGM_20260920_0_L2A,
s2delhi_r26_c21,26,21,EPSG:32643,753720.00,3130920.00,756280.00,3133480.00,77.6,28.2912,2,0,1,0.384949,0,,,0,0,0,0.0354004,0.00427246,0.3255,0.00128174,0.248596,0.22937,0.155579,0,0,,,,,,,S2C_43RGM_20260920_0_L2A,
s2delhi_r26_c22,26,22,EPSG:32643,756280.00,3130920.00,758840.00,3133480.00,77.6261,28.2907,2,0,1,0.462219,0,,,0,0,0,0.143555,0.000244141,0.246155,0,0.147827,0.220215,0.242004,0,0,,,,,,,S2C_43RGM_20260920_0_L2A,
s2delhi_r26_c23,26,23,EPSG:32643,758840.00,3130920.00,761400.00,3133480.00,77.6522,28.2902,2,0,1,0.618835,0,,,0,0,0,0.221375,0,0.0401611,0,0.119629,0.270447,0.348389,0,0,,,,,,,S2C_43RGM_20260920_0_L2A,
s2delhi_r26_c24,26,24,EPSG:32643,761400.00,3130920.00,763960.00,3133480.00,77.6783,28.2896,2,0,1,0.695984,0,,,0,0,0,0.0628662,0,0.0656738,0,0.175476,0.269226,0.426758,0,0,,,,,,,S2C_43RGM_20260920_0_L2A,
s2delhi_r26_c25,26,25,EPSG:32643,763960.00,3130920.00,766520.00,3133480.00,77.7043,28.2891,2,0,1,0.822998,0,,,0,0,0,0.00695801,6.10352e-05,0.0175171,0,0.152466,0.379395,0.443604,0,0,,,,,,,S2C_43RGM_20260920_0_L2A,
s2delhi_r26_c26,26,26,EPSG:32643,766520.00,3130920.00,769080.00,3133480.00,77.7304,28.2886,2,0,1,0.650146,0,,,0,0,0,0.00933838,0,0.21521,0,0.125305,0.194214,0.455933,0,0,,,,,,,S2C_43RGM_20260920_0_L2A,
s2delhi_r26_c27,26,27,EPSG:32643,769080.00,3130920.00,771640.00,3133480.00,77.7565,28.2881,2,0,1,0.386353,0,,,0,0,0,0.161011,0.00164795,0.305115,0,0.145874,0.210754,0.175598,0,0,,,,,,,S2C_43RGM_20260920_0_L2A,
s2delhi_r26_c28,26,28,EPSG:32643,771640.00,3130920.00,774200.00,3133480.00,77.7826,28.2876,2,0,0,0.186707,1,0,0.0240181,0,0,0,0.0930786,0.0148926,0.605164,0,0.100159,0.107056,0.0796509,0,0,,,,,,,S2C_43RGM_20260920_0_L2A,
s2delhi_r26_c29,26,29,EPSG:32643,774200.00,3130920.00,776760.00,3133480.00,77.8087,28.287,2,0,1,0.61322,0,,,0,0,0,0.0855713,0.0032959,0.0819092,0,0.216003,0.330872,0.282349,0,0,,,,,,,S2C_43RGM_20260920_0_L2A,
s2delhi_r26_c30,26,30,EPSG:32643,776760.00,3130920.00,779320.00,3133480.00,77.8347,28.2865,2,0,0,0.0912476,1,0,0.0123382,0,0,0,0.134216,0.00872803,0.698669,0,0.0671387,0.0604248,0.0308228,0,0,,,,,,,S2C_43RGM_20260920_0_L2A,
s2delhi_r26_c31,26,31,EPSG:32643,779320.00,3130920.00,781880.00,3133480.00,77.8608,28.2859,2,0,1,0.450745,0,,,0,0,0,0.157654,0.000305176,0.224854,0,0.166443,0.267578,0.183167,0,0,,,,,,,S2C_43RGM_20260920_0_L2A,
s2delhi_r26_c32,26,32,EPSG:32643,781880.00,3130920.00,784440.00,3133480.00,77.8869,28.2854,2,0,0,0.107117,1,0,0.373417,0,0,0,0.0523682,0.289795,0.486267,0.00372314,0.06073,0.0665283,0.0405884,0,0,,,,,,,S2C_43RGM_20260920_0_L2A,
s2delhi_r26_c33,26,33,EPSG:32643,784440.00,3130920.00,787000.00,3133480.00,77.9129,28.2848,2,0,0,0.145203,1,0,0.47064,0,0,0,0.168335,0.294983,0.331787,0.000366211,0.0593262,0.109253,0.0359497,0,0,,,,,,,S2C_43RGM_20260920_0_L2A,
s2delhi_r26_c34,26,34,EPSG:32643,787000.00,3130920.00,789560.00,3133480.00,77.939,28.2843,2,0,1,0.329773,0,,,0,0,0,0.144348,0.0482178,0.309814,0.00415039,0.163696,0.205017,0.124756,0,0,,,,,,,S2C_43RGM_20260920_0_L2A,
s2delhi_r26_c35,26,35,EPSG:32643,789560.00,3130920.00,792120.00,3133480.00,77.9651,28.2837,2,0,0,0.224365,1,0,0.371606,0,0,0,0.166687,0.2005,0.33905,0,0.069397,0.148132,0.0762329,0,0,,,,,,,S2C_43RGM_20260920_0_L2A,
s2delhi_r26_c36,26,36,EPSG:32643,792120.00,3130920.00,794680.00,3133480.00,77.9912,28.2832,2,0,0,0.126099,1,0,0.444992,0,0,0,0.118958,0.314026,0.391663,0,0.0492554,0.0910645,0.0350342,0,0,,,,,,,S2C_43RGM_20260920_0_L2A,
s2delhi_r26_c37,26,37,EPSG:32643,794680.00,3130920.00,797240.00,3133480.00,78.0172,28.2826,2,0,0,0.120789,1,0,0.239427,0,0,0,0.0841064,0.177612,0.564209,0,0.0532837,0.0835571,0.0372314,0,0,,,,,,,S2C_43RGM_20260920_0_L2A,
s2delhi_r26_c38,26,38,EPSG:32643,797240.00,3130920.00,799800.00,3133480.00,78.0433,28.282,2,0,0,0.230103,1,1,0.676893,0,0,0,0.173218,0.377075,0.179993,0,0.0396118,0.141174,0.0889282,0,0,,,,,,,S2C_43RGM_20260920_0_L2A,
s2delhi_r26_c39,26,39,EPSG:32643,799800.00,3130920.00,802360.00,3133480.00,78.0694,28.2814,2,0,0,0.11615,1,1,0.754646,0,0,0,0.0685425,0.587402,0.190979,0,0.0369263,0.0756226,0.0405273,0,0,,,,,,,S2C_43RGM_20260920_0_L2A,
s2delhi_r26_c40,26,40,EPSG:32643,802360.00,3130920.00,804920.00,3133480.00,78.0954,28.2808,2,0,0,0.00756836,1,1,0.880453,0,0,0,0.0108643,0.863525,0.117249,0,0.000793457,0.00689697,0.000671387,0,0,,,,,,,S2C_43RGM_20260920_0_L2A,
s2delhi_r26_c41,26,41,EPSG:32643,804920.00,3130920.00,807480.00,3133480.00,78.1215,28.2802,2,0,0,0.0714722,1,1,0.823598,0,0,0,0.174316,0.60498,0.129578,0,0.0196533,0.0563965,0.0150757,0,0,,,,,,,S2C_43RGM_20260920_0_L2A,
s2delhi_r27_c00,27,0,EPSG:32643,699960.00,3128360.00,702520.00,3130920.00,77.0518,28.2774,2,1,0,0.285889,1,0,0.00617215,0,0,0,0.101868,0.00335693,0.540527,0,0.0683594,0.116333,0.169556,0,0,289.311,309.98,320.718,309.051,5.65509,10.7373,S2C_43RGM_20260920_0_L2A,LC09_L2SP_147040_20260921_02_T1
s2delhi_r27_c01,27,1,EPSG:32643,702520.00,3128360.00,705080.00,3130920.00,77.0779,28.277,2,1,0,0.269653,0,,,0,0,0,0.23645,0,0.470154,0,0.0237427,0.138977,0.130676,0,0,289.353,312.181,323.056,311.179,5.72668,10.8757,S2C_43RGM_20260920_0_L2A,LC09_L2SP_147040_20260921_02_T1
s2delhi_r27_c02,27,2,EPSG:32643,705080.00,3128360.00,707640.00,3130920.00,77.1039,28.2766,2,1,1,0.405945,0,,,0,0,0,0.100159,0.000366211,0.448364,0,0.045166,0.17926,0.226685,0,0,290.003,308.681,321.221,306.963,7.30513,12.5407,S2C_43RGM_20260920_0_L2A,LC09_L2SP_147040_20260921_02_T1
s2delhi_r27_c03,27,3,EPSG:32643,707640.00,3128360.00,710200.00,3130920.00,77.13,28.2762,2,1,0,0.0731812,1,0,0.000365791,0,0,0,0.0336304,0.000305176,0.833984,0,0.0588989,0.050415,0.0227661,0,0,289.656,311.424,323.573,311.246,5.22943,12.1485,S2C_43RGM_20260920_0_L2A,LC09_L2SP_147040_20260921_02_T1
s2delhi_r27_c04,27,4,EPSG:32643,710200.00,3128360.00,712760.00,3130920.00,77.1561,28.2758,2,1,0,0.111816,1,0,0,0,0,0,0,0,0.825439,0,0.0627441,0.06073,0.0510864,0,0,294.02,308.544,320.002,309.041,4.1908,11.4577,S2C_43RGM_20260920_0_L2A,LC09_L2SP_147040_20260921_02_T1
s2delhi_r27_c05,27,5,EPSG:32643,712760.00,3128360.00,715320.00,3130920.00,77.1822,28.2754,2,0,0,0,1,0,0,0,0,0,0,0,1,0,0,0,0,0,0,,,,,,,S2C_43RGM_20260920_0_L2A,
s2delhi_r27_c06,27,6,EPSG:32643,715320.00,3128360.00,717880.00,3130920.00,77.2083,28.275,2,0,0,0.00378418,1,0,0,0,0,0,0.177246,0,0.81897,0,0,0.00372314,6.10352e-05,0,0,,,,,,,S2C_43RGM_20260920_0_L2A,
s2delhi_r27_c07,27,7,EPSG:32643,717880.00,3128360.00,720440.00,3130920.00,77.2344,28.2745,2,0,1,0.350647,1,0,0,0,0,0,0.0714722,0,0.509949,0,0.0679321,0.20874,0.141907,0,0,,,,,,,S2C_43RGM_20260920_0_L2A,
s2delhi_r27_c08,27,8,EPSG:32643,720440.00,3128360.00,723000.00,3130920.00,77.2604,28.2741,2,0,1,0.511841,0,,,0,0,0,0.15094,0,0.257874,0,0.0793457,0.126587,0.385254,0,0,,,,,,,S2C_43RGM_20260920_0_L2A,
s2delhi_r27_c09,27,9,EPSG:32643,723000.00,3128360.00,725560.00,3130920.00,77.2865,28.2737,2,0,1,0.936707,0,,,0,0,0,0,0,0.0489502,0,0.0143433,0.321655,0.615051,0,0,,,,,,,S2C_43RGM_20260920_0_L2A,
s2delhi_r27_c10,27,10,EPSG:32643,725560.00,3128360.00,728120.00,3130920.00,77.3126,28.2732,2,0,1,0.327209,1,0,0,0,0,0,0.0474854,0,0.525146,0,0.100159,0.176514,0.150696,0,0,,,,,,,S2C_43RGM_20260920_0_L2A,
s2delhi_r27_c11,27,11,EPSG:32643,728120.00,3128360.00,730680.00,3130920.00,77.3387,28.2728,2,0,0,0.205383,1,0,0.000179308,0,0,0,0.00750732,0.00012207,0.680664,0,0.106323,0.111206,0.0941772,0,0,,,,,,,S2C_43RGM_20260920_0_L2A,
s2delhi_r27_c12,27,12,EPSG:32643,730680.00,3128360.00,733240.00,3130920.00,77.3648,28.2723,2,0,0,0.176758,1,0,0.076653,0,0,0,0.052002,0.0479736,0.577881,0,0.145386,0.103027,0.0737305,0,0,,,,,,,S2C_43RGM_20260920_0_L2A,
s2delhi_r27_c13,27,13,EPSG:32643,733240.00,3128360.00,735800.00,3130920.00,77.3909,28.2719,2,0,0,0.103149,1,0,0.00116618,0,0,0,0.0692139,0.000854492,0.731873,0,0.0949097,0.0719604,0.031189,0,0,,,,,,,S2C_43RGM_20260920_0_L2A,
s2delhi_r27_c14,27,14,EPSG:32643,735800.00,3128360.00,738360.00,3130920.00,77.4169,28.2714,2,0,1,0.318054,0,,,0,0,0,0.346252,0.106689,0.16272,0,0.0662842,0.206055,0.112,0,0,,,,,,,S2C_43RGM_20260920_0_L2A,
s2delhi_r27_c15,27,15,EPSG:32643,738360.00,3128360.00,740920.00,3130920.00,77.443,28.271,2,0,0,0.297668,1,0,0.139634,0,0,0,0.0724487,0.0698853,0.430603,0,0.129395,0.168274,0.129395,0,0,,,,,,,S2C_43RGM_20260920_0_L2A,
s2delhi_r27_c16,27,16,EPSG:32643,740920.00,3128360.00,743480.00,3130920.00,77.4691,28.2705,2,0,1,0.3526,0,,,0,0,0,0.274902,0.12207,0.214905,0.003479,0.0320435,0.112305,0.240295,0,0,,,,,,,S2C_43RGM_20260920_0_L2A,
s2delhi_r27_c17,27,17,EPSG:32643,743480.00,3128360.00,746040.00,3130920.00,77.4952,28.27,2,0,1,0.322083,0,,,0,0,0,0.0778198,0.000244141,0.43634,0.0184937,0.14502,0.140076,0.182007,0,0,,,,,,,S2C_43RGM_20260920_0_L2A,
s2delhi_r27_c18,27,18,EPSG:32643,746040.00,3128360.00,748600.00,3130920.00,77.5212,28.2695,2,0,0,0.279541,0,,,0,0,0,0.201538,0.00268555,0.312378,0,0.203857,0.172302,0.107239,0,0,,,,,,,S2C_43RGM_20260920_0_L2A,
s2delhi_r27_c19,27,19,EPSG:32643,748600.00,3128360.00,751160.00,3130920.00,77.5473,28.2691,2,0,1,0.777649,0,,,0,0,0,0.0852051,0,0.00250244,0,0.134644,0.27533,0.502319,0,0,,,,,,,S2C_43RGM_20260920_0_L2A,
s2delhi_r27_c20,27,20,EPSG:32643,751160.00,3128360.00,753720.00,3130920.00,77.5734,28.2686,2,0,1,0.641418,0,,,0,0,0,0.0905151,0,0.169434,0,0.0986328,0.197998,0.44342,0,0,,,,,,,S2C_43RGM_20260920_0_L2A,
s2delhi_r27_c21,27,21,EPSG:32643,753720.00,3128360.00,756280.00,3130920.00,77.5995,28.2681,2,0,1,0.37915,0,,,0,0,0,0.245422,0.000366211,0.299072,0.00335693,0.0726318,0.196533,0.182617,0,0,,,,,,,S2C_43RGM_20260920_0_L2A,
s2delhi_r27_c22,27,22,EPSG:32643,756280.00,3128360.00,758840.00,3130920.00,77.6255,28.2676,2,0,1,0.44635,0,,,0,0,0,0.31897,0.00311279,0.133606,0,0.0979614,0.252625,0.193726,0,0,,,,,,,S2C_43RGM_20260920_0_L2A,
s2delhi_r27_c23,27,23,EPSG:32643,758840.00,3128360.00,761400.00,3130920.00,77.6516,28.2671,2,0,1,0.590149,0,,,0,0,0,0.154297,0.000610352,0.1026,0,0.152344,0.232361,0.357788,0,0,,,,,,,S2C_43RGM_20260920_0_L2A,
s2delhi_r27_c24,27,24,EPSG:32643,761400.00,3128360.00,763960.00,3130920.00,77.6777,28.2666,2,0,1,0.747253,0,,,0,0,0,0.0554199,0.00012207,0.0299683,0.0022583,0.164978,0.232422,0.514832,0,0,,,,,,,S2C_43RGM_20260920_0_L2A,
s2delhi_r27_c25,27,25,EPSG:32643,763960.00,3128360.00,766520.00,3130920.00,77.7038,28.2661,2,0,1,0.46759,0,,,0,0,0,0.182495,0,0.189209,0,0.160706,0.22345,0.244141,0,0,,,,,,,S2C_43RGM_20260920_0_L2A,
s2delhi_r27_c26,27,26,EPSG:32643,766520.00,3128360.00,769080.00,3130920.00,77.7298,28.2655,2,0,1,0.543396,0,,,0,0,0,0.0575562,0,0.210205,0,0.188843,0.271545,0.271851,0,0,,,,,,,S2C_43RGM_20260920_0_L2A,
s2delhi_r27_c27,27,27,EPSG:32643,769080.00,3128360.00,771640.00,3130920.00,77.7559,28.265,2,0,1,0.302307,0,,,0,0,0,0.129822,0.00238037,0.466919,0,0.0985718,0.144531,0.157776,0,0,,,,,,,S2C_43RGM_20260920_0_L2A,
s2delhi_r27_c28,27,28,EPSG:32643,771640.00,3128360.00,774200.00,3130920.00,77.782,28.2645,2,0,0,0.241577,0,,,0,0,0,0.21991,0.0230713,0.382019,0,0.133423,0.132141,0.109436,0,0,,,,,,,S2C_43RGM_20260920_0_L2A,
s2delhi_r27_c29,27,29,EPSG:32643,774200.00,3128360.00,776760.00,3130920.00,77.808,28.2639,2,0,1,0.394348,0,,,0,0,0,0.113831,0.00140381,0.289001,0,0.201416,0.223511,0.170837,0,0,,,,,,,S2C_43RGM_20260920_0_L2A,
s2delhi_r27_c30,27,30,EPSG:32643,776760.00,3128360.00,779320.00,3130920.00,77.8341,28.2634,2,0,1,0.315308,0,,,0,0,0,0.112305,0.00823975,0.445557,0,0.118591,0.151611,0.163696,0,0,,,,,,,S2C_43RGM_20260920_0_L2A,
s2delhi_r27_c31,27,31,EPSG:32643,779320.00,3128360.00,781880.00,3130920.00,77.8602,28.2629,2,0,1,0.628662,0,,,0,0,0,0.0863037,6.10352e-05,0.21759,0.00012207,0.0672607,0.344177,0.284485,0,0,,,,,,,S2C_43RGM_20260920_0_L2A,
s2delhi_r27_c32,27,32,EPSG:32643,781880.00,3128360.00,784440.00,3130920.00,77.8863,28.2623,2,0,0,0.117493,1,0,0.1747,0,0,0,0.154968,0.119019,0.562256,0,0.0462646,0.0864258,0.0310669,0,0,,,,,,,S2C_43RGM_20260920_0_L2A,
s2delhi_r27_c33,27,33,EPSG:32643,784440.00,3128360.00,787000.00,3130920.00,77.9123,28.2618,2,0,1,0.407532,0,,,0,0,0,0.279968,0.0829468,0.109985,0,0.119568,0.253418,0.154114,0,0,,,,,,,S2C_43RGM_20260920_0_L2A,
s2delhi_r27_c34,27,34,EPSG:32643,787000.00,3128360.00,789560.00,3130920.00,77.9384,28.2612,2,0,0,0.222778,0,,,0,0,0,0.214294,0.255798,0.212524,0,0.0946045,0.135925,0.086853,0,0,,,,,,,S2C_43RGM_20260920_0_L2A,
s2delhi_r27_c35,27,35,EPSG:32643,789560.00,3128360.00,792120.00,3130920.00,77.9645,28.2606,2,0,0,0.279541,1,0,0.439301,0,0,0,0.117065,0.236328,0.301636,0,0.0654297,0.166138,0.113403,0,0,,,,,,,S2C_43RGM_20260920_0_L2A,
s2delhi_r27_c36,27,36,EPSG:32643,792120.00,3128360.00,794680.00,3130920.00,77.9905,28.2601,2,0,1,0.353394,0,,,0,0,0,0.0981445,0.13739,0.287476,0,0.123596,0.21405,0.139343,0,0,,,,,,,S2C_43RGM_20260920_0_L2A,
s2delhi_r27_c37,27,37,EPSG:32643,794680.00,3128360.00,797240.00,3130920.00,78.0166,28.2595,2,0,0,0.0964355,1,1,0.570778,0,0,0,0.146179,0.420593,0.316284,0,0.0205078,0.0692749,0.0271606,0,0,,,,,,,S2C_43RGM_20260920_0_L2A,
s2delhi_r27_c38,27,38,EPSG:32643,797240.00,3128360.00,799800.00,3130920.00,78.0426,28.2589,2,0,0,0.140076,1,1,0.737317,0,0,0,0.074646,0.549072,0.195618,0,0.0405884,0.0979004,0.0421753,0,0,,,,,,,S2C_43RGM_20260920_0_L2A,
s2delhi_r27_c39,27,39,EPSG:32643,799800.00,3128360.00,802360.00,3130920.00,78.0687,28.2583,2,0,0,0.111755,1,1,0.807736,0,0,0,0.0561523,0.655151,0.155945,0,0.0209961,0.0827637,0.0289917,0,0,,,,,,,S2C_43RGM_20260920_0_L2A,
s2delhi_r27_c40,27,40,EPSG:32643,802360.00,3128360.00,804920.00,3130920.00,78.0948,28.2577,2,0,0,0,1,1,0.88208,0,0,0,0,0.88208,0.11792,0,0,0,0,0,0,,,,,,,S2C_43RGM_20260920_0_L2A,
s2delhi_r27_c41,27,41,EPSG:32643,804920.00,3128360.00,807480.00,3130920.00,78.1208,28.2572,2,0,0,0.0407104,1,1,0.855178,0,0,0,0.115051,0.717224,0.12146,0,0.0055542,0.0327148,0.00799561,0,0,,,,,,,S2C_43RGM_20260920_0_L2A,
s2delhi_r28_c00,28,0,EPSG:32643,699960.00,3125800.00,702520.00,3128360.00,77.0513,28.2543,2,1,0,0.251038,0,,,0,0,0,0.208313,0.0142212,0.450684,0,0.0757446,0.124695,0.126343,0,0,292.195,310.191,316.436,309.839,3.74922,6.24536,S2C_43RGM_20260920_0_L2A,LC09_L2SP_147040_20260921_02_T1
s2delhi_r28_c01,28,1,EPSG:32643,702520.00,3125800.00,705080.00,3128360.00,77.0774,28.2539,2,1,1,0.412109,0,,,0,0,0,0.232544,0.000488281,0.322937,0,0.0319214,0.191101,0.221008,0,0,291.635,310.709,319.363,308.071,7.09086,8.65359,S2C_43RGM_20260920_0_L2A,LC09_L2SP_147040_20260921_02_T1
s2delhi_r28_c02,28,2,EPSG:32643,705080.00,3125800.00,707640.00,3128360.00,77.1035,28.2535,2,1,1,0.41626,0,,,0,0,0,0.0424805,0,0.393738,0,0.147522,0.23291,0.18335,0,0,292.186,312.851,320.205,312.072,3.97988,7.35406,S2C_43RGM_20260920_0_L2A,LC09_L2SP_147040_20260921_02_T1
s2delhi_r28_c03,28,3,EPSG:32643,707640.00,3125800.00,710200.00,3128360.00,77.1296,28.2531,2,1,0,0.180481,1,0,0.0304888,0,0,0,0.000488281,0.0239868,0.762756,0,0.0322876,0.0703735,0.110107,0,0,284.781,306.601,319.64,303.865,8.6731,13.0395,S2C_43RGM_20260920_0_L2A,LC09_L2SP_147040_20260921_02_T1
s2delhi_r28_c04,28,4,EPSG:32643,710200.00,3125800.00,712760.00,3128360.00,77.1556,28.2527,2,1,0,0.0527954,1,0,0.00682952,0,0,0,0.000244141,0.00634766,0.923096,0,0.0175171,0.0324707,0.0203247,0,0,295.456,313.106,322.4,312.532,4.22256,9.29391,S2C_43RGM_20260920_0_L2A,LC09_L2SP_147040_20260921_02_T1
s2delhi_r28_c05,28,5,EPSG:32643,712760.00,3125800.00,715320.00,3128360.00,77.1817,28.2523,2,0,0,0,1,0,0.0312696,0,0,0,0.0279541,0.0303955,0.94165,0,0,0,0,0,0,,,,,,,S2C_43RGM_20260920_0_L2A,
s2delhi_r28_c06,28,6,EPSG:32643,715320.00,3125800.00,717880.00,3128360.00,77.2078,28.2519,2,0,1,0.301941,0,,,0,0,0,0.133301,0,0.464661,0,0.100098,0.161743,0.140198,0,0,,,,,,,S2C_43RGM_20260920_0_L2A,
s2delhi_r28_c07,28,7,EPSG:32643,717880.00,3125800.00,720440.00,3128360.00,77.2339,28.2514,2,0,1,0.506348,0,,,0,0,0,0,0,0.366272,0,0.12738,0.302734,0.203613,0,0,,,,,,,S2C_43RGM_20260920_0_L2A,
s2delhi_r28_c08,28,8,EPSG:32643,720440.00,3125800.00,723000.00,3128360.00,77.26,28.251,2,0,1,0.593628,0,,,0,0,0,0.0980835,0,0.209351,0,0.098938,0.205383,0.388245,0,0,,,,,,,S2C_43RGM_20260920_0_L2A,
s2delhi_r28_c09,28,9,EPSG:32643,723000.00,3125800.00,725560.00,3128360.00,77.286,28.2506,2,0,1,0.347168,0,,,0,0,0,0.209229,0,0.400024,0,0.0435791,0.190186,0.156982,0,0,,,,,,,S2C_43RGM_20260920_0_L2A,
s2delhi_r28_c10,28,10,EPSG:32643,725560.00,3125800.00,728120.00,3128360.00,77.3121,28.2501,2,0,1,0.315674,1,0,0.000199601,0,0,0,0,0.00012207,0.61145,0,0.0727539,0.224426,0.0912476,0,0,,,,,,,S2C_43RGM_20260920_0_L2A,
s2delhi_r28_c11,28,11,EPSG:32643,728120.00,3125800.00,730680.00,3128360.00,77.3382,28.2497,2,0,0,0.00866699,1,0,0.160125,0,0,0,0.0371704,0.152649,0.800659,0,0.000854492,0.00866699,0,0,0,,,,,,,S2C_43RGM_20260920_0_L2A,
s2delhi_r28_c12,28,12,EPSG:32643,730680.00,3125800.00,733240.00,3128360.00,77.3643,28.2493,2,0,1,0.371521,0,,,0,0,0,0.243103,0.0230103,0.248901,0,0.113464,0.173462,0.198059,0,0,,,,,,,S2C_43RGM_20260920_0_L2A,
s2delhi_r28_c13,28,13,EPSG:32643,733240.00,3125800.00,735800.00,3128360.00,77.3903,28.2488,2,0,1,0.444946,0,,,0,0,0,0.0895386,0.0020752,0.313232,0,0.150208,0.224854,0.220093,0,0,,,,,,,S2C_43RGM_20260920_0_L2A,
s2delhi_r28_c14,28,14,EPSG:32643,735800.00,3125800.00,738360.00,3128360.00,77.4164,28.2483,2,0,1,0.341064,0,,,0,0,0,0.16333,0.00152588,0.367188,0,0.126892,0.138611,0.202454,0,0,,,,,,,S2C_43RGM_20260920_0_L2A,
s2delhi_r28_c15,28,15,EPSG:32643,738360.00,3125800.00,740920.00,3128360.00,77.4425,28.2479,2,0,1,0.536865,0,,,0,0,0,0.273376,0.0430298,0.0891724,0.00744629,0.0501099,0.164368,0.372498,0,0,,,,,,,S2C_43RGM_20260920_0_L2A,
s2delhi_r28_c16,28,16,EPSG:32643,740920.00,3125800.00,743480.00,3128360.00,77.4686,28.2474,2,0,1,0.421204,0,,,0,0,0,0.0452881,0.00280762,0.400696,0.00549316,0.124512,0.198914,0.22229,0,0,,,,,,,S2C_43RGM_20260920_0_L2A,
s2delhi_r28_c17,28,17,EPSG:32643,743480.00,3125800.00,746040.00,3128360.00,77.4946,28.2469,2,0,1,0.579285,0,,,0,0,0,0.0631714,0.000976562,0.213562,0,0.143005,0.210632,0.368652,0,0,,,,,,,S2C_43RGM_20260920_0_L2A,
s2delhi_r28_c18,28,18,EPSG:32643,746040.00,3125800.00,748600.00,3128360.00,77.5207,28.2465,2,0,1,0.448364,0,,,0,0,0,0.312378,0.00012207,0.154663,0,0.0844727,0.159668,0.288696,0,0,,,,,,,S2C_43RGM_20260920_0_L2A,
s2delhi_r28_c19,28,19,EPSG:32643,748600.00,3125800.00,751160.00,3128360.00,77.5468,28.246,2,0,1,0.508728,0,,,0,0,0,0.0405884,0.000671387,0.380005,0,0.0700073,0.153931,0.354797,0,0,,,,,,,S2C_43RGM_20260920_0_L2A,
s2delhi_r28_c20,28,20,EPSG:32643,751160.00,3125800.00,753720.00,3128360.00,77.5728,28.2455,2,0,0,0.27533,0,,,0,0,0,0.20874,0.000915527,0.403748,0,0.111267,0.15979,0.11554,0,0,,,,,,,S2C_43RGM_20260920_0_L2A,
s2delhi_r28_c21,28,21,EPSG:32643,753720.00,3125800.00,756280.00,3128360.00,77.5989,28.245,2,0,1,0.445618,0,,,0,0,0,0.240784,0.000183105,0.199524,0,0.113892,0.220154,0.225464,0,0,,,,,,,S2C_43RGM_20260920_0_L2A,
s2delhi_r28_c22,28,22,EPSG:32643,756280.00,3125800.00,758840.00,3128360.00,77.625,28.2445,2,0,1,0.507507,0,,,0,0,0,0.223694,0.000671387,0.150757,0,0.117371,0.217834,0.289673,0,0,,,,,,,S2C_43RGM_20260920_0_L2A,
s2delhi_r28_c23,28,23,EPSG:32643,758840.00,3125800.00,761400.00,3128360.00,77.651,28.244,2,0,1,0.39325,0,,,0,0,0,0.0509644,0,0.386353,0,0.169434,0.154785,0.238464,0,0,,,,,,,S2C_43RGM_20260920_0_L2A,
s2delhi_r28_c24,28,24,EPSG:32643,761400.00,3125800.00,763960.00,3128360.00,77.6771,28.2435,2,0,1,0.301086,0,,,0,0,0,0.0522461,0.00115967,0.451294,0,0.194214,0.173279,0.127808,0,0,,,,,,,S2C_43RGM_20260920_0_L2A,
s2delhi_r28_c25,28,25,EPSG:32643,763960.00,3125800.00,766520.00,3128360.00,77.7032,28.243,2,0,1,0.366821,0,,,0,0,0,0.185852,0.00634766,0.272766,0,0.168213,0.186646,0.180176,0,0,,,,,,,S2C_43RGM_20260920_0_L2A,
s2delhi_r28_c26,28,26,EPSG:32643,766520.00,3125800.00,769080.00,3128360.00,77.7292,28.2425,2,0,1,0.306824,0,,,0,0,0,0.207458,0.0404663,0.345337,0,0.0999146,0.169128,0.137695,0,0,,,,,,,S2C_43RGM_20260920_0_L2A,
s2delhi_r28_c27,28,27,EPSG:32643,769080.00,3125800.00,771640.00,3128360.00,77.7553,28.2419,2,0,1,0.392944,0,,,0,0,0,0.337463,0.0127563,0.157898,0,0.098938,0.221558,0.171387,0,0,,,,,,,S2C_43RGM_20260920_0_L2A,
s2delhi_r28_c28,28,28,EPSG:32643,771640.00,3125800.00,774200.00,3128360.00,77.7814,28.2414,2,0,1,0.374695,0,,,0,0,0,0.0307007,0.00964355,0.406006,0,0.178955,0.203369,0.171326,0,0,,,,,,,S2C_43RGM_20260920_0_L2A,
s2delhi_r28_c29,28,29,EPSG:32643,774200.00,3125800.00,776760.00,3128360.00,77.8074,28.2409,2,0,1,0.327881,0,,,0,0,0,0.131348,0.00292969,0.361938,0,0.175903,0.213867,0.114014,0,0,,,,,,,S2C_43RGM_20260920_0_L2A,
s2delhi_r28_c30,28,30,EPSG:32643,776760.00,3125800.00,779320.00,3128360.00,77.8335,28.2403,2,0,1,0.679077,0,,,0,0,0,0.233643,0,0.0333862,0,0.053894,0.180969,0.498108,0,0,,,,,,,S2C_43RGM_20260920_0_L2A,
s2delhi_r28_c31,28,31,EPSG:32643,779320.00,3125800.00,781880.00,3128360.00,77.8596,28.2398,2,0,1,0.557251,0,,,0,0,0,0.109497,0,0.259094,0.0067749,0.0673828,0.312012,0.245239,0,0,,,,,,,S2C_43RGM_20260920_0_L2A,
s2delhi_r28_c32,28,32,EPSG:32643,781880.00,3125800.00,784440.00,3128360.00,77.8856,28.2392,2,0,0,0.247498,1,0,0.0179141,0,0,0,0.108459,0.00994873,0.54541,0,0.0886841,0.156982,0.0905151,0,0,,,,,,,S2C_43RGM_20260920_0_L2A,
s2delhi_r28_c33,28,33,EPSG:32643,784440.00,3125800.00,787000.00,3128360.00,77.9117,28.2387,2,0,1,0.321777,0,,,0,0,0,0.170105,0.111145,0.27594,0.00292969,0.118103,0.162842,0.158936,0,0,,,,,,,S2C_43RGM_20260920_0_L2A,
s2delhi_r28_c34,28,34,EPSG:32643,787000.00,3125800.00,789560.00,3128360.00,77.9378,28.2381,2,0,0,0.293823,0,,,0,0,0,0.229858,0.133118,0.205261,0.00616455,0.131775,0.148499,0.145325,0,0,,,,,,,S2C_43RGM_20260920_0_L2A,
s2delhi_r28_c35,28,35,EPSG:32643,789560.00,3125800.00,792120.00,3128360.00,77.9638,28.2376,2,0,0,0.176147,1,1,0.759883,0,0,0,0.0340576,0.522095,0.164978,0,0.102722,0.108643,0.0675049,0,0,,,,,,,S2C_43RGM_20260920_0_L2A,
s2delhi_r28_c36,28,36,EPSG:32643,792120.00,3125800.00,794680.00,3128360.00,77.9899,28.237,2,0,0,0.180237,1,1,0.705503,0,0,0,0.126099,0.474182,0.197937,0,0.0215454,0.114746,0.0654907,0,0,,,,,,,S2C_43RGM_20260920_0_L2A,
s2delhi_r28_c37,28,37,EPSG:32643,794680.00,3125800.00,797240.00,3128360.00,78.0159,28.2364,2,0,0,0.188782,1,1,0.565733,0,0,0,0.18573,0.335144,0.257263,0,0.0330811,0.10199,0.086792,0,0,,,,,,,S2C_43RGM_20260920_0_L2A,
s2delhi_r28_c38,28,38,EPSG:32643,797240.00,3125800.00,799800.00,3128360.00,78.042,28.2358,2,0,0,0.251099,1,1,0.673601,0,0,0,0.0724487,0.407104,0.197266,0,0.0720825,0.169861,0.0812378,0,0,,,,,,,S2C_43RGM_20260920_0_L2A,
s2delhi_r28_c39,28,39,EPSG:32643,799800.00,3125800.00,802360.00,3128360.00,78.068,28.2353,2,0,0,0,1,1,0.899505,0,0,0,0,0.899231,0.100464,0,0.000305176,0,0,0,0,,,,,,,S2C_43RGM_20260920_0_L2A,
s2delhi_r28_c40,28,40,EPSG:32643,802360.00,3125800.00,804920.00,3128360.00,78.0941,28.2347,2,0,0,0,1,1,0.829802,0,0,0,0.0435791,0.79364,0.162781,0,0,0,0,0,0,,,,,,,S2C_43RGM_20260920_0_L2A,
s2delhi_r28_c41,28,41,EPSG:32643,804920.00,3125800.00,807480.00,3128360.00,78.1202,28.2341,2,0,0,0.0177612,1,1,0.756307,0,0,0,0.0407715,0.704468,0.22699,0,0.0100098,0.0166016,0.00115967,0,0,,,,,,,S2C_43RGM_20260920_0_L2A,
s2delhi_r29_c00,29,0,EPSG:32643,699960.00,3123240.00,702520.00,3125800.00,77.0509,28.2312,2,1,1,0.512512,0,,,0,0,0,0.101196,6.10352e-05,0.235229,0,0.151001,0.208923,0.303589,0,0,290.227,310.799,319.932,309.275,5.1937,9.13342,S2C_43RGM_20260920_0_L2A,LC09_L2SP_147040_20260921_02_T1
s2delhi_r29_c01,29,1,EPSG:32643,702520.00,3123240.00,705080.00,3125800.00,77.077,28.2308,2,1,1,0.738953,0,,,0,0,0,0.190063,0,0.0494385,0,0.0215454,0.181213,0.557739,0,0,290.656,311.523,320.387,309.107,6.96738,8.8638,S2C_43RGM_20260920_0_L2A,LC09_L2SP_147040_20260921_02_T1
s2delhi_r29_c02,29,2,EPSG:32643,705080.00,3123240.00,707640.00,3125800.00,77.103,28.2304,2,1,1,0.597839,0,,,0,0,0,0,0.00787354,0.33606,0,0.0582275,0.153076,0.444763,0,0,290.604,313.503,322.892,311.861,6.19855,9.38858,S2C_43RGM_20260920_0_L2A,LC09_L2SP_147040_20260921_02_T1
s2delhi_r29_c03,29,3,EPSG:32643,707640.00,3123240.00,710200.00,3125800.00,77.1291,28.23,2,1,0,0,1,0,0.239258,0,0,0,0,0.239258,0.760742,0,0,0,0,0,0,285.585,307.257,318.666,305.839,7.34283,11.4092,S2C_43RGM_20260920_0_L2A,LC09_L2SP_147040_20260921_02_T1
s2delhi_r29_c04,29,4,EPSG:32643,710200.00,3123240.00,712760.00,3125800.00,77.1552,28.2296,2,1,0,0.0567627,1,0,0.358659,0,0,0,0.236572,0.249512,0.446167,0,0.0109863,0.027832,0.0289307,0,0,286.996,306.832,314.05,305.221,5.29005,7.21765,S2C_43RGM_20260920_0_L2A,LC09_L2SP_147040_20260921_02_T1
s2delhi_r29_c05,29,5,EPSG:32643,712760.00,3123240.00,715320.00,3125800.00,77.1813,28.2292,2,0,0,0.148682,1,0,0.0528019,0,0,0,0.167542,0.0318604,0.571533,0,0.0803833,0.072998,0.0756836,0,0,,,,,,,S2C_43RGM_20260920_0_L2A,
s2delhi_r29_c06,29,6,EPSG:32643,715320.00,3123240.00,717880.00,3125800.00,77.2073,28.2288,2,0,1,0.503235,0,,,0,0,0,0.017334,0,0.318359,0,0.161072,0.235291,0.267944,0,0,,,,,,,S2C_43RGM_20260920_0_L2A,
s2delhi_r29_c07,29,7,EPSG:32643,717880.00,3123240.00,720440.00,3125800.00,77.2334,28.2284,2,0,1,0.503906,0,,,0,0,0,0.0925903,0,0.204895,0,0.198608,0.245605,0.258301,0,0,,,,,,,S2C_43RGM_20260920_0_L2A,
s2delhi_r29_c08,29,8,EPSG:32643,720440.00,3123240.00,723000.00,3125800.00,77.2595,28.2279,2,0,1,0.517883,0,,,0,0,0,0.0257568,0,0.336853,0,0.119507,0.192261,0.325623,0,0,,,,,,,S2C_43RGM_20260920_0_L2A,
s2delhi_r29_c09,29,9,EPSG:32643,723000.00,3123240.00,725560.00,3125800.00,77.2855,28.2275,2,0,1,0.562744,0,,,0,0,0,0.0170898,0,0.379333,0,0.0408325,0.169128,0.393616,0,0,,,,,,,S2C_43RGM_20260920_0_L2A,
s2delhi_r29_c10,29,10,EPSG:32643,725560.00,3123240.00,728120.00,3125800.00,77.3116,28.2271,2,0,0,0.00463867,1,0,0,0,0,0,0.0151367,0,0.97522,0,0.00500488,0.00463867,0,0,0,,,,,,,S2C_43RGM_20260920_0_L2A,
s2delhi_r29_c11,29,11,EPSG:32643,728120.00,3123240.00,730680.00,3125800.00,77.3377,28.2266,2,0,0,0.176086,1,0,0.0147721,0,0,0,0.108276,0.00921631,0.614685,0,0.0917358,0.10083,0.0752563,0,0,,,,,,,S2C_43RGM_20260920_0_L2A,
s2delhi_r29_c12,29,12,EPSG:32643,730680.00,3123240.00,733240.00,3125800.00,77.3638,28.2262,2,0,0,0.198792,1,0,0.0268199,0,0,0,0.0974731,0.0136719,0.496094,0.00158691,0.192383,0.110779,0.0880127,0,0,,,,,,,S2C_43RGM_20260920_0_L2A,
s2delhi_r29_c13,29,13,EPSG:32643,733240.00,3123240.00,735800.00,3125800.00,77.3898,28.2257,2,0,1,0.473999,0,,,0,0,0,0.177856,0.00506592,0.22406,0,0.119019,0.214417,0.259583,0,0,,,,,,,S2C_43RGM_20260920_0_L2A,
s2delhi_r29_c14,29,14,EPSG:32643,735800.00,3123240.00,738360.00,3125800.00,77.4159,28.2253,2,0,1,0.633606,0,,,0,0,0,0.129272,6.10352e-05,0.121887,0,0.115173,0.187988,0.445618,0,0,,,,,,,S2C_43RGM_20260920_0_L2A,
s2delhi_r29_c15,29,15,EPSG:32643,738360.00,3123240.00,740920.00,3125800.00,77.442,28.2248,2,0,0,0.183533,1,0,0.177376,0,0,0,0,0.133606,0.619629,0.00714111,0.0560913,0.10199,0.081543,0,0,,,,,,,S2C_43RGM_20260920_0_L2A,
s2delhi_r29_c16,29,16,EPSG:32643,740920.00,3123240.00,743480.00,3125800.00,77.468,28.2243,2,0,0,0,1,1,0.512559,0,0,0,0.0290527,0.480774,0.457214,0.0308838,0.0020752,0,0,0,0,,,,,,,S2C_43RGM_20260920_0_L2A,
s2delhi_r29_c17,29,17,EPSG:32643,743480.00,3123240.00,746040.00,3125800.00,77.4941,28.2238,2,0,0,0.172058,1,0,0.060709,0,0,0,0.0960693,0.0327148,0.506165,0,0.192993,0.119629,0.0524292,0,0,,,,,,,S2C_43RGM_20260920_0_L2A,
s2delhi_r29_c18,29,18,EPSG:32643,746040.00,3123240.00,748600.00,3125800.00,77.5202,28.2234,2,0,1,0.64325,0,,,0,0,0,0.180176,0,0.0361328,0,0.140442,0.251587,0.391663,0,0,,,,,,,S2C_43RGM_20260920_0_L2A,
s2delhi_r29_c19,29,19,EPSG:32643,748600.00,3123240.00,751160.00,3125800.00,77.5462,28.2229,2,0,0,0.147156,1,0,0.00127836,0,0,0,0.152405,0.000732422,0.572205,0,0.127502,0.0713501,0.0758057,0,0,,,,,,,S2C_43RGM_20260920_0_L2A,
s2delhi_r29_c20,29,20,EPSG:32643,751160.00,3123240.00,753720.00,3125800.00,77.5723,28.2224,2,0,1,0.74054,0,,,0,0,0,0.150635,0,0.00286865,0,0.105957,0.280212,0.460327,0,0,,,,,,,S2C_43RGM_20260920_0_L2A,
s2delhi_r29_c21,29,21,EPSG:32643,753720.00,3123240.00,756280.00,3125800.00,77.5984,28.2219,2,0,1,0.50531,0,,,0,0,0,0.297546,0,0.138,0,0.0591431,0.197937,0.307373,0,0,,,,,,,S2C_43RGM_20260920_0_L2A,
s2delhi_r29_c22,29,22,EPSG:32643,756280.00,3123240.00,758840.00,3125800.00,77.6244,28.2214,2,0,1,0.781433,0,,,0,0,0,0.0292969,0,0.106567,0,0.0827026,0.229797,0.551636,0,0,,,,,,,S2C_43RGM_20260920_0_L2A,
s2delhi_r29_c23,29,23,EPSG:32643,758840.00,3123240.00,761400.00,3125800.00,77.6505,28.2209,2,0,0,0.205872,1,0,0,0,0,0,0.0637207,0,0.60968,0.0160522,0.104675,0.114807,0.0910645,0,0,,,,,,,S2C_43RGM_20260920_0_L2A,
s2delhi_r29_c24,29,24,EPSG:32643,761400.00,3123240.00,763960.00,3125800.00,77.6765,28.2204,2,0,0,0.292114,0,,,0,0,0,0.273865,0.00604248,0.365967,0,0.0620117,0.118164,0.17395,0,0,,,,,,,S2C_43RGM_20260920_0_L2A,
s2delhi_r29_c25,29,25,EPSG:32643,763960.00,3123240.00,766520.00,3125800.00,77.7026,28.2199,2,0,0,0.281372,0,,,0,0,0,0.130554,0.0183716,0.441772,0,0.12793,0.166504,0.114868,0,0,,,,,,,S2C_43RGM_20260920_0_L2A,
s2delhi_r29_c26,29,26,EPSG:32643,766520.00,3123240.00,769080.00,3125800.00,77.7287,28.2194,2,0,1,0.536865,0,,,0,0,0,0.188171,0.00152588,0.0963135,0,0.177124,0.26886,0.268005,0,0,,,,,,,S2C_43RGM_20260920_0_L2A,
s2delhi_r29_c27,29,27,EPSG:32643,769080.00,3123240.00,771640.00,3125800.00,77.7547,28.2188,2,0,1,0.677612,0,,,0,0,0,0.0917358,0,0.0999146,0,0.130737,0.266846,0.410767,0,0,,,,,,,S2C_43RGM_20260920_0_L2A,
s2delhi_r29_c28,29,28,EPSG:32643,771640.00,3123240.00,774200.00,3125800.00,77.7808,28.2183,2,0,1,0.363159,0,,,0,0,0,0.0811157,0.0172729,0.38208,0,0.156372,0.194641,0.168518,0,0,,,,,,,S2C_43RGM_20260920_0_L2A,
s2delhi_r29_c29,29,29,EPSG:32643,774200.00,3123240.00,776760.00,3125800.00,77.8068,28.2178,2,0,0,0.267029,0,,,0,0,0,0.256409,0.00402832,0.325867,0,0.146667,0.173096,0.0939331,0,0,,,,,,,S2C_43RGM_20260920_0_L2A,
s2delhi_r29_c30,29,30,EPSG:32643,776760.00,3123240.00,779320.00,3125800.00,77.8329,28.2172,2,0,1,0.473267,0,,,0,0,0,0.279297,0,0.110901,0,0.136536,0.214478,0.258789,0,0,,,,,,,S2C_43RGM_20260920_0_L2A,
s2delhi_r29_c31,29,31,EPSG:32643,779320.00,3123240.00,781880.00,3125800.00,77.859,28.2167,2,0,1,0.597473,0,,,0,0,0,0.154907,0.000549316,0.146057,0,0.101013,0.212402,0.385071,0,0,,,,,,,S2C_43RGM_20260920_0_L2A,
s2delhi_r29_c32,29,32,EPSG:32643,781880.00,3123240.00,784440.00,3125800.00,77.885,28.2162,2,0,1,0.371277,0,,,0,0,0,0.158447,0.0913086,0.280396,0,0.0985718,0.156799,0.214478,0,0,,,,,,,S2C_43RGM_20260920_0_L2A,
s2delhi_r29_c33,29,33,EPSG:32643,784440.00,3123240.00,787000.00,3125800.00,77.9111,28.2156,2,0,0,0.189087,0,,,0,0,0,0.317505,0.227783,0.191833,0,0.0737915,0.127258,0.0618286,0,0,,,,,,,S2C_43RGM_20260920_0_L2A,
s2delhi_r29_c34,29,34,EPSG:32643,787000.00,3123240.00,789560.00,3125800.00,77.9371,28.215,2,0,1,0.40802,0,,,0,0,0,0.0971069,0.226746,0.152039,0,0.116089,0.223572,0.184448,0,0,,,,,,,S2C_43RGM_20260920_0_L2A,
s2delhi_r29_c35,29,35,EPSG:32643,789560.00,3123240.00,792120.00,3125800.00,77.9632,28.2145,2,0,0,0.0681763,1,1,0.674695,0,0,0,0.0601807,0.574463,0.276978,0,0.0202026,0.0547485,0.0134277,0,0,,,,,,,S2C_43RGM_20260920_0_L2A,
s2delhi_r29_c36,29,36,EPSG:32643,792120.00,3123240.00,794680.00,3125800.00,77.9892,28.2139,2,0,0,0.164612,1,1,0.684845,0,0,0,0.0975952,0.485168,0.223267,0,0.0293579,0.0963745,0.0682373,0,0,,,,,,,S2C_43RGM_20260920_0_L2A,
s2delhi_r29_c37,29,37,EPSG:32643,794680.00,3123240.00,797240.00,3125800.00,78.0153,28.2133,2,0,0,0.229431,1,1,0.792699,0,0,0,0.116028,0.482422,0.12616,0,0.0459595,0.112427,0.117004,0,0,,,,,,,S2C_43RGM_20260920_0_L2A,
s2delhi_r29_c38,29,38,EPSG:32643,797240.00,3123240.00,799800.00,3125800.00,78.0413,28.2128,2,0,0,0.0853271,1,1,0.726743,0,0,0,0.0756226,0.593628,0.223206,0,0.0222168,0.0474854,0.0378418,0,0,,,,,,,S2C_43RGM_20260920_0_L2A,
s2delhi_r29_c39,29,39,EPSG:32643,799800.00,3123240.00,802360.00,3125800.00,78.0674,28.2122,2,0,0,0.0576172,1,1,0.811573,0,0,0,0.0805664,0.69165,0.160583,0,0.00958252,0.0386963,0.0189209,0,0,,,,,,,S2C_43RGM_20260920_0_L2A,
s2delhi_r29_c40,29,40,EPSG:32643,802360.00,3123240.00,804920.00,3125800.00,78.0934,28.2116,2,0,0,0.0178223,1,1,0.812923,0,0,0,0.013855,0.78479,0.180603,0,0.00292969,0.0123901,0.00543213,0,0,,,,,,,S2C_43RGM_20260920_0_L2A,
s2delhi_r29_c41,29,41,EPSG:32643,804920.00,3123240.00,807480.00,3125800.00,78.1195,28.211,2,0,0,0.0479736,1,1,0.865254,0,0,0,0.00201416,0.817566,0.127319,0,0.00512695,0.0307007,0.0172729,0,0,,,,,,,S2C_43RGM_20260920_0_L2A,
s2delhi_r30_c00,30,0,EPSG:32643,699960.00,3120680.00,702520.00,3123240.00,77.0504,28.2081,2,1,0,0.204346,1,0,0,0,0,0,0.00469971,0,0.71521,0,0.0757446,0.0935669,0.110779,0,0,290.999,309.083,317.813,307.458,6.23451,8.73022,S2C_43RGM_20260920_0_L2A,LC09_L2SP_147040_20260921_02_T1
s2delhi_r30_c01,30,1,EPSG:32643,702520.00,3120680.00,705080.00,3123240.00,77.0765,28.2077,2,1,0,0.197205,1,0,0.123379,0,0,0,0,0.0923462,0.656128,0,0.0543213,0.0827026,0.114502,0,0,289.932,310.329,318.898,309.302,5.12616,8.56897,S2C_43RGM_20260920_0_L2A,LC09_L2SP_147040_20260921_02_T1
s2delhi_r30_c02,30,2,EPSG:32643,705080.00,3120680.00,707640.00,3123240.00,77.1026,28.2073,2,1,0,0,1,1,0.609778,0,0,0,0,0.609741,0.390198,0,6.10352e-05,0,0,0,0,290.187,305.232,319.142,304.811,5.01891,13.9094,S2C_43RGM_20260920_0_L2A,LC09_L2SP_147040_20260921_02_T1
s2delhi_r30_c03,30,3,EPSG:32643,707640.00,3120680.00,710200.00,3123240.00,77.1287,28.2069,2,1,0,0.00842285,1,0,0.433403,0,0,0,0.255432,0.318359,0.416199,0,0.00158691,0.00842285,0,0,0,284.535,305.264,313.7,302.207,8.10974,8.43579,S2C_43RGM_20260920_0_L2A,LC09_L2SP_147040_20260921_02_T1
s2delhi_r30_c04,30,4,EPSG:32643,710200.00,3120680.00,712760.00,3123240.00,77.1547,28.2065,2,1,0,0.172791,0,,,0,0,0,0.221802,0.122803,0.360962,0,0.121643,0.110352,0.062439,0,0,293.158,307.469,321.253,308.185,3.916,13.7839,S2C_43RGM_20260920_0_L2A,LC09_L2SP_147040_20260921_02_T1
s2delhi_r30_c05,30,5,EPSG:32643,712760.00,3120680.00,715320.00,3123240.00,77.1808,28.2061,2,0,1,0.338257,0,,,0,0,0,0.0239258,0.000427246,0.412048,0,0.225342,0.230957,0.1073,0,0,,,,,,,S2C_43RGM_20260920_0_L2A,
s2delhi_r30_c06,30,6,EPSG:32643,715320.00,3120680.00,717880.00,3123240.00,77.2069,28.2057,2,0,0,0.26355,0,,,0,0,0,0.19696,0.0140991,0.469299,0,0.0560913,0.132568,0.130981,0,0,,,,,,,S2C_43RGM_20260920_0_L2A,
s2delhi_r30_c07,30,7,EPSG:32643,717880.00,3120680.00,720440.00,3123240.00,77.2329,28.2053,2,0,1,0.731323,0,,,0,0,0,0.0723267,0,0.0802612,0,0.116089,0.28302,0.448303,0,0,,,,,,,S2C_43RGM_20260920_0_L2A,
s2delhi_r30_c08,30,8,EPSG:32643,720440.00,3120680.00,723000.00,3123240.00,77.259,28.2048,2,0,0,0.129456,1,0,0.00379834,0,0,0,0.0750732,0.00268555,0.704346,0.00115967,0.0872803,0.10022,0.0292358,0,0,,,,,,,S2C_43RGM_20260920_0_L2A,
s2delhi_r30_c09,30,9,EPSG:32643,723000.00,3120680.00,725560.00,3123240.00,77.2851,28.2044,2,0,0,0.211975,1,0,0.0242118,0,0,0,0.127319,0.0137329,0.553467,0,0.0935059,0.126709,0.0852661,0,0,,,,,,,S2C_43RGM_20260920_0_L2A,
s2delhi_r30_c10,30,10,EPSG:32643,725560.00,3120680.00,728120.00,3123240.00,77.3111,28.204,2,0,0,0.177429,1,0,0.0405002,0,0,0,0.188843,0.0223389,0.529236,0.00817871,0.0739746,0.0897217,0.0877075,0,0,,,,,,,S2C_43RGM_20260920_0_L2A,
s2delhi_r30_c11,30,11,EPSG:32643,728120.00,3120680.00,730680.00,3123240.00,77.3372,28.2035,2,0,0,0.0170898,1,0,0.00413283,0,0,0,0.107727,0.003479,0.838318,0,0.0333862,0.0135498,0.00354004,0,0,,,,,,,S2C_43RGM_20260920_0_L2A,
s2delhi_r30_c12,30,12,EPSG:32643,730680.00,3120680.00,733240.00,3123240.00,77.3632,28.2031,2,0,0,0.126343,1,0,0.0317024,0,0,0,0.0227661,0.0239258,0.730774,0,0.0961914,0.0765381,0.0498047,0,0,,,,,,,S2C_43RGM_20260920_0_L2A,
s2delhi_r30_c13,30,13,EPSG:32643,733240.00,3120680.00,735800.00,3123240.00,77.3893,28.2026,2,0,1,0.382935,0,,,0,0,0,0.154175,0.0114136,0.291443,0,0.160034,0.174927,0.208008,0,0,,,,,,,S2C_43RGM_20260920_0_L2A,
s2delhi_r30_c14,30,14,EPSG:32643,735800.00,3120680.00,738360.00,3123240.00,77.4154,28.2022,2,0,0,0.039856,1,0,0.120312,0,0,0,0.0127563,0.109253,0.798828,0,0.0393066,0.0296021,0.0102539,0,0,,,,,,,S2C_43RGM_20260920_0_L2A,
s2delhi_r30_c15,30,15,EPSG:32643,738360.00,3120680.00,740920.00,3123240.00,77.4414,28.2017,2,0,0,0.0280151,1,1,0.574102,0,0,0,0.0150757,0.531738,0.39447,0,0.0307007,0.026123,0.00189209,0,0,,,,,,,S2C_43RGM_20260920_0_L2A,
s2delhi_r30_c16,30,16,EPSG:32643,740920.00,3120680.00,743480.00,3123240.00,77.4675,28.2012,2,0,0,0.125427,1,1,0.779601,0,0,0,0.16449,0.487061,0.137695,0.0262451,0.059082,0.0905151,0.0349121,0,0,,,,,,,S2C_43RGM_20260920_0_L2A,
s2delhi_r30_c17,30,17,EPSG:32643,743480.00,3120680.00,746040.00,3123240.00,77.4936,28.2008,2,0,0,0.201294,0,,,0,0,0,0.131714,0.116272,0.371948,0,0.178772,0.123413,0.0778809,0,0,,,,,,,S2C_43RGM_20260920_0_L2A,
s2delhi_r30_c18,30,18,EPSG:32643,746040.00,3120680.00,748600.00,3123240.00,77.5196,28.2003,2,0,1,0.696899,0,,,0,0,0,0.135925,6.10352e-05,0.0422363,0,0.124878,0.312439,0.38446,0,0,,,,,,,S2C_43RGM_20260920_0_L2A,
s2delhi_r30_c19,30,19,EPSG:32643,748600.00,3120680.00,751160.00,3123240.00,77.5457,28.1998,2,0,1,0.43512,0,,,0,0,0,0.138611,6.10352e-05,0.24469,0.00952148,0.171997,0.207703,0.227417,0,0,,,,,,,S2C_43RGM_20260920_0_L2A,
s2delhi_r30_c20,30,20,EPSG:32643,751160.00,3120680.00,753720.00,3123240.00,77.5717,28.1993,2,0,1,0.593384,0,,,0,0,0,0.0519409,0,0.175781,0,0.178894,0.216064,0.377319,0,0,,,,,,,S2C_43RGM_20260920_0_L2A,
s2delhi_r30_c21,30,21,EPSG:32643,753720.00,3120680.00,756280.00,3123240.00,77.5978,28.1988,2,0,1,0.851868,0,,,0,0,0,0.019043,0,0.0545654,0,0.0745239,0.199341,0.652527,0,0,,,,,,,S2C_43RGM_20260920_0_L2A,
s2delhi_r30_c22,30,22,EPSG:32643,756280.00,3120680.00,758840.00,3123240.00,77.6239,28.1983,2,0,0,0.154907,1,0,0.00229949,0,0,0,0.126831,0.00152588,0.662048,0,0.0546875,0.0963745,0.0585327,0,0,,,,,,,S2C_43RGM_20260920_0_L2A,
s2delhi_r30_c23,30,23,EPSG:32643,758840.00,3120680.00,761400.00,3123240.00,77.6499,28.1978,2,0,0,0.263794,0,,,0,0,0,0.0999146,0.000793457,0.457031,0,0.178467,0.152771,0.111023,0,0,,,,,,,S2C_43RGM_20260920_0_L2A,
s2delhi_r30_c24,30,24,EPSG:32643,761400.00,3120680.00,763960.00,3123240.00,77.676,28.1973,2,0,1,0.357971,0,,,0,0,0,0.0678711,0.00482178,0.386414,0,0.182922,0.191833,0.166138,0,0,,,,,,,S2C_43RGM_20260920_0_L2A,
s2delhi_r30_c25,30,25,EPSG:32643,763960.00,3120680.00,766520.00,3123240.00,77.702,28.1968,2,0,0,0.184021,1,0,0.0896898,0,0,0,0.127808,0.0534668,0.542664,0,0.092041,0.134644,0.0493774,0,0,,,,,,,S2C_43RGM_20260920_0_L2A,
s2delhi_r30_c26,30,26,EPSG:32643,766520.00,3120680.00,769080.00,3123240.00,77.7281,28.1963,2,0,1,0.64624,0,,,0,0,0,0.164551,0.00415039,0.0892334,0.000671387,0.0951538,0.260437,0.385803,0,0,,,,,,,S2C_43RGM_20260920_0_L2A,
s2delhi_r30_c27,30,27,EPSG:32643,769080.00,3120680.00,771640.00,3123240.00,77.7541,28.1958,2,0,1,0.544739,0,,,0,0,0,0.0463257,0.00012207,0.233704,0,0.17511,0.258606,0.286133,0,0,,,,,,,S2C_43RGM_20260920_0_L2A,
s2delhi_r30_c28,30,28,EPSG:32643,771640.00,3120680.00,774200.00,3123240.00,77.7802,28.1952,2,0,1,0.333008,0,,,0,0,0,0.205444,0.00671387,0.382324,0,0.0725098,0.159058,0.17395,0,0,,,,,,,S2C_43RGM_20260920_0_L2A,
s2delhi_r30_c29,30,29,EPSG:32643,774200.00,3120680.00,776760.00,3123240.00,77.8062,28.1947,2,0,1,0.775024,0,,,0,0,0,0.132568,0.00012207,0.0367432,0,0.055542,0.250061,0.524963,0,0,,,,,,,S2C_43RGM_20260920_0_L2A,
s2delhi_r30_c30,30,30,EPSG:32643,776760.00,3120680.00,779320.00,3123240.00,77.8323,28.1942,2,0,1,0.319336,0,,,0,0,0,0.0784302,0.0126343,0.477722,0,0.111877,0.134949,0.184387,0,0,,,,,,,S2C_43RGM_20260920_0_L2A,
s2delhi_r30_c31,30,31,EPSG:32643,779320.00,3120680.00,781880.00,3123240.00,77.8583,28.1936,2,0,1,0.640137,0,,,0,0,0,0.108582,0.000610352,0.0771484,0,0.173523,0.269775,0.370361,0,0,,,,,,,S2C_43RGM_20260920_0_L2A,
s2delhi_r30_c32,30,32,EPSG:32643,781880.00,3120680.00,784440.00,3123240.00,77.8844,28.1931,2,0,1,0.304932,0,,,0,0,0,0.193787,0.0968628,0.355408,0,0.0490112,0.160522,0.144409,0,0,,,,,,,S2C_43RGM_20260920_0_L2A,
s2delhi_r30_c33,30,33,EPSG:32643,784440.00,3120680.00,787000.00,3123240.00,77.9104,28.1925,2,0,1,0.410645,0,,,0,0,0,0.09198,0.0986328,0.236816,0,0.161926,0.225647,0.184998,0,0,,,,,,,S2C_43RGM_20260920_0_L2A,
s2delhi_r30_c34,30,34,EPSG:32643,787000.00,3120680.00,789560.00,3123240.00,77.9365,28.192,2,0,0,0.192566,1,1,0.761833,0,0,0,0.0823364,0.49707,0.155396,0.00799561,0.0646362,0.117493,0.0750732,0,0,,,,,,,S2C_43RGM_20260920_0_L2A,
s2delhi_r30_c35,30,35,EPSG:32643,789560.00,3120680.00,792120.00,3123240.00,77.9625,28.1914,2,0,0,0.201721,1,1,0.631156,0,0,0,0.147766,0.364502,0.213013,0,0.072998,0.131836,0.0698853,0,0,,,,,,,S2C_43RGM_20260920_0_L2A,
s2delhi_r30_c36,30,36,EPSG:32643,792120.00,3120680.00,794680.00,3123240.00,77.9886,28.1908,2,0,0,0.154419,1,1,0.563899,0,0,0,0.158203,0.346069,0.267639,0,0.0736694,0.0647583,0.0896606,0,0,,,,,,,S2C_43RGM_20260920_0_L2A,
s2delhi_r30_c37,30,37,EPSG:32643,794680.00,3120680.00,797240.00,3123240.00,78.0146,28.1903,2,0,0,0.0272217,1,1,0.847317,0,0,0,0.0514526,0.779724,0.140503,0,0.00109863,0.0236816,0.00354004,0,0,,,,,,,S2C_43RGM_20260920_0_L2A,
s2delhi_r30_c38,30,38,EPSG:32643,797240.00,3120680.00,799800.00,3123240.00,78.0407,28.1897,2,0,0,0.0668335,1,1,0.92205,0,0,0,0.0108032,0.843262,0.0712891,0,0.0078125,0.0335083,0.0333252,0,0,,,,,,,S2C_43RGM_20260920_0_L2A,
s2delhi_r30_c39,30,39,EPSG:32643,799800.00,3120680.00,802360.00,3123240.00,78.0667,28.1891,2,0,0,0.0770264,1,1,0.84928,0,0,0,0.0692139,0.712952,0.126526,0,0.0142822,0.0568848,0.0201416,0,0,,,,,,,S2C_43RGM_20260920_0_L2A,
s2delhi_r30_c40,30,40,EPSG:32643,802360.00,3120680.00,804920.00,3123240.00,78.0928,28.1885,2,0,0,0.0256958,1,1,0.808446,0,0,0,0.0421143,0.750122,0.177734,0,0.0043335,0.0194092,0.00628662,0,0,,,,,,,S2C_43RGM_20260920_0_L2A,
s2delhi_r30_c41,30,41,EPSG:32643,804920.00,3120680.00,807480.00,3123240.00,78.1188,28.1879,2,0,0,0,1,1,0.759814,0,0,0,0.0142822,0.748962,0.236755,0,0,0,0,0,0,,,,,,,S2C_43RGM_20260920_0_L2A,
s2delhi_r31_c00,31,0,EPSG:32643,699960.00,3118120.00,702520.00,3120680.00,77.05,28.185,2,1,0,0,1,0,0.192598,0,0,0,0.00939941,0.189941,0.796265,0,0.00439453,0,0,0,0,291.492,309.957,318.26,307.672,5.96174,8.30283,S2C_43RGM_20260920_0_L2A,LC09_L2SP_147040_20260921_02_T1
s2delhi_r31_c01,31,1,EPSG:32643,702520.00,3118120.00,705080.00,3120680.00,77.0761,28.1846,2,1,0,0,1,0,0.449633,0,0,0,0.0516968,0.426086,0.521545,0,0.000671387,0,0,0,0,288.373,307.945,320.225,306.458,5.9153,12.2805,S2C_43RGM_20260920_0_L2A,LC09_L2SP_147040_20260921_02_T1
s2delhi_r31_c02,31,2,EPSG:32643,705080.00,3118120.00,707640.00,3120680.00,77.1021,28.1842,2,1,0,0,1,1,0.798279,0,0,0,0.0135498,0.786926,0.198853,0,0.000671387,0,0,0,0,292.967,307.143,322.738,307.295,3.49908,15.5945,S2C_43RGM_20260920_0_L2A,LC09_L2SP_147040_20260921_02_T1
s2delhi_r31_c03,31,3,EPSG:32643,707640.00,3118120.00,710200.00,3120680.00,77.1282,28.1838,2,1,0,0.190002,1,1,0.6362,0,0,0,0.136841,0.387878,0.221802,0,0.0634766,0.0953369,0.0946655,0,0,299.721,307.095,316.381,307.496,2.16858,9.28683,S2C_43RGM_20260920_0_L2A,LC09_L2SP_147040_20260921_02_T1
s2delhi_r31_c04,31,4,EPSG:32643,710200.00,3118120.00,712760.00,3120680.00,77.1543,28.1834,2,1,1,0.43042,0,,,0,0,0,0.130554,0,0.208923,0,0.230103,0.233826,0.196594,0,0,297.279,309.12,322.657,309.511,2.95451,13.537,S2C_43RGM_20260920_0_L2A,LC09_L2SP_147040_20260921_02_T1
s2delhi_r31_c05,31,5,EPSG:32643,712760.00,3118120.00,715320.00,3120680.00,77.1803,28.183,2,0,0,0.249817,1,0,0.38398,0,0,0,0.102905,0.19574,0.314026,0,0.137512,0.153931,0.0958862,0,0,,,,,,,S2C_43RGM_20260920_0_L2A,
s2delhi_r31_c06,31,6,EPSG:32643,715320.00,3118120.00,717880.00,3120680.00,77.2064,28.1826,2,0,0,0.295959,1,0,0.0275185,0,0,0,0.111511,0.0140381,0.496094,0,0.0823975,0.15741,0.13855,0,0,,,,,,,S2C_43RGM_20260920_0_L2A,
s2delhi_r31_c07,31,7,EPSG:32643,717880.00,3118120.00,720440.00,3120680.00,77.2324,28.1822,2,0,0,0.272217,0,,,0,0,0,0.1427,0.0232544,0.476135,0,0.0856934,0.123291,0.148926,0,0,,,,,,,S2C_43RGM_20260920_0_L2A,
s2delhi_r31_c08,31,8,EPSG:32643,720440.00,3118120.00,723000.00,3120680.00,77.2585,28.1817,2,0,0,0.195496,1,0,0.0718827,0,0,0,0.126892,0.0427856,0.552429,0,0.0823975,0.0927124,0.102783,0,0,,,,,,,S2C_43RGM_20260920_0_L2A,
s2delhi_r31_c09,31,9,EPSG:32643,723000.00,3118120.00,725560.00,3120680.00,77.2846,28.1813,2,0,0,0.0488281,1,0,0.387191,0,0,0,0.154907,0.292236,0.462524,0.000549316,0.0409546,0.0280151,0.020813,0,0,,,,,,,S2C_43RGM_20260920_0_L2A,
s2delhi_r31_c10,31,10,EPSG:32643,725560.00,3118120.00,728120.00,3120680.00,77.3106,28.1809,2,0,0,0.103455,1,0,0.272833,0,0,0,0.165527,0.185608,0.49469,0.00372314,0.0469971,0.0811157,0.0223389,0,0,,,,,,,S2C_43RGM_20260920_0_L2A,
s2delhi_r31_c11,31,11,EPSG:32643,728120.00,3118120.00,730680.00,3120680.00,77.3367,28.1804,2,0,1,0.378845,0,,,0,0,0,0.18689,6.10352e-05,0.38092,0.000427246,0.0528564,0.162842,0.216003,0,0,,,,,,,S2C_43RGM_20260920_0_L2A,
s2delhi_r31_c12,31,12,EPSG:32643,730680.00,3118120.00,733240.00,3120680.00,77.3627,28.18,2,0,0,0.243591,0,,,0,0,0,0.124878,0.0142822,0.478333,0,0.138916,0.137268,0.106323,0,0,,,,,,,S2C_43RGM_20260920_0_L2A,
s2delhi_r31_c13,31,13,EPSG:32643,733240.00,3118120.00,735800.00,3120680.00,77.3888,28.1795,2,0,0,0.236023,1,0,0.259011,0,0,0,0.0900879,0.139038,0.397766,0,0.137085,0.108093,0.12793,0,0,,,,,,,S2C_43RGM_20260920_0_L2A,
s2delhi_r31_c14,31,14,EPSG:32643,735800.00,3118120.00,738360.00,3120680.00,77.4149,28.1791,2,0,0,0.210632,1,0,0.347599,0,0,0,0.155396,0.178955,0.335876,0,0.119141,0.154846,0.0557861,0,0,,,,,,,S2C_43RGM_20260920_0_L2A,
s2delhi_r31_c15,31,15,EPSG:32643,738360.00,3118120.00,740920.00,3120680.00,77.4409,28.1786,2,0,0,0.114319,1,1,0.509041,0,0,0,0.134033,0.338501,0.326477,0,0.0866699,0.0714722,0.0428467,0,0,,,,,,,S2C_43RGM_20260920_0_L2A,
s2delhi_r31_c16,31,16,EPSG:32643,740920.00,3118120.00,743480.00,3120680.00,77.467,28.1781,2,0,0,0.0488892,1,0,0.261028,0,0,0,0.115112,0.174805,0.494873,0.0391235,0.127197,0.0435181,0.00537109,0,0,,,,,,,S2C_43RGM_20260920_0_L2A,
s2delhi_r31_c17,31,17,EPSG:32643,743480.00,3118120.00,746040.00,3120680.00,77.493,28.1777,2,0,1,0.481506,0,,,0,0,0,0.107544,0,0.242065,0,0.168884,0.223389,0.258118,0,0,,,,,,,S2C_43RGM_20260920_0_L2A,
s2delhi_r31_c18,31,18,EPSG:32643,746040.00,3118120.00,748600.00,3120680.00,77.5191,28.1772,2,0,1,0.557922,0,,,0,0,0,0.0713501,0,0.158325,0,0.212402,0.212952,0.344971,0,0,,,,,,,S2C_43RGM_20260920_0_L2A,
s2delhi_r31_c19,31,19,EPSG:32643,748600.00,3118120.00,751160.00,3120680.00,77.5451,28.1767,2,0,1,0.694214,0,,,0,0,0,0.0803833,0,0.0915527,0,0.13385,0.223694,0.47052,0,0,,,,,,,S2C_43RGM_20260920_0_L2A,
s2delhi_r31_c20,31,20,EPSG:32643,751160.00,3118120.00,753720.00,3120680.00,77.5712,28.1762,2,0,1,0.447876,0,,,0,0,0,0.191895,0.000183105,0.224915,0,0.135132,0.213379,0.234497,0,0,,,,,,,S2C_43RGM_20260920_0_L2A,
s2delhi_r31_c21,31,21,EPSG:32643,753720.00,3118120.00,756280.00,3120680.00,77.5972,28.1757,2,0,1,0.690308,0,,,0,0,0,0.0171509,0,0.200134,0.00457764,0.0878296,0.265503,0.424805,0,0,,,,,,,S2C_43RGM_20260920_0_L2A,
s2delhi_r31_c22,31,22,EPSG:32643,756280.00,3118120.00,758840.00,3120680.00,77.6233,28.1752,2,0,1,0.356201,1,0,0.000119574,0,0,0,0.0501099,6.10352e-05,0.510376,0.00244141,0.0808105,0.184875,0.171326,0,0,,,,,,,S2C_43RGM_20260920_0_L2A,
s2delhi_r31_c23,31,23,EPSG:32643,758840.00,3118120.00,761400.00,3120680.00,77.6493,28.1747,2,0,1,0.331787,0,,,0,0,0,0.173035,6.10352e-05,0.398438,0,0.0966797,0.166992,0.164795,0,0,,,,,,,S2C_43RGM_20260920_0_L2A,
s2delhi_r31_c24,31,24,EPSG:32643,761400.00,3118120.00,763960.00,3120680.00,77.6754,28.1742,2,0,1,0.360107,0,,,0,0,0,0.227722,0.00750732,0.315918,0,0.0887451,0.17749,0.182617,0,0,,,,,,,S2C_43RGM_20260920_0_L2A,
s2delhi_r31_c25,31,25,EPSG:32643,763960.00,3118120.00,766520.00,3120680.00,77.7014,28.1737,2,0,0,0.278564,0,,,0,0,0,0.053894,0.00012207,0.497864,0.00427246,0.165283,0.182922,0.0956421,0,0,,,,,,,S2C_43RGM_20260920_0_L2A,
s2delhi_r31_c26,31,26,EPSG:32643,766520.00,3118120.00,769080.00,3120680.00,77.7275,28.1732,2,0,1,0.621887,0,,,0,0,0,0.169922,0,0.0682373,0,0.139954,0.290466,0.331421,0,0,,,,,,,S2C_43RGM_20260920_0_L2A,
s2delhi_r31_c27,31,27,EPSG:32643,769080.00,3118120.00,771640.00,3120680.00,77.7535,28.1727,2,0,1,0.532471,0,,,0,0,0,0.189758,0.00140381,0.162842,0,0.113525,0.212341,0.320129,0,0,,,,,,,S2C_43RGM_20260920_0_L2A,
s2delhi_r31_c28,31,28,EPSG:32643,771640.00,3118120.00,774200.00,3120680.00,77.7796,28.1722,2,0,1,0.33197,0,,,0,0,0,0.202942,0.0105591,0.320679,0,0.13385,0.141602,0.190369,0,0,,,,,,,S2C_43RGM_20260920_0_L2A,
s2delhi_r31_c29,31,29,EPSG:32643,774200.00,3118120.00,776760.00,3120680.00,77.8056,28.1716,2,0,1,0.549988,0,,,0,0,0,0.119324,0.000793457,0.182312,0,0.147583,0.277405,0.272583,0,0,,,,,,,S2C_43RGM_20260920_0_L2A,
s2delhi_r31_c30,31,30,EPSG:32643,776760.00,3118120.00,779320.00,3120680.00,77.8317,28.1711,2,0,1,0.344543,0,,,0,0,0,0.0898438,0.0854492,0.323975,0,0.156189,0.185547,0.158997,0,0,,,,,,,S2C_43RGM_20260920_0_L2A,
s2delhi_r31_c31,31,31,EPSG:32643,779320.00,3118120.00,781880.00,3120680.00,77.8577,28.1705,2,0,1,0.335022,0,,,0,0,0,0.153076,0.0336304,0.318359,0,0.159912,0.175232,0.15979,0,0,,,,,,,S2C_43RGM_20260920_0_L2A,
s2delhi_r31_c32,31,32,EPSG:32643,781880.00,3118120.00,784440.00,3120680.00,77.8838,28.17,2,0,1,0.536743,0,,,0,0,0,0.227173,0.00183105,0.140503,0,0.09375,0.233704,0.30304,0,0,,,,,,,S2C_43RGM_20260920_0_L2A,
s2delhi_r31_c33,31,33,EPSG:32643,784440.00,3118120.00,787000.00,3120680.00,77.9098,28.1694,2,0,1,0.455627,0,,,0,0,0,0.137695,0.0998535,0.232544,0,0.0742798,0.253845,0.201782,0,0,,,,,,,S2C_43RGM_20260920_0_L2A,
s2delhi_r31_c34,31,34,EPSG:32643,787000.00,3118120.00,789560.00,3120680.00,77.9359,28.1689,2,0,0,0.0484009,1,1,0.877792,0,0,0,0,0.829895,0.11554,0,0.00616455,0.0257568,0.022644,0,0,,,,,,,S2C_43RGM_20260920_0_L2A,
s2delhi_r31_c35,31,35,EPSG:32643,789560.00,3118120.00,792120.00,3120680.00,77.9619,28.1683,2,0,0,0,1,1,0.848342,0,0,0,0.0057373,0.842957,0.150696,0.000610352,0,0,0,0,0,,,,,,,S2C_43RGM_20260920_0_L2A,
s2delhi_r31_c36,31,36,EPSG:32643,792120.00,3118120.00,794680.00,3120680.00,77.9879,28.1678,2,0,0,0.0357666,1,1,0.744148,0,0,0,0.00378418,0.692688,0.238159,0,0.0296021,0.0300293,0.0057373,0,0,,,,,,,S2C_43RGM_20260920_0_L2A,
s2delhi_r31_c37,31,37,EPSG:32643,794680.00,3118120.00,797240.00,3120680.00,78.014,28.1672,2,0,0,0.0402222,1,1,0.925313,0,0,0,0.0303955,0.85675,0.0691528,0,0.003479,0.03125,0.00897217,0,0,,,,,,,S2C_43RGM_20260920_0_L2A,
s2delhi_r31_c38,31,38,EPSG:32643,797240.00,3118120.00,799800.00,3120680.00,78.04,28.1666,2,0,0,0.187683,1,1,0.881236,0,0,0,0.218262,0.501343,0.0675659,0.000183105,0.0249634,0.112488,0.0751953,0,0,,,,,,,S2C_43RGM_20260920_0_L2A,
s2delhi_r31_c39,31,39,EPSG:32643,799800.00,3118120.00,802360.00,3120680.00,78.0661,28.166,2,0,0,0.227234,0,,,0,0,0,0.269592,0.319763,0.132568,0,0.0508423,0.144409,0.0828247,0,0,,,,,,,S2C_43RGM_20260920_0_L2A,
s2delhi_r31_c40,31,40,EPSG:32643,802360.00,3118120.00,804920.00,3120680.00,78.0921,28.1654,2,0,0,0.19635,1,1,0.73825,0,0,0,0.0953369,0.500427,0.177429,0,0.0304565,0.125,0.0713501,0,0,,,,,,,S2C_43RGM_20260920_0_L2A,
s2delhi_r31_c41,31,41,EPSG:32643,804920.00,3118120.00,807480.00,3120680.00,78.1181,28.1649,2,0,0,0.0648193,1,1,0.852677,0,0,0,0.0812988,0.719238,0.124268,0,0.010376,0.0429077,0.0219116,0,0,,,,,,,S2C_43RGM_20260920_0_L2A,
s2delhi_r32_c00,32,0,EPSG:32643,699960.00,3115560.00,702520.00,3118120.00,77.0496,28.1619,3,1,0,0.124878,0,,,0,0,0,0.433105,0.153809,0.256653,0,0.0315552,0.0693359,0.055542,0,0,304.928,310.722,317.506,310.744,1.66568,6.78345,S2C_43RGM_20260920_0_L2A,LC09_L2SP_147040_20260921_02_T1
s2delhi_r32_c01,32,1,EPSG:32643,702520.00,3115560.00,705080.00,3118120.00,77.0756,28.1615,3,1,0,0.0975342,1,0,0.493398,0,0,0,0.185974,0.337524,0.346558,0,0.0324097,0.0598755,0.0376587,0,0,288.645,308.101,321.507,306.712,6.2801,13.4057,S2C_43RGM_20260920_0_L2A,LC09_L2SP_147040_20260921_02_T1
s2delhi_r32_c02,32,2,EPSG:32643,705080.00,3115560.00,707640.00,3118120.00,77.1017,28.1611,3,1,0,0.169983,0,,,0,0,0,0.3255,0.305603,0.169495,0,0.0294189,0.100525,0.069458,0,0,291.456,308.066,321.269,307.688,5.30547,13.2028,S2C_43RGM_20260920_0_L2A,LC09_L2SP_147040_20260921_02_T1
s2delhi_r32_c03,32,3,EPSG:32643,707640.00,3115560.00,710200.00,3118120.00,77.1277,28.1607,3,1,1,0.477966,0,,,0,0,0,0.194153,0.0715942,0.1427,0,0.113586,0.206787,0.271179,0,0,301.958,309.925,318.181,309.99,2.82232,8.2561,S2C_43RGM_20260920_0_L2A,LC09_L2SP_147040_20260921_02_T1
s2delhi_r32_c04,32,4,EPSG:32643,710200.00,3115560.00,712760.00,3118120.00,77.1538,28.1603,3,0,0,0.0742188,1,0,0.0801205,0,0,0,0.093689,0.0632935,0.726685,0,0.0421143,0.0515137,0.0227051,0,0,,,,,,,S2C_43RGM_20260920_0_L2A,
s2delhi_r32_c05,32,5,EPSG:32643,712760.00,3115560.00,715320.00,3118120.00,77.1799,28.1599,3,0,0,0.211426,0,,,0,0,0,0.171753,0.304321,0.193237,0,0.119263,0.139465,0.0719604,0,0,,,,,,,S2C_43RGM_20260920_0_L2A,
s2delhi_r32_c06,32,6,EPSG:32643,715320.00,3115560.00,717880.00,3118120.00,77.2059,28.1595,3,0,0,0.0688477,1,0,0.300952,0,0,0,0.149475,0.221802,0.515198,0,0.0446777,0.0482178,0.0206299,0,0,,,,,,,S2C_43RGM_20260920_0_L2A,
s2delhi_r32_c07,32,7,EPSG:32643,717880.00,3115560.00,720440.00,3118120.00,77.232,28.1591,3,0,0,0.267883,0,,,0,0,0,0.133667,0.0762329,0.415405,0,0.106812,0.142517,0.125366,0,0,,,,,,,S2C_43RGM_20260920_0_L2A,
s2delhi_r32_c08,32,8,EPSG:32643,720440.00,3115560.00,723000.00,3118120.00,77.258,28.1587,3,0,0,0.224792,0,,,0,0,0,0.391907,0.0479126,0.247559,0,0.0878296,0.125061,0.0997314,0,0,,,,,,,S2C_43RGM_20260920_0_L2A,
s2delhi_r32_c09,32,9,EPSG:32643,723000.00,3115560.00,725560.00,3118120.00,77.2841,28.1582,3,0,1,0.308716,0,,,0,0,0,0.411865,0.00939941,0.215027,0,0.0549927,0.163391,0.145325,0,0,,,,,,,S2C_43RGM_20260920_0_L2A,
s2delhi_r32_c10,32,10,EPSG:32643,725560.00,3115560.00,728120.00,3118120.00,77.3101,28.1578,3,0,1,0.554565,0,,,0,0,0,0.173401,0,0.159729,0,0.112305,0.299561,0.255005,0,0,,,,,,,S2C_43RGM_20260920_0_L2A,
s2delhi_r32_c11,32,11,EPSG:32643,728120.00,3115560.00,730680.00,3118120.00,77.3362,28.1573,3,0,1,0.343323,0,,,0,0,0,0.129395,6.10352e-05,0.492371,0,0.0348511,0.254272,0.0890503,0,0,,,,,,,S2C_43RGM_20260920_0_L2A,
s2delhi_r32_c12,32,12,EPSG:32643,730680.00,3115560.00,733240.00,3118120.00,77.3622,28.1569,3,0,0,0.268677,0,,,0,0,0,0.220276,0.00750732,0.427429,0,0.0761108,0.0834351,0.185242,0,0,,,,,,,S2C_43RGM_20260920_0_L2A,
s2delhi_r32_c13,32,13,EPSG:32643,733240.00,3115560.00,735800.00,3118120.00,77.3883,28.1564,3,0,1,0.351257,0,,,0,0,0,0.274353,0.0644531,0.263367,0,0.0465698,0.123352,0.227905,0,0,,,,,,,S2C_43RGM_20260920_0_L2A,
s2delhi_r32_c14,32,14,EPSG:32643,735800.00,3115560.00,738360.00,3118120.00,77.4143,28.156,3,0,1,0.30304,0,,,0,0,0,0.100464,0.140015,0.308472,0,0.14801,0.184143,0.118896,0,0,,,,,,,S2C_43RGM_20260920_0_L2A,
s2delhi_r32_c15,32,15,EPSG:32643,738360.00,3115560.00,740920.00,3118120.00,77.4404,28.1555,3,0,1,0.308899,0,,,0,0,0,0.14917,0.0986938,0.333862,0,0.109375,0.151367,0.157532,0,0,,,,,,,S2C_43RGM_20260920_0_L2A,
s2delhi_r32_c16,32,16,EPSG:32643,740920.00,3115560.00,743480.00,3118120.00,77.4664,28.1551,3,0,0,0.109375,1,0,0.199963,0,0,0,0.115662,0.133728,0.535034,0.0157471,0.0904541,0.0542603,0.0551147,0,0,,,,,,,S2C_43RGM_20260920_0_L2A,
s2delhi_r32_c17,32,17,EPSG:32643,743480.00,3115560.00,746040.00,3118120.00,77.4925,28.1546,3,0,0,0.170349,1,0,0.0949804,0,0,0,0.125061,0.050354,0.479797,0.0169678,0.157471,0.101685,0.0686646,0,0,,,,,,,S2C_43RGM_20260920_0_L2A,
s2delhi_r32_c18,32,18,EPSG:32643,746040.00,3115560.00,748600.00,3118120.00,77.5185,28.1541,3,0,1,0.418274,0,,,0,0,0,0.0623779,6.10352e-05,0.318481,0.00274658,0.198059,0.250305,0.167969,0,0,,,,,,,S2C_43RGM_20260920_0_L2A,
s2delhi_r32_c19,32,19,EPSG:32643,748600.00,3115560.00,751160.00,3118120.00,77.5446,28.1536,3,0,1,0.773438,0,,,0,0,0,0.0629272,0,0.0361328,0,0.127502,0.243225,0.530212,0,0,,,,,,,S2C_43RGM_20260920_0_L2A,
s2delhi_r32_c20,32,20,EPSG:32643,751160.00,3115560.00,753720.00,3118120.00,77.5706,28.1531,3,0,1,0.425171,0,,,0,0,0,0.0409546,0.000183105,0.277893,0,0.255798,0.226135,0.199036,0,0,,,,,,,S2C_43RGM_20260920_0_L2A,
s2delhi_r32_c21,32,21,EPSG:32643,753720.00,3115560.00,756280.00,3118120.00,77.5967,28.1527,3,0,1,0.369873,0,,,0,0,0,0.0129395,0.034668,0.41333,0.000793457,0.168396,0.161743,0.20813,0,0,,,,,,,S2C_43RGM_20260920_0_L2A,
s2delhi_r32_c22,32,22,EPSG:32643,756280.00,3115560.00,758840.00,3118120.00,77.6227,28.1522,3,0,0,0.283752,0,,,0,0,0,0.19165,0.0254517,0.365784,0,0.133362,0.183289,0.100464,0,0,,,,,,,S2C_43RGM_20260920_0_L2A,
s2delhi_r32_c23,32,23,EPSG:32643,758840.00,3115560.00,761400.00,3118120.00,77.6488,28.1517,3,0,0,0.181091,1,0,0.0884925,0,0,0,0.22699,0.0463257,0.477173,0,0.0684204,0.10968,0.0714111,0,0,,,,,,,S2C_43RGM_20260920_0_L2A,
s2delhi_r32_c24,32,24,EPSG:32643,761400.00,3115560.00,763960.00,3118120.00,77.6748,28.1511,3,0,1,0.307495,0,,,0,0,0,0.141479,0.00170898,0.456482,0,0.0928345,0.172607,0.134888,0,0,,,,,,,S2C_43RGM_20260920_0_L2A,
s2delhi_r32_c25,32,25,EPSG:32643,763960.00,3115560.00,766520.00,3118120.00,77.7009,28.1506,3,0,0,0.180054,1,0,0.0766533,0,0,0,0.0984497,0.0453491,0.546265,0,0.129883,0.102905,0.0771484,0,0,,,,,,,S2C_43RGM_20260920_0_L2A,
s2delhi_r32_c26,32,26,EPSG:32643,766520.00,3115560.00,769080.00,3118120.00,77.7269,28.1501,3,0,1,0.510681,0,,,0,0,0,0.23822,0.00415039,0.0888062,0,0.158142,0.272278,0.238403,0,0,,,,,,,S2C_43RGM_20260920_0_L2A,
s2delhi_r32_c27,32,27,EPSG:32643,769080.00,3115560.00,771640.00,3118120.00,77.7529,28.1496,3,0,1,0.573242,0,,,0,0,0,0.145813,0.00311279,0.141418,0,0.136414,0.264282,0.30896,0,0,,,,,,,S2C_43RGM_20260920_0_L2A,
s2delhi_r32_c28,32,28,EPSG:32643,771640.00,3115560.00,774200.00,3118120.00,77.779,28.1491,3,0,1,0.517883,0,,,0,0,0,0.0684814,0.000732422,0.231995,0,0.180908,0.271912,0.245972,0,0,,,,,,,S2C_43RGM_20260920_0_L2A,
s2delhi_r32_c29,32,29,EPSG:32643,774200.00,3115560.00,776760.00,3118120.00,77.805,28.1485,3,0,1,0.488403,0,,,0,0,0,0.0504761,0.0333862,0.219971,0,0.207764,0.253235,0.235168,0,0,,,,,,,S2C_43RGM_20260920_0_L2A,
s2delhi_r32_c30,32,30,EPSG:32643,776760.00,3115560.00,779320.00,3118120.00,77.8311,28.148,3,0,0,0.218567,1,0,0.292777,0,0,0,0.186768,0.148193,0.357971,0,0.088501,0.104736,0.113831,0,0,,,,,,,S2C_43RGM_20260920_0_L2A,
s2delhi_r32_c31,32,31,EPSG:32643,779320.00,3115560.00,781880.00,3118120.00,77.8571,28.1475,3,0,1,0.319763,0,,,0,0,0,0.18573,0.0297241,0.323425,0,0.141357,0.157288,0.162476,0,0,,,,,,,S2C_43RGM_20260920_0_L2A,
s2delhi_r32_c32,32,32,EPSG:32643,781880.00,3115560.00,784440.00,3118120.00,77.8832,28.1469,3,0,1,0.347107,0,,,0,0,0,0.0744019,0.137573,0.339661,0,0.101257,0.136108,0.210999,0,0,,,,,,,S2C_43RGM_20260920_0_L2A,
s2delhi_r32_c33,32,33,EPSG:32643,784440.00,3115560.00,787000.00,3118120.00,77.9092,28.1464,3,0,1,0.345032,1,0,0.473366,0,0,0,0.09375,0.24408,0.271545,0,0.0455933,0.117432,0.2276,0,0,,,,,,,S2C_43RGM_20260920_0_L2A,
s2delhi_r32_c34,32,34,EPSG:32643,787000.00,3115560.00,789560.00,3118120.00,77.9352,28.1458,3,0,0,0.000915527,1,1,0.853578,0,0,0,0.0300293,0.822632,0.141113,0,0.00531006,0.000915527,0,0,0,,,,,,,S2C_43RGM_20260920_0_L2A,
s2delhi_r32_c35,32,35,EPSG:32643,789560.00,3115560.00,792120.00,3118120.00,77.9613,28.1453,3,0,0,0,1,1,0.887938,0,0,0,0,0.886475,0.111877,0.00164795,0,0,0,0,0,,,,,,,S2C_43RGM_20260920_0_L2A,
s2delhi_r32_c36,32,36,EPSG:32643,792120.00,3115560.00,794680.00,3118120.00,77.9873,28.1447,3,0,0,0.0135498,1,1,0.921685,0,0,0,0.0316162,0.879944,0.0747681,0,0.00012207,0.0108032,0.00274658,0,0,,,,,,,S2C_43RGM_20260920_0_L2A,
s2delhi_r32_c37,32,37,EPSG:32643,794680.00,3115560.00,797240.00,3118120.00,78.0133,28.1441,3,0,0,0.0560303,1,1,0.937851,0,0,0,0.183105,0.703674,0.0466309,0,0.0105591,0.0441284,0.0119019,0,0,,,,,,,S2C_43RGM_20260920_0_L2A,
s2delhi_r32_c38,32,38,EPSG:32643,797240.00,3115560.00,799800.00,3118120.00,78.0394,28.1435,3,0,0,0.208435,1,1,0.856883,0,0,0,0.16272,0.488586,0.081604,0,0.0586548,0.10907,0.0993652,0,0,,,,,,,S2C_43RGM_20260920_0_L2A,
s2delhi_r32_c39,32,39,EPSG:32643,799800.00,3115560.00,802360.00,3118120.00,78.0654,28.143,3,0,0,0.153442,1,1,0.901374,0,0,0,0.147949,0.592407,0.0648193,0,0.0413818,0.0933838,0.0600586,0,0,,,,,,,S2C_43RGM_20260920_0_L2A,
s2delhi_r32_c40,32,40,EPSG:32643,802360.00,3115560.00,804920.00,3118120.00,78.0914,28.1424,3,0,0,0.151367,1,1,0.805516,0,0,0,0.0429688,0.616821,0.148926,0,0.039917,0.0857544,0.0656128,0,0,,,,,,,S2C_43RGM_20260920_0_L2A,
s2delhi_r32_c41,32,41,EPSG:32643,804920.00,3115560.00,807480.00,3118120.00,78.1175,28.1418,3,0,0,0.0371704,1,1,0.866053,0,0,0,0.0228271,0.803467,0.124268,0,0.0122681,0.0340576,0.00311279,0,0,,,,,,,S2C_43RGM_20260920_0_L2A,
s2delhi_r33_c00,33,0,EPSG:32643,699960.00,3113000.00,702520.00,3115560.00,77.0491,28.1388,3,1,0,0.0856934,0,,,0,0,0,0.453613,0.240662,0.166016,0,0.0540161,0.0710449,0.0146484,0,0,297.245,309.901,313.778,309.182,2.57775,3.87671,S2C_43RGM_20260920_0_L2A,LC09_L2SP_147040_20260921_02_T1
s2delhi_r33_c01,33,1,EPSG:32643,702520.00,3113000.00,705080.00,3115560.00,77.0752,28.1384,3,1,0,0.0560913,1,0,0.335822,0,0,0,0.210571,0.236145,0.467041,0,0.0301514,0.0429077,0.0131836,0,0,292.16,310.275,316.644,310.204,2.58021,6.36923,S2C_43RGM_20260920_0_L2A,LC09_L2SP_147040_20260921_02_T1
s2delhi_r33_c02,33,2,EPSG:32643,705080.00,3113000.00,707640.00,3115560.00,77.1012,28.138,3,1,0,0.297607,0,,,0,0,0,0.172913,0.0576172,0.336121,0,0.135742,0.174438,0.123169,0,0,293.26,308.34,315.761,307.924,2.86686,7.42105,S2C_43RGM_20260920_0_L2A,LC09_L2SP_147040_20260921_02_T1
s2delhi_r33_c03,33,3,EPSG:32643,707640.00,3113000.00,710200.00,3115560.00,77.1273,28.1376,3,1,0,0.0378418,1,0,0.319161,0,0,0,0.0373535,0.284058,0.605957,0,0.03479,0.0254517,0.0123901,0,0,286.884,308.12,316.425,306.278,5.7386,8.30487,S2C_43RGM_20260920_0_L2A,LC09_L2SP_147040_20260921_02_T1
s2delhi_r33_c04,33,4,EPSG:32643,710200.00,3113000.00,712760.00,3115560.00,77.1533,28.1372,3,0,0,0.0213623,1,1,0.691152,0,0,0,0.0726929,0.612183,0.27356,0.00231934,0.0178833,0.0177002,0.00366211,0,0,,,,,,,S2C_43RGM_20260920_0_L2A,
s2delhi_r33_c05,33,5,EPSG:32643,712760.00,3113000.00,715320.00,3115560.00,77.1794,28.1368,3,0,0,0.218384,0,,,0,0,0,0.20929,0.271057,0.21344,0,0.0878296,0.11969,0.0986938,0,0,,,,,,,S2C_43RGM_20260920_0_L2A,
s2delhi_r33_c06,33,6,EPSG:32643,715320.00,3113000.00,717880.00,3115560.00,77.2054,28.1364,3,0,0,0.173767,0,,,0,0,0,0.244507,0.21875,0.25238,0,0.110596,0.125061,0.0487061,0,0,,,,,,,S2C_43RGM_20260920_0_L2A,
s2delhi_r33_c07,33,7,EPSG:32643,717880.00,3113000.00,720440.00,3115560.00,77.2315,28.136,3,0,0,0.0966187,1,0,0.134556,0,0,0,0.0557861,0.103882,0.668152,0,0.0755615,0.0516968,0.0449219,0,0,,,,,,,S2C_43RGM_20260920_0_L2A,
s2delhi_r33_c08,33,8,EPSG:32643,720440.00,3113000.00,723000.00,3115560.00,77.2575,28.1356,3,0,0,0.236572,0,,,0,0,0,0.296204,0.00311279,0.406128,0,0.0579834,0.104126,0.132446,0,0,,,,,,,S2C_43RGM_20260920_0_L2A,
s2delhi_r33_c09,33,9,EPSG:32643,723000.00,3113000.00,725560.00,3115560.00,77.2836,28.1351,3,0,1,0.843811,0,,,0,0,0,0.09552,0,0.00372314,0.00012207,0.0568237,0.34082,0.502991,0,0,,,,,,,S2C_43RGM_20260920_0_L2A,
s2delhi_r33_c10,33,10,EPSG:32643,725560.00,3113000.00,728120.00,3115560.00,77.3096,28.1347,3,0,1,0.553284,0,,,0,0,0,0.109558,0,0.213074,0,0.124084,0.24646,0.306824,0,0,,,,,,,S2C_43RGM_20260920_0_L2A,
s2delhi_r33_c11,33,11,EPSG:32643,728120.00,3113000.00,730680.00,3115560.00,77.3357,28.1343,3,0,1,0.500183,0,,,0,0,0,0.0809326,0.00262451,0.395264,0,0.0209961,0.314575,0.185608,0,0,,,,,,,S2C_43RGM_20260920_0_L2A,
s2delhi_r33_c12,33,12,EPSG:32643,730680.00,3113000.00,733240.00,3115560.00,77.3617,28.1338,3,0,1,0.414551,0,,,0,0,0,0.153442,0,0.275513,0,0.156494,0.210144,0.204407,0,0,,,,,,,S2C_43RGM_20260920_0_L2A,
s2delhi_r33_c13,33,13,EPSG:32643,733240.00,3113000.00,735800.00,3115560.00,77.3878,28.1334,3,0,1,0.411377,0,,,0,0,0,0.0109253,0.0917969,0.369385,0,0.116516,0.133179,0.278198,0,0,,,,,,,S2C_43RGM_20260920_0_L2A,
s2delhi_r33_c14,33,14,EPSG:32643,735800.00,3113000.00,738360.00,3115560.00,77.4138,28.1329,3,0,1,0.395752,0,,,0,0,0,0.271545,0.0720215,0.157959,0,0.102722,0.189819,0.205933,0,0,,,,,,,S2C_43RGM_20260920_0_L2A,
s2delhi_r33_c15,33,15,EPSG:32643,738360.00,3113000.00,740920.00,3115560.00,77.4399,28.1324,3,0,0,0.175293,1,0,0.290339,0,0,0,0.0686035,0.169128,0.413391,0,0.173584,0.108337,0.0669556,0,0,,,,,,,S2C_43RGM_20260920_0_L2A,
s2delhi_r33_c16,33,16,EPSG:32643,740920.00,3113000.00,743480.00,3115560.00,77.4659,28.132,3,0,1,0.332703,0,,,0,0,0,0.298645,0.0783691,0.159424,0.00292969,0.12793,0.180847,0.151855,0,0,,,,,,,S2C_43RGM_20260920_0_L2A,
s2delhi_r33_c17,33,17,EPSG:32643,743480.00,3113000.00,746040.00,3115560.00,77.492,28.1315,3,0,0,0.167786,1,0,0.0874964,0,0,0,0.0505371,0.0550537,0.574158,0.0388184,0.113647,0.10437,0.0634155,0,0,,,,,,,S2C_43RGM_20260920_0_L2A,
s2delhi_r33_c18,33,18,EPSG:32643,746040.00,3113000.00,748600.00,3115560.00,77.518,28.131,3,0,0,0.165222,1,0,0.0448633,0,0,0,0.0424805,0.0267334,0.569153,0,0.196411,0.127075,0.038147,0,0,,,,,,,S2C_43RGM_20260920_0_L2A,
s2delhi_r33_c19,33,19,EPSG:32643,748600.00,3113000.00,751160.00,3115560.00,77.544,28.1305,3,0,1,0.398193,0,,,0,0,0,0.165955,0.00012207,0.262146,0,0.173584,0.220093,0.178101,0,0,,,,,,,S2C_43RGM_20260920_0_L2A,
s2delhi_r33_c20,33,20,EPSG:32643,751160.00,3113000.00,753720.00,3115560.00,77.5701,28.1301,3,0,0,0.266541,1,0,0.0113901,0,0,0,0.0996094,0.00598145,0.519165,0,0.108704,0.131897,0.134644,0,0,,,,,,,S2C_43RGM_20260920_0_L2A,
s2delhi_r33_c21,33,21,EPSG:32643,753720.00,3113000.00,756280.00,3115560.00,77.5961,28.1296,3,0,1,0.452698,0,,,0,0,0,0.278137,0.0169067,0.118835,0,0.133423,0.178955,0.273743,0,0,,,,,,,S2C_43RGM_20260920_0_L2A,
s2delhi_r33_c22,33,22,EPSG:32643,756280.00,3113000.00,758840.00,3115560.00,77.6222,28.1291,3,0,1,0.560974,0,,,0,0,0,0.189636,0.000305176,0.115417,0,0.133667,0.262451,0.298523,0,0,,,,,,,S2C_43RGM_20260920_0_L2A,
s2delhi_r33_c23,33,23,EPSG:32643,758840.00,3113000.00,761400.00,3115560.00,77.6482,28.1286,3,0,1,0.499084,0,,,0,0,0,0.124268,0.000366211,0.229919,0,0.146362,0.210205,0.288879,0,0,,,,,,,S2C_43RGM_20260920_0_L2A,
s2delhi_r33_c24,33,24,EPSG:32643,761400.00,3113000.00,763960.00,3115560.00,77.6742,28.1281,3,0,0,0.171875,1,0,0.140306,0,0,0,0.142883,0.0911255,0.55835,0,0.0357666,0.09198,0.079895,0,0,,,,,,,S2C_43RGM_20260920_0_L2A,
s2delhi_r33_c25,33,25,EPSG:32643,763960.00,3113000.00,766520.00,3115560.00,77.7003,28.1276,3,0,1,0.4422,0,,,0,0,0,0.152893,0.0261841,0.261108,0,0.117615,0.276794,0.165405,0,0,,,,,,,S2C_43RGM_20260920_0_L2A,
s2delhi_r33_c26,33,26,EPSG:32643,766520.00,3113000.00,769080.00,3115560.00,77.7263,28.127,3,0,1,0.709351,0,,,0,0,0,0.0367432,0.000244141,0.0441895,0,0.209473,0.253296,0.456055,0,0,,,,,,,S2C_43RGM_20260920_0_L2A,
s2delhi_r33_c27,33,27,EPSG:32643,769080.00,3113000.00,771640.00,3115560.00,77.7524,28.1265,3,0,1,0.523132,0,,,0,0,0,0.15625,0.00158691,0.146118,0,0.172913,0.253479,0.269653,0,0,,,,,,,S2C_43RGM_20260920_0_L2A,
s2delhi_r33_c28,33,28,EPSG:32643,771640.00,3113000.00,774200.00,3115560.00,77.7784,28.126,3,0,1,0.504883,0,,,0,0,0,0.127075,0.00390625,0.192932,0,0.171204,0.268188,0.236694,0,0,,,,,,,S2C_43RGM_20260920_0_L2A,
s2delhi_r33_c29,33,29,EPSG:32643,774200.00,3113000.00,776760.00,3115560.00,77.8044,28.1255,3,0,1,0.34198,0,,,0,0,0,0.0547485,0.101196,0.382019,0,0.120056,0.187134,0.154846,0,0,,,,,,,S2C_43RGM_20260920_0_L2A,
s2delhi_r33_c30,33,30,EPSG:32643,776760.00,3113000.00,779320.00,3115560.00,77.8305,28.1249,3,0,0,0.195923,1,0,0.305451,0,0,0,0.0802002,0.183655,0.417603,0,0.12262,0.114319,0.081604,0,0,,,,,,,S2C_43RGM_20260920_0_L2A,
s2delhi_r33_c31,33,31,EPSG:32643,779320.00,3113000.00,781880.00,3115560.00,77.8565,28.1244,3,0,1,0.365723,0,,,0,0,0,0.1922,0.0369263,0.265869,0,0.139282,0.165344,0.200378,0,0,,,,,,,S2C_43RGM_20260920_0_L2A,
s2delhi_r33_c32,33,32,EPSG:32643,781880.00,3113000.00,784440.00,3115560.00,77.8825,28.1238,3,0,1,0.329773,1,1,0.556698,0,0,0,0.0134277,0.320618,0.25531,0,0.0808716,0.127014,0.202759,0,0,,,,,,,S2C_43RGM_20260920_0_L2A,
s2delhi_r33_c33,33,33,EPSG:32643,784440.00,3113000.00,787000.00,3115560.00,77.9086,28.1233,3,0,0,0.153992,1,1,0.730547,0,0,0,0.0962524,0.516296,0.19043,0,0.0430298,0.108948,0.0450439,0,0,,,,,,,S2C_43RGM_20260920_0_L2A,
s2delhi_r33_c34,33,34,EPSG:32643,787000.00,3113000.00,789560.00,3115560.00,77.9346,28.1227,3,0,0,0.1521,1,1,0.678022,0,0,0,0.0814209,0.500488,0.237671,0,0.0283203,0.086792,0.0653076,0,0,,,,,,,S2C_43RGM_20260920_0_L2A,
s2delhi_r33_c35,33,35,EPSG:32643,789560.00,3113000.00,792120.00,3115560.00,77.9606,28.1222,3,0,0,0.0458374,1,1,0.895303,0,0,0,0.0444336,0.807434,0.0944214,0,0.00787354,0.0371094,0.00872803,0,0,,,,,,,S2C_43RGM_20260920_0_L2A,
s2delhi_r33_c36,33,36,EPSG:32643,792120.00,3113000.00,794680.00,3115560.00,77.9867,28.1216,3,0,0,0.0584717,1,1,0.850146,0,0,0,0.13446,0.675903,0.119141,0,0.0120239,0.0365601,0.0219116,0,0,,,,,,,S2C_43RGM_20260920_0_L2A,
s2delhi_r33_c37,33,37,EPSG:32643,794680.00,3113000.00,797240.00,3115560.00,78.0127,28.121,3,0,0,0.255371,0,,,0,0,0,0.194153,0.349487,0.134644,0,0.0663452,0.146179,0.109192,0,0,,,,,,,S2C_43RGM_20260920_0_L2A,
s2delhi_r33_c38,33,38,EPSG:32643,797240.00,3113000.00,799800.00,3115560.00,78.0387,28.1205,3,0,1,0.474426,0,,,0,0,0,0.134827,0.159302,0.128052,0.00292969,0.100464,0.246826,0.2276,0,0,,,,,,,S2C_43RGM_20260920_0_L2A,
s2delhi_r33_c39,33,39,EPSG:32643,799800.00,3113000.00,802360.00,3115560.00,78.0647,28.1199,3,0,0,0.0828857,1,1,0.792727,0,0,0,0.0840454,0.646606,0.169067,0,0.017395,0.0529175,0.0299683,0,0,,,,,,,S2C_43RGM_20260920_0_L2A,
s2delhi_r33_c40,33,40,EPSG:32643,802360.00,3113000.00,804920.00,3115560.00,78.0908,28.1193,3,0,0,0.112061,1,1,0.953232,0,0,0,0.123047,0.71283,0.0349731,0,0.0170898,0.0731201,0.0389404,0,0,,,,,,,S2C_43RGM_20260920_0_L2A,
s2delhi_r33_c41,33,41,EPSG:32643,804920.00,3113000.00,807480.00,3115560.00,78.1168,28.1187,3,0,0,0.172302,1,1,0.866134,0,0,0,0.116577,0.575378,0.0889282,0,0.046814,0.117065,0.0552368,0,0,,,,,,,S2C_43RGM_20260920_0_L2A,
s2delhi_r34_c00,34,0,EPSG:32643,699960.00,3110440.00,702520.00,3113000.00,77.0487,28.1157,3,1,0,0.0906372,1,0,0.333333,0,0,0,0.291809,0.191589,0.383179,0,0.0427856,0.0775146,0.0131226,0,0,304.998,311.952,318.24,312.123,1.82224,6.28766,S2C_43RGM_20260920_0_L2A,LC09_L2SP_147040_20260921_02_T1
s2delhi_r34_c01,34,1,EPSG:32643,702520.00,3110440.00,705080.00,3113000.00,77.0747,28.1154,3,1,1,0.488647,0,,,0,0,0,0.348145,0.0567627,0.0594482,0,0.0469971,0.244324,0.244324,0,0,301.029,312.13,319.199,311.827,2.61567,7.06891,S2C_43RGM_20260920_0_L2A,LC09_L2SP_147040_20260921_02_T1
s2delhi_r34_c02,34,2,EPSG:32643,705080.00,3110440.00,707640.00,3113000.00,77.1008,28.115,3,1,0,0.243774,1,0,0.211982,0,0,0,0.0684204,0.134766,0.500977,0,0.052063,0.149414,0.0943604,0,0,295.626,312.039,318.667,311.499,3.25528,6.62845,S2C_43RGM_20260920_0_L2A,LC09_L2SP_147040_20260921_02_T1
s2delhi_r34_c03,34,3,EPSG:32643,707640.00,3110440.00,710200.00,3113000.00,77.1268,28.1146,3,1,0,0.000732422,1,1,0.744757,0,0,0,0.0449829,0.708801,0.24292,0,0.00256348,0.000732422,0,0,0,290.522,305.863,314.5,304.892,4.67439,8.6369,S2C_43RGM_20260920_0_L2A,LC09_L2SP_147040_20260921_02_T1
s2delhi_r34_c04,34,4,EPSG:32643,710200.00,3110440.00,712760.00,3113000.00,77.1529,28.1141,3,0,0,0.00183105,1,1,0.889765,0,0,0,0.0270386,0.861145,0.106689,0,0.0032959,0.00177002,6.10352e-05,0,0,,,,,,,S2C_43RGM_20260920_0_L2A,
s2delhi_r34_c05,34,5,EPSG:32643,712760.00,3110440.00,715320.00,3113000.00,77.1789,28.1137,3,0,0,0.206482,0,,,0,0,0,0.213013,0.338196,0.105286,0,0.137024,0.156189,0.050293,0,0,,,,,,,S2C_43RGM_20260920_0_L2A,
s2delhi_r34_c06,34,6,EPSG:32643,715320.00,3110440.00,717880.00,3113000.00,77.205,28.1133,3,0,0,0.21405,1,1,0.800087,0,0,0,0.0273438,0.563049,0.140686,0,0.0548706,0.113342,0.100708,0,0,,,,,,,S2C_43RGM_20260920_0_L2A,
s2delhi_r34_c07,34,7,EPSG:32643,717880.00,3110440.00,720440.00,3113000.00,77.231,28.1129,3,0,0,0.00524902,1,0,0.211253,0,0,0,0.017334,0.20166,0.75293,0,0.0228271,0.00524902,0,0,0,,,,,,,S2C_43RGM_20260920_0_L2A,
s2delhi_r34_c08,34,8,EPSG:32643,720440.00,3110440.00,723000.00,3113000.00,77.257,28.1125,3,0,0,0.220581,0,,,0,0,0,0.32782,0,0.325989,0,0.12561,0.141235,0.0793457,0,0,,,,,,,S2C_43RGM_20260920_0_L2A,
s2delhi_r34_c09,34,9,EPSG:32643,723000.00,3110440.00,725560.00,3113000.00,77.2831,28.112,3,0,1,0.446411,0,,,0,0,0,0.0646362,6.10352e-05,0.334229,0,0.154663,0.247253,0.199158,0,0,,,,,,,S2C_43RGM_20260920_0_L2A,
s2delhi_r34_c10,34,10,EPSG:32643,725560.00,3110440.00,728120.00,3113000.00,77.3091,28.1116,3,0,0,0.229126,1,0,0.164815,0,0,0,0.16803,0.0869141,0.44043,0,0.0755005,0.109558,0.119568,0,0,,,,,,,S2C_43RGM_20260920_0_L2A,
s2delhi_r34_c11,34,11,EPSG:32643,728120.00,3110440.00,730680.00,3113000.00,77.3352,28.1112,3,0,0,0.108032,1,0,0.154962,0,0,0,0.0553589,0.119324,0.650696,0,0.0665894,0.0656738,0.0423584,0,0,,,,,,,S2C_43RGM_20260920_0_L2A,
s2delhi_r34_c12,34,12,EPSG:32643,730680.00,3110440.00,733240.00,3113000.00,77.3612,28.1107,3,0,0,0.179565,1,0,0.0822119,0,0,0,0.125305,0.0443726,0.495361,0,0.155396,0.0863647,0.0932007,0,0,,,,,,,S2C_43RGM_20260920_0_L2A,
s2delhi_r34_c13,34,13,EPSG:32643,733240.00,3110440.00,735800.00,3113000.00,77.3873,28.1103,3,0,1,0.453979,0,,,0,0,0,0.255249,0.0529785,0.0911255,0,0.146667,0.196777,0.257202,0,0,,,,,,,S2C_43RGM_20260920_0_L2A,
s2delhi_r34_c14,34,14,EPSG:32643,735800.00,3110440.00,738360.00,3113000.00,77.4133,28.1098,3,0,1,0.552551,0,,,0,0,0,0.174194,0.00274658,0.0932617,0,0.177246,0.191528,0.361023,0,0,,,,,,,S2C_43RGM_20260920_0_L2A,
s2delhi_r34_c15,34,15,EPSG:32643,738360.00,3110440.00,740920.00,3113000.00,77.4393,28.1093,3,0,1,0.320496,0,,,0,0,0,0.104797,0.0199585,0.425476,0,0.129272,0.147217,0.173279,0,0,,,,,,,S2C_43RGM_20260920_0_L2A,
s2delhi_r34_c16,34,16,EPSG:32643,740920.00,3110440.00,743480.00,3113000.00,77.4654,28.1089,3,0,1,0.61615,0,,,0,0,0,0.0828857,0.00415039,0.121887,0,0.174927,0.308533,0.307617,0,0,,,,,,,S2C_43RGM_20260920_0_L2A,
s2delhi_r34_c17,34,17,EPSG:32643,743480.00,3110440.00,746040.00,3113000.00,77.4914,28.1084,3,0,0,0.139221,1,0,0.083326,0,0,0,0.0648193,0.0574341,0.631836,0.0613403,0.0453491,0.0787354,0.0604858,0,0,,,,,,,S2C_43RGM_20260920_0_L2A,
s2delhi_r34_c18,34,18,EPSG:32643,746040.00,3110440.00,748600.00,3113000.00,77.5175,28.1079,3,0,0,0.0388794,1,0,0.228944,0,0,0,0.0297241,0.189636,0.638672,0,0.103088,0.0285034,0.010376,0,0,,,,,,,S2C_43RGM_20260920_0_L2A,
s2delhi_r34_c19,34,19,EPSG:32643,748600.00,3110440.00,751160.00,3113000.00,77.5435,28.1075,3,0,1,0.541931,0,,,0,0,0,0.198242,6.10352e-05,0.161194,0,0.0985718,0.209839,0.332092,0,0,,,,,,,S2C_43RGM_20260920_0_L2A,
s2delhi_r34_c20,34,20,EPSG:32643,751160.00,3110440.00,753720.00,3113000.00,77.5695,28.107,3,0,1,0.342346,1,0,0.00300635,0,0,0,0.039856,0.00164795,0.546509,0,0.0696411,0.146057,0.196289,0,0,,,,,,,S2C_43RGM_20260920_0_L2A,
s2delhi_r34_c21,34,21,EPSG:32643,753720.00,3110440.00,756280.00,3113000.00,77.5956,28.1065,3,0,1,0.5448,0,,,0,0,0,0.185425,0.000183105,0.106812,0.00274658,0.160034,0.216248,0.328552,0,0,,,,,,,S2C_43RGM_20260920_0_L2A,
s2delhi_r34_c22,34,22,EPSG:32643,756280.00,3110440.00,758840.00,3113000.00,77.6216,28.106,3,0,1,0.503784,0,,,0,0,0,0.0557861,0.000488281,0.342712,0,0.097229,0.218933,0.284851,0,0,,,,,,,S2C_43RGM_20260920_0_L2A,
s2delhi_r34_c23,34,23,EPSG:32643,758840.00,3110440.00,761400.00,3113000.00,77.6476,28.1055,3,0,1,0.339172,0,,,0,0,0,0.14032,0.160767,0.262024,0,0.0977173,0.184814,0.154358,0,0,,,,,,,S2C_43RGM_20260920_0_L2A,
s2delhi_r34_c24,34,24,EPSG:32643,761400.00,3110440.00,763960.00,3113000.00,77.6737,28.105,3,0,0,0.187256,1,0,0.150436,0,0,0,0.15448,0.0809937,0.457397,0,0.119873,0.108154,0.0791016,0,0,,,,,,,S2C_43RGM_20260920_0_L2A,
s2delhi_r34_c25,34,25,EPSG:32643,763960.00,3110440.00,766520.00,3113000.00,77.6997,28.1045,3,0,1,0.496765,0,,,0,0,0,0.216309,0.000183105,0.113953,0,0.172791,0.253845,0.24292,0,0,,,,,,,S2C_43RGM_20260920_0_L2A,
s2delhi_r34_c26,34,26,EPSG:32643,766520.00,3110440.00,769080.00,3113000.00,77.7257,28.104,3,0,1,0.555298,0,,,0,0,0,0.0727539,6.10352e-05,0.167664,0,0.204224,0.293945,0.261353,0,0,,,,,,,S2C_43RGM_20260920_0_L2A,
s2delhi_r34_c27,34,27,EPSG:32643,769080.00,3110440.00,771640.00,3113000.00,77.7518,28.1034,3,0,1,0.708496,0,,,0,0,0,0.17572,0,0.0786133,0,0.0371704,0.199036,0.50946,0,0,,,,,,,S2C_43RGM_20260920_0_L2A,
s2delhi_r34_c28,34,28,EPSG:32643,771640.00,3110440.00,774200.00,3113000.00,77.7778,28.1029,3,0,1,0.444885,0,,,0,0,0,0.0731201,0.00274658,0.286926,0,0.192322,0.261536,0.18335,0,0,,,,,,,S2C_43RGM_20260920_0_L2A,
s2delhi_r34_c29,34,29,EPSG:32643,774200.00,3110440.00,776760.00,3113000.00,77.8038,28.1024,3,0,0,0.215881,1,0,0.140426,0,0,0,0.162537,0.0775757,0.474854,0,0.0691528,0.10907,0.106812,0,0,,,,,,,S2C_43RGM_20260920_0_L2A,
s2delhi_r34_c30,34,30,EPSG:32643,776760.00,3110440.00,779320.00,3113000.00,77.8299,28.1018,3,0,1,0.423462,0,,,0,0,0,0.212402,0.0170898,0.207092,0,0.139954,0.232849,0.190613,0,0,,,,,,,S2C_43RGM_20260920_0_L2A,
s2delhi_r34_c31,34,31,EPSG:32643,779320.00,3110440.00,781880.00,3113000.00,77.8559,28.1013,3,0,1,0.680786,0,,,0,0,0,0.0636597,0.00195312,0.122192,0,0.131409,0.341492,0.339294,0,0,,,,,,,S2C_43RGM_20260920_0_L2A,
s2delhi_r34_c32,34,32,EPSG:32643,781880.00,3110440.00,784440.00,3113000.00,77.8819,28.1008,3,0,1,0.309143,1,0,0.453252,0,0,0,0.0913086,0.235229,0.283752,0,0.0805664,0.15332,0.155823,0,0,,,,,,,S2C_43RGM_20260920_0_L2A,
s2delhi_r34_c33,34,33,EPSG:32643,784440.00,3110440.00,787000.00,3113000.00,77.9079,28.1002,3,0,0,0.0966797,1,1,0.817056,0,0,0,0.0139771,0.71283,0.159607,0,0.0169067,0.0679932,0.0286865,0,0,,,,,,,S2C_43RGM_20260920_0_L2A,
s2delhi_r34_c34,34,34,EPSG:32643,787000.00,3110440.00,789560.00,3113000.00,77.934,28.0997,3,0,0,0.108582,1,1,0.816548,0,0,0,0.151855,0.582458,0.130859,0,0.0262451,0.0785522,0.0300293,0,0,,,,,,,S2C_43RGM_20260920_0_L2A,
s2delhi_r34_c35,34,35,EPSG:32643,789560.00,3110440.00,792120.00,3113000.00,77.96,28.0991,3,0,0,0.0788574,1,1,0.72842,0,0,0,0,0.662354,0.246948,0,0.0118408,0.0465088,0.0323486,0,0,,,,,,,S2C_43RGM_20260920_0_L2A,
s2delhi_r34_c36,34,36,EPSG:32643,792120.00,3110440.00,794680.00,3113000.00,77.986,28.0985,3,0,0,0.111023,1,1,0.86029,0,0,0,0.160706,0.607727,0.0986938,0,0.0218506,0.0775146,0.0335083,0,0,,,,,,,S2C_43RGM_20260920_0_L2A,
s2delhi_r34_c37,34,37,EPSG:32643,794680.00,3110440.00,797240.00,3113000.00,78.012,28.098,3,0,0,0.257324,0,,,0,0,0,0.236023,0.355225,0.0992432,0,0.0521851,0.130676,0.126648,0,0,,,,,,,S2C_43RGM_20260920_0_L2A,
s2delhi_r34_c38,34,38,EPSG:32643,797240.00,3110440.00,799800.00,3113000.00,78.0381,28.0974,3,0,0,0.140076,1,1,0.7318,0,0,0,0.126587,0.493286,0.180786,0,0.0592651,0.0974731,0.0426025,0,0,,,,,,,S2C_43RGM_20260920_0_L2A,
s2delhi_r34_c39,34,39,EPSG:32643,799800.00,3110440.00,802360.00,3113000.00,78.0641,28.0968,3,0,0,0.0655518,1,1,0.739175,0,0,0,0.145874,0.570984,0.201477,0,0.0161133,0.0421753,0.0233765,0,0,,,,,,,S2C_43RGM_20260920_0_L2A,
s2delhi_r34_c40,34,40,EPSG:32643,802360.00,3110440.00,804920.00,3113000.00,78.0901,28.0962,3,0,0,0.0474854,1,1,0.844773,0,0,0,0.157043,0.655029,0.120361,0,0.0200806,0.0415039,0.00598145,0,0,,,,,,,S2C_43RGM_20260920_0_L2A,
s2delhi_r34_c41,34,41,EPSG:32643,804920.00,3110440.00,807480.00,3113000.00,78.1161,28.0956,3,0,0,0.234985,1,1,0.863219,0,0,0,0.0991211,0.533875,0.0845947,0,0.0474243,0.147949,0.0870361,0,0,,,,,,,S2C_43RGM_20260920_0_L2A,
s2delhi_r35_c00,35,0,EPSG:32643,699960.00,3107880.00,702520.00,3110440.00,77.0482,28.0926,3,1,1,0.387329,0,,,0,0,0,0.18634,0.0359497,0.303955,0,0.0864258,0.248596,0.138733,0,0,294.467,309.802,319.333,309.039,3.91838,9.53119,S2C_43RGM_20260920_0_L2A,LC09_L2SP_147040_20260921_02_T1
s2delhi_r35_c01,35,1,EPSG:32643,702520.00,3107880.00,705080.00,3110440.00,77.0743,28.0923,3,1,1,0.328979,0,,,0,0,0,0.123474,0.0854492,0.388489,0,0.0736084,0.163635,0.165344,0,0,291.608,309.294,318.141,308.22,4.99347,8.84647,S2C_43RGM_20260920_0_L2A,LC09_L2SP_147040_20260921_02_T1
s2delhi_r35_c02,35,2,EPSG:32643,705080.00,3107880.00,707640.00,3110440.00,77.1003,28.0919,3,1,0,0.0825806,1,0,0.188375,0,0,0,0.0800171,0.151917,0.654541,0,0.0309448,0.0637817,0.0187988,0,0,291.355,313.587,321.743,311.56,6.83423,8.15594,S2C_43RGM_20260920_0_L2A,LC09_L2SP_147040_20260921_02_T1
s2delhi_r35_c03,35,3,EPSG:32643,707640.00,3107880.00,710200.00,3110440.00,77.1264,28.0915,3,1,0,0.0776978,1,0,0.299482,0,0,0,0.0022583,0.27179,0.635742,0,0.0125122,0.0462646,0.0314331,0,0,291.434,311.651,321.581,311.066,4.55252,9.92963,S2C_43RGM_20260920_0_L2A,LC09_L2SP_147040_20260921_02_T1
s2delhi_r35_c04,35,4,EPSG:32643,710200.00,3107880.00,712760.00,3110440.00,77.1524,28.0911,3,0,0,0,1,1,0.644518,0,0,0,0.100708,0.510925,0.281799,0.00280762,0.10376,0,0,0,0,,,,,,,S2C_43RGM_20260920_0_L2A,
s2delhi_r35_c05,35,5,EPSG:32643,712760.00,3107880.00,715320.00,3110440.00,77.1784,28.0906,3,0,0,0.158203,1,1,0.636353,0,0,0,0.194763,0.34082,0.194763,0,0.11145,0.10498,0.0532227,0,0,,,,,,,S2C_43RGM_20260920_0_L2A,
s2delhi_r35_c06,35,6,EPSG:32643,715320.00,3107880.00,717880.00,3110440.00,77.2045,28.0902,3,0,0,0,1,1,0.730852,0,0,0,0.00671387,0.721619,0.265747,0,0.00592041,0,0,0,0,,,,,,,S2C_43RGM_20260920_0_L2A,
s2delhi_r35_c07,35,7,EPSG:32643,717880.00,3107880.00,720440.00,3110440.00,77.2305,28.0898,3,0,0,0.0505981,1,0,0.327459,0,0,0,0.139282,0.249512,0.512451,0,0.0481567,0.0413818,0.00921631,0,0,,,,,,,S2C_43RGM_20260920_0_L2A,
s2delhi_r35_c08,35,8,EPSG:32643,720440.00,3107880.00,723000.00,3110440.00,77.2566,28.0894,3,0,1,0.351257,0,,,0,0,0,0.0770874,0.0137329,0.411316,0,0.146606,0.165833,0.185425,0,0,,,,,,,S2C_43RGM_20260920_0_L2A,
s2delhi_r35_c09,35,9,EPSG:32643,723000.00,3107880.00,725560.00,3110440.00,77.2826,28.0889,3,0,1,0.432007,0,,,0,0,0,0.183838,0,0.246704,0,0.137451,0.182251,0.249756,0,0,,,,,,,S2C_43RGM_20260920_0_L2A,
s2delhi_r35_c10,35,10,EPSG:32643,725560.00,3107880.00,728120.00,3110440.00,77.3086,28.0885,3,0,0,0.214233,1,0,0.182394,0,0,0,0.129761,0.0932007,0.417786,0,0.14502,0.0998535,0.11438,0,0,,,,,,,S2C_43RGM_20260920_0_L2A,
s2delhi_r35_c11,35,11,EPSG:32643,728120.00,3107880.00,730680.00,3110440.00,77.3347,28.0881,3,0,0,0.159119,1,0,0.296212,0,0,0,0.0983276,0.191406,0.454773,0,0.0963745,0.0930176,0.0661011,0,0,,,,,,,S2C_43RGM_20260920_0_L2A,
s2delhi_r35_c12,35,12,EPSG:32643,730680.00,3107880.00,733240.00,3110440.00,77.3607,28.0876,3,0,0,0.214905,1,0,0.359121,0,0,0,0.14978,0.188416,0.336243,0.0106201,0.100037,0.110535,0.10437,0,0,,,,,,,S2C_43RGM_20260920_0_L2A,
s2delhi_r35_c13,35,13,EPSG:32643,733240.00,3107880.00,735800.00,3110440.00,77.3867,28.0872,3,0,0,0.239624,0,,,0,0,0,0.0735474,0.0585327,0.351868,0,0.276428,0.143372,0.0962524,0,0,,,,,,,S2C_43RGM_20260920_0_L2A,
s2delhi_r35_c14,35,14,EPSG:32643,735800.00,3107880.00,738360.00,3110440.00,77.4128,28.0867,3,0,1,0.42041,0,,,0,0,0,0.107239,0.000244141,0.316772,0,0.155334,0.202515,0.217896,0,0,,,,,,,S2C_43RGM_20260920_0_L2A,
s2delhi_r35_c15,35,15,EPSG:32643,738360.00,3107880.00,740920.00,3110440.00,77.4388,28.0863,3,0,1,0.313232,0,,,0,0,0,0.195862,0.00671387,0.357239,0,0.126953,0.137024,0.176208,0,0,,,,,,,S2C_43RGM_20260920_0_L2A,
s2delhi_r35_c16,35,16,EPSG:32643,740920.00,3107880.00,743480.00,3110440.00,77.4649,28.0858,3,0,0,0.144653,1,1,0.528824,0,0,0,0,0.361694,0.322266,0.000732422,0.170654,0.0750122,0.0696411,0,0,,,,,,,S2C_43RGM_20260920_0_L2A,
s2delhi_r35_c17,35,17,EPSG:32643,743480.00,3107880.00,746040.00,3110440.00,77.4909,28.0853,3,0,0,0,1,1,0.68121,0,0,0.00152588,0,0.652771,0.305481,0.0357666,0.00445557,0,0,0,0,,,,,,,S2C_43RGM_20260920_0_L2A,
s2delhi_r35_c18,35,18,EPSG:32643,746040.00,3107880.00,748600.00,3110440.00,77.5169,28.0848,3,0,0,0.0971069,1,1,0.653157,0,0,0,0.167175,0.433777,0.230347,0,0.0715942,0.0531006,0.0440063,0,0,,,,,,,S2C_43RGM_20260920_0_L2A,
s2delhi_r35_c19,35,19,EPSG:32643,748600.00,3107880.00,751160.00,3110440.00,77.5429,28.0844,3,0,0,0.209045,1,0,0.25259,0,0,0,0.0567627,0.165161,0.488708,0.00140381,0.0789185,0.119812,0.0892334,0,0,,,,,,,S2C_43RGM_20260920_0_L2A,
s2delhi_r35_c20,35,20,EPSG:32643,751160.00,3107880.00,753720.00,3110440.00,77.569,28.0839,3,0,0,0.00579834,1,0,0.07695,0,0,0,0.105713,0.0670166,0.803894,0,0.0175781,0.00567627,0.00012207,0,0,,,,,,,S2C_43RGM_20260920_0_L2A,
s2delhi_r35_c21,35,21,EPSG:32643,753720.00,3107880.00,756280.00,3110440.00,77.595,28.0834,3,0,1,0.54541,0,,,0,0,0,0.086731,0.0259399,0.157043,6.10352e-05,0.184814,0.253601,0.291809,0,0,,,,,,,S2C_43RGM_20260920_0_L2A,
s2delhi_r35_c22,35,22,EPSG:32643,756280.00,3107880.00,758840.00,3110440.00,77.621,28.0829,3,0,0,0.174866,1,0,0.338656,0,0,0,0.0983276,0.21228,0.414551,0.00616455,0.093811,0.0878296,0.0870361,0,0,,,,,,,S2C_43RGM_20260920_0_L2A,
s2delhi_r35_c23,35,23,EPSG:32643,758840.00,3107880.00,761400.00,3110440.00,77.6471,28.0824,3,0,0,0.270935,0,,,0,0,0,0.182007,0.183716,0.237366,0,0.125977,0.171082,0.0998535,0,0,,,,,,,S2C_43RGM_20260920_0_L2A,
s2delhi_r35_c24,35,24,EPSG:32643,761400.00,3107880.00,763960.00,3110440.00,77.6731,28.0819,3,0,1,0.464233,0,,,0,0,0,0.243042,0.0942383,0.0991821,0,0.0993042,0.229431,0.234802,0,0,,,,,,,S2C_43RGM_20260920_0_L2A,
s2delhi_r35_c25,35,25,EPSG:32643,763960.00,3107880.00,766520.00,3110440.00,77.6991,28.0814,3,0,1,0.36084,0,,,0,0,0,0.0245972,0.00805664,0.488831,0,0.117676,0.134399,0.22644,0,0,,,,,,,S2C_43RGM_20260920_0_L2A,
s2delhi_r35_c26,35,26,EPSG:32643,766520.00,3107880.00,769080.00,3110440.00,77.7252,28.0809,3,0,1,0.426636,0,,,0,0,0,0.184753,0.00335693,0.251038,0,0.134216,0.189026,0.23761,0,0,,,,,,,S2C_43RGM_20260920_0_L2A,
s2delhi_r35_c27,35,27,EPSG:32643,769080.00,3107880.00,771640.00,3110440.00,77.7512,28.0803,3,0,1,0.509888,0,,,0,0,0,0.0511475,0,0.252808,0,0.186157,0.256836,0.253052,0,0,,,,,,,S2C_43RGM_20260920_0_L2A,
s2delhi_r35_c28,35,28,EPSG:32643,771640.00,3107880.00,774200.00,3110440.00,77.7772,28.0798,3,0,1,0.48584,0,,,0,0,0,0.173096,0.0116577,0.157166,0,0.172241,0.250244,0.235596,0,0,,,,,,,S2C_43RGM_20260920_0_L2A,
s2delhi_r35_c29,35,29,EPSG:32643,774200.00,3107880.00,776760.00,3110440.00,77.8032,28.0793,3,0,1,0.389526,0,,,0,0,0,0.0848999,0.0144043,0.358521,0,0.152649,0.180908,0.208618,0,0,,,,,,,S2C_43RGM_20260920_0_L2A,
s2delhi_r35_c30,35,30,EPSG:32643,776760.00,3107880.00,779320.00,3110440.00,77.8293,28.0788,3,0,1,0.630493,0,,,0,0,0,0.177246,0.00134277,0.119263,0,0.0716553,0.244812,0.385681,0,0,,,,,,,S2C_43RGM_20260920_0_L2A,
s2delhi_r35_c31,35,31,EPSG:32643,779320.00,3107880.00,781880.00,3110440.00,77.8553,28.0782,3,0,1,0.673035,0,,,0,0,0,0.0804443,0,0.0789185,0,0.167603,0.309082,0.363953,0,0,,,,,,,S2C_43RGM_20260920_0_L2A,
s2delhi_r35_c32,35,32,EPSG:32643,781880.00,3107880.00,784440.00,3110440.00,77.8813,28.0777,3,0,1,0.334229,1,0,0.356873,0,0,0,0.0965576,0.184753,0.332947,0,0.0515137,0.176758,0.157471,0,0,,,,,,,S2C_43RGM_20260920_0_L2A,
s2delhi_r35_c33,35,33,EPSG:32643,784440.00,3107880.00,787000.00,3110440.00,77.9073,28.0771,3,0,0,0.121216,1,1,0.851161,0,0,0,0.10614,0.648865,0.113464,0,0.0103149,0.0723877,0.0488281,0,0,,,,,,,S2C_43RGM_20260920_0_L2A,
s2delhi_r35_c34,35,34,EPSG:32643,787000.00,3107880.00,789560.00,3110440.00,77.9333,28.0766,3,0,0,0.0892334,1,1,0.777374,0,0,0,0.0327759,0.665161,0.190491,0.000671387,0.0216675,0.0723877,0.0168457,0,0,,,,,,,S2C_43RGM_20260920_0_L2A,
s2delhi_r35_c35,35,35,EPSG:32643,789560.00,3107880.00,792120.00,3110440.00,77.9594,28.076,3,0,0,0.0492554,1,1,0.68787,0,0,0,0.048645,0.617798,0.280334,0,0.00396729,0.0408936,0.00836182,0,0,,,,,,,S2C_43RGM_20260920_0_L2A,
s2delhi_r35_c36,35,36,EPSG:32643,792120.00,3107880.00,794680.00,3110440.00,77.9854,28.0755,3,0,0,0.00439453,1,1,0.823089,0,0,0,0.147583,0.697998,0.150024,0,0,0.00396729,0.000427246,0,0,,,,,,,S2C_43RGM_20260920_0_L2A,
s2delhi_r35_c37,35,37,EPSG:32643,794680.00,3107880.00,797240.00,3110440.00,78.0114,28.0749,3,0,1,0.331482,0,,,0,0,0,0.135681,0.186523,0.270508,0,0.0758057,0.168701,0.162781,0,0,,,,,,,S2C_43RGM_20260920_0_L2A,
s2delhi_r35_c38,35,38,EPSG:32643,797240.00,3107880.00,799800.00,3110440.00,78.0374,28.0743,3,0,0,0.230713,1,1,0.758772,0,0,0,0.0640869,0.49762,0.158203,0,0.0493774,0.148743,0.0819702,0,0,,,,,,,S2C_43RGM_20260920_0_L2A,
s2delhi_r35_c39,35,39,EPSG:32643,799800.00,3107880.00,802360.00,3110440.00,78.0634,28.0737,3,0,0,0.177429,1,1,0.770669,0,0,0,0.16864,0.475647,0.141541,0,0.0367432,0.0958252,0.081604,0,0,,,,,,,S2C_43RGM_20260920_0_L2A,
s2delhi_r35_c40,35,40,EPSG:32643,802360.00,3107880.00,804920.00,3110440.00,78.0895,28.0731,3,0,0,0.168457,1,1,0.815096,0,0,0,0.103149,0.543762,0.123352,0,0.0612793,0.0772095,0.0912476,0,0,,,,,,,S2C_43RGM_20260920_0_L2A,
s2delhi_r35_c41,35,41,EPSG:32643,804920.00,3107880.00,807480.00,3110440.00,78.1155,28.0726,3,0,0,0.128723,1,1,0.815195,0,0,0,0.0769043,0.62085,0.140747,0,0.0327759,0.0889893,0.0397339,0,0,,,,,,,S2C_43RGM_20260920_0_L2A,
s2delhi_r36_c00,36,0,EPSG:32643,699960.00,3105320.00,702520.00,3107880.00,77.0478,28.0696,3,1,1,0.31366,0,,,0,0,0,0.0946045,0.078064,0.38385,0,0.129822,0.195129,0.11853,0,0,291.654,307.946,319.733,307.006,5.34109,11.7864,S2C_43RGM_20260920_0_L2A,LC09_L2SP_147040_20260921_02_T1
s2delhi_r36_c01,36,1,EPSG:32643,702520.00,3105320.00,705080.00,3107880.00,77.0738,28.0692,3,1,1,0.312134,0,,,0,0,0,0.161133,0.0601196,0.345093,0,0.121521,0.18396,0.128174,0,0,279.315,297.664,314.379,297.592,6.69458,16.7159,S2C_43RGM_20260920_0_L2A,LC09_L2SP_147040_20260921_02_T1
s2delhi_r36_c02,36,2,EPSG:32643,705080.00,3105320.00,707640.00,3107880.00,77.0999,28.0688,3,1,0,0.160156,1,0,0.449791,0,0,0,0.0393677,0.315491,0.385925,0,0.0990601,0.0935059,0.0666504,0,0,282.801,304.754,315.111,304.004,7.0439,10.3566,S2C_43RGM_20260920_0_L2A,LC09_L2SP_147040_20260921_02_T1
s2delhi_r36_c03,36,3,EPSG:32643,707640.00,3105320.00,710200.00,3107880.00,77.1259,28.0684,3,0,0,0.0020752,1,1,0.545798,0,0,0,0.0372314,0.520081,0.4328,0,0.0078125,0.0020752,0,0,0,,,,,,,S2C_43RGM_20260920_0_L2A,
s2delhi_r36_c04,36,4,EPSG:32643,710200.00,3105320.00,712760.00,3107880.00,77.1519,28.068,3,0,0,0.152466,0,,,0,0,0,0.484131,0.127258,0.178772,0.0101318,0.0472412,0.0765991,0.0758667,0,0,,,,,,,S2C_43RGM_20260920_0_L2A,
s2delhi_r36_c05,36,5,EPSG:32643,712760.00,3105320.00,715320.00,3107880.00,77.178,28.0676,3,0,0,0.251038,0,,,0,0,0,0.250366,0.19043,0.203979,0,0.104187,0.145874,0.105164,0,0,,,,,,,S2C_43RGM_20260920_0_L2A,
s2delhi_r36_c06,36,6,EPSG:32643,715320.00,3105320.00,717880.00,3107880.00,77.204,28.0671,3,0,0,0.0783691,1,0,0.276252,0,0,0,0.0170898,0.241821,0.633545,0,0.0291748,0.0469971,0.0313721,0,0,,,,,,,S2C_43RGM_20260920_0_L2A,
s2delhi_r36_c07,36,7,EPSG:32643,717880.00,3105320.00,720440.00,3107880.00,77.23,28.0667,3,0,0,0.133972,1,0,0.0537937,0,0,0,0.0742188,0.0361328,0.635559,0,0.120117,0.0874634,0.0465088,0,0,,,,,,,S2C_43RGM_20260920_0_L2A,
s2delhi_r36_c08,36,8,EPSG:32643,720440.00,3105320.00,723000.00,3107880.00,77.2561,28.0663,3,0,1,0.304382,0,,,0,0,0,0.19519,0.127625,0.28894,0,0.0838623,0.15271,0.151672,0,0,,,,,,,S2C_43RGM_20260920_0_L2A,
s2delhi_r36_c09,36,9,EPSG:32643,723000.00,3105320.00,725560.00,3107880.00,77.2821,28.0659,3,0,1,0.506714,0,,,0,0,0,0.175537,0.00012207,0.183777,0,0.13385,0.238098,0.268616,0,0,,,,,,,S2C_43RGM_20260920_0_L2A,
s2delhi_r36_c10,36,10,EPSG:32643,725560.00,3105320.00,728120.00,3107880.00,77.3081,28.0654,3,0,0,0.287659,0,,,0,0,0,0.211365,0.0497437,0.338745,0.000427246,0.112061,0.116394,0.171265,0,0,,,,,,,S2C_43RGM_20260920_0_L2A,
s2delhi_r36_c11,36,11,EPSG:32643,728120.00,3105320.00,730680.00,3107880.00,77.3342,28.065,3,0,0,0.230408,0,,,0,0,0,0.208557,0.0497437,0.419495,0,0.0917969,0.122559,0.107849,0,0,,,,,,,S2C_43RGM_20260920_0_L2A,
s2delhi_r36_c12,36,12,EPSG:32643,730680.00,3105320.00,733240.00,3107880.00,77.3602,28.0645,3,0,0,0.221008,0,,,0,0,0,0.174438,0.0809326,0.393433,0.00421143,0.125977,0.125854,0.0951538,0,0,,,,,,,S2C_43RGM_20260920_0_L2A,
s2delhi_r36_c13,36,13,EPSG:32643,733240.00,3105320.00,735800.00,3107880.00,77.3862,28.0641,3,0,0,0.18335,0,,,0,0,0,0.180603,0.0786743,0.417297,0,0.140076,0.105408,0.0779419,0,0,,,,,,,S2C_43RGM_20260920_0_L2A,
s2delhi_r36_c14,36,14,EPSG:32643,735800.00,3105320.00,738360.00,3107880.00,77.4123,28.0636,3,0,1,0.416931,0,,,0,0,0,0.102234,0.0320435,0.272705,0,0.176086,0.190491,0.22644,0,0,,,,,,,S2C_43RGM_20260920_0_L2A,
s2delhi_r36_c15,36,15,EPSG:32643,738360.00,3105320.00,740920.00,3107880.00,77.4383,28.0632,3,0,0,0.147339,1,0,0.449867,0,0,0,0.126038,0.308899,0.377747,0,0.039978,0.0605469,0.086792,0,0,,,,,,,S2C_43RGM_20260920_0_L2A,
s2delhi_r36_c16,36,16,EPSG:32643,740920.00,3105320.00,743480.00,3107880.00,77.4643,28.0627,3,0,0,0.213623,1,0,0.486656,0,0,0,0.0755005,0.298279,0.314636,0,0.0979614,0.111328,0.102295,0,0,,,,,,,S2C_43RGM_20260920_0_L2A,
s2delhi_r36_c17,36,17,EPSG:32643,743480.00,3105320.00,746040.00,3107880.00,77.4904,28.0622,3,0,0,0,1,1,0.632365,0,0,0,0,0.588867,0.342346,0.0587158,0.0100708,0,0,0,0,,,,,,,S2C_43RGM_20260920_0_L2A,
s2delhi_r36_c18,36,18,EPSG:32643,746040.00,3105320.00,748600.00,3107880.00,77.5164,28.0618,3,0,1,0.451416,0,,,0,0,0,0.221313,0.115601,0.155212,0.00158691,0.0548706,0.130798,0.320618,0,0,,,,,,,S2C_43RGM_20260920_0_L2A,
s2delhi_r36_c19,36,19,EPSG:32643,748600.00,3105320.00,751160.00,3107880.00,77.5424,28.0613,3,0,1,0.408325,0,,,0,0,0,0.177612,0.00628662,0.261047,0,0.146729,0.219543,0.188782,0,0,,,,,,,S2C_43RGM_20260920_0_L2A,
s2delhi_r36_c20,36,20,EPSG:32643,751160.00,3105320.00,753720.00,3107880.00,77.5684,28.0608,3,0,0,0.182312,1,0,0.047529,0,0,0,0.0292969,0.0337524,0.676392,0.000610352,0.0776367,0.115051,0.0672607,0,0,,,,,,,S2C_43RGM_20260920_0_L2A,
s2delhi_r36_c21,36,21,EPSG:32643,753720.00,3105320.00,756280.00,3107880.00,77.5945,28.0603,3,0,0,0.0552979,1,0,0.245575,0,0,0,0.00939941,0.221863,0.68158,0.00109863,0.0307617,0.0244751,0.0308228,0,0,,,,,,,S2C_43RGM_20260920_0_L2A,
s2delhi_r36_c22,36,22,EPSG:32643,756280.00,3105320.00,758840.00,3107880.00,77.6205,28.0598,3,0,0,0.116455,1,0,0.465735,0,0,0,0.141357,0.311096,0.356873,0.000854492,0.0733643,0.0721436,0.0443115,0,0,,,,,,,S2C_43RGM_20260920_0_L2A,
s2delhi_r36_c23,36,23,EPSG:32643,758840.00,3105320.00,761400.00,3107880.00,77.6465,28.0593,3,0,1,0.546143,0,,,0,0,0,0.117371,0.00762939,0.173584,0.0164185,0.138855,0.257507,0.288635,0,0,,,,,,,S2C_43RGM_20260920_0_L2A,
s2delhi_r36_c24,36,24,EPSG:32643,761400.00,3105320.00,763960.00,3107880.00,77.6725,28.0588,3,0,1,0.368835,0,,,0,0,0,0.149048,0.0473633,0.3125,0,0.122253,0.213623,0.155212,0,0,,,,,,,S2C_43RGM_20260920_0_L2A,
s2delhi_r36_c25,36,25,EPSG:32643,763960.00,3105320.00,766520.00,3107880.00,77.6985,28.0583,3,0,1,0.361511,0,,,0,0,0,0.0648193,0.0436401,0.33844,0,0.191589,0.210083,0.151428,0,0,,,,,,,S2C_43RGM_20260920_0_L2A,
s2delhi_r36_c26,36,26,EPSG:32643,766520.00,3105320.00,769080.00,3107880.00,77.7246,28.0578,3,0,1,0.319519,0,,,0,0,0,0.10376,0.12207,0.288269,0,0.166382,0.173218,0.146301,0,0,,,,,,,S2C_43RGM_20260920_0_L2A,
s2delhi_r36_c27,36,27,EPSG:32643,769080.00,3105320.00,771640.00,3107880.00,77.7506,28.0573,3,0,0,0.221069,1,0,0.44852,0,0,0,0.0990601,0.243286,0.299133,0,0.137451,0.122498,0.0985718,0,0,,,,,,,S2C_43RGM_20260920_0_L2A,
s2delhi_r36_c28,36,28,EPSG:32643,771640.00,3105320.00,774200.00,3107880.00,77.7766,28.0567,3,0,1,0.37323,0,,,0,0,0,0.154724,0.0430298,0.273926,0,0.15509,0.217407,0.155823,0,0,,,,,,,S2C_43RGM_20260920_0_L2A,
s2delhi_r36_c29,36,29,EPSG:32643,774200.00,3105320.00,776760.00,3107880.00,77.8026,28.0562,3,0,1,0.355042,0,,,0,0,0,0.0857544,0.0020752,0.39563,0,0.161499,0.194275,0.160767,0,0,,,,,,,S2C_43RGM_20260920_0_L2A,
s2delhi_r36_c30,36,30,EPSG:32643,776760.00,3105320.00,779320.00,3107880.00,77.8286,28.0557,3,0,1,0.358643,0,,,0,0,0,0.149841,0.0151978,0.318726,0,0.157593,0.212341,0.146301,0,0,,,,,,,S2C_43RGM_20260920_0_L2A,
s2delhi_r36_c31,36,31,EPSG:32643,779320.00,3105320.00,781880.00,3107880.00,77.8547,28.0551,3,0,1,0.540955,0,,,0,0,0,0.069397,0.0119629,0.272217,0,0.105469,0.229187,0.311768,0,0,,,,,,,S2C_43RGM_20260920_0_L2A,
s2delhi_r36_c32,36,32,EPSG:32643,781880.00,3105320.00,784440.00,3107880.00,77.8807,28.0546,3,0,0,0.258179,1,0,0.424618,0,0,0,0.147461,0.236023,0.319824,0,0.0385132,0.143677,0.114502,0,0,,,,,,,S2C_43RGM_20260920_0_L2A,
s2delhi_r36_c33,36,33,EPSG:32643,784440.00,3105320.00,787000.00,3107880.00,77.9067,28.054,3,0,0,0.0515137,1,1,0.735194,0,0,0,0.0587158,0.64325,0.231689,0,0.0148315,0.0441284,0.00738525,0,0,,,,,,,S2C_43RGM_20260920_0_L2A,
s2delhi_r36_c34,36,34,EPSG:32643,787000.00,3105320.00,789560.00,3107880.00,77.9327,28.0535,3,0,0,0.0559082,1,1,0.742898,0,0,0,0.0750122,0.641602,0.222046,0.000183105,0.00524902,0.029541,0.0263672,0,0,,,,,,,S2C_43RGM_20260920_0_L2A,
s2delhi_r36_c35,36,35,EPSG:32643,789560.00,3105320.00,792120.00,3107880.00,77.9587,28.0529,3,0,0,0.10144,1,1,0.572086,0,0,0,0.137939,0.417053,0.311951,0,0.0316162,0.0800171,0.0214233,0,0,,,,,,,S2C_43RGM_20260920_0_L2A,
s2delhi_r36_c36,36,36,EPSG:32643,792120.00,3105320.00,794680.00,3107880.00,77.9847,28.0524,3,0,0,0.202637,1,1,0.562812,0,0,0,0.216553,0.302429,0.234924,0,0.043457,0.156494,0.0461426,0,0,,,,,,,S2C_43RGM_20260920_0_L2A,
s2delhi_r36_c37,36,37,EPSG:32643,794680.00,3105320.00,797240.00,3107880.00,78.0108,28.0518,3,0,0,0.253235,1,1,0.574913,0,0,0,0.0670166,0.362549,0.268066,0,0.0491333,0.119202,0.134033,0,0,,,,,,,S2C_43RGM_20260920_0_L2A,
s2delhi_r36_c38,36,38,EPSG:32643,797240.00,3105320.00,799800.00,3107880.00,78.0368,28.0512,3,0,0,0.00543213,1,1,0.827509,0,0,0,0.0153198,0.807861,0.168396,0,0.00299072,0.00469971,0.000732422,0,0,,,,,,,S2C_43RGM_20260920_0_L2A,
s2delhi_r36_c39,36,39,EPSG:32643,799800.00,3105320.00,802360.00,3107880.00,78.0628,28.0507,3,0,0,0.116394,1,1,0.789074,0,0,0,0.0819702,0.615356,0.16449,0,0.0217896,0.0707397,0.0456543,0,0,,,,,,,S2C_43RGM_20260920_0_L2A,
s2delhi_r36_c40,36,40,EPSG:32643,802360.00,3105320.00,804920.00,3107880.00,78.0888,28.0501,3,0,0,0.00274658,1,1,0.881813,0,0,0,0,0.867065,0.116211,0,0.0139771,0.00274658,0,0,0,,,,,,,S2C_43RGM_20260920_0_L2A,
s2delhi_r36_c41,36,41,EPSG:32643,804920.00,3105320.00,807480.00,3107880.00,78.1148,28.0495,3,0,0,0.0186768,1,1,0.877697,0,0,0,0.0192871,0.844055,0.117615,0,0.000366211,0.0183105,0.000366211,0,0,,,,,,,S2C_43RGM_20260920_0_L2A,
s2delhi_r37_c00,37,0,EPSG:32643,699960.00,3102760.00,702520.00,3105320.00,77.0474,28.0465,3,1,0,0.223694,0,,,0,0,0,0.186401,0.141968,0.353821,0,0.0941162,0.143677,0.0800171,0,0,284.233,300.844,313.543,300.358,6.16639,12.6992,S2C_43RGM_20260920_0_L2A,LC09_L2SP_147040_20260921_02_T1
s2delhi_r37_c01,37,1,EPSG:32643,702520.00,3102760.00,705080.00,3105320.00,77.0734,28.0461,3,1,0,0.132202,1,0,0.193554,0,0,0,0.0290527,0.145142,0.604736,0,0.0888672,0.076355,0.0558472,0,0,282.638,302.213,310.38,301.636,4.47395,8.16656,S2C_43RGM_20260920_0_L2A,LC09_L2SP_147040_20260921_02_T1
s2delhi_r37_c02,37,2,EPSG:32643,705080.00,3102760.00,707640.00,3105320.00,77.0994,28.0457,3,1,0,0.0324707,1,1,0.715583,0,0,0,0,0.663696,0.263794,0,0.0400391,0.0245972,0.00787354,0,0,284.341,302.261,314.174,301.342,4.02062,11.9127,S2C_43RGM_20260920_0_L2A,LC09_L2SP_147040_20260921_02_T1
s2delhi_r37_c03,37,3,EPSG:32643,707640.00,3102760.00,710200.00,3105320.00,77.1255,28.0453,3,0,0,0,1,0,0.480394,0,0,0,0.000244141,0.476318,0.515198,0.00592041,0.00231934,0,0,0,0,,,,,,,S2C_43RGM_20260920_0_L2A,
s2delhi_r37_c04,37,4,EPSG:32643,710200.00,3102760.00,712760.00,3105320.00,77.1515,28.0449,3,0,0,0.262878,0,,,0,0,0,0.41156,0.00213623,0.173462,0.0645142,0.0854492,0.163757,0.0991211,0,0,,,,,,,S2C_43RGM_20260920_0_L2A,
s2delhi_r37_c05,37,5,EPSG:32643,712760.00,3102760.00,715320.00,3105320.00,77.1775,28.0445,3,0,1,0.433167,0,,,0,0,0,0.136597,0.0198364,0.230713,0,0.179688,0.26825,0.164917,0,0,,,,,,,S2C_43RGM_20260920_0_L2A,
s2delhi_r37_c06,37,6,EPSG:32643,715320.00,3102760.00,717880.00,3105320.00,77.2035,28.044,3,0,0,0.114685,1,0,0.157343,0,0,0,0.097229,0.121887,0.652771,0,0.0134277,0.0838623,0.0308228,0,0,,,,,,,S2C_43RGM_20260920_0_L2A,
s2delhi_r37_c07,37,7,EPSG:32643,717880.00,3102760.00,720440.00,3105320.00,77.2296,28.0436,3,0,0,0.258911,1,0,0.021369,0,0,0,0.145569,0.0114136,0.522705,0.00622559,0.0551758,0.131592,0.127319,0,0,,,,,,,S2C_43RGM_20260920_0_L2A,
s2delhi_r37_c08,37,8,EPSG:32643,720440.00,3102760.00,723000.00,3105320.00,77.2556,28.0432,3,0,0,0.0715332,1,0,0.418614,0,0,0,0.137451,0.303894,0.422058,0,0.0650635,0.0482178,0.0233154,0,0,,,,,,,S2C_43RGM_20260920_0_L2A,
s2delhi_r37_c09,37,9,EPSG:32643,723000.00,3102760.00,725560.00,3105320.00,77.2816,28.0428,3,0,0,0.255432,0,,,0,0,0,0.191101,0.0501099,0.34082,0,0.162537,0.141541,0.113892,0,0,,,,,,,S2C_43RGM_20260920_0_L2A,
s2delhi_r37_c10,37,10,EPSG:32643,725560.00,3102760.00,728120.00,3105320.00,77.3077,28.0423,3,0,1,0.527954,0,,,0,0,0,0.13855,0.000427246,0.137146,0,0.195923,0.255371,0.272583,0,0,,,,,,,S2C_43RGM_20260920_0_L2A,
s2delhi_r37_c11,37,11,EPSG:32643,728120.00,3102760.00,730680.00,3105320.00,77.3337,28.0419,3,0,1,0.342285,0,,,0,0,0,0.079834,0,0.47168,0,0.106201,0.142212,0.200073,0,0,,,,,,,S2C_43RGM_20260920_0_L2A,
s2delhi_r37_c12,37,12,EPSG:32643,730680.00,3102760.00,733240.00,3105320.00,77.3597,28.0414,3,0,1,0.334412,0,,,0,0,0,0.23938,0.0148315,0.345459,0,0.065918,0.167969,0.166443,0,0,,,,,,,S2C_43RGM_20260920_0_L2A,
s2delhi_r37_c13,37,13,EPSG:32643,733240.00,3102760.00,735800.00,3105320.00,77.3857,28.041,3,0,1,0.385193,0,,,0,0,0,0.163879,6.10352e-05,0.215698,0.00286865,0.2323,0.193787,0.191406,0,0,,,,,,,S2C_43RGM_20260920_0_L2A,
s2delhi_r37_c14,37,14,EPSG:32643,735800.00,3102760.00,738360.00,3105320.00,77.4118,28.0405,3,0,1,0.308289,1,0,0.255082,0,0,0,0.0527344,0.147827,0.431702,0,0.0594482,0.133728,0.174561,0,0,,,,,,,S2C_43RGM_20260920_0_L2A,
s2delhi_r37_c15,37,15,EPSG:32643,738360.00,3102760.00,740920.00,3105320.00,77.4378,28.0401,3,0,0,0.0756836,1,1,0.711677,0,0,0,0.125427,0.535278,0.216858,0,0.0467529,0.053894,0.0217896,0,0,,,,,,,S2C_43RGM_20260920_0_L2A,
s2delhi_r37_c16,37,16,EPSG:32643,740920.00,3102760.00,743480.00,3105320.00,77.4638,28.0396,3,0,1,0.517944,0,,,0,0,0,0.182312,0.0560913,0.139771,0,0.103882,0.23938,0.278564,0,0,,,,,,,S2C_43RGM_20260920_0_L2A,
s2delhi_r37_c17,37,17,EPSG:32643,743480.00,3102760.00,746040.00,3105320.00,77.4898,28.0391,3,0,0,0.164673,1,0,0.102765,0,0,0,0.10199,0.0560303,0.489197,0.0501099,0.138,0.112,0.0526733,0,0,,,,,,,S2C_43RGM_20260920_0_L2A,
s2delhi_r37_c18,37,18,EPSG:32643,746040.00,3102760.00,748600.00,3105320.00,77.5158,28.0387,3,0,0,0.149536,1,0,0.156396,0,0,0,0.117432,0.0858154,0.462891,0.0664062,0.11792,0.0990601,0.0504761,0,0,,,,,,,S2C_43RGM_20260920_0_L2A,
s2delhi_r37_c19,37,19,EPSG:32643,748600.00,3102760.00,751160.00,3105320.00,77.5419,28.0382,3,0,1,0.547119,0,,,0,0,0,0.0899658,0,0.188049,0,0.174866,0.239502,0.307617,0,0,,,,,,,S2C_43RGM_20260920_0_L2A,
s2delhi_r37_c20,37,20,EPSG:32643,751160.00,3102760.00,753720.00,3105320.00,77.5679,28.0377,3,0,0,0.104004,1,0,0.157832,0,0,0,0.192017,0.104675,0.558533,0.00445557,0.0363159,0.074707,0.0292969,0,0,,,,,,,S2C_43RGM_20260920_0_L2A,
s2delhi_r37_c21,37,21,EPSG:32643,753720.00,3102760.00,756280.00,3105320.00,77.5939,28.0372,3,0,0,0.232361,1,0,0.0338031,0,0,0,0.132507,0.0180054,0.514648,0.00109863,0.101379,0.1651,0.0672607,0,0,,,,,,,S2C_43RGM_20260920_0_L2A,
s2delhi_r37_c22,37,22,EPSG:32643,756280.00,3102760.00,758840.00,3105320.00,77.6199,28.0367,3,0,0,0.214172,1,0,0.0328983,0,0,0,0.0613403,0.0186157,0.547241,0,0.15863,0.128784,0.0853882,0,0,,,,,,,S2C_43RGM_20260920_0_L2A,
s2delhi_r37_c23,37,23,EPSG:32643,758840.00,3102760.00,761400.00,3105320.00,77.6459,28.0362,3,0,1,0.512695,0,,,0,0,0,0.118164,0.0010376,0.173706,0,0.194397,0.250122,0.262573,0,0,,,,,,,S2C_43RGM_20260920_0_L2A,
s2delhi_r37_c24,37,24,EPSG:32643,761400.00,3102760.00,763960.00,3105320.00,77.672,28.0357,3,0,0,0.170227,1,0,0.121746,0,0,0,0.0130005,0.0864868,0.623901,0,0.106384,0.0946045,0.0756226,0,0,,,,,,,S2C_43RGM_20260920_0_L2A,
s2delhi_r37_c25,37,25,EPSG:32643,763960.00,3102760.00,766520.00,3105320.00,77.698,28.0352,3,0,0,0.0380859,1,1,0.595215,0,0,0,0.0367432,0.525391,0.3573,0,0.0424805,0.0317383,0.00634766,0,0,,,,,,,S2C_43RGM_20260920_0_L2A,
s2delhi_r37_c26,37,26,EPSG:32643,766520.00,3102760.00,769080.00,3105320.00,77.724,28.0347,3,0,0,0.159241,1,1,0.564032,0,0,0,0.0713501,0.39032,0.301697,0,0.0773926,0.104614,0.0546265,0,0,,,,,,,S2C_43RGM_20260920_0_L2A,
s2delhi_r37_c27,37,27,EPSG:32643,769080.00,3102760.00,771640.00,3105320.00,77.75,28.0342,3,0,0,0.0797119,1,1,0.745643,0,0,0,0.0752563,0.5849,0.199524,0,0.0606079,0.0551758,0.0245361,0,0,,,,,,,S2C_43RGM_20260920_0_L2A,
s2delhi_r37_c28,37,28,EPSG:32643,771640.00,3102760.00,774200.00,3105320.00,77.776,28.0337,3,0,1,0.33606,0,,,0,0,0,0.166382,0.0473022,0.310181,0,0.140076,0.180725,0.155334,0,0,,,,,,,S2C_43RGM_20260920_0_L2A,
s2delhi_r37_c29,37,29,EPSG:32643,774200.00,3102760.00,776760.00,3105320.00,77.802,28.0331,3,0,1,0.4776,0,,,0,0,0,0.181763,0.00415039,0.278931,0,0.0575562,0.207397,0.270203,0,0,,,,,,,S2C_43RGM_20260920_0_L2A,
s2delhi_r37_c30,37,30,EPSG:32643,776760.00,3102760.00,779320.00,3105320.00,77.828,28.0326,3,0,1,0.417908,0,,,0,0,0,0.20813,0.0108643,0.294312,0,0.0687866,0.188293,0.229614,0,0,,,,,,,S2C_43RGM_20260920_0_L2A,
s2delhi_r37_c31,37,31,EPSG:32643,779320.00,3102760.00,781880.00,3105320.00,77.8541,28.0321,3,0,1,0.604492,0,,,0,0,0,0.0184326,0.0206299,0.269287,0,0.0871582,0.234863,0.369629,0,0,,,,,,,S2C_43RGM_20260920_0_L2A,
s2delhi_r37_c32,37,32,EPSG:32643,781880.00,3102760.00,784440.00,3105320.00,77.8801,28.0315,3,0,0,0.259888,1,0,0.402022,0,0,0,0.185486,0.203857,0.303223,0,0.0475464,0.141357,0.11853,0,0,,,,,,,S2C_43RGM_20260920_0_L2A,
s2delhi_r37_c33,37,33,EPSG:32643,784440.00,3102760.00,787000.00,3105320.00,77.9061,28.031,3,0,0,0.269592,1,0,0.499654,0,0,0,0.133301,0.26416,0.264526,0,0.0684204,0.144348,0.125244,0,0,,,,,,,S2C_43RGM_20260920_0_L2A,
s2delhi_r37_c34,37,34,EPSG:32643,787000.00,3102760.00,789560.00,3105320.00,77.9321,28.0304,3,0,0,0.128296,1,1,0.814085,0,0,0,0.0750122,0.63501,0.14502,0,0.0166626,0.0826416,0.0456543,0,0,,,,,,,S2C_43RGM_20260920_0_L2A,
s2delhi_r37_c35,37,35,EPSG:32643,789560.00,3102760.00,792120.00,3105320.00,77.9581,28.0299,3,0,0,0.171082,1,1,0.863929,0,0,0,0.146423,0.556091,0.0875854,0,0.0388184,0.126526,0.0445557,0,0,,,,,,,S2C_43RGM_20260920_0_L2A,
s2delhi_r37_c36,37,36,EPSG:32643,792120.00,3102760.00,794680.00,3105320.00,77.9841,28.0293,3,0,1,0.36908,0,,,0,0,0,0.109985,0.171692,0.252014,0,0.097229,0.178467,0.190613,0,0,,,,,,,S2C_43RGM_20260920_0_L2A,
s2delhi_r37_c37,37,37,EPSG:32643,794680.00,3102760.00,797240.00,3105320.00,78.0101,28.0287,3,0,0,0.128967,1,1,0.677551,0,0,0,0.0662231,0.525574,0.250122,0,0.0291138,0.102356,0.0266113,0,0,,,,,,,S2C_43RGM_20260920_0_L2A,
s2delhi_r37_c38,37,38,EPSG:32643,797240.00,3102760.00,799800.00,3105320.00,78.0361,28.0282,3,0,0,0.105408,1,1,0.714818,0,0,0,0.117126,0.539124,0.215088,0,0.0232544,0.0757446,0.0296631,0,0,,,,,,,S2C_43RGM_20260920_0_L2A,
s2delhi_r37_c39,37,39,EPSG:32643,799800.00,3102760.00,802360.00,3105320.00,78.0621,28.0276,3,0,0,0.21698,1,1,0.771933,0,0,0,0.09729,0.498901,0.1474,0,0.0394287,0.115295,0.101685,0,0,,,,,,,S2C_43RGM_20260920_0_L2A,
s2delhi_r37_c40,37,40,EPSG:32643,802360.00,3102760.00,804920.00,3105320.00,78.0881,28.027,3,0,0,0,1,1,0.836016,0,0,0,0.0236816,0.779785,0.152954,0.0435791,0,0,0,0,0,,,,,,,S2C_43RGM_20260920_0_L2A,
s2delhi_r37_c41,37,41,EPSG:32643,804920.00,3102760.00,807480.00,3105320.00,78.1141,28.0264,3,0,0,0,1,1,0.79965,0,0,0,0.161987,0.669434,0.167725,0.000671387,0.000183105,0,0,0,0,,,,,,,S2C_43RGM_20260920_0_L2A,
s2delhi_r38_c00,38,0,EPSG:32643,699960.00,3100200.00,702520.00,3102760.00,77.0469,28.0234,3,1,1,0.326111,0,,,0,0,0,0.136597,0.0421143,0.398804,0,0.0963745,0.166016,0.160095,0,0,285.64,302.999,312.254,300.708,7.30756,9.25433,S2C_43RGM_20260920_0_L2A,LC09_L2SP_147040_20260921_02_T1
s2delhi_r38_c01,38,1,EPSG:32643,702520.00,3100200.00,705080.00,3102760.00,77.073,28.023,3,1,0,0.0131226,1,0,0.322077,0,0,0,0.0166016,0.303284,0.638367,0,0.0286255,0.0111694,0.00195312,0,0,292.351,305.093,311.246,304.568,3.06718,6.15305,S2C_43RGM_20260920_0_L2A,LC09_L2SP_147040_20260921_02_T1
s2delhi_r38_c02,38,2,EPSG:32643,705080.00,3100200.00,707640.00,3102760.00,77.099,28.0226,3,1,0,0,1,1,0.730137,0,0,0,0,0.718506,0.265564,0,0.0159302,0,0,0,0,273.895,293.615,307.212,293.612,7.40728,13.5973,S2C_43RGM_20260920_0_L2A,LC09_L2SP_147040_20260921_02_T1
s2delhi_r38_c03,38,3,EPSG:32643,707640.00,3100200.00,710200.00,3102760.00,77.125,28.0222,3,0,0,0,1,0,0.115656,0,0,0,0.176208,0.0930176,0.711243,0.0195312,0,0,0,0,0,,,,,,,S2C_43RGM_20260920_0_L2A,
s2delhi_r38_c04,38,4,EPSG:32643,710200.00,3100200.00,712760.00,3102760.00,77.151,28.0218,3,0,0,0.0736084,1,0,0.0231984,0,0,0,0.126099,0.0160522,0.675903,0.0219727,0.0863647,0.0584717,0.0151367,0,0,,,,,,,S2C_43RGM_20260920_0_L2A,
s2delhi_r38_c05,38,5,EPSG:32643,712760.00,3100200.00,715320.00,3102760.00,77.1771,28.0214,3,0,1,0.43689,0,,,0,0,0,0.0479736,0.00268555,0.30835,0,0.204102,0.262756,0.174133,0,0,,,,,,,S2C_43RGM_20260920_0_L2A,
s2delhi_r38_c06,38,6,EPSG:32643,715320.00,3100200.00,717880.00,3102760.00,77.2031,28.0209,3,0,1,0.337402,0,,,0,0,0,0.206787,0.0584106,0.32135,0,0.0760498,0.177856,0.159546,0,0,,,,,,,S2C_43RGM_20260920_0_L2A,
s2delhi_r38_c07,38,7,EPSG:32643,717880.00,3100200.00,720440.00,3102760.00,77.2291,28.0205,3,0,1,0.362915,0,,,0,0,0,0.153015,0.00793457,0.411804,0,0.0643311,0.188782,0.174133,0,0,,,,,,,S2C_43RGM_20260920_0_L2A,
s2delhi_r38_c08,38,8,EPSG:32643,720440.00,3100200.00,723000.00,3102760.00,77.2551,28.0201,3,0,1,0.309265,0,,,0,0,0,0.261475,0.0366821,0.237549,0,0.155029,0.185852,0.123413,0,0,,,,,,,S2C_43RGM_20260920_0_L2A,
s2delhi_r38_c09,38,9,EPSG:32643,723000.00,3100200.00,725560.00,3102760.00,77.2811,28.0197,3,0,0,0.130676,1,0,0.000528039,0,0,0,0.101257,0.000305176,0.577637,0,0.190125,0.0962524,0.0344238,0,0,,,,,,,S2C_43RGM_20260920_0_L2A,
s2delhi_r38_c10,38,10,EPSG:32643,725560.00,3100200.00,728120.00,3102760.00,77.3072,28.0192,3,0,1,0.639465,0,,,0,0,0,0.115112,0.00012207,0.162048,0,0.083252,0.254395,0.385071,0,0,,,,,,,S2C_43RGM_20260920_0_L2A,
s2delhi_r38_c11,38,11,EPSG:32643,728120.00,3100200.00,730680.00,3102760.00,77.3332,28.0188,3,0,1,0.581604,0,,,0,0,0,0.215942,6.10352e-05,0.147827,0,0.0545654,0.258118,0.323486,0,0,,,,,,,S2C_43RGM_20260920_0_L2A,
s2delhi_r38_c12,38,12,EPSG:32643,730680.00,3100200.00,733240.00,3102760.00,77.3592,28.0184,3,0,1,0.558594,0,,,0,0,0,0.133179,0.000183105,0.103516,0,0.204529,0.29126,0.267334,0,0,,,,,,,S2C_43RGM_20260920_0_L2A,
s2delhi_r38_c13,38,13,EPSG:32643,733240.00,3100200.00,735800.00,3102760.00,77.3852,28.0179,3,0,1,0.590271,0,,,0,0,0,0.194641,0.000549316,0.0753784,0,0.13916,0.255493,0.334778,0,0,,,,,,,S2C_43RGM_20260920_0_L2A,
s2delhi_r38_c14,38,14,EPSG:32643,735800.00,3100200.00,738360.00,3102760.00,77.4112,28.0175,3,0,0,0.239319,0,,,0,0,0,0.202271,0.0238037,0.417847,0,0.11676,0.14563,0.093689,0,0,,,,,,,S2C_43RGM_20260920_0_L2A,
s2delhi_r38_c15,38,15,EPSG:32643,738360.00,3100200.00,740920.00,3102760.00,77.4373,28.017,3,0,1,0.504517,0,,,0,0,0,0.174255,0.0496216,0.10144,0,0.170166,0.265442,0.239075,0,0,,,,,,,S2C_43RGM_20260920_0_L2A,
s2delhi_r38_c16,38,16,EPSG:32643,740920.00,3100200.00,743480.00,3102760.00,77.4633,28.0165,3,0,1,0.346802,0,,,0,0,0,0.0457764,0.135071,0.3255,0,0.146851,0.172729,0.174072,0,0,,,,,,,S2C_43RGM_20260920_0_L2A,
s2delhi_r38_c17,38,17,EPSG:32643,743480.00,3100200.00,746040.00,3102760.00,77.4893,28.0161,3,0,0,0.158508,1,1,0.803854,0,0,0,0.138123,0.486267,0.118652,0,0.0984497,0.101013,0.0574951,0,0,,,,,,,S2C_43RGM_20260920_0_L2A,
s2delhi_r38_c18,38,18,EPSG:32643,746040.00,3100200.00,748600.00,3102760.00,77.5153,28.0156,3,0,0,0.281189,1,0,0.103184,0,0,0,0.0377808,0.06073,0.527832,0.0233765,0.0690918,0.121948,0.159241,0,0,,,,,,,S2C_43RGM_20260920_0_L2A,
s2delhi_r38_c19,38,19,EPSG:32643,748600.00,3100200.00,751160.00,3102760.00,77.5413,28.0151,3,0,0,0.167603,1,0,0.115756,0,0,0,0.103699,0.069458,0.530579,0.017334,0.111328,0.106384,0.0612183,0,0,,,,,,,S2C_43RGM_20260920_0_L2A,
s2delhi_r38_c20,38,20,EPSG:32643,751160.00,3100200.00,753720.00,3102760.00,77.5673,28.0146,3,0,1,0.577698,0,,,0,0,0,0.17926,0.00933838,0.113586,0,0.120117,0.24176,0.335938,0,0,,,,,,,S2C_43RGM_20260920_0_L2A,
s2delhi_r38_c21,38,21,EPSG:32643,753720.00,3100200.00,756280.00,3102760.00,77.5933,28.0141,3,0,1,0.414734,0,,,0,0,0,0.00579834,0.000732422,0.481628,0,0.0971069,0.200378,0.214355,0,0,,,,,,,S2C_43RGM_20260920_0_L2A,
s2delhi_r38_c22,38,22,EPSG:32643,756280.00,3100200.00,758840.00,3102760.00,77.6194,28.0136,3,0,0,0.298096,0,,,0,0,0,0.0366821,0.00457764,0.356384,0,0.30426,0.192871,0.105225,0,0,,,,,,,S2C_43RGM_20260920_0_L2A,
s2delhi_r38_c23,38,23,EPSG:32643,758840.00,3100200.00,761400.00,3102760.00,77.6454,28.0131,3,0,1,0.570007,0,,,0,0,0,0.0421753,0.00012207,0.132996,0,0.2547,0.301453,0.268555,0,0,,,,,,,S2C_43RGM_20260920_0_L2A,
s2delhi_r38_c24,38,24,EPSG:32643,761400.00,3100200.00,763960.00,3102760.00,77.6714,28.0126,3,0,0,0.133667,1,0,0.0316546,0,0,0,0.0733032,0.0231323,0.707642,0,0.0622559,0.0737915,0.0598755,0,0,,,,,,,S2C_43RGM_20260920_0_L2A,
s2delhi_r38_c25,38,25,EPSG:32643,763960.00,3100200.00,766520.00,3102760.00,77.6974,28.0121,3,0,0,0.00518799,1,0,0.453959,0,0,0,0.0133057,0.442627,0.53241,0,0.00646973,0.00476074,0.000427246,0,0,,,,,,,S2C_43RGM_20260920_0_L2A,
s2delhi_r38_c26,38,26,EPSG:32643,766520.00,3100200.00,769080.00,3102760.00,77.7234,28.0116,3,0,0,0.20282,1,1,0.533594,0,0,0,0.0959473,0.316528,0.276672,0.00109863,0.106934,0.118286,0.0845337,0,0,,,,,,,S2C_43RGM_20260920_0_L2A,
s2delhi_r38_c27,38,27,EPSG:32643,769080.00,3100200.00,771640.00,3102760.00,77.7494,28.0111,3,0,0,0.12384,1,0,0.282519,0,0,0,0.192078,0.174988,0.444397,0,0.0646973,0.0950317,0.0288086,0,0,,,,,,,S2C_43RGM_20260920_0_L2A,
s2delhi_r38_c28,38,28,EPSG:32643,771640.00,3100200.00,774200.00,3102760.00,77.7754,28.0106,3,0,1,0.700928,0,,,0,0,0,0.0946045,0.00390625,0.0722656,0,0.128296,0.284607,0.416321,0,0,,,,,,,S2C_43RGM_20260920_0_L2A,
s2delhi_r38_c29,38,29,EPSG:32643,774200.00,3100200.00,776760.00,3102760.00,77.8014,28.01,3,0,1,0.640991,0,,,0,0,0,0.0907593,0.00012207,0.164429,0,0.103699,0.260193,0.380798,0,0,,,,,,,S2C_43RGM_20260920_0_L2A,
s2delhi_r38_c30,38,30,EPSG:32643,776760.00,3100200.00,779320.00,3102760.00,77.8274,28.0095,3,0,1,0.667297,0,,,0,0,0,0.0685425,0.000183105,0.0783081,0,0.185669,0.304749,0.362549,0,0,,,,,,,S2C_43RGM_20260920_0_L2A,
s2delhi_r38_c31,38,31,EPSG:32643,779320.00,3100200.00,781880.00,3102760.00,77.8534,28.009,3,0,1,0.507324,0,,,0,0,0,0.116272,0.0136719,0.254517,0,0.108215,0.170593,0.336731,0,0,,,,,,,S2C_43RGM_20260920_0_L2A,
s2delhi_r38_c32,38,32,EPSG:32643,781880.00,3100200.00,784440.00,3102760.00,77.8795,28.0084,3,0,1,0.315063,0,,,0,0,0,0.161194,0.184326,0.257507,0,0.0819092,0.123169,0.191895,0,0,,,,,,,S2C_43RGM_20260920_0_L2A,
s2delhi_r38_c33,38,33,EPSG:32643,784440.00,3100200.00,787000.00,3102760.00,77.9055,28.0079,3,0,0,0.0022583,1,1,0.695496,0,0,0,0.00488281,0.685181,0.299988,0.00238037,0.00531006,0.0022583,0,0,0,,,,,,,S2C_43RGM_20260920_0_L2A,
s2delhi_r38_c34,38,34,EPSG:32643,787000.00,3100200.00,789560.00,3102760.00,77.9315,28.0073,3,0,0,0.00964355,1,1,0.878574,0,0,0,0.0622559,0.813904,0.112488,0,0.00170898,0.00878906,0.000854492,0,0,,,,,,,S2C_43RGM_20260920_0_L2A,
s2delhi_r38_c35,38,35,EPSG:32643,789560.00,3100200.00,792120.00,3102760.00,77.9575,28.0068,3,0,0,0.281921,0,,,0,0,0,0.207397,0.322388,0.136536,0,0.0517578,0.141479,0.140442,0,0,,,,,,,S2C_43RGM_20260920_0_L2A,
s2delhi_r38_c36,38,36,EPSG:32643,792120.00,3100200.00,794680.00,3102760.00,77.9835,28.0062,3,0,0,0.0639038,1,1,0.665802,0,0,0,0.0450439,0.579773,0.291016,0,0.0202637,0.0445557,0.0193481,0,0,,,,,,,S2C_43RGM_20260920_0_L2A,
s2delhi_r38_c37,38,37,EPSG:32643,794680.00,3100200.00,797240.00,3102760.00,78.0095,28.0056,3,0,0,0.205444,1,1,0.800079,0,0,0,0.105286,0.497559,0.124329,0,0.0673828,0.148682,0.0567627,0,0,,,,,,,S2C_43RGM_20260920_0_L2A,
s2delhi_r38_c38,38,38,EPSG:32643,797240.00,3100200.00,799800.00,3102760.00,78.0355,28.0051,3,0,0,0,1,1,0.82517,0,0,0,0.0043335,0.821594,0.174072,0,0,0,0,0,0,,,,,,,S2C_43RGM_20260920_0_L2A,
s2delhi_r38_c39,38,39,EPSG:32643,799800.00,3100200.00,802360.00,3102760.00,78.0615,28.0045,3,0,0,0.0720215,1,1,0.758461,0,0,0,0.0968628,0.618286,0.196899,0,0.0159302,0.0568237,0.0151978,0,0,,,,,,,S2C_43RGM_20260920_0_L2A,
s2delhi_r38_c40,38,40,EPSG:32643,802360.00,3100200.00,804920.00,3102760.00,78.0875,28.0039,3,0,0,0.074707,1,1,0.596879,0,0,0,0.0288086,0.51123,0.345276,0.0140991,0.0258789,0.0535278,0.0211792,0,0,,,,,,,S2C_43RGM_20260920_0_L2A,
s2delhi_r38_c41,38,41,EPSG:32643,804920.00,3100200.00,807480.00,3102760.00,78.1135,28.0033,3,0,0,0.27417,0,,,0,0,0,0.171265,0.212097,0.274109,0,0.0683594,0.163574,0.110596,0,0,,,,,,,S2C_43RGM_20260920_0_L2A,
s2delhi_r39_c00,39,0,EPSG:32643,699960.00,3097640.00,702520.00,3100200.00,77.0465,28.0003,3,1,0,0.0838623,1,0,0.289994,0,0,0,0.0936279,0.213867,0.523621,0,0.085022,0.0661011,0.0177612,0,0,292.035,305.365,314.997,305.269,5.00804,9.63199,S2C_43RGM_20260920_0_L2A,LC09_L2SP_147040_20260921_02_T1
s2delhi_r39_c01,39,1,EPSG:32643,702520.00,3097640.00,705080.00,3100200.00,77.0725,27.9999,3,1,0,0.114929,1,0,0.404608,0,0,0,0.119507,0.290466,0.427429,0,0.0476685,0.0626831,0.0522461,0,0,294.295,308.491,314.8,307.492,3.58907,6.30881,S2C_43RGM_20260920_0_L2A,LC09_L2SP_147040_20260921_02_T1
s2delhi_r39_c02,39,2,EPSG:32643,705080.00,3097640.00,707640.00,3100200.00,77.0985,27.9995,3,1,0,0,1,1,0.664347,0,0,0,0.00701904,0.658508,0.332703,0,0.00177002,0,0,0,0,278.883,300.518,312.372,299.89,6.3861,11.8541,S2C_43RGM_20260920_0_L2A,LC09_L2SP_147040_20260921_02_T1
s2delhi_r39_c03,39,3,EPSG:32643,707640.00,3097640.00,710200.00,3100200.00,77.1246,27.9991,3,0,0,0.0493774,1,0,0.209001,0,0,0,0.25531,0.132935,0.503113,0.0199585,0.0393066,0.0393066,0.0100708,0,0,,,,,,,S2C_43RGM_20260920_0_L2A,
s2delhi_r39_c04,39,4,EPSG:32643,710200.00,3097640.00,712760.00,3100200.00,77.1506,27.9987,3,0,0,0.074707,1,0,0.0293631,0,0,0,0.256958,0.017334,0.572998,0,0.0780029,0.0514526,0.0232544,0,0,,,,,,,S2C_43RGM_20260920_0_L2A,
s2delhi_r39_c05,39,5,EPSG:32643,712760.00,3097640.00,715320.00,3100200.00,77.1766,27.9983,3,0,1,0.461304,0,,,0,0,0,0.104736,0.0012207,0.285339,0,0.1474,0.25061,0.210693,0,0,,,,,,,S2C_43RGM_20260920_0_L2A,
s2delhi_r39_c06,39,6,EPSG:32643,715320.00,3097640.00,717880.00,3100200.00,77.2026,27.9979,3,0,1,0.326538,1,0,0.289423,0,0,0,0.0336914,0.173523,0.426025,0,0.0402222,0.11377,0.212769,0,0,,,,,,,S2C_43RGM_20260920_0_L2A,
s2delhi_r39_c07,39,7,EPSG:32643,717880.00,3097640.00,720440.00,3100200.00,77.2286,27.9974,3,0,0,0.0769653,1,0,0.390674,0,0,0,0.0261841,0.336975,0.525574,0,0.0343018,0.0599365,0.0170288,0,0,,,,,,,S2C_43RGM_20260920_0_L2A,
s2delhi_r39_c08,39,8,EPSG:32643,720440.00,3097640.00,723000.00,3100200.00,77.2546,27.997,3,0,1,0.304504,0,,,0,0,0,0.257385,0.0862427,0.221558,0,0.13031,0.160706,0.143799,0,0,,,,,,,S2C_43RGM_20260920_0_L2A,
s2delhi_r39_c09,39,9,EPSG:32643,723000.00,3097640.00,725560.00,3100200.00,77.2807,27.9966,3,0,0,0.278137,1,0,0.000553036,0,0,0,0.0302734,0.000305176,0.551514,0,0.139771,0.104675,0.173462,0,0,,,,,,,S2C_43RGM_20260920_0_L2A,
s2delhi_r39_c10,39,10,EPSG:32643,725560.00,3097640.00,728120.00,3100200.00,77.3067,27.9961,3,0,1,0.558411,0,,,0,0,0,0.113525,0.000366211,0.163818,0,0.163879,0.246948,0.311462,0,0,,,,,,,S2C_43RGM_20260920_0_L2A,
s2delhi_r39_c11,39,11,EPSG:32643,728120.00,3097640.00,730680.00,3100200.00,77.3327,27.9957,3,0,1,0.464844,0,,,0,0,0,0.109985,0.000427246,0.335754,0,0.0889893,0.141052,0.323792,0,0,,,,,,,S2C_43RGM_20260920_0_L2A,
s2delhi_r39_c12,39,12,EPSG:32643,730680.00,3097640.00,733240.00,3100200.00,77.3587,27.9953,3,0,1,0.408691,0,,,0,0,0,0.135254,0.000183105,0.407837,0,0.0480347,0.171753,0.236938,0,0,,,,,,,S2C_43RGM_20260920_0_L2A,
s2delhi_r39_c13,39,13,EPSG:32643,733240.00,3097640.00,735800.00,3100200.00,77.3847,27.9948,3,0,1,0.531189,0,,,0,0,0,0.101685,0.0307617,0.170105,0,0.16626,0.205933,0.325256,0,0,,,,,,,S2C_43RGM_20260920_0_L2A,
s2delhi_r39_c14,39,14,EPSG:32643,735800.00,3097640.00,738360.00,3100200.00,77.4107,27.9944,3,0,1,0.350342,0,,,0,0,0,0.248108,0.0286255,0.299683,0,0.0732422,0.143311,0.207031,0,0,,,,,,,S2C_43RGM_20260920_0_L2A,
s2delhi_r39_c15,39,15,EPSG:32643,738360.00,3097640.00,740920.00,3100200.00,77.4367,27.9939,3,0,0,0.188049,1,1,0.576994,0,0,0,0.0288696,0.418518,0.306824,0,0.0577393,0.106445,0.081604,0,0,,,,,,,S2C_43RGM_20260920_0_L2A,
s2delhi_r39_c16,39,16,EPSG:32643,740920.00,3097640.00,743480.00,3100200.00,77.4627,27.9934,3,0,0,0.0706177,1,1,0.884279,0,0,0,0.00531006,0.791016,0.103516,0,0.029541,0.0432739,0.0273438,0,0,,,,,,,S2C_43RGM_20260920_0_L2A,
s2delhi_r39_c17,39,17,EPSG:32643,743480.00,3097640.00,746040.00,3100200.00,77.4888,27.993,3,0,0,0.0528564,1,1,0.795431,0,0,0,0.0918579,0.603516,0.155212,0,0.0965576,0.0432129,0.00964355,0,0,,,,,,,S2C_43RGM_20260920_0_L2A,
s2delhi_r39_c18,39,18,EPSG:32643,746040.00,3097640.00,748600.00,3100200.00,77.5148,27.9925,3,0,0,0.0438843,1,1,0.616421,0,0,0,0.126587,0.494446,0.307678,0.0101929,0.0172119,0.0307007,0.0131836,0,0,,,,,,,S2C_43RGM_20260920_0_L2A,
s2delhi_r39_c19,39,19,EPSG:32643,748600.00,3097640.00,751160.00,3100200.00,77.5408,27.992,3,0,0,0.105469,1,0,0.107729,0,0,0,0.111511,0.0684814,0.5672,0.0435791,0.10376,0.0733643,0.0321045,0,0,,,,,,,S2C_43RGM_20260920_0_L2A,
s2delhi_r39_c20,39,20,EPSG:32643,751160.00,3097640.00,753720.00,3100200.00,77.5668,27.9915,3,0,1,0.346313,0,,,0,0,0,0.157959,0.00720215,0.325317,0,0.163208,0.179565,0.166748,0,0,,,,,,,S2C_43RGM_20260920_0_L2A,
s2delhi_r39_c21,39,21,EPSG:32643,753720.00,3097640.00,756280.00,3100200.00,77.5928,27.991,3,0,0,0.26593,0,,,0,0,0,0.0687866,0.052063,0.401611,0.0314331,0.180176,0.176941,0.0889893,0,0,,,,,,,S2C_43RGM_20260920_0_L2A,
s2delhi_r39_c22,39,22,EPSG:32643,756280.00,3097640.00,758840.00,3100200.00,77.6188,27.9906,3,0,0,0.0852661,1,0,0.401201,0,0,0,0.00616455,0.334351,0.499023,0,0.0751953,0.064209,0.0210571,0,0,,,,,,,S2C_43RGM_20260920_0_L2A,
s2delhi_r39_c23,39,23,EPSG:32643,758840.00,3097640.00,761400.00,3100200.00,77.6448,27.9901,3,0,1,0.40625,0,,,0,0,0,0.139587,0.114502,0.196899,0,0.142761,0.194458,0.211792,0,0,,,,,,,S2C_43RGM_20260920_0_L2A,
s2delhi_r39_c24,39,24,EPSG:32643,761400.00,3097640.00,763960.00,3100200.00,77.6708,27.9896,3,0,0,0.0279541,1,0,0.445423,0,0,0,0.00177002,0.422913,0.52655,0,0.020813,0.0230713,0.00488281,0,0,,,,,,,S2C_43RGM_20260920_0_L2A,
s2delhi_r39_c25,39,25,EPSG:32643,763960.00,3097640.00,766520.00,3100200.00,77.6968,27.989,3,0,0,0.0115967,1,1,0.673065,0,0,0,0.010498,0.650635,0.31604,0,0.0112305,0.0113525,0.000244141,0,0,,,,,,,S2C_43RGM_20260920_0_L2A,
s2delhi_r39_c26,39,26,EPSG:32643,766520.00,3097640.00,769080.00,3100200.00,77.7228,27.9885,3,0,0,0.15625,1,0,0.486276,0,0,0,0.141541,0.304932,0.322144,0,0.0751343,0.0980835,0.0581665,0,0,,,,,,,S2C_43RGM_20260920_0_L2A,
s2delhi_r39_c27,39,27,EPSG:32643,769080.00,3097640.00,771640.00,3100200.00,77.7488,27.988,3,0,0,0.161255,1,0,0.0833175,0,0,0,0.153931,0.0536499,0.590271,0,0.0408936,0.086731,0.0745239,0,0,,,,,,,S2C_43RGM_20260920_0_L2A,
s2delhi_r39_c28,39,28,EPSG:32643,771640.00,3097640.00,774200.00,3100200.00,77.7748,27.9875,3,0,1,0.694153,0,,,0,0,0,0.0685425,6.10352e-05,0.134583,0,0.102661,0.218018,0.476135,0,0,,,,,,,S2C_43RGM_20260920_0_L2A,
s2delhi_r39_c29,39,29,EPSG:32643,774200.00,3097640.00,776760.00,3100200.00,77.8008,27.987,3,0,1,0.438049,0,,,0,0,0,0.0678711,0.00335693,0.394653,0,0.0960693,0.177856,0.260193,0,0,,,,,,,S2C_43RGM_20260920_0_L2A,
s2delhi_r39_c30,39,30,EPSG:32643,776760.00,3097640.00,779320.00,3100200.00,77.8268,27.9864,3,0,1,0.412109,0,,,0,0,0,0.0884399,0.0610352,0.369629,0,0.0687866,0.159363,0.252747,0,0,,,,,,,S2C_43RGM_20260920_0_L2A,
s2delhi_r39_c31,39,31,EPSG:32643,779320.00,3097640.00,781880.00,3100200.00,77.8528,27.9859,3,0,0,0.0875854,1,1,0.578392,0,0,0,0.0317383,0.49176,0.358459,0,0.0304565,0.0623779,0.0252075,0,0,,,,,,,S2C_43RGM_20260920_0_L2A,
s2delhi_r39_c32,39,32,EPSG:32643,781880.00,3097640.00,784440.00,3100200.00,77.8788,27.9854,3,0,0,0.0975342,1,1,0.791239,0,0,0,0.0428467,0.639404,0.168701,0,0.0515137,0.0598755,0.0376587,0,0,,,,,,,S2C_43RGM_20260920_0_L2A,
s2delhi_r39_c33,39,33,EPSG:32643,784440.00,3097640.00,787000.00,3100200.00,77.9048,27.9848,3,0,0,0,1,1,0.80125,0,0,0,0.0136108,0.790344,0.196045,0,0,0,0,0,0,,,,,,,S2C_43RGM_20260920_0_L2A,
s2delhi_r39_c34,39,34,EPSG:32643,787000.00,3097640.00,789560.00,3100200.00,77.9308,27.9843,3,0,0,0.195496,1,1,0.709241,0,0,0,0.142334,0.445007,0.182434,0,0.034729,0.142517,0.0529785,0,0,,,,,,,S2C_43RGM_20260920_0_L2A,
s2delhi_r39_c35,39,35,EPSG:32643,789560.00,3097640.00,792120.00,3100200.00,77.9568,27.9837,3,0,0,0.242432,1,1,0.828517,0,0,0,0.183289,0.451477,0.0934448,0,0.0293579,0.121094,0.121338,0,0,,,,,,,S2C_43RGM_20260920_0_L2A,
s2delhi_r39_c36,39,36,EPSG:32643,792120.00,3097640.00,794680.00,3100200.00,77.9828,27.9831,3,0,0,0.0841675,1,1,0.775784,0,0,0,0.159058,0.57251,0.165466,0,0.0187988,0.039978,0.0441895,0,0,,,,,,,S2C_43RGM_20260920_0_L2A,
s2delhi_r39_c37,39,37,EPSG:32643,794680.00,3097640.00,797240.00,3100200.00,78.0088,27.9826,3,0,0,0.186523,1,1,0.541258,0,0,0,0.0548706,0.383545,0.325073,0,0.0499878,0.0997925,0.086731,0,0,,,,,,,S2C_43RGM_20260920_0_L2A,
s2delhi_r39_c38,39,38,EPSG:32643,797240.00,3097640.00,799800.00,3100200.00,78.0348,27.982,3,0,0,0.041626,1,1,0.788791,0,0,0,0.0378418,0.724182,0.193909,0,0.00244141,0.0308228,0.0108032,0,0,,,,,,,S2C_43RGM_20260920_0_L2A,
s2delhi_r39_c39,39,39,EPSG:32643,799800.00,3097640.00,802360.00,3100200.00,78.0608,27.9814,3,0,0,0.0689697,1,0,0.380303,0,0,0,0.0333252,0.335388,0.546509,0,0.0158081,0.0606689,0.00830078,0,0,,,,,,,S2C_43RGM_20260920_0_L2A,
s2delhi_r39_c40,39,40,EPSG:32643,802360.00,3097640.00,804920.00,3100200.00,78.0868,27.9808,3,0,0,0.0293579,1,0,0.233762,0,0,0,0.0444336,0.214172,0.702026,0,0.0100098,0.0257568,0.00360107,0,0,,,,,,,S2C_43RGM_20260920_0_L2A,
s2delhi_r39_c41,39,41,EPSG:32643,804920.00,3097640.00,807480.00,3100200.00,78.1128,27.9803,3,0,0,0.0164795,1,0,0.237232,0,0,0,0,0.231628,0.744751,0,0.00714111,0.0112305,0.00524902,0,0,,,,,,,S2C_43RGM_20260920_0_L2A,
s2delhi_r40_c00,40,0,EPSG:32643,699960.00,3095080.00,702520.00,3097640.00,77.0461,27.9772,3,1,0,0.00756836,1,1,0.540481,0,0,0,0.0619507,0.493835,0.419861,0,0.0167847,0.00634766,0.0012207,0,0,289.947,308.95,317.03,306.168,7.09466,8.07968,S2C_43RGM_20260920_0_L2A,LC09_L2SP_147040_20260921_02_T1
s2delhi_r40_c01,40,1,EPSG:32643,702520.00,3095080.00,705080.00,3097640.00,77.0721,27.9768,3,1,0,0.00238037,1,1,0.576996,0,0,0,0.0241089,0.55481,0.406738,0,0.0119629,0.00238037,0,0,0,305.811,310.561,314.86,310.633,1.36462,4.29926,S2C_43RGM_20260920_0_L2A,LC09_L2SP_147040_20260921_02_T1
s2delhi_r40_c02,40,2,EPSG:32643,705080.00,3095080.00,707640.00,3097640.00,77.0981,27.9764,3,1,0,0,1,1,0.552649,0,0,0,0.0876465,0.504211,0.408142,0,0,0,0,0,0,276.652,306.778,312.927,305.133,5.44,6.1485,S2C_43RGM_20260920_0_L2A,LC09_L2SP_147040_20260921_02_T1
s2delhi_r40_c03,40,3,EPSG:32643,707640.00,3095080.00,710200.00,3097640.00,77.1241,27.976,3,0,0,0.0881958,1,0,0.0151106,0,0,0,0.0136108,0.0119629,0.779724,0,0.106506,0.067688,0.0205078,0,0,,,,,,,S2C_43RGM_20260920_0_L2A,
s2delhi_r40_c04,40,4,EPSG:32643,710200.00,3095080.00,712760.00,3097640.00,77.1501,27.9756,3,0,0,0.210205,0,,,0,0,0,0.202759,0.0241699,0.433533,0,0.129333,0.139587,0.0706177,0,0,,,,,,,S2C_43RGM_20260920_0_L2A,
s2delhi_r40_c05,40,5,EPSG:32643,712760.00,3095080.00,715320.00,3097640.00,77.1761,27.9752,3,0,1,0.443237,0,,,0,0,0,0.0648193,0.00762939,0.352051,0,0.132263,0.187134,0.256104,0,0,,,,,,,S2C_43RGM_20260920_0_L2A,
s2delhi_r40_c06,40,6,EPSG:32643,715320.00,3095080.00,717880.00,3097640.00,77.2021,27.9748,3,0,0,0.281067,1,0,0.240592,0,0,0,0.121338,0.13385,0.422485,0,0.0412598,0.183899,0.097168,0,0,,,,,,,S2C_43RGM_20260920_0_L2A,
s2delhi_r40_c07,40,7,EPSG:32643,717880.00,3095080.00,720440.00,3097640.00,77.2281,27.9743,3,0,0,0.187744,1,0,0.203789,0,0,0,0.108521,0.135254,0.528442,0,0.0400391,0.0791626,0.108582,0,0,,,,,,,S2C_43RGM_20260920_0_L2A,
s2delhi_r40_c08,40,8,EPSG:32643,720440.00,3095080.00,723000.00,3097640.00,77.2542,27.9739,3,0,1,0.424561,0,,,0,0,0,0.181213,0.0640869,0.197632,0.00170898,0.130798,0.151245,0.273315,0,0,,,,,,,S2C_43RGM_20260920_0_L2A,
s2delhi_r40_c09,40,9,EPSG:32643,723000.00,3095080.00,725560.00,3097640.00,77.2802,27.9735,3,0,1,0.574768,0,,,0,0,0,0.0840454,0.00531006,0.116882,0,0.218994,0.326599,0.248169,0,0,,,,,,,S2C_43RGM_20260920_0_L2A,
s2delhi_r40_c10,40,10,EPSG:32643,725560.00,3095080.00,728120.00,3097640.00,77.3062,27.9731,3,0,1,0.581177,0,,,0,0,0,0.182434,0.000366211,0.121521,0,0.114502,0.233826,0.347351,0,0,,,,,,,S2C_43RGM_20260920_0_L2A,
s2delhi_r40_c11,40,11,EPSG:32643,728120.00,3095080.00,730680.00,3097640.00,77.3322,27.9726,3,0,1,0.553589,0,,,0,0,0,0.0982056,0.000366211,0.217224,0,0.130615,0.243774,0.309814,0,0,,,,,,,S2C_43RGM_20260920_0_L2A,
s2delhi_r40_c12,40,12,EPSG:32643,730680.00,3095080.00,733240.00,3097640.00,77.3582,27.9722,3,0,1,0.376221,0,,,0,0,0,0.267761,0.000244141,0.262024,0,0.09375,0.180237,0.195984,0,0,,,,,,,S2C_43RGM_20260920_0_L2A,
s2delhi_r40_c13,40,13,EPSG:32643,733240.00,3095080.00,735800.00,3097640.00,77.3842,27.9717,3,0,1,0.636719,0,,,0,0,0,0.104919,0.000366211,0.16626,6.10352e-05,0.0916748,0.252563,0.384155,0,0,,,,,,,S2C_43RGM_20260920_0_L2A,
s2delhi_r40_c14,40,14,EPSG:32643,735800.00,3095080.00,738360.00,3097640.00,77.4102,27.9713,3,0,0,0.22467,1,0,0.177883,0,0,0,0.0233154,0.125671,0.580811,0,0.0455322,0.0884399,0.13623,0,0,,,,,,,S2C_43RGM_20260920_0_L2A,
s2delhi_r40_c15,40,15,EPSG:32643,738360.00,3095080.00,740920.00,3097640.00,77.4362,27.9708,3,0,0,0.209656,1,1,0.785862,0,0,0,0.178162,0.41864,0.114075,0,0.0794678,0.120789,0.0888672,0,0,,,,,,,S2C_43RGM_20260920_0_L2A,
s2delhi_r40_c16,40,16,EPSG:32643,740920.00,3095080.00,743480.00,3097640.00,77.4622,27.9704,3,0,0,0.000610352,1,1,0.698056,0,0,0,0.0481567,0.659668,0.285339,0.00476074,0.00146484,0.000610352,0,0,0,,,,,,,S2C_43RGM_20260920_0_L2A,
s2delhi_r40_c17,40,17,EPSG:32643,743480.00,3095080.00,746040.00,3097640.00,77.4882,27.9699,3,0,0,0.140381,1,1,0.541342,0,0,0,0.0908203,0.37323,0.316223,0,0.0793457,0.0843506,0.0560303,0,0,,,,,,,S2C_43RGM_20260920_0_L2A,
s2delhi_r40_c18,40,18,EPSG:32643,746040.00,3095080.00,748600.00,3097640.00,77.5142,27.9694,3,0,0,0.0559082,1,1,0.714939,0,0,0,0.123718,0.553528,0.220703,0.00799561,0.038147,0.0410156,0.0148926,0,0,,,,,,,S2C_43RGM_20260920_0_L2A,
s2delhi_r40_c19,40,19,EPSG:32643,748600.00,3095080.00,751160.00,3097640.00,77.5402,27.9689,3,0,0,0.000183105,1,0,0.235501,0,0,0,0.0088501,0.221069,0.717651,0.052124,0.00012207,0.000183105,0,0,0,,,,,,,S2C_43RGM_20260920_0_L2A,
s2delhi_r40_c20,40,20,EPSG:32643,751160.00,3095080.00,753720.00,3097640.00,77.5662,27.9685,3,0,0,0.134644,1,0,0.128007,0,0,0,0.0466919,0.0922241,0.628235,0.013855,0.0843506,0.0766602,0.0579834,0,0,,,,,,,S2C_43RGM_20260920_0_L2A,
s2delhi_r40_c21,40,21,EPSG:32643,753720.00,3095080.00,756280.00,3097640.00,77.5922,27.968,3,0,0,0.0183716,1,1,0.721759,0,0,0,0.0184326,0.676208,0.260681,0.0214233,0.00488281,0.0153809,0.00299072,0,0,,,,,,,S2C_43RGM_20260920_0_L2A,
s2delhi_r40_c22,40,22,EPSG:32643,756280.00,3095080.00,758840.00,3097640.00,77.6182,27.9675,3,0,0,0,1,1,0.710571,0,0,0,0,0.710571,0.289429,0,0,0,0,0,0,,,,,,,S2C_43RGM_20260920_0_L2A,
s2delhi_r40_c23,40,23,EPSG:32643,758840.00,3095080.00,761400.00,3097640.00,77.6442,27.967,3,0,0,0.0779419,1,1,0.696127,0,0,0,0.0563965,0.586975,0.256226,0,0.0224609,0.0465698,0.0313721,0,0,,,,,,,S2C_43RGM_20260920_0_L2A,
s2delhi_r40_c24,40,24,EPSG:32643,761400.00,3095080.00,763960.00,3097640.00,77.6702,27.9665,3,0,0,0.0598145,1,1,0.798547,0,0,0,0.0530396,0.691223,0.174377,0,0.0215454,0.0361328,0.0236816,0,0,,,,,,,S2C_43RGM_20260920_0_L2A,
s2delhi_r40_c25,40,25,EPSG:32643,763960.00,3095080.00,766520.00,3097640.00,77.6962,27.966,3,0,0,0.00878906,1,1,0.827983,0,0,0,0.0509644,0.76825,0.159607,0,0.0123901,0.00769043,0.00109863,0,0,,,,,,,S2C_43RGM_20260920_0_L2A,
s2delhi_r40_c26,40,26,EPSG:32643,766520.00,3095080.00,769080.00,3097640.00,77.7222,27.9655,3,0,0,0.273682,0,,,0,0,0,0.0891113,0.314331,0.166626,0.00579834,0.150452,0.178162,0.09552,0,0,,,,,,,S2C_43RGM_20260920_0_L2A,
s2delhi_r40_c27,40,27,EPSG:32643,769080.00,3095080.00,771640.00,3097640.00,77.7482,27.9649,3,0,1,0.387512,0,,,0,0,0,0.0505371,0.157776,0.248047,0,0.156128,0.195679,0.191833,0,0,,,,,,,S2C_43RGM_20260920_0_L2A,
s2delhi_r40_c28,40,28,EPSG:32643,771640.00,3095080.00,774200.00,3097640.00,77.7742,27.9644,3,0,1,0.438782,0,,,0,0,0,0.22345,0.055542,0.164368,0,0.117859,0.233337,0.205444,0,0,,,,,,,S2C_43RGM_20260920_0_L2A,
s2delhi_r40_c29,40,29,EPSG:32643,774200.00,3095080.00,776760.00,3097640.00,77.8002,27.9639,3,0,0,0.194214,1,0,0.189809,0,0,0,0.157288,0.111633,0.476501,0,0.0603638,0.130432,0.0637817,0,0,,,,,,,S2C_43RGM_20260920_0_L2A,
s2delhi_r40_c30,40,30,EPSG:32643,776760.00,3095080.00,779320.00,3097640.00,77.8262,27.9634,3,0,0,0.0727539,1,0,0.406828,0,0,0,0.0681152,0.341125,0.497375,0,0.0206299,0.0462036,0.0265503,0,0,,,,,,,S2C_43RGM_20260920_0_L2A,
s2delhi_r40_c31,40,31,EPSG:32643,779320.00,3095080.00,781880.00,3097640.00,77.8522,27.9628,3,0,0,0.0693359,1,0,0.429447,0,0,0,0.0921021,0.350708,0.465942,0,0.0219116,0.0498657,0.0194702,0,0,,,,,,,S2C_43RGM_20260920_0_L2A,
s2delhi_r40_c32,40,32,EPSG:32643,781880.00,3095080.00,784440.00,3097640.00,77.8782,27.9623,3,0,0,0.0244751,1,1,0.776946,0,0,0,0.0043335,0.753662,0.21637,0,0.00115967,0.0128174,0.0116577,0,0,,,,,,,S2C_43RGM_20260920_0_L2A,
s2delhi_r40_c33,40,33,EPSG:32643,784440.00,3095080.00,787000.00,3097640.00,77.9042,27.9617,3,0,0,0.0404053,1,1,0.763195,0,0,0,0.133118,0.625732,0.194153,0,0.0065918,0.0309448,0.00946045,0,0,,,,,,,S2C_43RGM_20260920_0_L2A,
s2delhi_r40_c34,40,34,EPSG:32643,787000.00,3095080.00,789560.00,3097640.00,77.9302,27.9612,3,0,0,0.126831,1,1,0.68549,0,0,0,0.0289917,0.559387,0.256653,0,0.0281372,0.0725098,0.0543213,0,0,,,,,,,S2C_43RGM_20260920_0_L2A,
s2delhi_r40_c35,40,35,EPSG:32643,789560.00,3095080.00,792120.00,3097640.00,77.9562,27.9606,3,0,0,0.0194092,1,1,0.785848,0,0,0,0.0836182,0.691406,0.188416,0,0.0171509,0.017334,0.0020752,0,0,,,,,,,S2C_43RGM_20260920_0_L2A,
s2delhi_r40_c36,40,36,EPSG:32643,792120.00,3095080.00,794680.00,3097640.00,77.9822,27.9601,3,0,1,0.329773,0,,,0,0,0,0.145386,0.271057,0.171143,0,0.0826416,0.14502,0.184753,0,0,,,,,,,S2C_43RGM_20260920_0_L2A,
s2delhi_r40_c37,40,37,EPSG:32643,794680.00,3095080.00,797240.00,3097640.00,78.0082,27.9595,3,0,0,0.039917,1,0,0.471278,0,0,0,0.0088501,0.444153,0.498291,0,0.00878906,0.0205688,0.0193481,0,0,,,,,,,S2C_43RGM_20260920_0_L2A,
s2delhi_r40_c38,40,38,EPSG:32643,797240.00,3095080.00,799800.00,3097640.00,78.0342,27.9589,3,0,0,0.0150757,1,1,0.597263,0,0,0,0.0233765,0.567444,0.382629,0,0.0114746,0.0140991,0.000976562,0,0,,,,,,,S2C_43RGM_20260920_0_L2A,
s2delhi_r40_c39,40,39,EPSG:32643,799800.00,3095080.00,802360.00,3097640.00,78.0602,27.9583,3,0,0,0.131226,1,0,0.102795,0,0,0,0.115051,0.0725098,0.632874,0,0.0483398,0.0991821,0.0320435,0,0,,,,,,,S2C_43RGM_20260920_0_L2A,
s2delhi_r40_c40,40,40,EPSG:32643,802360.00,3095080.00,804920.00,3097640.00,78.0862,27.9578,3,0,0,0.218445,1,0,0.100654,0,0,0,0.0409546,0.0666504,0.59552,0,0.0784302,0.130066,0.0883789,0,0,,,,,,,S2C_43RGM_20260920_0_L2A,
s2delhi_r40_c41,40,41,EPSG:32643,804920.00,3095080.00,807480.00,3097640.00,78.1121,27.9572,3,0,0,0,1,1,0.509949,0,0,0,0,0.509949,0.490051,0,0,0,0,0,0,,,,,,,S2C_43RGM_20260920_0_L2A,
s2delhi_r41_c00,41,0,EPSG:32643,699960.00,3092520.00,702520.00,3095080.00,77.0456,27.9541,3,1,0,0.0065918,1,0,0.227238,0,0,0,0.0371704,0.215698,0.733521,0,0.00701904,0.00561523,0.000976562,0,0,293.926,312.289,324.495,311.951,3.64661,12.2058,S2C_43RGM_20260920_0_L2A,LC09_L2SP_147040_20260921_02_T1
s2delhi_r41_c01,41,1,EPSG:32643,702520.00,3092520.00,705080.00,3095080.00,77.0716,27.9537,3,1,0,0,1,1,0.530219,0,0,0,0.0969238,0.478699,0.424133,0,0.000244141,0,0,0,0,293.664,310.175,320.537,309.049,4.52788,10.3629,S2C_43RGM_20260920_0_L2A,LC09_L2SP_147040_20260921_02_T1
s2delhi_r41_c02,41,2,EPSG:32643,705080.00,3092520.00,707640.00,3095080.00,77.0976,27.9533,3,0,0,0.150146,0,,,0,0,0,0.289978,0.0506592,0.406738,0.00506592,0.0974121,0.0968628,0.0532837,0,0,,,,,,,S2C_43RGM_20260920_0_L2A,
s2delhi_r41_c03,41,3,EPSG:32643,707640.00,3092520.00,710200.00,3095080.00,77.1236,27.9529,3,0,0,0.0889893,1,0,0.00686892,0,0,0,0.00170898,0.00585938,0.847168,0,0.0562744,0.0663452,0.022644,0,0,,,,,,,S2C_43RGM_20260920_0_L2A,
s2delhi_r41_c04,41,4,EPSG:32643,710200.00,3092520.00,712760.00,3095080.00,77.1497,27.9525,3,0,1,0.423767,0,,,0,0,0,0.0604858,0.00311279,0.383911,0,0.128723,0.165039,0.258728,0,0,,,,,,,S2C_43RGM_20260920_0_L2A,
s2delhi_r41_c05,41,5,EPSG:32643,712760.00,3092520.00,715320.00,3095080.00,77.1757,27.9521,3,0,1,0.576965,0,,,0,0,0,0.194458,0.00128174,0.0935059,0,0.133789,0.264099,0.312866,0,0,,,,,,,S2C_43RGM_20260920_0_L2A,
s2delhi_r41_c06,41,6,EPSG:32643,715320.00,3092520.00,717880.00,3095080.00,77.2017,27.9517,3,0,1,0.421753,0,,,0,0,0,0.255249,0.0269165,0.197876,0,0.0982056,0.163086,0.258667,0,0,,,,,,,S2C_43RGM_20260920_0_L2A,
s2delhi_r41_c07,41,7,EPSG:32643,717880.00,3092520.00,720440.00,3095080.00,77.2277,27.9513,3,0,0,0.252991,1,0,0.030464,0,0,0,0.148621,0.0157471,0.50116,0,0.0814819,0.142395,0.110596,0,0,,,,,,,S2C_43RGM_20260920_0_L2A,
s2delhi_r41_c08,41,8,EPSG:32643,720440.00,3092520.00,723000.00,3095080.00,77.2537,27.9508,3,0,1,0.317017,0,,,0,0,0,0.289673,0.0532837,0.193237,0.00891113,0.137878,0.156555,0.160461,0,0,,,,,,,S2C_43RGM_20260920_0_L2A,
s2delhi_r41_c09,41,9,EPSG:32643,723000.00,3092520.00,725560.00,3095080.00,77.2797,27.9504,3,0,1,0.446228,0,,,0,0,0,0.260132,0.00012207,0.190491,0,0.103027,0.167664,0.278564,0,0,,,,,,,S2C_43RGM_20260920_0_L2A,
s2delhi_r41_c10,41,10,EPSG:32643,725560.00,3092520.00,728120.00,3095080.00,77.3057,27.95,3,0,1,0.40155,0,,,0,0,0,0.156189,0.00830078,0.247925,0,0.186035,0.188416,0.213135,0,0,,,,,,,S2C_43RGM_20260920_0_L2A,
s2delhi_r41_c11,41,11,EPSG:32643,728120.00,3092520.00,730680.00,3095080.00,77.3317,27.9495,3,0,1,0.389587,0,,,0,0,0,0.294128,0.00970459,0.189209,0,0.117371,0.191101,0.198486,0,0,,,,,,,S2C_43RGM_20260920_0_L2A,
s2delhi_r41_c12,41,12,EPSG:32643,730680.00,3092520.00,733240.00,3095080.00,77.3577,27.9491,3,0,1,0.77533,0,,,0,0,0,0.148743,6.10352e-05,0.0429688,0,0.0328979,0.149536,0.625793,0,0,,,,,,,S2C_43RGM_20260920_0_L2A,
s2delhi_r41_c13,41,13,EPSG:32643,733240.00,3092520.00,735800.00,3095080.00,77.3837,27.9486,3,0,0,0.132446,1,0,0.279708,0,0,0,0,0.231873,0.597107,0,0.0385742,0.0512085,0.0812378,0,0,,,,,,,S2C_43RGM_20260920_0_L2A,
s2delhi_r41_c14,41,14,EPSG:32643,735800.00,3092520.00,738360.00,3095080.00,77.4097,27.9482,3,0,0,0,1,1,0.744043,0,0,0,0.00109863,0.743225,0.255676,0,0,0,0,0,0,,,,,,,S2C_43RGM_20260920_0_L2A,
s2delhi_r41_c15,41,15,EPSG:32643,738360.00,3092520.00,740920.00,3095080.00,77.4357,27.9477,3,0,0,0.174133,0,,,0,0,0,0.194336,0.36377,0.130737,0,0.137024,0.127563,0.0465698,0,0,,,,,,,S2C_43RGM_20260920_0_L2A,
s2delhi_r41_c16,41,16,EPSG:32643,740920.00,3092520.00,743480.00,3095080.00,77.4617,27.9473,3,0,0,0.241821,0,,,0,0,0,0.179199,0.208252,0.264282,0,0.106445,0.153625,0.0881958,0,0,,,,,,,S2C_43RGM_20260920_0_L2A,
s2delhi_r41_c17,41,17,EPSG:32643,743480.00,3092520.00,746040.00,3095080.00,77.4877,27.9468,3,0,0,0.233887,1,1,0.631309,0,0,0,0.0736084,0.390869,0.228271,0,0.0733643,0.10791,0.125977,0,0,,,,,,,S2C_43RGM_20260920_0_L2A,
s2delhi_r41_c18,41,18,EPSG:32643,746040.00,3092520.00,748600.00,3095080.00,77.5137,27.9463,3,0,0,0.0522461,1,1,0.905888,0,0,0,0.0471802,0.787842,0.0818481,0.00323486,0.0276489,0.0390625,0.0131836,0,0,,,,,,,S2C_43RGM_20260920_0_L2A,
s2delhi_r41_c19,41,19,EPSG:32643,748600.00,3092520.00,751160.00,3095080.00,77.5397,27.9458,3,0,0,0.0210571,1,1,0.510153,0,0,0,0.11731,0.401733,0.385742,0.0388794,0.0352783,0.0178223,0.00323486,0,0,,,,,,,S2C_43RGM_20260920_0_L2A,
s2delhi_r41_c20,41,20,EPSG:32643,751160.00,3092520.00,753720.00,3095080.00,77.5657,27.9454,3,0,0,0.102295,1,0,0.437874,0,0,0,0.0333252,0.361572,0.464172,0,0.0386353,0.0737915,0.0285034,0,0,,,,,,,S2C_43RGM_20260920_0_L2A,
s2delhi_r41_c21,41,21,EPSG:32643,753720.00,3092520.00,756280.00,3095080.00,77.5917,27.9449,3,0,0,0.0142212,1,1,0.772719,0,0,0,0,0.750977,0.220886,0,0.013916,0.0140991,0.00012207,0,0,,,,,,,S2C_43RGM_20260920_0_L2A,
s2delhi_r41_c22,41,22,EPSG:32643,756280.00,3092520.00,758840.00,3095080.00,77.6177,27.9444,3,0,0,0,1,1,0.749862,0,0,0,0.00689697,0.74469,0.248413,0,0,0,0,0,0,,,,,,,S2C_43RGM_20260920_0_L2A,
s2delhi_r41_c23,41,23,EPSG:32643,758840.00,3092520.00,761400.00,3095080.00,77.6437,27.9439,3,0,0,0.0325928,1,1,0.549647,0,0,0,0.0142822,0.512878,0.420227,0,0.0200195,0.027832,0.00476074,0,0,,,,,,,S2C_43RGM_20260920_0_L2A,
s2delhi_r41_c24,41,24,EPSG:32643,761400.00,3092520.00,763960.00,3095080.00,77.6697,27.9434,3,0,0,0,1,1,0.786438,0,0,0,0,0.786438,0.213562,0,0,0,0,0,0,,,,,,,S2C_43RGM_20260920_0_L2A,
s2delhi_r41_c25,41,25,EPSG:32643,763960.00,3092520.00,766520.00,3095080.00,77.6957,27.9429,3,0,0,0.0209961,1,1,0.823141,0,0,0,0.0376587,0.761597,0.163635,0,0.0161133,0.0193481,0.00164795,0,0,,,,,,,S2C_43RGM_20260920_0_L2A,
s2delhi_r41_c26,41,26,EPSG:32643,766520.00,3092520.00,769080.00,3095080.00,77.7217,27.9424,3,0,0,0.0789795,1,1,0.807624,0,0,0,0.121887,0.584473,0.139221,0,0.0754395,0.0644531,0.0145264,0,0,,,,,,,S2C_43RGM_20260920_0_L2A,
s2delhi_r41_c27,41,27,EPSG:32643,769080.00,3092520.00,771640.00,3095080.00,77.7477,27.9419,3,0,0,0.210205,1,1,0.638581,0,0,0,0.0974731,0.380249,0.21521,0,0.0968628,0.125793,0.0844116,0,0,,,,,,,S2C_43RGM_20260920_0_L2A,
s2delhi_r41_c28,41,28,EPSG:32643,771640.00,3092520.00,774200.00,3095080.00,77.7736,27.9413,3,0,1,0.556702,0,,,0,0,0,0.0967407,0.105591,0.0881958,0,0.152771,0.290283,0.266418,0,0,,,,,,,S2C_43RGM_20260920_0_L2A,
s2delhi_r41_c29,41,29,EPSG:32643,774200.00,3092520.00,776760.00,3095080.00,77.7996,27.9408,3,0,1,0.473022,0,,,0,0,0,0.204163,0.0300293,0.165405,0,0.12738,0.225891,0.247131,0,0,,,,,,,S2C_43RGM_20260920_0_L2A,
s2delhi_r41_c30,41,30,EPSG:32643,776760.00,3092520.00,779320.00,3095080.00,77.8256,27.9403,3,0,1,0.441101,0,,,0,0,0,0.0873413,0.0101929,0.341553,0,0.119812,0.250916,0.190186,0,0,,,,,,,S2C_43RGM_20260920_0_L2A,
s2delhi_r41_c31,41,31,EPSG:32643,779320.00,3092520.00,781880.00,3095080.00,77.8516,27.9397,3,0,0,0.185181,1,0,0.412303,0,0,0,0.00769043,0.327271,0.466492,0,0.0133667,0.108704,0.0764771,0,0,,,,,,,S2C_43RGM_20260920_0_L2A,
s2delhi_r41_c32,41,32,EPSG:32643,781880.00,3092520.00,784440.00,3095080.00,77.8776,27.9392,3,0,0,0.003479,1,1,0.796278,0,0,0,0.0606079,0.744324,0.19043,0.00115967,0,0.0032959,0.000183105,0,0,,,,,,,S2C_43RGM_20260920_0_L2A,
s2delhi_r41_c33,41,33,EPSG:32643,784440.00,3092520.00,787000.00,3095080.00,77.9036,27.9386,3,0,0,0.204712,0,,,0,0,0,0.267761,0.370544,0.124146,0,0.0328369,0.123657,0.0810547,0,0,,,,,,,S2C_43RGM_20260920_0_L2A,
s2delhi_r41_c34,41,34,EPSG:32643,787000.00,3092520.00,789560.00,3095080.00,77.9296,27.9381,3,0,0,0.176636,1,0,0.421592,0,0,0,0.0456543,0.318665,0.437195,0,0.0218506,0.113037,0.0635986,0,0,,,,,,,S2C_43RGM_20260920_0_L2A,
s2delhi_r41_c35,41,35,EPSG:32643,789560.00,3092520.00,792120.00,3095080.00,77.9556,27.9375,3,0,0,0.0574951,1,1,0.660243,0,0,0,0.0784912,0.564575,0.290527,0,0.00891113,0.039917,0.0175781,0,0,,,,,,,S2C_43RGM_20260920_0_L2A,
s2delhi_r41_c36,41,36,EPSG:32643,792120.00,3092520.00,794680.00,3095080.00,77.9816,27.937,3,0,0,0.067688,1,1,0.652007,0,0,0,0.0823975,0.540222,0.28833,0,0.0213623,0.0361938,0.0314941,0,0,,,,,,,S2C_43RGM_20260920_0_L2A,
s2delhi_r41_c37,41,37,EPSG:32643,794680.00,3092520.00,797240.00,3095080.00,78.0075,27.9364,3,0,0,0.0658569,1,0,0.49261,0,0,0,0.0753784,0.414978,0.427429,0,0.0163574,0.0568237,0.0090332,0,0,,,,,,,S2C_43RGM_20260920_0_L2A,
s2delhi_r41_c38,41,38,EPSG:32643,797240.00,3092520.00,799800.00,3095080.00,78.0335,27.9358,3,0,0,0.0966797,1,0,0.253877,0,0,0,0.0444336,0.213806,0.628357,0,0.0167236,0.0766602,0.0200195,0,0,,,,,,,S2C_43RGM_20260920_0_L2A,
s2delhi_r41_c39,41,39,EPSG:32643,799800.00,3092520.00,802360.00,3095080.00,78.0595,27.9353,3,0,1,0.415466,0,,,0,0,0,0.134216,0.0247192,0.335571,0,0.0900269,0.251953,0.163513,0,0,,,,,,,S2C_43RGM_20260920_0_L2A,
s2delhi_r41_c40,41,40,EPSG:32643,802360.00,3092520.00,804920.00,3095080.00,78.0855,27.9347,3,0,0,0.0835571,1,0,0.0167648,0,0,0,0.079834,0.0137329,0.80542,0,0.0174561,0.0648804,0.0186768,0,0,,,,,,,S2C_43RGM_20260920_0_L2A,
s2delhi_r41_c41,41,41,EPSG:32643,804920.00,3092520.00,807480.00,3095080.00,78.1115,27.9341,3,0,0,0.115112,1,0,0.275035,0,0,0,0.109619,0.202332,0.533325,0,0.0396118,0.0649414,0.0501709,0,0,,,,,,,S2C_43RGM_20260920_0_L2A,
